Team,Team id,Race id,Year,Team points,Team ranking,Team wins,Finishing position
Ferrari,6,19,2008,1,6,0,1
BMW Sauber,2,19,2008,8,3,0,2
McLaren,1,19,2008,14,1,1,3
McLaren,1,19,2008,14,1,1,5
BMW Sauber,2,19,2008,8,3,0,6
Renault,4,19,2008,5,4,0,8
Renault,4,19,2008,5,4,0,11
Williams,3,19,2008,9,2,0,14
Williams,3,19,2008,9,2,0,17
Ferrari,6,20,2008,11,3,1,1
Ferrari,6,20,2008,11,3,1,2
BMW Sauber,2,20,2008,19,2,0,3
BMW Sauber,2,20,2008,19,2,0,4
McLaren,1,20,2008,24,1,1,5
Toyota,7,20,2008,5,6,0,6
Red Bull,9,20,2008,2,7,0,7
Williams,3,20,2008,9,4,0,8
Toyota,7,20,2008,5,6,0,9
Renault,4,20,2008,6,5,0,10
Honda,11,20,2008,0,9,0,11
Force India,10,20,2008,0,10,0,12
McLaren,1,20,2008,24,1,1,13
Williams,3,20,2008,9,4,0,14
Toro Rosso,5,20,2008,2,8,0,15
Super Aguri,8,20,2008,0,11,0,16
Super Aguri,8,20,2008,0,11,0,17
Red Bull,9,20,2008,2,7,0,18
Force India,10,20,2008,0,10,0,19
Ferrari,6,21,2008,29,2,2,1
Ferrari,6,21,2008,29,2,2,2
McLaren,1,21,2008,28,3,1,3
BMW Sauber,2,21,2008,30,1,0,4
Red Bull,9,21,2008,4,7,0,5
Honda,11,21,2008,0,9,0,6
Williams,3,21,2008,10,4,0,7
Toyota,7,21,2008,8,5,0,8
BMW Sauber,2,21,2008,30,1,0,9
Force India,10,21,2008,0,10,0,10
Toyota,7,21,2008,8,5,0,11
Red Bull,9,21,2008,4,7,0,12
Super Aguri,8,21,2008,0,11,0,13
Ferrari,6,22,2008,47,1,3,1
McLaren,1,22,2008,34,3,1,2
Ferrari,6,22,2008,47,1,3,3
BMW Sauber,2,22,2008,35,2,0,4
BMW Sauber,2,22,2008,35,2,0,5
Renault,4,22,2008,6,7,0,6
Red Bull,9,22,2008,8,6,0,7
Williams,3,22,2008,12,4,0,8
Red Bull,9,22,2008,8,6,0,9
Toyota,7,22,2008,9,5,0,10
Honda,11,22,2008,3,8,0,11
McLaren,1,22,2008,34,3,1,12
Toyota,7,22,2008,9,5,0,13
Honda,11,22,2008,3,8,0,14
Renault,4,22,2008,6,7,0,15
Force India,10,22,2008,0,10,0,16
Toro Rosso,5,22,2008,2,9,0,17
McLaren,1,23,2008,42,3,1,1
BMW Sauber,2,23,2008,44,2,0,2
Ferrari,6,23,2008,63,1,4,3
Red Bull,9,23,2008,10,5,0,4
Toro Rosso,5,23,2008,2,9,0,5
Honda,11,23,2008,3,8,0,6
Williams,3,23,2008,13,4,0,7
McLaren,1,23,2008,42,3,1,8
Ferrari,6,23,2008,63,1,4,9
Renault,4,23,2008,9,7,0,10
Honda,11,23,2008,3,8,0,11
Toyota,7,23,2008,9,6,0,12
Toyota,7,23,2008,9,6,0,13
BMW Sauber,2,23,2008,44,2,0,14
BMW Sauber,2,24,2008,52,3,0,1
BMW Sauber,2,24,2008,52,3,0,2
Red Bull,9,24,2008,15,5,0,3
Toyota,7,24,2008,9,6,0,4
Ferrari,6,24,2008,69,1,4,5
Toyota,7,24,2008,9,6,0,6
Honda,11,24,2008,6,9,0,7
Toro Rosso,5,24,2008,6,8,0,8
McLaren,1,24,2008,53,2,2,9
Williams,3,24,2008,15,4,0,10
Honda,11,24,2008,6,9,0,11
Red Bull,9,24,2008,15,5,0,12
Toro Rosso,5,24,2008,6,8,0,13
Ferrari,6,25,2008,73,1,4,1
Ferrari,6,25,2008,73,1,4,2
Toyota,7,25,2008,17,5,0,3
McLaren,1,25,2008,53,3,2,4
BMW Sauber,2,25,2008,70,2,1,5
Red Bull,9,25,2008,21,4,0,6
Renault,4,25,2008,9,7,0,7
Renault,4,25,2008,9,7,0,8
Red Bull,9,25,2008,21,4,0,9
McLaren,1,25,2008,53,3,2,10
Toyota,7,25,2008,17,5,0,11
Toro Rosso,5,25,2008,7,9,0,12
BMW Sauber,2,25,2008,70,2,1,13
Honda,11,25,2008,8,8,0,14
Williams,3,25,2008,15,6,0,15
Williams,3,25,2008,15,6,0,16
Toro Rosso,5,25,2008,7,9,0,17
Force India,10,25,2008,0,10,0,18
Force India,10,25,2008,0,10,0,19
McLaren,1,26,2008,58,3,2,1
BMW Sauber,2,26,2008,74,2,1,2
Honda,11,26,2008,8,8,0,3
Ferrari,6,26,2008,91,1,5,4
McLaren,1,26,2008,58,3,2,5
Renault,4,26,2008,12,7,0,6
Toyota,7,26,2008,23,5,0,7
Williams,3,26,2008,15,6,0,8
Williams,3,26,2008,15,6,0,9
Red Bull,9,26,2008,24,4,0,10
Toro Rosso,5,26,2008,7,9,0,11
Toyota,7,26,2008,23,5,0,12
Ferrari,6,26,2008,91,1,5,13
McLaren,1,27,2008,72,3,3,1
Renault,4,27,2008,15,7,0,2
Ferrari,6,27,2008,96,1,5,3
BMW Sauber,2,27,2008,82,2,1,4
McLaren,1,27,2008,72,3,3,5
Ferrari,6,27,2008,96,1,5,6
BMW Sauber,2,27,2008,82,2,1,7
Toro Rosso,5,27,2008,7,9,0,8
Toyota,7,27,2008,25,4,0,9
Williams,3,27,2008,16,6,0,10
Renault,4,27,2008,15,7,0,11
Toro Rosso,5,27,2008,7,9,0,12
Red Bull,9,27,2008,24,5,0,13
Williams,3,27,2008,16,6,0,14
Force India,10,27,2008,0,10,0,15
Force India,10,27,2008,0,10,0,16
Honda,11,27,2008,14,8,0,17
McLaren,1,28,2008,86,3,4,1
Toyota,7,28,2008,25,4,0,2
Ferrari,6,28,2008,105,1,5,3
Renault,4,28,2008,23,6,0,4
McLaren,1,28,2008,86,3,4,5
Renault,4,28,2008,23,6,0,6
Toyota,7,28,2008,25,4,0,7
BMW Sauber,2,28,2008,89,2,1,8
Red Bull,9,28,2008,24,5,0,9
BMW Sauber,2,28,2008,89,2,1,10
Red Bull,9,28,2008,24,5,0,11
Honda,11,28,2008,14,8,0,12
Williams,3,28,2008,16,7,0,13
Williams,3,28,2008,16,7,0,14
Force India,10,28,2008,0,10,0,15
Honda,11,28,2008,14,8,0,16
Ferrari,6,28,2008,105,1,5,17
Toro Rosso,5,28,2008,8,9,0,18
Ferrari,6,29,2008,111,1,5,1
McLaren,1,29,2008,100,2,5,2
BMW Sauber,2,29,2008,90,3,1,3
McLaren,1,29,2008,100,2,5,4
Toyota,7,29,2008,35,4,0,5
Toro Rosso,5,29,2008,8,9,0,6
Toyota,7,29,2008,35,4,0,7
Williams,3,29,2008,16,7,0,8
BMW Sauber,2,29,2008,90,3,1,9
Toro Rosso,5,29,2008,8,9,0,10
Renault,4,29,2008,31,5,0,11
Red Bull,9,29,2008,24,6,0,12
Honda,11,29,2008,14,8,0,13
Force India,10,29,2008,0,10,0,14
Williams,3,29,2008,16,7,0,15
Honda,11,29,2008,14,8,0,16
Red Bull,9,29,2008,24,6,0,17
Ferrari,6,30,2008,121,1,6,1
BMW Sauber,2,30,2008,96,3,1,2
McLaren,1,30,2008,113,2,5,3
Renault,4,30,2008,31,5,0,4
Toro Rosso,5,30,2008,11,9,0,5
BMW Sauber,2,30,2008,96,3,1,6
Toro Rosso,5,30,2008,11,9,0,7
Red Bull,9,30,2008,24,6,0,8
Toyota,7,30,2008,41,4,0,9
McLaren,1,30,2008,113,2,5,10
Red Bull,9,30,2008,24,6,0,11
Williams,3,30,2008,17,7,0,12
Force India,10,30,2008,0,10,0,13
Williams,3,30,2008,17,7,0,14
Honda,11,30,2008,14,8,0,15
Toyota,7,30,2008,41,4,0,16
Force India,10,30,2008,0,10,0,17
Ferrari,6,30,2008,121,1,6,18
Toro Rosso,5,31,2008,17,8,0,1
McLaren,1,31,2008,119,2,5,2
BMW Sauber,2,31,2008,107,3,1,3
Renault,4,31,2008,36,5,0,4
BMW Sauber,2,31,2008,107,3,1,5
Ferrari,6,31,2008,131,1,7,6
McLaren,1,31,2008,119,2,5,7
Red Bull,9,31,2008,25,6,0,8
Ferrari,6,31,2008,131,1,7,9
Renault,4,31,2008,36,5,0,10
Toyota,7,31,2008,41,4,0,11
Williams,3,31,2008,17,7,0,12
Toyota,7,31,2008,41,4,0,13
Williams,3,31,2008,17,7,0,14
Honda,11,31,2008,14,9,0,15
Red Bull,9,31,2008,25,6,0,16
Honda,11,31,2008,14,9,0,17
Toro Rosso,5,31,2008,17,8,0,18
Force India,10,31,2008,0,10,0,19
Renault,4,32,2008,41,5,0,1
Williams,3,32,2008,17,8,0,2
McLaren,1,32,2008,129,2,5,3
Toyota,7,32,2008,41,4,0,4
Toro Rosso,5,32,2008,27,6,1,5
BMW Sauber,2,32,2008,117,3,1,6
Red Bull,9,32,2008,26,7,0,7
Williams,3,32,2008,17,8,0,8
Honda,11,32,2008,14,9,0,9
McLaren,1,32,2008,129,2,5,10
BMW Sauber,2,32,2008,117,3,1,11
Toro Rosso,5,32,2008,27,6,1,12
Ferrari,6,32,2008,134,1,7,13
Force India,10,32,2008,0,10,0,14
Ferrari,6,32,2008,134,1,7,15
Renault,4,33,2008,51,4,1,1
BMW Sauber,2,33,2008,120,3,1,2
Ferrari,6,33,2008,134,2,7,3
Renault,4,33,2008,51,4,1,4
Toyota,7,33,2008,46,5,0,5
Toro Rosso,5,33,2008,31,6,1,6
Ferrari,6,33,2008,134,2,7,7
Red Bull,9,33,2008,28,7,0,8
BMW Sauber,2,33,2008,120,3,1,9
Toro Rosso,5,33,2008,31,6,1,10
Williams,3,33,2008,26,8,0,11
McLaren,1,33,2008,135,1,5,12
Honda,11,33,2008,14,9,0,13
Honda,11,33,2008,14,9,0,14
Williams,3,33,2008,26,8,0,15
McLaren,1,34,2008,135,2,5,1
Ferrari,6,34,2008,142,1,7,2
Ferrari,6,34,2008,142,1,7,3
Renault,4,34,2008,66,4,2,4
BMW Sauber,2,34,2008,128,3,1,5
BMW Sauber,2,34,2008,128,3,1,6
Toyota,7,34,2008,50,5,0,7
Renault,4,34,2008,66,4,2,8
Toro Rosso,5,34,2008,34,6,1,9
Red Bull,9,34,2008,29,7,0,10
Honda,11,34,2008,14,9,0,11
Williams,3,34,2008,26,8,0,12
Toro Rosso,5,34,2008,34,6,1,13
Red Bull,9,34,2008,29,7,0,14
Williams,3,34,2008,26,8,0,15
Honda,11,34,2008,14,9,0,16
Force India,10,34,2008,0,10,0,17
Ferrari,6,35,2008,156,1,7,1
Renault,4,35,2008,72,4,2,2
Ferrari,6,35,2008,156,1,7,3
Toro Rosso,5,35,2008,34,6,1,4
McLaren,1,35,2008,145,2,6,5
Toyota,7,35,2008,52,5,0,6
McLaren,1,35,2008,145,2,6,7
Toyota,7,35,2008,52,5,0,8
Red Bull,9,35,2008,29,7,0,9
BMW Sauber,2,35,2008,135,3,1,10
BMW Sauber,2,35,2008,135,3,1,11
Williams,3,35,2008,26,8,0,12
Honda,11,35,2008,14,9,0,13
Toro Rosso,5,35,2008,34,6,1,14
Honda,11,35,2008,14,9,0,15
Force India,10,35,2008,0,10,0,16
Williams,3,35,2008,26,8,0,17
Force India,10,35,2008,0,10,0,18
McLaren,1,37,2007,14,11,0,1
McLaren,1,37,2007,14,11,0,2
Ferrari,6,37,2007,13,1,1,3
BMW Sauber,2,37,2007,5,2,0,4
Ferrari,6,37,2007,13,1,1,5
Renault,4,37,2007,4,3,0,6
Toyota,7,37,2007,1,5,0,7
Renault,4,37,2007,4,3,0,8
Williams,3,37,2007,2,4,0,9
Red Bull,9,37,2007,0,8,0,10
Honda,11,37,2007,0,6,0,11
Honda,11,37,2007,0,6,0,12
Super Aguri,8,37,2007,0,7,0,13
Toro Rosso,5,37,2007,0,9,0,14
Toyota,7,37,2007,1,5,0,15
Super Aguri,8,37,2007,0,7,0,16
Toro Rosso,5,37,2007,0,9,0,17
BMW Sauber,2,37,2007,5,2,0,18
Ferrari,6,38,2007,23,1,1,1
McLaren,1,38,2007,32,11,1,2
Ferrari,6,38,2007,23,1,1,3
BMW Sauber,2,38,2007,10,2,0,4
McLaren,1,38,2007,32,11,1,5
BMW Sauber,2,38,2007,10,2,0,6
Toyota,7,38,2007,3,4,0,7
Renault,4,38,2007,8,3,0,8
Renault,4,38,2007,8,3,0,9
Williams,3,38,2007,2,5,0,10
Williams,3,38,2007,2,5,0,11
Toyota,7,38,2007,3,4,0,12
Honda,11,38,2007,0,7,0,13
Spyker,12,38,2007,0,10,0,14
Spyker,12,38,2007,0,10,0,15
Super Aguri,8,38,2007,0,8,0,16
Ferrari,6,39,2007,39,1,2,1
McLaren,1,39,2007,44,11,1,2
McLaren,1,39,2007,44,11,1,3
BMW Sauber,2,39,2007,18,2,0,4
Red Bull,9,39,2007,0,6,0,5
Williams,3,39,2007,2,5,0,6
Renault,4,39,2007,9,3,0,7
Super Aguri,8,39,2007,0,8,0,8
Renault,4,39,2007,9,3,0,9
Honda,11,39,2007,0,7,0,10
Super Aguri,8,39,2007,0,8,0,11
Honda,11,39,2007,0,7,0,12
Spyker,12,39,2007,0,10,0,13
Spyker,12,39,2007,0,10,0,14
McLaren,1,40,2007,58,11,1,1
McLaren,1,40,2007,58,11,1,2
Ferrari,6,40,2007,49,1,3,3
Renault,4,40,2007,11,3,0,4
BMW Sauber,2,40,2007,23,2,0,5
BMW Sauber,2,40,2007,23,2,0,6
Williams,3,40,2007,5,4,0,7
Ferrari,6,40,2007,49,1,3,8
Toro Rosso,5,40,2007,0,10,0,9
Honda,11,40,2007,0,8,0,10
Honda,11,40,2007,0,8,0,11
Williams,3,40,2007,5,4,0,12
Renault,4,40,2007,11,3,0,13
Red Bull,9,40,2007,4,6,0,14
Toyota,7,40,2007,5,5,0,15
Toyota,7,40,2007,5,5,0,16
Super Aguri,8,40,2007,1,7,0,17
Super Aguri,8,40,2007,1,7,0,18
Spyker,12,40,2007,0,9,0,19
McLaren,1,41,2007,76,11,2,1
BMW Sauber,2,41,2007,30,2,0,2
Williams,3,41,2007,7,4,0,3
Renault,4,41,2007,16,3,0,4
Ferrari,6,41,2007,56,1,3,5
Super Aguri,8,41,2007,1,7,0,6
McLaren,1,41,2007,76,11,2,7
Toyota,7,41,2007,5,5,0,8
Red Bull,9,41,2007,4,6,0,9
Williams,3,41,2007,7,4,0,10
Super Aguri,8,41,2007,1,7,0,11
Honda,11,41,2007,0,9,0,12
McLaren,1,42,2007,88,11,3,1
McLaren,1,42,2007,88,11,3,2
Ferrari,6,42,2007,60,1,3,3
Ferrari,6,42,2007,60,1,3,4
Renault,4,42,2007,21,3,0,5
Toyota,7,42,2007,6,5,0,6
Red Bull,9,42,2007,4,6,0,7
BMW Sauber,2,42,2007,38,2,0,8
Renault,4,42,2007,21,3,0,9
Williams,3,42,2007,13,4,0,10
Super Aguri,8,42,2007,4,7,0,11
Honda,11,42,2007,0,9,0,12
Toro Rosso,5,42,2007,0,8,0,13
Spyker,12,42,2007,0,10,0,14
Spyker,12,42,2007,0,10,0,15
Williams,3,42,2007,13,4,0,16
Toro Rosso,5,42,2007,0,8,0,17
Ferrari,6,43,2007,71,1,3,1
Ferrari,6,43,2007,71,1,3,2
McLaren,1,43,2007,106,11,4,3
BMW Sauber,2,43,2007,39,2,0,4
BMW Sauber,2,43,2007,39,2,0,5
Renault,4,43,2007,25,3,0,6
McLaren,1,43,2007,106,11,4,7
Honda,11,43,2007,0,9,0,8
Williams,3,43,2007,13,4,0,9
Toyota,7,43,2007,9,5,0,10
Honda,11,43,2007,0,9,0,11
Red Bull,9,43,2007,6,6,0,12
Red Bull,9,43,2007,6,6,0,13
Williams,3,43,2007,13,4,0,14
Renault,4,43,2007,25,3,0,15
Super Aguri,8,43,2007,4,7,0,16
Spyker,12,43,2007,0,10,0,17
Ferrari,6,44,2007,89,1,4,1
McLaren,1,44,2007,114,11,4,2
McLaren,1,44,2007,114,11,4,3
BMW Sauber,2,44,2007,48,2,0,4
Ferrari,6,44,2007,89,1,4,5
BMW Sauber,2,44,2007,48,2,0,6
Renault,4,44,2007,28,3,0,7
Renault,4,44,2007,28,3,0,8
Honda,11,44,2007,1,8,0,9
Honda,11,44,2007,1,8,0,10
Red Bull,9,44,2007,6,6,0,11
Williams,3,44,2007,13,4,0,12
Williams,3,44,2007,13,4,0,13
Super Aguri,8,44,2007,4,7,0,14
Spyker,12,44,2007,0,10,0,15
Toro Rosso,5,44,2007,0,9,0,16
McLaren,1,45,2007,128,11,5,1
Ferrari,6,45,2007,103,1,5,2
Red Bull,9,45,2007,6,6,0,3
Williams,3,45,2007,13,4,0,4
Red Bull,9,45,2007,6,6,0,5
BMW Sauber,2,45,2007,56,2,0,6
BMW Sauber,2,45,2007,56,2,0,7
Renault,4,45,2007,31,3,0,8
McLaren,1,45,2007,128,11,5,9
Renault,4,45,2007,31,3,0,10
Honda,11,45,2007,1,8,0,11
Super Aguri,8,45,2007,4,7,0,12
Toyota,7,45,2007,9,5,0,13
McLaren,1,46,2007,138,11,5,1
Ferrari,6,46,2007,111,1,5,2
BMW Sauber,2,46,2007,61,2,0,3
McLaren,1,46,2007,138,11,5,4
BMW Sauber,2,46,2007,61,2,0,5
Toyota,7,46,2007,9,6,0,6
Williams,3,46,2007,18,4,0,7
Renault,4,46,2007,32,3,0,8
Red Bull,9,46,2007,16,5,0,9
Toyota,7,46,2007,9,6,0,10
Red Bull,9,46,2007,16,5,0,11
Renault,4,46,2007,32,3,0,12
Ferrari,6,46,2007,111,1,5,13
Williams,3,46,2007,18,4,0,14
Super Aguri,8,46,2007,4,7,0,15
Toro Rosso,5,46,2007,0,9,0,16
Spyker,12,46,2007,0,10,0,17
Honda,11,46,2007,1,8,0,18
Ferrari,6,47,2007,119,1,5,1
Ferrari,6,47,2007,119,1,5,2
McLaren,1,47,2007,138,11,6,3
BMW Sauber,2,47,2007,71,2,0,4
McLaren,1,47,2007,138,11,6,5
Renault,4,47,2007,33,3,0,6
Williams,3,47,2007,20,4,0,7
BMW Sauber,2,47,2007,71,2,0,8
Renault,4,47,2007,33,3,0,9
Red Bull,9,47,2007,16,5,0,10
Williams,3,47,2007,20,4,0,11
Toyota,7,47,2007,12,6,0,12
Honda,11,47,2007,1,8,0,13
Super Aguri,8,47,2007,4,7,0,14
Toro Rosso,5,47,2007,0,9,0,15
Toyota,7,47,2007,12,6,0,16
Honda,11,47,2007,1,8,0,17
Super Aguri,8,47,2007,4,7,0,18
Toro Rosso,5,47,2007,0,9,0,19
Spyker,12,47,2007,0,10,0,20
Spyker,12,47,2007,0,10,0,21
McLaren,1,48,2007,148,11,6,1
McLaren,1,48,2007,148,11,6,2
Ferrari,6,48,2007,137,1,6,3
BMW Sauber,2,48,2007,77,2,0,4
BMW Sauber,2,48,2007,77,2,0,5
Williams,3,48,2007,22,4,0,6
Renault,4,48,2007,36,3,0,7
Honda,11,48,2007,1,8,0,8
Red Bull,9,48,2007,16,5,0,9
Honda,11,48,2007,1,8,0,10
Toyota,7,48,2007,12,6,0,11
Renault,4,48,2007,36,3,0,12
Williams,3,48,2007,22,4,0,13
Super Aguri,8,48,2007,4,7,0,14
Toyota,7,48,2007,12,6,0,15
Super Aguri,8,48,2007,4,7,0,16
Toro Rosso,5,48,2007,0,9,0,17
Toro Rosso,5,48,2007,0,9,0,18
Spyker,12,48,2007,0,10,0,19
Spyker,12,48,2007,0,10,0,20
Ferrari,6,49,2007,143,1,6,1
Ferrari,6,49,2007,143,1,6,2
McLaren,1,49,2007,166,11,7,3
McLaren,1,49,2007,166,11,7,4
BMW Sauber,2,49,2007,86,2,0,5
Williams,3,49,2007,25,4,0,6
Red Bull,9,49,2007,16,5,0,7
Renault,4,49,2007,38,3,0,8
BMW Sauber,2,49,2007,86,2,0,9
Toyota,7,49,2007,12,6,0,10
Toyota,7,49,2007,12,6,0,11
Toro Rosso,5,49,2007,0,9,0,12
Honda,11,49,2007,2,8,0,13
Spyker,12,49,2007,0,10,0,14
Super Aguri,8,49,2007,4,7,0,15
Super Aguri,8,49,2007,4,7,0,16
Spyker,12,49,2007,0,10,0,17
McLaren,1,50,2007,192,11,7,1
Renault,4,50,2007,39,3,0,2
Ferrari,6,50,2007,161,1,7,3
Red Bull,9,50,2007,18,5,0,4
Renault,4,50,2007,39,3,0,5
Ferrari,6,50,2007,161,1,7,6
BMW Sauber,2,50,2007,90,2,0,7
Spyker,12,50,2007,0,10,0,8
Toro Rosso,5,50,2007,0,9,0,9
Honda,11,50,2007,2,8,0,10
Honda,11,50,2007,2,8,0,11
Spyker,12,50,2007,0,10,0,12
Toyota,7,50,2007,12,6,0,13
BMW Sauber,2,50,2007,90,2,0,14
Super Aguri,8,50,2007,4,7,0,15
Ferrari,6,51,2007,170,1,7,1
McLaren,1,51,2007,202,11,8,2
Ferrari,6,51,2007,170,1,7,3
Toro Rosso,5,51,2007,0,10,0,4
Honda,11,51,2007,2,8,0,5
Toro Rosso,5,51,2007,0,10,0,6
BMW Sauber,2,51,2007,92,2,0,7
Red Bull,9,51,2007,23,5,0,8
Renault,4,51,2007,51,3,0,9
Red Bull,9,51,2007,23,5,0,10
Renault,4,51,2007,51,3,0,11
Williams,3,51,2007,28,4,0,12
Toyota,7,51,2007,12,6,0,13
Super Aguri,8,51,2007,4,7,0,14
Honda,11,51,2007,2,8,0,15
Williams,3,51,2007,28,4,0,16
Spyker,12,51,2007,1,9,0,17
Ferrari,6,52,2007,186,1,8,1
Ferrari,6,52,2007,186,1,8,2
McLaren,1,52,2007,210,11,8,3
Williams,3,52,2007,28,4,0,4
BMW Sauber,2,52,2007,94,2,0,5
BMW Sauber,2,52,2007,94,2,0,6
McLaren,1,52,2007,210,11,8,7
Toyota,7,52,2007,12,6,0,8
Red Bull,9,52,2007,24,5,0,9
Williams,3,52,2007,28,4,0,10
Toyota,7,52,2007,12,6,0,11
Super Aguri,8,52,2007,4,9,0,12
Toro Rosso,5,52,2007,8,7,0,13
Super Aguri,8,52,2007,4,9,0,14
Renault,4,54,2006,10,1,1,1
Renault,4,54,2006,10,1,1,2
Honda,11,54,2006,5,4,0,3
McLaren,1,54,2006,10,2,0,4
Ferrari,6,54,2006,8,3,0,5
Ferrari,6,54,2006,8,3,0,6
BMW Sauber,2,54,2006,0,8,0,7
Toyota,7,54,2006,0,9,0,8
Toyota,7,54,2006,0,9,0,9
Honda,11,54,2006,5,4,0,10
Toro Rosso,5,54,2006,0,7,0,11
MF1,13,54,2006,0,10,0,12
MF1,13,54,2006,0,10,0,13
Super Aguri,8,54,2006,0,11,0,14
Renault,4,55,2006,28,1,2,1
McLaren,1,55,2006,15,3,0,2
Toyota,7,55,2006,1,7,0,3
BMW Sauber,2,55,2006,2,6,0,4
Renault,4,55,2006,28,1,2,5
BMW Sauber,2,55,2006,2,6,0,6
Honda,11,55,2006,11,4,0,7
Red Bull,9,55,2006,1,8,0,8
Toro Rosso,5,55,2006,0,9,0,9
Honda,11,55,2006,11,4,0,10
MF1,13,55,2006,0,10,0,11
Super Aguri,8,55,2006,0,11,0,12
Super Aguri,8,55,2006,0,11,0,13
Ferrari,6,56,2006,15,3,0,1
Renault,4,56,2006,42,1,3,2
McLaren,1,56,2006,23,2,0,3
Ferrari,6,56,2006,15,3,0,4
McLaren,1,56,2006,23,2,0,5
Williams,3,56,2006,5,7,0,6
Honda,11,56,2006,13,4,0,7
Renault,4,56,2006,42,1,3,8
Toyota,7,56,2006,7,6,0,9
Honda,11,56,2006,13,4,0,10
Williams,3,56,2006,5,7,0,11
BMW Sauber,2,56,2006,10,5,0,12
BMW Sauber,2,56,2006,10,5,0,13
Toro Rosso,5,56,2006,0,9,0,14
Toro Rosso,5,56,2006,0,9,0,15
MF1,13,56,2006,0,10,0,16
Ferrari,6,57,2006,30,3,1,1
Renault,4,57,2006,51,1,3,2
Ferrari,6,57,2006,30,3,1,3
McLaren,1,57,2006,33,2,0,4
Honda,11,57,2006,15,4,0,5
Renault,4,57,2006,51,1,3,6
Williams,3,57,2006,8,6,0,7
BMW Sauber,2,57,2006,10,5,0,8
Toyota,7,57,2006,7,7,0,9
BMW Sauber,2,57,2006,10,5,0,10
Toro Rosso,5,57,2006,0,9,0,11
MF1,13,57,2006,0,10,0,12
MF1,13,57,2006,0,10,0,13
Renault,4,58,2006,62,1,3,1
Ferrari,6,58,2006,46,2,2,2
Renault,4,58,2006,62,1,3,3
Ferrari,6,58,2006,46,2,2,4
McLaren,1,58,2006,38,3,0,5
Honda,11,58,2006,19,4,0,6
Honda,11,58,2006,19,4,0,7
BMW Sauber,2,58,2006,11,5,0,8
Williams,3,58,2006,10,6,0,9
Toyota,7,58,2006,7,7,0,10
Williams,3,58,2006,10,6,0,11
BMW Sauber,2,58,2006,11,5,0,12
Red Bull,9,58,2006,2,8,0,13
Red Bull,9,58,2006,2,8,0,14
Toro Rosso,5,58,2006,0,9,0,15
MF1,13,58,2006,0,10,0,16
Super Aguri,8,58,2006,0,11,0,17
Renault,4,59,2006,78,1,4,1
McLaren,1,59,2006,42,3,0,2
Red Bull,9,59,2006,2,8,0,3
Honda,11,59,2006,24,4,0,4
Ferrari,6,59,2006,59,2,2,5
Renault,4,59,2006,78,1,4,6
BMW Sauber,2,59,2006,12,5,0,7
Toyota,7,59,2006,7,7,0,8
Ferrari,6,59,2006,59,2,2,9
Toro Rosso,5,59,2006,0,9,0,10
Honda,11,59,2006,24,4,0,11
MF1,13,59,2006,0,10,0,12
Toro Rosso,5,59,2006,0,9,0,13
BMW Sauber,2,59,2006,12,5,0,14
MF1,13,59,2006,0,10,0,15
Super Aguri,8,59,2006,0,11,0,16
Toyota,7,59,2006,7,7,0,17
Renault,4,60,2006,91,1,5,1
Ferrari,6,60,2006,63,2,2,2
McLaren,1,60,2006,50,3,0,3
Renault,4,60,2006,91,1,5,4
Ferrari,6,60,2006,63,2,2,5
McLaren,1,60,2006,50,3,0,6
BMW Sauber,2,60,2006,14,5,0,7
BMW Sauber,2,60,2006,14,5,0,8
Williams,3,60,2006,10,6,0,9
Honda,11,60,2006,29,4,0,10
Toyota,7,60,2006,8,7,0,11
Red Bull,9,60,2006,8,8,0,12
Toro Rosso,5,60,2006,0,9,0,13
Red Bull,9,60,2006,8,8,0,14
MF1,13,60,2006,0,10,0,15
MF1,13,60,2006,0,10,0,16
Super Aguri,8,60,2006,0,11,0,17
Super Aguri,8,60,2006,0,11,0,18
Renault,4,61,2006,106,1,6,1
Ferrari,6,61,2006,75,2,2,2
McLaren,1,61,2006,59,3,0,3
Renault,4,61,2006,106,1,6,4
Ferrari,6,61,2006,75,2,2,5
Toyota,7,61,2006,8,7,0,6
BMW Sauber,2,61,2006,17,5,0,7
Red Bull,9,61,2006,8,8,0,8
Honda,11,61,2006,29,4,0,9
Toro Rosso,5,61,2006,0,9,0,10
Red Bull,9,61,2006,8,8,0,11
Williams,3,61,2006,10,6,0,12
Toro Rosso,5,61,2006,0,9,0,13
MF1,13,61,2006,0,10,0,14
Super Aguri,8,61,2006,0,11,0,15
Ferrari,6,62,2006,87,2,2,1
Ferrari,6,62,2006,87,2,2,2
Renault,4,62,2006,121,1,7,3
Toyota,7,62,2006,11,6,0,4
Renault,4,62,2006,121,1,7,5
Honda,11,62,2006,29,4,0,6
Red Bull,9,62,2006,9,8,0,7
Toro Rosso,5,62,2006,0,9,0,8
Williams,3,62,2006,10,7,0,9
Ferrari,6,63,2006,105,2,3,1
Renault,4,63,2006,131,1,7,2
Ferrari,6,63,2006,105,2,3,3
Toyota,7,63,2006,16,6,0,4
McLaren,1,63,2006,65,3,0,5
Renault,4,63,2006,131,1,7,6
McLaren,1,63,2006,65,3,0,7
BMW Sauber,2,63,2006,19,5,0,8
Red Bull,9,63,2006,11,7,0,9
Toro Rosso,5,63,2006,1,9,0,10
BMW Sauber,2,63,2006,19,5,0,11
Red Bull,9,63,2006,11,7,0,12
Toro Rosso,5,63,2006,1,9,0,13
Williams,3,63,2006,10,8,0,14
MF1,13,63,2006,0,10,0,15
Super Aguri,8,63,2006,0,11,0,16
Ferrari,6,64,2006,121,2,4,1
Ferrari,6,64,2006,121,2,4,2
McLaren,1,64,2006,71,3,0,3
Honda,11,64,2006,32,4,0,4
Renault,4,64,2006,142,1,7,5
Renault,4,64,2006,142,1,7,6
Toyota,7,64,2006,21,5,0,7
Red Bull,9,64,2006,11,7,0,8
Toyota,7,64,2006,21,5,0,9
Toro Rosso,5,64,2006,1,9,0,10
Red Bull,9,64,2006,11,7,0,11
Toro Rosso,5,64,2006,1,9,0,12
Honda,11,65,2006,37,4,0,1
McLaren,1,65,2006,77,3,0,2
BMW Sauber,2,65,2006,20,6,0,3
Honda,11,65,2006,37,4,0,4
Red Bull,9,65,2006,12,7,0,5
Toyota,7,65,2006,23,5,0,6
Ferrari,6,65,2006,139,2,5,7
Ferrari,6,65,2006,139,2,5,8
MF1,13,65,2006,0,10,0,9
MF1,13,65,2006,0,10,0,10
Toro Rosso,5,65,2006,1,9,0,11
Toyota,7,65,2006,23,5,0,12
Super Aguri,8,65,2006,0,11,0,13
Ferrari,6,66,2006,142,2,5,1
Renault,4,66,2006,149,1,7,2
Ferrari,6,66,2006,142,2,5,3
Honda,11,66,2006,52,4,1,4
McLaren,1,66,2006,85,3,0,5
Renault,4,66,2006,149,1,7,6
Toyota,7,66,2006,26,5,0,7
Honda,11,66,2006,52,4,1,8
Toyota,7,66,2006,26,5,0,9
Williams,3,66,2006,10,8,0,10
Red Bull,9,66,2006,16,7,0,11
BMW Sauber,2,66,2006,26,6,0,12
Toro Rosso,5,66,2006,1,9,0,13
BMW Sauber,2,66,2006,26,6,0,14
Red Bull,9,66,2006,16,7,0,15
Ferrari,6,67,2006,158,2,6,1
McLaren,1,67,2006,89,3,0,2
BMW Sauber,2,67,2006,26,6,0,3
Renault,4,67,2006,160,1,7,4
Honda,11,67,2006,58,4,1,5
Honda,11,67,2006,58,4,1,6
Toyota,7,67,2006,28,5,0,7
BMW Sauber,2,67,2006,26,6,0,8
Ferrari,6,67,2006,158,2,6,9
Williams,3,67,2006,10,8,0,10
Red Bull,9,67,2006,16,7,0,11
Red Bull,9,67,2006,16,7,0,12
Toro Rosso,5,67,2006,1,9,0,13
Toro Rosso,5,67,2006,1,9,0,14
Toyota,7,67,2006,28,5,0,15
Super Aguri,8,67,2006,0,11,0,16
Ferrari,6,68,2006,168,1,7,1
Renault,4,68,2006,165,2,7,2
Renault,4,68,2006,165,2,7,3
Honda,11,68,2006,65,4,1,4
McLaren,1,68,2006,97,3,0,5
Honda,11,68,2006,65,4,1,6
BMW Sauber,2,68,2006,33,5,0,7
Williams,3,68,2006,10,8,0,8
Red Bull,9,68,2006,16,7,0,9
Toro Rosso,5,68,2006,1,9,0,10
Williams,3,68,2006,10,8,0,11
Red Bull,9,68,2006,16,7,0,12
BMW Sauber,2,68,2006,33,5,0,13
Toro Rosso,5,68,2006,1,9,0,14
Spyker MF1,14,68,2006,0,12,0,15
Super Aguri,8,68,2006,0,11,0,16
Renault,4,69,2006,179,1,7,1
Ferrari,6,69,2006,178,2,8,2
Renault,4,69,2006,179,1,7,3
Honda,11,69,2006,73,4,1,4
McLaren,1,69,2006,101,3,0,5
Toyota,7,69,2006,30,6,0,6
Toyota,7,69,2006,30,6,0,7
BMW Sauber,2,69,2006,35,5,0,8
BMW Sauber,2,69,2006,35,5,0,9
Williams,3,69,2006,11,8,0,10
McLaren,1,69,2006,101,3,0,11
Honda,11,69,2006,73,4,1,12
Red Bull,9,69,2006,16,7,0,13
Toro Rosso,5,69,2006,1,9,0,14
Super Aguri,8,69,2006,0,11,0,15
Spyker MF1,14,69,2006,0,12,0,16
Super Aguri,8,69,2006,0,11,0,17
Toro Rosso,5,69,2006,1,9,0,18
Ferrari,6,70,2006,186,2,8,1
Renault,4,70,2006,195,1,8,2
Honda,11,70,2006,78,4,1,3
Ferrari,6,70,2006,186,2,8,4
McLaren,1,70,2006,105,3,0,5
Renault,4,70,2006,195,1,8,6
Honda,11,70,2006,78,4,1,7
McLaren,1,70,2006,105,3,0,8
BMW Sauber,2,70,2006,36,5,0,9
Super Aguri,8,70,2006,0,11,0,10
Toro Rosso,5,70,2006,1,9,0,11
Red Bull,9,70,2006,16,7,0,12
Toro Rosso,5,70,2006,1,9,0,13
Spyker MF1,14,70,2006,0,12,0,14
Spyker MF1,14,70,2006,0,12,0,15
Super Aguri,8,70,2006,0,11,0,16
BMW Sauber,2,70,2006,36,5,0,17
Renault,4,72,2005,16,1,1,1
Toyota,7,72,2005,0,6,0,2
Williams,3,72,2005,4,4,0,3
McLaren,1,72,2005,4,5,0,4
Toyota,7,72,2005,0,6,0,5
Red Bull,9,72,2005,7,3,0,6
Ferrari,6,72,2005,8,2,0,7
Red Bull,9,72,2005,7,3,0,8
McLaren,1,72,2005,4,5,0,9
Sauber,15,72,2005,0,7,0,10
Jordan,17,72,2005,0,8,0,11
Jordan,17,72,2005,0,8,0,12
Minardi,18,72,2005,0,9,0,13
Renault,4,73,2005,26,1,2,1
Toyota,7,73,2005,12,2,0,2
McLaren,1,73,2005,9,6,0,3
Toyota,7,73,2005,12,2,0,4
McLaren,1,73,2005,9,6,0,5
Williams,3,73,2005,10,5,0,6
Sauber,15,73,2005,0,7,0,7
Red Bull,9,73,2005,11,3,0,8
Ferrari,6,73,2005,10,4,0,9
Jordan,17,73,2005,0,8,0,10
Sauber,15,73,2005,0,7,0,11
Minardi,18,73,2005,0,9,0,12
Minardi,18,73,2005,0,9,0,13
Renault,4,74,2005,36,1,3,1
Ferrari,6,74,2005,10,6,0,2
McLaren,1,74,2005,19,3,0,3
Sauber,15,74,2005,2,7,0,4
Toyota,7,74,2005,25,2,0,5
Williams,3,74,2005,13,4,0,6
Williams,3,74,2005,13,4,0,7
Red Bull,9,74,2005,12,5,0,8
Toyota,7,74,2005,25,2,0,9
Sauber,15,74,2005,2,7,0,10
Red Bull,9,74,2005,12,5,0,11
Jordan,17,74,2005,0,8,0,12
Jordan,17,74,2005,0,8,0,13
McLaren,1,75,2005,25,3,0,1
Renault,4,75,2005,46,1,4,2
Toyota,7,75,2005,29,2,0,3
Toyota,7,75,2005,29,2,0,4
Renault,4,75,2005,46,1,4,5
Williams,3,75,2005,18,5,0,6
McLaren,1,75,2005,25,3,0,7
Red Bull,9,75,2005,13,6,0,8
Ferrari,6,75,2005,18,4,0,9
Williams,3,75,2005,18,5,0,10
Sauber,15,75,2005,7,7,0,11
Jordan,17,75,2005,0,8,0,12
Jordan,17,75,2005,0,8,0,13
McLaren,1,76,2005,37,3,1,1
Williams,3,76,2005,21,4,0,2
Williams,3,76,2005,21,4,0,3
Renault,4,76,2005,58,1,4,4
McLaren,1,76,2005,37,3,1,5
Toyota,7,76,2005,40,2,0,6
Ferrari,6,76,2005,18,5,0,7
Ferrari,6,76,2005,18,5,0,8
Sauber,15,76,2005,7,7,0,9
Toyota,7,76,2005,40,2,0,10
Sauber,15,76,2005,7,7,0,11
Renault,4,76,2005,58,1,4,12
Jordan,17,76,2005,0,8,0,13
Minardi,18,76,2005,0,9,0,14
Renault,4,77,2005,63,1,4,1
Williams,3,77,2005,35,4,0,2
Ferrari,6,77,2005,21,5,0,3
Red Bull,9,77,2005,14,6,0,4
Ferrari,6,77,2005,21,5,0,5
Renault,4,77,2005,63,1,4,6
McLaren,1,77,2005,51,2,2,7
Toyota,7,77,2005,43,3,0,8
Red Bull,9,77,2005,14,6,0,9
BAR,16,77,2005,0,10,0,10
McLaren,1,77,2005,51,2,2,11
BAR,16,77,2005,0,10,0,12
Sauber,15,77,2005,7,7,0,13
Sauber,15,77,2005,7,7,0,14
Jordan,17,77,2005,0,8,0,15
Jordan,17,77,2005,0,8,0,16
Minardi,18,77,2005,0,9,0,17
Minardi,18,77,2005,0,9,0,18
McLaren,1,78,2005,53,2,2,1
Ferrari,6,78,2005,31,5,0,2
Ferrari,6,78,2005,31,5,0,3
Sauber,15,78,2005,7,7,0,4
Williams,3,78,2005,43,4,0,5
Toyota,7,78,2005,44,3,0,6
Red Bull,9,78,2005,19,6,0,7
Red Bull,9,78,2005,19,6,0,8
Sauber,15,78,2005,7,7,0,9
Jordan,17,78,2005,0,8,0,10
Minardi,18,78,2005,0,10,0,11
Ferrari,6,79,2005,45,5,0,1
Ferrari,6,79,2005,45,5,0,2
Jordan,17,79,2005,0,8,0,3
Jordan,17,79,2005,0,8,0,4
Minardi,18,79,2005,0,10,0,5
Minardi,18,79,2005,0,10,0,6
Renault,4,80,2005,76,1,5,1
McLaren,1,80,2005,63,2,3,2
Ferrari,6,80,2005,63,3,1,3
BAR,16,80,2005,0,10,0,4
Toyota,7,80,2005,47,5,0,5
Renault,4,80,2005,76,1,5,6
Toyota,7,80,2005,47,5,0,7
Sauber,15,80,2005,12,7,0,8
Ferrari,6,80,2005,63,3,1,9
Red Bull,9,80,2005,22,6,0,10
BAR,16,80,2005,0,10,0,11
Williams,3,80,2005,47,4,0,12
Jordan,17,80,2005,11,8,0,13
Williams,3,80,2005,47,4,0,14
Jordan,17,80,2005,11,8,0,15
McLaren,1,81,2005,71,2,3,1
Renault,4,81,2005,89,1,6,2
McLaren,1,81,2005,71,2,3,3
Renault,4,81,2005,89,1,6,4
BAR,16,81,2005,5,10,0,5
Ferrari,6,81,2005,69,3,1,6
Ferrari,6,81,2005,69,3,1,7
Toyota,7,81,2005,53,4,0,8
Toyota,7,81,2005,53,4,0,9
Sauber,15,81,2005,13,7,0,10
Williams,3,81,2005,47,5,0,11
Williams,3,81,2005,47,5,0,12
Red Bull,9,81,2005,22,6,0,13
Sauber,15,81,2005,13,7,0,14
Red Bull,9,81,2005,22,6,0,15
BAR,16,81,2005,5,10,0,16
Jordan,17,81,2005,11,8,0,17
Minardi,18,81,2005,7,9,0,18
Minardi,18,81,2005,7,9,0,19
Renault,4,82,2005,102,1,6,1
McLaren,1,82,2005,87,2,4,2
BAR,16,82,2005,9,9,0,3
Renault,4,82,2005,102,1,6,4
Ferrari,6,82,2005,74,3,1,5
Toyota,7,82,2005,54,4,0,6
Red Bull,9,82,2005,22,6,0,7
Sauber,15,82,2005,13,7,0,8
Red Bull,9,82,2005,22,6,0,9
Ferrari,6,82,2005,74,3,1,10
Williams,3,82,2005,47,5,0,11
BAR,16,82,2005,9,9,0,12
Minardi,18,82,2005,7,10,0,13
Toyota,7,82,2005,54,4,0,14
Sauber,15,82,2005,13,7,0,15
Jordan,17,82,2005,11,8,0,16
Jordan,17,82,2005,11,8,0,17
Minardi,18,82,2005,7,10,0,18
McLaren,1,83,2005,95,2,4,1
Ferrari,6,83,2005,78,3,1,2
Toyota,7,83,2005,57,4,0,3
Toyota,7,83,2005,57,4,0,4
BAR,16,83,2005,15,7,0,5
Williams,3,83,2005,47,5,0,6
Williams,3,83,2005,47,5,0,7
BAR,16,83,2005,15,7,0,8
Renault,4,83,2005,117,1,7,9
Ferrari,6,83,2005,78,3,1,10
Renault,4,83,2005,117,1,7,11
Jordan,17,83,2005,11,9,0,12
Jordan,17,83,2005,11,9,0,13
Sauber,15,83,2005,14,8,0,14
McLaren,1,84,2005,105,2,5,1
Renault,4,84,2005,117,1,7,2
McLaren,1,84,2005,105,2,5,3
Renault,4,84,2005,117,1,7,4
BAR,16,84,2005,20,7,0,5
Toyota,7,84,2005,68,4,0,6
Red Bull,9,84,2005,24,6,0,7
Red Bull,9,84,2005,24,6,0,8
BAR,16,84,2005,20,7,0,9
Ferrari,6,84,2005,86,3,1,10
Sauber,15,84,2005,14,8,0,11
Toyota,7,84,2005,68,4,0,12
Minardi,18,84,2005,7,10,0,13
Jordan,17,84,2005,11,9,0,14
Jordan,17,84,2005,11,9,0,15
McLaren,1,85,2005,121,2,6,1
Renault,4,85,2005,130,1,7,2
Renault,4,85,2005,130,1,7,3
McLaren,1,85,2005,121,2,6,4
Toyota,7,85,2005,71,4,0,5
Toyota,7,85,2005,71,4,0,6
Williams,3,85,2005,52,5,0,7
BAR,16,85,2005,24,7,0,8
Sauber,15,85,2005,14,8,0,9
Ferrari,6,85,2005,86,3,1,10
Sauber,15,85,2005,14,8,0,11
Ferrari,6,85,2005,86,3,1,12
Red Bull,9,85,2005,27,6,0,13
Williams,3,85,2005,52,5,0,14
Red Bull,9,85,2005,27,6,0,15
BAR,16,85,2005,24,7,0,16
Jordan,17,85,2005,11,9,0,17
Minardi,18,85,2005,7,10,0,18
Minardi,18,85,2005,7,10,0,19
Jordan,17,85,2005,11,9,0,20
McLaren,1,86,2005,136,2,7,1
Renault,4,86,2005,144,1,7,2
BAR,16,86,2005,25,7,0,3
Williams,3,86,2005,54,5,0,4
Ferrari,6,86,2005,86,3,1,5
Sauber,15,86,2005,14,8,0,6
Toyota,7,86,2005,78,4,0,7
Jordan,17,86,2005,11,9,0,8
Red Bull,9,86,2005,27,6,0,9
Sauber,15,86,2005,14,8,0,10
Jordan,17,86,2005,11,9,0,11
Minardi,18,86,2005,7,10,0,12
Minardi,18,86,2005,7,10,0,13
McLaren,1,86,2005,136,2,7,14
Williams,3,86,2005,54,5,0,15
McLaren,1,87,2005,146,2,8,1
McLaren,1,87,2005,146,2,8,2
Renault,4,87,2005,152,1,7,3
Ferrari,6,87,2005,90,3,1,4
Renault,4,87,2005,152,1,7,5
Ferrari,6,87,2005,90,3,1,6
BAR,16,87,2005,31,6,0,7
Toyota,7,87,2005,80,4,0,8
Red Bull,9,87,2005,27,7,0,9
BAR,16,87,2005,31,6,0,10
Sauber,15,87,2005,17,8,0,11
Sauber,15,87,2005,17,8,0,12
Toyota,7,87,2005,80,4,0,13
Minardi,18,87,2005,7,10,0,14
Jordan,17,87,2005,12,9,0,15
McLaren,1,88,2005,164,1,9,1
Renault,4,88,2005,162,2,7,2
Renault,4,88,2005,162,2,7,3
Williams,3,88,2005,59,5,0,4
BAR,16,88,2005,33,6,0,5
Red Bull,9,88,2005,27,7,0,6
Ferrari,6,88,2005,98,3,1,7
Toyota,7,88,2005,81,4,0,8
Red Bull,9,88,2005,27,7,0,9
Sauber,15,88,2005,17,8,0,10
Ferrari,6,88,2005,98,3,1,11
Sauber,15,88,2005,17,8,0,12
Jordan,17,88,2005,12,9,0,13
Minardi,18,88,2005,7,10,0,14
Jordan,17,88,2005,12,9,0,15
Minardi,18,88,2005,7,10,0,16
Renault,4,89,2005,176,1,7,1
McLaren,1,89,2005,174,2,10,2
Toyota,7,89,2005,82,4,0,3
Renault,4,89,2005,176,1,7,4
Red Bull,9,89,2005,30,7,0,5
Sauber,15,89,2005,17,8,0,6
Williams,3,89,2005,64,5,0,7
BAR,16,89,2005,37,6,0,8
Red Bull,9,89,2005,30,7,0,9
Sauber,15,89,2005,17,8,0,10
Jordan,17,89,2005,12,9,0,11
Ferrari,6,89,2005,100,3,1,12
Williams,3,89,2005,64,5,0,13
Minardi,18,89,2005,7,10,0,14
Toyota,7,89,2005,82,4,0,15
Minardi,18,89,2005,7,10,0,16
Ferrari,6,91,2004,18,1,1,1
Williams,3,91,2004,9,2,0,2
BAR,16,91,2004,3,4,0,3
Ferrari,6,91,2004,18,1,1,4
Renault,4,91,2004,8,3,0,5
McLaren,1,91,2004,1,5,0,6
Renault,4,91,2004,8,3,0,7
Sauber,15,91,2004,0,6,0,8
Toyota,7,91,2004,0,8,0,9
Jaguar,19,91,2004,0,7,0,10
Sauber,15,91,2004,0,6,0,11
Toyota,7,91,2004,0,8,0,12
Jordan,17,91,2004,0,9,0,13
BAR,16,91,2004,3,4,0,15
Ferrari,6,92,2004,33,1,2,1
Ferrari,6,92,2004,33,1,2,2
BAR,16,92,2004,9,4,0,3
Renault,4,92,2004,14,3,0,4
BAR,16,92,2004,9,4,0,5
Renault,4,92,2004,14,3,0,6
Williams,3,92,2004,17,2,0,7
Jaguar,19,92,2004,0,8,0,8
Toyota,7,92,2004,0,7,0,9
Toyota,7,92,2004,0,7,0,10
Sauber,15,92,2004,1,6,0,11
Sauber,15,92,2004,1,6,0,12
Williams,3,92,2004,17,2,0,13
Jaguar,19,92,2004,0,8,0,14
Jordan,17,92,2004,0,9,0,15
Jordan,17,92,2004,0,9,0,16
Minardi,18,92,2004,0,10,0,17
Ferrari,6,93,2004,51,1,3,1
BAR,16,93,2004,19,4,0,2
Williams,3,93,2004,19,3,0,3
Renault,4,93,2004,22,2,0,4
Renault,4,93,2004,22,2,0,5
Ferrari,6,93,2004,51,1,3,6
Williams,3,93,2004,19,3,0,7
McLaren,1,93,2004,4,5,0,8
Sauber,15,93,2004,1,6,0,9
Sauber,15,93,2004,1,6,0,10
Toyota,7,93,2004,0,8,0,11
McLaren,1,93,2004,4,5,0,12
Jaguar,19,93,2004,1,7,0,13
Jaguar,19,93,2004,1,7,0,14
Minardi,18,93,2004,0,10,0,15
BAR,16,93,2004,19,4,0,16
Ferrari,6,94,2004,64,1,4,1
Ferrari,6,94,2004,64,1,4,2
Renault,4,94,2004,31,2,0,3
Renault,4,94,2004,31,2,0,4
BAR,16,94,2004,27,3,0,5
Williams,3,94,2004,27,4,0,6
Sauber,15,94,2004,1,6,0,7
BAR,16,94,2004,27,3,0,8
Sauber,15,94,2004,1,6,0,9
McLaren,1,94,2004,5,5,0,10
McLaren,1,94,2004,5,5,0,11
Jaguar,19,94,2004,1,7,0,12
Toyota,7,94,2004,0,8,0,13
Renault,4,95,2004,42,2,0,1
BAR,16,95,2004,32,3,0,2
Ferrari,6,95,2004,82,1,5,3
Williams,3,95,2004,30,4,0,4
Sauber,15,95,2004,3,6,0,5
Toyota,7,95,2004,0,8,0,6
Jordan,17,95,2004,0,9,0,7
Toyota,7,95,2004,0,8,0,8
Minardi,18,95,2004,0,10,0,9
Williams,3,95,2004,30,4,0,10
Ferrari,6,96,2004,88,1,5,1
Ferrari,6,96,2004,88,1,5,2
BAR,16,96,2004,40,3,0,3
Renault,4,96,2004,52,2,1,4
Renault,4,96,2004,52,2,1,5
Sauber,15,96,2004,7,5,0,6
Jaguar,19,96,2004,1,9,0,7
Williams,3,96,2004,35,4,0,8
Sauber,15,96,2004,7,5,0,9
Jordan,17,96,2004,2,8,0,10
Toyota,7,96,2004,4,7,0,11
Jaguar,19,96,2004,1,9,0,12
Jordan,17,96,2004,2,8,0,13
Minardi,18,96,2004,0,10,0,14
Minardi,18,96,2004,0,10,0,15
Ferrari,6,97,2004,106,1,6,1
Ferrari,6,97,2004,106,1,6,2
BAR,16,97,2004,46,3,0,3
Sauber,15,97,2004,10,5,0,4
McLaren,1,97,2004,5,6,0,5
McLaren,1,97,2004,5,6,0,6
Jordan,17,97,2004,2,9,0,7
Jordan,17,97,2004,2,9,0,8
Jaguar,19,97,2004,3,8,0,9
Minardi,18,97,2004,0,10,0,10
Ferrari,6,98,2004,124,1,7,1
Ferrari,6,98,2004,124,1,7,2
BAR,16,98,2004,52,3,0,3
Renault,4,98,2004,61,2,1,4
Toyota,7,98,2004,4,8,0,5
McLaren,1,98,2004,12,6,0,6
McLaren,1,98,2004,12,6,0,7
Minardi,18,98,2004,0,10,0,8
Sauber,15,98,2004,15,5,0,9
Ferrari,6,99,2004,142,1,8,1
Renault,4,99,2004,66,2,1,2
Ferrari,6,99,2004,142,1,8,3
Renault,4,99,2004,66,2,1,4
BAR,16,99,2004,58,3,0,5
McLaren,1,99,2004,17,5,0,6
McLaren,1,99,2004,17,5,0,7
Williams,3,99,2004,36,4,0,8
Jaguar,19,99,2004,3,9,0,9
Williams,3,99,2004,36,4,0,10
Jaguar,19,99,2004,3,9,0,11
Sauber,15,99,2004,15,6,0,12
Sauber,15,99,2004,15,6,0,13
Toyota,7,99,2004,8,7,0,14
Toyota,7,99,2004,8,7,0,15
Jordan,17,99,2004,5,8,0,16
Jordan,17,99,2004,5,8,0,17
Minardi,18,99,2004,1,10,0,18
Ferrari,6,100,2004,158,1,9,1
McLaren,1,100,2004,22,5,0,2
Ferrari,6,100,2004,158,1,9,3
BAR,16,100,2004,62,3,0,4
Williams,3,100,2004,37,4,0,5
Sauber,15,100,2004,15,6,0,6
McLaren,1,100,2004,22,5,0,7
Jaguar,19,100,2004,3,9,0,8
Sauber,15,100,2004,15,6,0,9
Renault,4,100,2004,79,2,1,10
BAR,16,100,2004,62,3,0,11
Williams,3,100,2004,37,4,0,12
Toyota,7,100,2004,8,7,0,13
Jaguar,19,100,2004,3,9,0,14
Jordan,17,100,2004,5,8,0,15
Minardi,18,100,2004,1,10,0,16
Ferrari,6,101,2004,174,1,10,1
BAR,16,101,2004,67,3,0,2
Renault,4,101,2004,79,2,1,3
McLaren,1,101,2004,32,5,0,4
Williams,3,101,2004,41,4,0,5
Jaguar,19,101,2004,4,9,0,6
Williams,3,101,2004,41,4,0,7
BAR,16,101,2004,67,3,0,8
Sauber,15,101,2004,18,6,0,9
Jaguar,19,101,2004,4,9,0,10
Renault,4,101,2004,79,2,1,11
Ferrari,6,101,2004,174,1,10,12
Sauber,15,101,2004,18,6,0,13
Toyota,7,101,2004,8,7,0,14
Jordan,17,101,2004,5,8,0,15
Minardi,18,101,2004,1,10,0,16
Minardi,18,101,2004,1,10,0,17
Ferrari,6,102,2004,184,1,11,1
Ferrari,6,102,2004,184,1,11,2
Renault,4,102,2004,85,2,1,3
Williams,3,102,2004,47,4,0,4
BAR,16,102,2004,76,3,0,5
BAR,16,102,2004,76,3,0,6
Williams,3,102,2004,47,4,0,7
Sauber,15,102,2004,18,6,0,8
McLaren,1,102,2004,37,5,0,9
Jaguar,19,102,2004,7,8,0,10
Toyota,7,102,2004,8,7,0,11
Jordan,17,102,2004,5,9,0,12
Jaguar,19,102,2004,7,8,0,13
Minardi,18,102,2004,1,10,0,14
Minardi,18,102,2004,1,10,0,15
McLaren,1,103,2004,37,5,0,1
Ferrari,6,103,2004,202,1,12,2
Ferrari,6,103,2004,202,1,12,3
Sauber,15,103,2004,19,6,0,4
Sauber,15,103,2004,19,6,0,5
Jaguar,19,103,2004,7,8,0,6
McLaren,1,103,2004,37,5,0,7
Toyota,7,103,2004,8,7,0,8
Renault,4,103,2004,91,2,1,9
Toyota,7,103,2004,8,7,0,10
Jordan,17,103,2004,5,9,0,11
Ferrari,6,104,2004,216,1,12,1
Ferrari,6,104,2004,216,1,12,2
BAR,16,104,2004,83,3,0,3
BAR,16,104,2004,83,3,0,4
Williams,3,104,2004,54,4,0,5
McLaren,1,104,2004,49,5,1,6
Williams,3,104,2004,54,4,0,7
Sauber,15,104,2004,28,6,0,8
Jaguar,19,104,2004,10,7,0,9
Renault,4,104,2004,91,2,1,10
Toyota,7,104,2004,9,8,0,11
Sauber,15,104,2004,28,6,0,12
Jaguar,19,104,2004,10,7,0,13
Jordan,17,104,2004,5,9,0,14
Minardi,18,104,2004,1,10,0,15
Ferrari,6,105,2004,234,1,13,1
BAR,16,105,2004,94,2,0,2
McLaren,1,105,2004,52,5,1,3
Renault,4,105,2004,91,3,1,4
Williams,3,105,2004,60,4,0,5
BAR,16,105,2004,94,2,0,6
Sauber,15,105,2004,29,6,0,7
Sauber,15,105,2004,29,6,0,8
McLaren,1,105,2004,52,5,1,9
Jaguar,19,105,2004,10,7,0,10
Renault,4,105,2004,91,3,1,11
Ferrari,6,105,2004,234,1,13,12
Jordan,17,105,2004,5,9,0,13
Toyota,7,105,2004,9,8,0,14
Jordan,17,105,2004,5,9,0,15
Minardi,18,105,2004,1,10,0,16
Ferrari,6,106,2004,244,1,14,1
Williams,3,106,2004,64,4,0,2
BAR,16,106,2004,105,2,0,3
BAR,16,106,2004,105,2,0,4
Renault,4,106,2004,96,3,1,5
McLaren,1,106,2004,58,5,1,6
Williams,3,106,2004,64,4,0,7
Sauber,15,106,2004,32,6,0,8
Sauber,15,106,2004,32,6,0,9
Renault,4,106,2004,96,3,1,10
Toyota,7,106,2004,9,8,0,11
Jaguar,19,106,2004,10,7,0,12
Jordan,17,106,2004,5,9,0,13
Toyota,7,106,2004,9,8,0,14
Jordan,17,106,2004,5,9,0,15
Minardi,18,106,2004,1,10,0,16
Williams,3,107,2004,74,4,0,1
McLaren,1,107,2004,61,5,1,2
Ferrari,6,107,2004,254,1,15,3
Renault,4,107,2004,100,3,1,4
Williams,3,107,2004,74,4,0,5
BAR,16,107,2004,116,2,0,6
Ferrari,6,107,2004,254,1,15,7
Sauber,15,107,2004,33,6,0,8
Sauber,15,107,2004,33,6,0,9
Renault,4,107,2004,100,3,1,10
McLaren,1,107,2004,61,5,1,11
Toyota,7,107,2004,9,8,0,12
Toyota,7,107,2004,9,8,0,13
Jaguar,19,107,2004,10,7,0,14
Jordan,17,107,2004,5,9,0,15
Minardi,18,107,2004,1,10,0,16
Minardi,18,107,2004,1,10,0,17
McLaren,1,109,2003,16,1,1,1
Ferrari,6,109,2003,5,4,0,2
Renault,4,109,2003,6,3,0,3
Williams,3,109,2003,9,2,0,4
Renault,4,109,2003,6,3,0,5
Ferrari,6,109,2003,5,4,0,6
BAR,16,109,2003,0,6,0,7
Sauber,15,109,2003,3,5,0,8
Sauber,15,109,2003,3,5,0,9
Williams,3,109,2003,9,2,0,12
Minardi,18,109,2003,0,7,0,13
Jordan,17,110,2003,0,7,0,1
McLaren,1,110,2003,26,1,2,2
Renault,4,110,2003,16,3,0,3
McLaren,1,110,2003,26,1,2,4
Sauber,15,110,2003,4,5,0,5
BAR,16,110,2003,2,6,0,6
Williams,3,110,2003,14,4,0,7
Renault,4,110,2003,16,3,0,8
Toyota,7,110,2003,0,9,0,10
Ferrari,6,111,2003,16,3,0,1
McLaren,1,111,2003,39,1,2,2
Ferrari,6,111,2003,16,3,0,3
Williams,3,111,2003,16,4,0,4
McLaren,1,111,2003,39,1,2,5
Renault,4,111,2003,23,2,0,6
Williams,3,111,2003,16,4,0,7
BAR,16,111,2003,5,7,0,8
Toyota,7,111,2003,0,9,0,9
Sauber,15,111,2003,8,6,0,10
Sauber,15,111,2003,8,6,0,11
Toyota,7,111,2003,0,9,0,12
Renault,4,111,2003,23,2,0,13
Jaguar,19,111,2003,0,8,0,14
Jordan,17,111,2003,10,5,1,15
Ferrari,6,112,2003,32,2,1,1
Renault,4,112,2003,26,3,0,2
Ferrari,6,112,2003,32,2,1,3
Williams,3,112,2003,23,4,0,4
Williams,3,112,2003,23,4,0,5
Toyota,7,112,2003,0,8,0,6
Jaguar,19,112,2003,0,9,0,7
Jordan,17,112,2003,10,5,1,8
BAR,16,112,2003,6,7,0,9
Sauber,15,112,2003,8,6,0,10
Minardi,18,112,2003,0,10,0,11
Minardi,18,112,2003,0,10,0,12
Ferrari,6,113,2003,48,2,2,1
McLaren,1,113,2003,51,1,2,2
Ferrari,6,113,2003,48,2,2,3
BAR,16,113,2003,6,7,0,4
McLaren,1,113,2003,51,1,2,5
Williams,3,113,2003,32,4,0,6
Jaguar,19,113,2003,2,9,0,7
Renault,4,113,2003,34,3,0,8
Jaguar,19,113,2003,2,9,0,9
Toyota,7,113,2003,3,8,0,10
Jordan,17,113,2003,11,5,1,11
BAR,16,113,2003,6,7,0,12
Minardi,18,113,2003,0,10,0,13
Williams,3,114,2003,35,4,0,1
McLaren,1,114,2003,63,2,2,2
Ferrari,6,114,2003,64,1,3,3
Williams,3,114,2003,35,4,0,4
Renault,4,114,2003,35,3,0,5
Renault,4,114,2003,35,3,0,6
McLaren,1,114,2003,63,2,2,7
Ferrari,6,114,2003,64,1,3,8
Toyota,7,114,2003,3,9,0,9
Jordan,17,114,2003,11,5,1,10
Sauber,15,114,2003,8,7,0,11
Jordan,17,114,2003,11,5,1,12
Toyota,7,114,2003,3,9,0,13
Ferrari,6,115,2003,71,2,3,1
Williams,3,115,2003,50,3,1,2
Williams,3,115,2003,50,3,1,3
Renault,4,115,2003,42,4,0,4
Ferrari,6,115,2003,71,2,3,5
McLaren,1,115,2003,73,1,2,6
Jaguar,19,115,2003,4,8,0,7
Toyota,7,115,2003,3,9,0,8
Minardi,18,115,2003,0,10,0,9
Jaguar,19,115,2003,4,8,0,10
Toyota,7,115,2003,3,9,0,11
Williams,3,116,2003,64,3,1,1
Williams,3,116,2003,64,3,1,2
Ferrari,6,116,2003,85,1,4,3
Renault,4,116,2003,47,4,0,4
Ferrari,6,116,2003,85,1,4,5
Jaguar,19,116,2003,6,8,0,6
BAR,16,116,2003,11,6,0,7
Sauber,15,116,2003,8,7,0,8
Sauber,15,116,2003,8,7,0,9
Jaguar,19,116,2003,6,8,0,10
Jordan,17,116,2003,11,5,1,11
Jordan,17,116,2003,11,5,1,12
Minardi,18,116,2003,0,10,0,13
Minardi,18,116,2003,0,10,0,14
McLaren,1,116,2003,76,2,2,15
Williams,3,117,2003,82,2,2,1
Williams,3,117,2003,82,2,2,2
Ferrari,6,117,2003,95,1,4,3
McLaren,1,117,2003,76,3,2,4
McLaren,1,117,2003,76,3,2,5
Jaguar,19,117,2003,9,8,0,6
Ferrari,6,117,2003,95,1,4,7
Toyota,7,117,2003,4,9,0,8
BAR,16,117,2003,13,5,0,9
Jaguar,19,117,2003,9,8,0,10
Toyota,7,117,2003,4,9,0,11
Sauber,15,117,2003,9,7,0,12
Sauber,15,117,2003,9,7,0,13
Minardi,18,117,2003,0,10,0,14
Jordan,17,117,2003,11,6,1,15
Minardi,18,117,2003,0,10,0,16
Ferrari,6,118,2003,103,1,4,1
Williams,3,118,2003,100,2,3,2
McLaren,1,118,2003,85,3,2,3
Ferrari,6,118,2003,103,1,4,4
McLaren,1,118,2003,85,3,2,5
Renault,4,118,2003,52,4,0,6
Toyota,7,118,2003,5,9,0,7
BAR,16,118,2003,13,5,0,8
Williams,3,118,2003,100,2,3,9
BAR,16,118,2003,13,5,0,10
Toyota,7,118,2003,5,9,0,11
Sauber,15,118,2003,9,8,0,12
Jordan,17,118,2003,11,7,1,13
Jaguar,19,118,2003,12,6,0,14
Minardi,18,118,2003,0,10,0,15
Minardi,18,118,2003,0,10,0,16
Sauber,15,118,2003,9,8,0,17
Williams,3,119,2003,108,2,3,1
McLaren,1,119,2003,95,3,2,2
Renault,4,119,2003,55,4,0,3
Renault,4,119,2003,55,4,0,4
Toyota,7,119,2003,7,9,0,5
Toyota,7,119,2003,7,9,0,6
Ferrari,6,119,2003,118,1,5,7
BAR,16,119,2003,14,5,0,8
BAR,16,119,2003,14,5,0,9
Sauber,15,119,2003,9,8,0,10
Jaguar,19,119,2003,12,6,0,11
Minardi,18,119,2003,0,10,0,12
Jordan,17,119,2003,11,7,1,13
Renault,4,120,2003,66,4,0,1
McLaren,1,120,2003,103,3,2,2
Williams,3,120,2003,118,2,4,3
Williams,3,120,2003,118,2,4,4
McLaren,1,120,2003,103,3,2,5
Jaguar,19,120,2003,12,7,0,6
Renault,4,120,2003,66,4,0,7
Ferrari,6,120,2003,120,1,5,8
Sauber,15,120,2003,9,9,0,9
BAR,16,120,2003,15,5,0,10
Toyota,7,120,2003,14,6,0,11
Minardi,18,120,2003,0,10,0,12
Minardi,18,120,2003,0,10,0,13
Ferrari,6,121,2003,121,2,5,1
Williams,3,121,2003,129,1,4,2
Ferrari,6,121,2003,121,2,5,3
McLaren,1,121,2003,115,3,2,4
Williams,3,121,2003,129,1,4,5
BAR,16,121,2003,15,5,0,6
Jaguar,19,121,2003,15,6,0,7
Renault,4,121,2003,78,4,1,8
Sauber,15,121,2003,9,9,0,9
Jordan,17,121,2003,11,8,1,10
Jordan,17,121,2003,11,8,1,11
Minardi,18,121,2003,0,10,0,12
Sauber,15,121,2003,9,9,0,13
Ferrari,6,122,2003,137,2,6,1
McLaren,1,122,2003,120,3,2,2
Sauber,15,122,2003,9,9,0,3
Renault,4,122,2003,79,4,1,4
Sauber,15,122,2003,9,9,0,5
Williams,3,122,2003,141,1,4,6
Jordan,17,122,2003,11,8,1,7
Jaguar,19,122,2003,17,6,0,8
Toyota,7,122,2003,14,7,0,9
Minardi,18,122,2003,0,10,0,10
Minardi,18,122,2003,0,10,0,11
Ferrari,6,123,2003,147,1,7,1
McLaren,1,123,2003,128,3,2,2
McLaren,1,123,2003,128,3,2,3
BAR,16,123,2003,18,6,0,4
Renault,4,123,2003,84,4,1,5
BAR,16,123,2003,18,6,0,6
Toyota,7,123,2003,14,8,0,7
Ferrari,6,123,2003,147,1,7,8
Sauber,15,123,2003,19,5,0,9
Toyota,7,123,2003,14,8,0,10
Jaguar,19,123,2003,18,7,0,11
Williams,3,123,2003,144,2,4,12
Jaguar,19,123,2003,18,7,0,13
Jordan,17,123,2003,13,9,1,14
Minardi,18,123,2003,0,10,0,15
Minardi,18,123,2003,0,10,0,16
Williams,3,125,2002,6,2,0,1
Williams,3,125,2002,6,2,0,2
Ferrari,6,125,2002,10,1,1,3
Toyota,7,125,2002,1,6,0,7
Jaguar,19,125,2002,3,4,0,10
Toyota,7,125,2002,1,6,0,12
Ferrari,6,126,2002,14,2,1,1
Williams,3,126,2002,22,1,1,2
McLaren,1,126,2002,4,3,0,3
Renault,4,126,2002,3,5,0,4
Williams,3,126,2002,22,1,1,5
Toyota,7,126,2002,1,8,0,6
Jaguar,19,126,2002,3,4,0,7
Jaguar,19,126,2002,3,4,0,8
Jordan,17,126,2002,0,10,0,9
BAR,16,126,2002,0,9,0,10
Minardi,18,126,2002,2,7,0,11
McLaren,1,126,2002,4,3,0,12
Minardi,18,126,2002,2,7,0,13
Ferrari,6,127,2002,24,2,2,1
Ferrari,6,127,2002,24,2,2,2
Williams,3,127,2002,30,1,1,3
Williams,3,127,2002,30,1,1,4
Renault,4,127,2002,6,4,0,5
McLaren,1,127,2002,8,3,0,6
BAR,16,127,2002,0,9,0,7
Sauber,15,127,2002,3,6,0,8
Renault,4,127,2002,6,4,0,9
Sauber,15,127,2002,3,6,0,10
Minardi,18,127,2002,2,7,0,11
Ferrari,6,128,2002,40,1,3,1
Williams,3,128,2002,37,2,1,2
McLaren,1,128,2002,9,3,0,3
Sauber,15,128,2002,3,6,0,4
Sauber,15,128,2002,3,6,0,5
Arrows,21,128,2002,0,11,0,6
BAR,16,128,2002,0,9,0,7
Toyota,7,128,2002,2,8,0,8
Toyota,7,128,2002,2,8,0,9
Renault,4,128,2002,8,4,0,10
Williams,3,128,2002,37,2,1,11
Renault,4,128,2002,8,4,0,12
Ferrari,6,129,2002,50,1,4,1
Ferrari,6,129,2002,50,1,4,2
Williams,3,129,2002,43,2,1,3
Williams,3,129,2002,43,2,1,4
Jordan,17,129,2002,0,11,0,5
McLaren,1,129,2002,13,3,0,6
Renault,4,129,2002,8,4,0,7
Toyota,7,129,2002,2,8,0,8
Toyota,7,129,2002,2,8,0,9
BAR,16,129,2002,0,10,0,10
Arrows,21,129,2002,1,9,0,11
Minardi,18,129,2002,2,7,0,12
McLaren,1,130,2002,14,3,0,1
Ferrari,6,130,2002,66,1,5,2
Williams,3,130,2002,50,2,1,3
Renault,4,130,2002,8,4,0,4
Jordan,17,130,2002,2,8,0,5
Arrows,21,130,2002,1,10,0,6
Ferrari,6,130,2002,66,1,5,7
Sauber,15,130,2002,8,5,0,8
Jaguar,19,130,2002,3,6,0,9
Jaguar,19,130,2002,3,6,0,10
Minardi,18,130,2002,2,7,0,11
Arrows,21,130,2002,1,10,0,12
Ferrari,6,131,2002,72,1,5,1
McLaren,1,131,2002,24,3,1,2
Ferrari,6,131,2002,72,1,5,3
McLaren,1,131,2002,24,3,1,4
Jordan,17,131,2002,4,6,0,5
Renault,4,131,2002,11,4,0,6
Williams,3,131,2002,54,2,1,7
BAR,16,131,2002,0,11,0,8
Sauber,15,131,2002,8,5,0,9
Jordan,17,131,2002,4,6,0,10
Minardi,18,131,2002,2,8,0,11
Sauber,15,131,2002,8,5,0,12
Arrows,21,131,2002,2,10,0,13
Minardi,18,131,2002,2,8,0,14
Renault,4,131,2002,11,4,0,15
Ferrari,6,132,2002,86,1,6,1
Ferrari,6,132,2002,86,1,6,2
McLaren,1,132,2002,33,3,1,3
Williams,3,132,2002,54,2,1,4
Renault,4,132,2002,12,4,0,5
Sauber,15,132,2002,8,5,0,6
Sauber,15,132,2002,8,5,0,7
Renault,4,132,2002,12,4,0,8
BAR,16,132,2002,0,11,0,9
Jaguar,19,132,2002,3,7,0,10
Arrows,21,132,2002,2,10,0,11
BAR,16,132,2002,0,11,0,12
Arrows,21,132,2002,2,10,0,13
Toyota,7,132,2002,2,9,0,14
Minardi,18,132,2002,2,8,0,15
Jordan,17,132,2002,6,6,0,16
Ferrari,6,133,2002,102,1,7,1
Ferrari,6,133,2002,102,1,7,2
Williams,3,133,2002,57,2,1,3
BAR,16,133,2002,0,11,0,4
BAR,16,133,2002,0,11,0,5
Sauber,15,133,2002,9,5,0,6
Jordan,17,133,2002,6,6,0,7
Williams,3,133,2002,57,2,1,8
Sauber,15,133,2002,9,5,0,9
McLaren,1,133,2002,37,3,1,10
Jaguar,19,133,2002,3,7,0,11
Renault,4,133,2002,14,4,0,12
Ferrari,6,134,2002,118,1,8,1
McLaren,1,134,2002,37,3,1,2
McLaren,1,134,2002,37,3,1,3
Williams,3,134,2002,61,2,1,4
Williams,3,134,2002,61,2,1,5
Renault,4,134,2002,14,4,0,6
Sauber,15,134,2002,10,5,0,7
Minardi,18,134,2002,2,9,0,8
Jaguar,19,134,2002,3,8,0,9
Minardi,18,134,2002,2,9,0,10
Toyota,7,134,2002,2,10,0,11
Ferrari,6,135,2002,128,1,9,1
Williams,3,135,2002,66,2,1,2
Williams,3,135,2002,66,2,1,3
Ferrari,6,135,2002,128,1,9,4
McLaren,1,135,2002,47,3,1,5
Sauber,15,135,2002,10,5,0,6
Sauber,15,135,2002,10,5,0,7
Jordan,17,135,2002,6,6,0,8
Toyota,7,135,2002,2,10,0,9
Ferrari,6,136,2002,141,1,10,1
Ferrari,6,136,2002,141,1,10,2
Williams,3,136,2002,76,2,1,3
McLaren,1,136,2002,49,3,1,4
McLaren,1,136,2002,49,3,1,5
Jordan,17,136,2002,6,6,0,6
Sauber,15,136,2002,11,5,0,7
Renault,4,136,2002,15,4,0,8
Sauber,15,136,2002,11,5,0,9
Jordan,17,136,2002,6,6,0,10
Williams,3,136,2002,76,2,1,11
BAR,16,136,2002,5,7,0,12
Jaguar,19,136,2002,3,8,0,13
Toyota,7,136,2002,2,10,0,14
Toyota,7,136,2002,2,10,0,15
Minardi,18,136,2002,2,9,0,16
Ferrari,6,137,2002,157,1,11,1
Ferrari,6,137,2002,157,1,11,2
Williams,3,137,2002,80,2,1,3
McLaren,1,137,2002,54,3,1,4
Williams,3,137,2002,80,2,1,5
Jaguar,19,137,2002,3,8,0,6
Toyota,7,137,2002,2,10,0,7
BAR,16,137,2002,5,7,0,8
Toyota,7,137,2002,2,10,0,9
Sauber,15,137,2002,11,5,0,10
Jordan,17,137,2002,7,6,0,11
BAR,16,137,2002,5,7,0,12
Ferrari,6,138,2002,173,1,12,1
Ferrari,6,138,2002,173,1,12,2
Jaguar,19,138,2002,4,8,0,3
Renault,4,138,2002,15,4,0,4
Renault,4,138,2002,15,4,0,5
BAR,16,138,2002,5,7,0,6
McLaren,1,138,2002,57,3,1,7
Jordan,17,138,2002,7,6,0,8
BAR,16,138,2002,5,7,0,9
Sauber,15,138,2002,11,5,0,10
Toyota,7,138,2002,2,10,0,11
Jordan,17,138,2002,7,6,0,12
Minardi,18,138,2002,2,9,0,13
Ferrari,6,139,2002,189,1,13,1
Ferrari,6,139,2002,189,1,13,2
McLaren,1,139,2002,57,3,1,3
Williams,3,139,2002,86,2,1,4
Renault,4,139,2002,20,4,0,5
BAR,16,139,2002,6,8,0,6
Jordan,17,139,2002,7,7,0,7
Renault,4,139,2002,20,4,0,8
Sauber,15,139,2002,11,5,0,9
Jaguar,19,139,2002,8,6,0,10
Jordan,17,139,2002,7,7,0,11
BAR,16,139,2002,6,8,0,12
Sauber,15,139,2002,11,5,0,13
Toyota,7,139,2002,2,10,0,14
Toyota,7,139,2002,2,10,0,15
Williams,3,139,2002,86,2,1,16
Ferrari,6,140,2002,205,1,14,1
Ferrari,6,140,2002,205,1,14,2
McLaren,1,140,2002,61,3,1,3
Williams,3,140,2002,89,2,1,4
Jordan,17,140,2002,7,8,0,5
Renault,4,140,2002,22,4,0,6
Sauber,15,140,2002,11,5,0,7
Toyota,7,140,2002,2,10,0,8
Jaguar,19,140,2002,8,6,0,9
Minardi,18,140,2002,2,9,0,10
Williams,3,140,2002,89,2,1,11
Ferrari,6,142,2001,14,1,1,1
Ferrari,6,142,2001,14,1,1,2
McLaren,1,142,2001,6,2,0,3
Jordan,17,142,2001,2,4,0,4
McLaren,1,142,2001,6,2,0,6
Arrows,21,142,2001,0,8,0,7
Jordan,17,142,2001,2,4,0,8
Prost,20,142,2001,0,7,0,9
Jaguar,19,142,2001,0,6,0,10
Benetton,22,142,2001,0,10,0,11
Prost,20,142,2001,0,7,0,12
Minardi,18,142,2001,0,9,0,13
Minardi,18,142,2001,0,9,0,14
McLaren,1,143,2001,11,2,0,1
Ferrari,6,143,2001,30,1,2,2
Sauber,15,143,2001,4,4,0,3
BAR,16,143,2001,0,7,0,4
Jordan,17,143,2001,5,3,0,5
Benetton,22,143,2001,0,10,0,6
BAR,16,143,2001,0,7,0,7
Prost,20,143,2001,0,9,0,8
Minardi,18,143,2001,0,11,0,9
Benetton,22,143,2001,0,10,0,10
Jordan,17,143,2001,5,3,0,11
Williams,3,144,2001,2,6,0,1
McLaren,1,144,2001,21,2,1,2
Ferrari,6,144,2001,36,1,2,3
McLaren,1,144,2001,21,2,1,4
Jordan,17,144,2001,7,4,0,5
Jordan,17,144,2001,7,4,0,6
Sauber,15,144,2001,8,3,0,7
BAR,16,144,2001,3,5,0,8
Prost,20,144,2001,0,9,0,9
Arrows,21,144,2001,0,8,0,10
Jaguar,19,144,2001,0,10,0,11
Benetton,22,144,2001,1,7,0,12
Ferrari,6,145,2001,40,1,2,1
Williams,3,145,2001,12,3,1,2
BAR,16,145,2001,3,6,0,3
Jordan,17,145,2001,10,4,0,4
McLaren,1,145,2001,30,2,1,5
Sauber,15,145,2001,8,5,0,6
BAR,16,145,2001,3,6,0,7
Sauber,15,145,2001,8,5,0,8
McLaren,1,145,2001,30,2,1,9
Prost,20,145,2001,0,9,0,10
Prost,20,145,2001,0,9,0,11
Arrows,21,145,2001,0,8,0,12
Minardi,18,145,2001,0,11,0,13
Benetton,22,145,2001,1,7,0,14
Benetton,22,145,2001,1,7,0,15
Minardi,18,145,2001,0,11,0,16
McLaren,1,146,2001,32,2,1,1
Ferrari,6,146,2001,50,1,3,2
Ferrari,6,146,2001,50,1,3,3
Sauber,15,146,2001,9,5,0,4
BAR,16,146,2001,7,6,0,5
Arrows,21,146,2001,0,8,0,6
Jaguar,19,146,2001,0,10,0,7
BAR,16,146,2001,7,6,0,8
Sauber,15,146,2001,9,5,0,9
Prost,20,146,2001,0,9,0,10
Prost,20,146,2001,0,9,0,11
Ferrari,6,147,2001,60,1,3,1
Ferrari,6,147,2001,60,1,3,2
Jaguar,19,147,2001,0,9,0,3
BAR,16,147,2001,9,6,0,4
McLaren,1,147,2001,42,2,2,5
Prost,20,147,2001,0,10,0,6
Benetton,22,147,2001,1,8,0,7
Arrows,21,147,2001,1,7,0,8
Arrows,21,147,2001,1,7,0,9
Sauber,15,147,2001,12,5,0,10
Williams,3,148,2001,18,3,1,1
Ferrari,6,148,2001,76,1,4,2
McLaren,1,148,2001,44,2,2,3
Sauber,15,148,2001,12,6,0,4
Prost,20,148,2001,1,10,0,5
Jaguar,19,148,2001,4,7,0,6
Jordan,17,148,2001,13,4,0,7
Prost,20,148,2001,1,10,0,8
Minardi,18,148,2001,0,11,0,9
Arrows,21,148,2001,1,8,0,10
Jordan,17,148,2001,13,4,0,11
Ferrari,6,149,2001,82,1,4,1
Williams,3,149,2001,28,3,2,2
McLaren,1,149,2001,48,2,2,3
Williams,3,149,2001,28,3,2,4
Ferrari,6,149,2001,82,1,4,5
McLaren,1,149,2001,48,2,2,6
Jaguar,19,149,2001,5,7,0,7
Jaguar,19,149,2001,5,7,0,8
BAR,16,149,2001,12,6,0,9
Sauber,15,149,2001,15,4,0,10
Benetton,22,149,2001,1,10,0,11
Prost,20,149,2001,3,8,0,12
Benetton,22,149,2001,1,10,0,13
Minardi,18,149,2001,0,11,0,14
Prost,20,149,2001,3,8,0,15
Ferrari,6,150,2001,94,1,5,1
Williams,3,150,2001,37,3,2,2
Ferrari,6,150,2001,94,1,5,3
McLaren,1,150,2001,53,2,2,4
Jordan,17,150,2001,13,5,0,5
Sauber,15,150,2001,15,4,0,6
Sauber,15,150,2001,15,4,0,7
Jordan,17,150,2001,13,5,0,8
BAR,16,150,2001,12,6,0,9
Prost,20,150,2001,3,8,0,10
Benetton,22,150,2001,1,10,0,11
Prost,20,150,2001,3,8,0,12
Arrows,21,150,2001,1,9,0,13
Jaguar,19,150,2001,5,7,0,14
Minardi,18,150,2001,0,11,0,15
Benetton,22,150,2001,1,10,0,16
Minardi,18,150,2001,0,11,0,17
McLaren,1,151,2001,56,2,2,1
Ferrari,6,151,2001,108,1,6,2
Ferrari,6,151,2001,108,1,6,3
Williams,3,151,2001,43,3,2,4
Sauber,15,151,2001,16,4,0,5
Sauber,15,151,2001,16,4,0,6
Jordan,17,151,2001,15,5,0,7
BAR,16,151,2001,12,6,0,8
Jaguar,19,151,2001,5,7,0,9
Arrows,21,151,2001,1,9,0,10
Prost,20,151,2001,3,8,0,11
Jaguar,19,151,2001,5,7,0,12
Benetton,22,151,2001,1,10,0,13
Arrows,21,151,2001,1,9,0,14
Benetton,22,151,2001,1,10,0,15
Minardi,18,151,2001,0,11,0,16
Williams,3,152,2001,46,3,2,1
Ferrari,6,152,2001,118,1,6,2
BAR,16,152,2001,12,6,0,3
Benetton,22,152,2001,1,10,0,4
Benetton,22,152,2001,1,10,0,5
Prost,20,152,2001,3,8,0,6
BAR,16,152,2001,12,6,0,7
Arrows,21,152,2001,1,9,0,8
Arrows,21,152,2001,1,9,0,9
Minardi,18,152,2001,0,11,0,10
Ferrari,6,153,2001,124,1,6,1
Ferrari,6,153,2001,124,1,6,2
McLaren,1,153,2001,66,2,3,3
Williams,3,153,2001,56,3,3,4
McLaren,1,153,2001,66,2,3,5
Sauber,15,153,2001,19,4,0,6
Sauber,15,153,2001,19,4,0,7
Williams,3,153,2001,56,3,3,8
BAR,16,153,2001,16,5,0,9
Jordan,17,153,2001,15,6,0,10
Jaguar,19,153,2001,5,8,0,11
Arrows,21,153,2001,1,10,0,12
Ferrari,6,154,2001,140,1,7,1
McLaren,1,154,2001,72,2,3,2
Benetton,22,154,2001,6,7,0,3
McLaren,1,154,2001,72,2,3,4
Ferrari,6,154,2001,140,1,7,5
Jordan,17,154,2001,15,6,0,6
Williams,3,154,2001,59,3,3,7
BAR,16,154,2001,16,5,0,8
Prost,20,154,2001,4,9,0,9
Arrows,21,154,2001,1,10,0,10
BAR,16,154,2001,16,5,0,11
Arrows,21,154,2001,1,10,0,12
Minardi,18,154,2001,0,11,0,13
Williams,3,155,2001,59,3,3,1
Ferrari,6,155,2001,152,1,8,2
Williams,3,155,2001,59,3,3,3
Ferrari,6,155,2001,152,1,8,4
Jaguar,19,155,2001,5,8,0,5
BAR,16,155,2001,16,5,0,6
Sauber,15,155,2001,20,4,0,7
Jordan,17,155,2001,16,6,0,8
BAR,16,155,2001,16,5,0,9
Benetton,22,155,2001,10,7,0,10
Sauber,15,155,2001,20,4,0,11
Prost,20,155,2001,4,9,0,12
Minardi,18,155,2001,0,11,0,13
McLaren,1,156,2001,81,2,3,1
Ferrari,6,156,2001,161,1,8,2
McLaren,1,156,2001,81,2,3,3
Jordan,17,156,2001,16,6,0,4
Jaguar,19,156,2001,7,8,0,5
Sauber,15,156,2001,20,4,0,6
Jordan,17,156,2001,16,6,0,7
Benetton,22,156,2001,10,7,0,8
Benetton,22,156,2001,10,7,0,9
Prost,20,156,2001,4,9,0,10
BAR,16,156,2001,17,5,0,11
Jaguar,19,156,2001,7,8,0,12
Arrows,21,156,2001,1,10,0,13
Prost,20,156,2001,4,9,0,14
Ferrari,6,156,2001,161,1,8,15
Ferrari,6,157,2001,167,1,8,1
Williams,3,157,2001,73,3,4,2
McLaren,1,157,2001,95,2,4,3
McLaren,1,157,2001,95,2,4,4
Ferrari,6,157,2001,167,1,8,5
Williams,3,157,2001,73,3,4,6
Benetton,22,157,2001,10,7,0,7
Jordan,17,157,2001,19,5,0,8
Sauber,15,157,2001,21,4,0,9
BAR,16,157,2001,17,6,0,10
Minardi,18,157,2001,0,11,0,11
Prost,20,157,2001,4,9,0,12
BAR,16,157,2001,17,6,0,13
Arrows,21,157,2001,1,10,0,14
Arrows,21,157,2001,1,10,0,15
Minardi,18,157,2001,0,11,0,16
Benetton,22,157,2001,10,7,0,17
Ferrari,6,159,2000,16,1,1,1
Benetton,22,159,2000,2,4,0,2
Williams,3,159,2000,4,2,0,5
Williams,3,159,2000,4,2,0,6
BAR,16,159,2000,4,3,0,9
Minardi,18,159,2000,0,5,0,10
Ferrari,6,160,2000,26,1,2,1
Ferrari,6,160,2000,26,1,2,4
BAR,16,160,2000,4,5,0,5
Benetton,22,160,2000,8,2,0,9
Benetton,22,160,2000,8,2,0,11
BAR,16,160,2000,4,5,0,12
Minardi,18,160,2000,0,7,0,13
Arrows,21,160,2000,0,6,0,14
Jordan,17,160,2000,7,3,0,15
McLaren,1,161,2000,10,2,0,1
McLaren,1,161,2000,10,2,0,2
Ferrari,6,161,2000,39,1,3,3
Williams,3,161,2000,7,5,0,4
Williams,3,161,2000,7,5,0,5
Jordan,17,161,2000,7,4,0,6
Benetton,22,161,2000,8,3,0,7
Sauber,15,161,2000,1,7,0,8
Benetton,22,161,2000,8,3,0,9
Prost,20,161,2000,0,11,0,10
Sauber,15,161,2000,1,7,0,11
Jaguar,19,161,2000,0,9,0,12
Jaguar,19,161,2000,0,9,0,13
Minardi,18,161,2000,0,10,0,14
Minardi,18,161,2000,0,10,0,15
BAR,16,161,2000,6,6,0,16
Jordan,17,161,2000,7,4,0,17
McLaren,1,162,2000,26,2,1,1
McLaren,1,162,2000,26,2,1,2
Ferrari,6,162,2000,43,1,3,3
Williams,3,162,2000,12,3,0,4
Ferrari,6,162,2000,43,1,3,5
Jordan,17,162,2000,8,5,0,6
Sauber,15,162,2000,1,7,0,7
BAR,16,162,2000,6,6,0,8
Benetton,22,162,2000,8,4,0,9
Benetton,22,162,2000,8,4,0,10
Jaguar,19,162,2000,0,9,0,11
Jordan,17,162,2000,8,5,0,12
Jaguar,19,162,2000,0,9,0,13
Minardi,18,162,2000,0,10,0,14
Minardi,18,162,2000,0,10,0,15
Prost,20,162,2000,0,11,0,16
Williams,3,162,2000,12,3,0,17
Ferrari,6,163,2000,49,1,3,1
McLaren,1,163,2000,42,2,2,2
McLaren,1,163,2000,42,2,2,3
Ferrari,6,163,2000,49,1,3,4
Benetton,22,163,2000,8,5,0,5
Arrows,21,163,2000,0,8,0,6
Sauber,15,163,2000,1,7,0,7
Minardi,18,163,2000,0,10,0,8
Prost,20,163,2000,0,11,0,9
Williams,3,163,2000,15,3,0,10
Jaguar,19,163,2000,0,9,0,11
Benetton,22,163,2000,8,5,0,12
McLaren,1,164,2000,52,2,2,1
Ferrari,6,164,2000,62,1,4,2
Benetton,22,164,2000,10,4,0,3
Jaguar,19,164,2000,0,9,0,4
Sauber,15,164,2000,1,7,0,5
McLaren,1,164,2000,52,2,2,6
BAR,16,164,2000,6,6,0,7
Prost,20,164,2000,0,11,0,8
Jaguar,19,164,2000,0,9,0,9
Jordan,17,164,2000,9,5,0,10
Ferrari,6,165,2000,68,1,4,1
Ferrari,6,165,2000,68,1,4,2
Benetton,22,165,2000,14,4,0,3
McLaren,1,165,2000,63,2,3,4
Arrows,21,165,2000,1,9,0,5
Jordan,17,165,2000,9,5,0,6
McLaren,1,165,2000,63,2,3,7
BAR,16,165,2000,6,6,0,8
Benetton,22,165,2000,14,4,0,9
Sauber,15,165,2000,3,8,0,10
Williams,3,165,2000,15,3,0,11
Minardi,18,165,2000,0,10,0,12
Jaguar,19,165,2000,3,7,0,13
Williams,3,165,2000,15,3,0,14
BAR,16,165,2000,6,6,0,15
Minardi,18,165,2000,0,10,0,16
McLaren,1,166,2000,66,2,3,1
McLaren,1,166,2000,66,2,3,2
Ferrari,6,166,2000,84,1,5,3
BAR,16,166,2000,6,6,0,4
Williams,3,166,2000,15,4,0,5
Jordan,17,166,2000,10,5,0,6
Jordan,17,166,2000,10,5,0,7
Williams,3,166,2000,15,4,0,8
Benetton,22,166,2000,18,3,0,9
Sauber,15,166,2000,3,8,0,10
Sauber,15,166,2000,3,8,0,11
Prost,20,166,2000,0,11,0,12
Jaguar,19,166,2000,3,7,0,13
Prost,20,166,2000,0,11,0,14
Minardi,18,166,2000,0,10,0,15
McLaren,1,167,2000,82,2,4,1
McLaren,1,167,2000,82,2,4,2
Ferrari,6,167,2000,88,1,5,3
BAR,16,167,2000,9,6,0,4
Williams,3,167,2000,17,4,0,5
Sauber,15,167,2000,3,8,0,6
Jaguar,19,167,2000,3,7,0,7
Minardi,18,167,2000,0,10,0,8
Sauber,15,167,2000,3,8,0,9
Benetton,22,167,2000,18,3,0,10
Jaguar,19,167,2000,3,7,0,11
Minardi,18,167,2000,0,10,0,12
Ferrari,6,168,2000,92,2,5,1
McLaren,1,168,2000,98,1,5,2
McLaren,1,168,2000,98,1,5,3
Williams,3,168,2000,19,3,0,4
Sauber,15,168,2000,4,7,0,5
Arrows,21,168,2000,3,9,0,6
Williams,3,168,2000,19,3,0,7
BAR,16,168,2000,12,5,0,8
Jordan,17,168,2000,11,6,0,9
Jaguar,19,168,2000,3,8,0,10
Minardi,18,168,2000,0,10,0,11
Prost,20,168,2000,0,11,0,12
McLaren,1,169,2000,108,1,5,1
Ferrari,6,169,2000,102,2,6,2
McLaren,1,169,2000,108,1,5,3
Ferrari,6,169,2000,102,2,6,4
Williams,3,169,2000,22,3,0,5
Jordan,17,169,2000,11,6,0,6
Jordan,17,169,2000,11,6,0,7
Jaguar,19,169,2000,3,9,0,8
Williams,3,169,2000,22,3,0,9
Sauber,15,169,2000,6,7,0,10
Benetton,22,169,2000,18,4,0,11
BAR,16,169,2000,12,5,0,12
Arrows,21,169,2000,4,8,0,13
BAR,16,169,2000,12,5,0,14
Minardi,18,169,2000,0,10,0,15
Arrows,21,169,2000,4,8,0,16
McLaren,1,170,2000,122,1,6,1
Ferrari,6,170,2000,111,2,6,2
Williams,3,170,2000,24,3,0,3
McLaren,1,170,2000,122,1,6,4
Williams,3,170,2000,24,3,0,5
Jordan,17,170,2000,12,5,0,6
BAR,16,170,2000,12,6,0,7
Jaguar,19,170,2000,3,9,0,8
Sauber,15,170,2000,6,7,0,9
Jaguar,19,170,2000,3,9,0,10
Sauber,15,170,2000,6,7,0,11
BAR,16,170,2000,12,6,0,12
Benetton,22,170,2000,18,4,0,13
Minardi,18,170,2000,0,10,0,14
Arrows,21,170,2000,4,8,0,15
Arrows,21,170,2000,4,8,0,16
Minardi,18,170,2000,0,10,0,17
Ferrari,6,171,2000,117,2,6,1
McLaren,1,171,2000,135,1,7,2
Williams,3,171,2000,30,3,0,3
Arrows,21,171,2000,4,8,0,4
Benetton,22,171,2000,18,4,0,5
BAR,16,171,2000,12,6,0,6
Sauber,15,171,2000,6,7,0,7
Sauber,15,171,2000,6,7,0,8
Minardi,18,171,2000,0,10,0,9
Minardi,18,171,2000,0,10,0,10
Benetton,22,171,2000,18,4,0,11
Prost,20,171,2000,0,11,0,12
Ferrari,6,172,2000,127,2,7,1
Ferrari,6,172,2000,127,2,7,2
Jordan,17,172,2000,13,5,0,3
BAR,16,172,2000,13,6,0,4
McLaren,1,172,2000,141,1,7,5
BAR,16,172,2000,13,6,0,6
Jaguar,19,172,2000,3,9,0,7
Sauber,15,172,2000,6,8,0,8
Prost,20,172,2000,0,11,0,9
Benetton,22,172,2000,20,4,0,10
Jaguar,19,172,2000,3,9,0,11
Minardi,18,172,2000,0,10,0,12
Ferrari,6,173,2000,143,1,8,1
McLaren,1,173,2000,143,2,7,2
McLaren,1,173,2000,143,2,7,3
Ferrari,6,173,2000,143,1,8,4
Williams,3,173,2000,34,3,0,5
BAR,16,173,2000,17,6,0,6
Jaguar,19,173,2000,3,9,0,7
Jaguar,19,173,2000,3,9,0,8
BAR,16,173,2000,17,6,0,9
Sauber,15,173,2000,6,8,0,10
Sauber,15,173,2000,6,8,0,11
Arrows,21,173,2000,7,7,0,12
Jordan,17,173,2000,17,5,0,13
Benetton,22,173,2000,20,4,0,14
Minardi,18,173,2000,0,10,0,15
Ferrari,6,174,2000,156,1,9,1
McLaren,1,174,2000,153,2,7,2
Ferrari,6,174,2000,156,1,9,3
McLaren,1,174,2000,153,2,7,4
BAR,16,174,2000,18,5,0,5
Jaguar,19,174,2000,3,9,0,6
Benetton,22,174,2000,20,4,0,7
Sauber,15,174,2000,6,8,0,8
Benetton,22,174,2000,20,4,0,9
Arrows,21,174,2000,7,7,0,10
Prost,20,174,2000,0,11,0,11
Jordan,17,174,2000,17,6,0,12
Minardi,18,174,2000,0,10,0,13
Ferrari,6,176,1999,10,1,1,2
Jordan,17,176,1999,6,2,0,3
Williams,3,176,1999,4,3,0,4
Ferrari,6,176,1999,10,1,1,5
Benetton,22,176,1999,3,4,0,7
Arrows,21,176,1999,1,6,0,8
Ferrari,6,177,1999,18,1,1,1
McLaren,1,177,1999,10,2,1,2
Stewart,24,177,1999,2,6,0,3
Jordan,17,177,1999,10,3,0,4
Benetton,22,177,1999,3,5,0,5
Minardi,18,177,1999,0,9,0,8
Minardi,18,177,1999,0,9,0,9
Stewart,24,177,1999,2,6,0,10
Williams,3,177,1999,7,4,0,11
Ferrari,6,178,1999,28,1,2,1
Ferrari,6,178,1999,28,1,2,2
McLaren,1,178,1999,16,2,1,3
Jordan,17,178,1999,13,3,0,4
Benetton,22,178,1999,5,6,0,5
Benetton,22,178,1999,5,6,0,6
Prost,20,178,1999,1,8,0,7
Williams,3,178,1999,7,4,0,8
Stewart,24,178,1999,6,5,0,9
McLaren,1,179,1999,20,2,1,1
McLaren,1,179,1999,20,2,1,2
Ferrari,6,179,1999,44,1,3,3
Ferrari,6,179,1999,44,1,3,4
Williams,3,179,1999,7,5,0,5
Prost,20,179,1999,1,8,0,6
Jordan,17,179,1999,16,3,0,7
BAR,16,179,1999,0,10,0,8
Benetton,22,179,1999,8,4,0,9
Benetton,22,179,1999,8,4,0,10
Arrows,21,179,1999,1,7,0,11
Arrows,21,179,1999,1,7,0,12
McLaren,1,180,1999,36,2,2,1
Benetton,22,180,1999,8,5,0,2
Ferrari,6,180,1999,51,1,3,3
Williams,3,180,1999,9,4,0,4
Stewart,24,180,1999,6,6,0,5
Sauber,15,180,1999,1,9,0,6
McLaren,1,180,1999,36,2,2,7
Minardi,18,180,1999,0,11,0,8
Prost,20,180,1999,2,7,0,9
Minardi,18,180,1999,0,11,0,10
Jordan,17,180,1999,16,3,0,11
Jordan,17,181,1999,16,3,0,1
McLaren,1,181,1999,46,2,3,2
Stewart,24,181,1999,8,6,0,3
Williams,3,181,1999,12,5,0,4
Ferrari,6,181,1999,55,1,3,5
Ferrari,6,181,1999,55,1,3,6
Prost,20,181,1999,2,7,0,7
Prost,20,181,1999,2,7,0,8
BAR,16,181,1999,0,10,0,9
Minardi,18,181,1999,0,11,0,10
Arrows,21,181,1999,1,9,0,11
McLaren,1,182,1999,52,2,3,1
Ferrari,6,182,1999,58,1,3,2
Williams,3,182,1999,15,4,0,3
Jordan,17,182,1999,26,3,1,4
Jordan,17,182,1999,26,3,1,5
Sauber,15,182,1999,2,8,0,6
Benetton,22,182,1999,14,5,0,7
Stewart,24,182,1999,12,6,0,8
Prost,20,182,1999,2,7,0,9
Benetton,22,182,1999,14,5,0,10
Williams,3,182,1999,15,4,0,11
Stewart,24,182,1999,12,6,0,12
Prost,20,182,1999,2,7,0,13
Sauber,15,182,1999,2,8,0,14
Minardi,18,182,1999,0,11,0,15
Arrows,21,182,1999,1,9,0,16
Ferrari,6,183,1999,64,1,3,1
McLaren,1,183,1999,62,2,4,2
McLaren,1,183,1999,62,2,4,3
Jordan,17,183,1999,31,3,1,4
Benetton,22,183,1999,14,5,0,5
Sauber,15,183,1999,3,7,0,6
Prost,20,183,1999,2,8,0,7
Jordan,17,183,1999,31,3,1,8
Ferrari,6,183,1999,64,1,3,9
Prost,20,183,1999,2,8,0,10
Minardi,18,183,1999,0,11,0,11
Benetton,22,183,1999,14,5,0,12
Minardi,18,183,1999,0,11,0,13
Stewart,24,183,1999,12,6,0,14
BAR,16,183,1999,0,10,0,15
Ferrari,6,184,1999,74,1,4,1
Ferrari,6,184,1999,74,1,4,2
Jordan,17,184,1999,34,3,1,3
Williams,3,184,1999,19,4,0,4
McLaren,1,184,1999,72,2,4,5
Prost,20,184,1999,2,8,0,6
Benetton,22,184,1999,16,5,0,7
Sauber,15,184,1999,4,7,0,8
Minardi,18,184,1999,0,11,0,9
Minardi,18,184,1999,0,11,0,10
Stewart,24,184,1999,12,6,0,11
McLaren,1,185,1999,74,2,4,1
McLaren,1,185,1999,74,2,4,2
Ferrari,6,185,1999,90,1,5,3
Jordan,17,185,1999,38,3,1,4
Stewart,24,185,1999,12,6,0,5
Jordan,17,185,1999,38,3,1,6
Benetton,22,185,1999,16,5,0,7
Prost,20,185,1999,3,8,0,8
Williams,3,185,1999,22,4,0,9
Prost,20,185,1999,3,8,0,10
Stewart,24,185,1999,12,6,0,11
Ferrari,6,185,1999,90,1,5,12
BAR,16,185,1999,0,10,0,13
Minardi,18,185,1999,0,11,0,14
Arrows,21,185,1999,1,9,0,15
Sauber,15,185,1999,4,7,0,16
Minardi,18,185,1999,0,11,0,17
McLaren,1,186,1999,90,2,5,1
McLaren,1,186,1999,90,2,5,2
Jordan,17,186,1999,42,3,1,3
Ferrari,6,186,1999,94,1,5,4
Williams,3,186,1999,22,4,0,5
Jordan,17,186,1999,42,3,1,6
Ferrari,6,186,1999,94,1,5,7
Williams,3,186,1999,22,4,0,8
Sauber,15,186,1999,4,7,0,9
Stewart,24,186,1999,14,6,0,10
Benetton,22,186,1999,16,5,0,11
Prost,20,186,1999,3,8,0,12
Prost,20,186,1999,3,8,0,13
Benetton,22,186,1999,16,5,0,14
BAR,16,186,1999,0,10,0,15
Minardi,18,186,1999,0,11,0,16
Jordan,17,187,1999,47,3,1,1
Williams,3,187,1999,24,4,0,2
Ferrari,6,187,1999,97,2,5,3
Stewart,24,187,1999,14,6,0,4
McLaren,1,187,1999,106,1,6,5
Ferrari,6,187,1999,97,2,5,6
Williams,3,187,1999,24,4,0,7
BAR,16,187,1999,0,10,0,8
Sauber,15,187,1999,4,7,0,9
Jordan,17,187,1999,47,3,1,10
Prost,20,187,1999,3,8,0,11
Stewart,24,188,1999,17,5,0,1
Prost,20,188,1999,3,8,0,2
Stewart,24,188,1999,17,5,0,3
Williams,3,188,1999,30,4,0,4
McLaren,1,188,1999,108,1,6,5
Minardi,18,188,1999,0,11,0,6
Ferrari,6,188,1999,102,2,5,7
BAR,16,188,1999,0,10,0,8
Prost,20,188,1999,3,8,0,9
BAR,16,188,1999,0,10,0,10
Ferrari,6,189,1999,102,2,5,1
Ferrari,6,189,1999,102,2,5,2
McLaren,1,189,1999,110,1,6,3
Stewart,24,189,1999,31,5,1,4
Stewart,24,189,1999,31,5,1,5
Jordan,17,189,1999,57,3,2,6
Sauber,15,189,1999,4,8,0,7
Benetton,22,189,1999,16,6,0,8
Minardi,18,189,1999,1,10,0,9
Williams,3,189,1999,33,4,0,10
Benetton,22,189,1999,16,6,0,11
McLaren,1,190,1999,114,2,6,1
Ferrari,6,190,1999,118,1,6,2
Ferrari,6,190,1999,118,1,6,3
Jordan,17,190,1999,58,3,2,4
Williams,3,190,1999,33,5,0,5
Sauber,15,190,1999,4,8,0,6
Stewart,24,190,1999,36,4,1,7
Stewart,24,190,1999,36,4,1,8
BAR,16,190,1999,0,11,0,9
Benetton,22,190,1999,16,6,0,10
Sauber,15,190,1999,4,8,0,11
BAR,16,190,1999,0,11,0,12
Arrows,21,190,1999,1,9,0,13
Benetton,22,190,1999,16,6,0,14
McLaren,1,192,1998,16,1,1,1
McLaren,1,192,1998,16,1,1,2
Ferrari,6,192,1998,3,3,0,3
Benetton,22,192,1998,0,5,0,4
Williams,3,192,1998,6,2,0,5
Benetton,22,192,1998,0,5,0,6
Williams,3,192,1998,6,2,0,7
Ferrari,6,192,1998,3,3,0,8
Sauber,15,192,1998,1,4,0,9
Sauber,15,192,1998,1,4,0,11
Ferrari,6,193,1998,7,3,0,1
McLaren,1,193,1998,32,1,2,2
Ferrari,6,193,1998,7,3,0,3
Benetton,22,193,1998,4,4,0,4
Sauber,15,193,1998,1,5,0,5
McLaren,1,193,1998,32,1,2,6
Benetton,22,193,1998,4,4,0,7
Jordan,17,193,1998,0,6,0,8
Williams,3,193,1998,8,2,0,9
Stewart,24,193,1998,0,8,0,10
Prost,20,193,1998,0,7,0,11
Prost,20,193,1998,0,7,0,15
McLaren,1,194,1998,39,1,2,1
Ferrari,6,194,1998,21,2,1,2
Ferrari,6,194,1998,21,2,1,3
Williams,3,194,1998,8,3,0,4
Williams,3,194,1998,8,3,0,5
Sauber,15,194,1998,3,5,0,6
Jordan,17,194,1998,0,6,0,7
Minardi,18,194,1998,0,10,0,8
Jordan,17,194,1998,0,6,0,10
Prost,20,194,1998,0,7,0,11
McLaren,1,195,1998,49,1,3,1
McLaren,1,195,1998,49,1,3,2
Ferrari,6,195,1998,31,2,1,3
Benetton,22,195,1998,7,4,0,4
Stewart,24,195,1998,0,10,0,5
Williams,3,195,1998,13,3,0,6
Sauber,15,195,1998,4,5,0,7
Williams,3,195,1998,13,3,0,8
Prost,20,195,1998,0,8,0,9
Sauber,15,195,1998,4,5,0,10
Jordan,17,195,1998,0,6,0,11
Stewart,24,195,1998,0,10,0,12
Tyrrell,25,195,1998,0,11,0,13
Minardi,18,195,1998,0,7,0,14
Minardi,18,195,1998,0,7,0,15
Prost,20,195,1998,0,8,0,16
McLaren,1,196,1998,65,1,4,1
Benetton,22,196,1998,10,4,0,2
Ferrari,6,196,1998,35,2,1,3
Arrows,21,196,1998,0,10,0,4
Williams,3,196,1998,14,3,0,5
Arrows,21,196,1998,0,10,0,6
Sauber,15,196,1998,4,5,0,7
Jordan,17,196,1998,0,7,0,8
Minardi,18,196,1998,0,8,0,9
Ferrari,6,196,1998,35,2,1,10
Tyrrell,25,196,1998,0,11,0,11
Sauber,15,196,1998,4,5,0,12
Ferrari,6,197,1998,39,2,1,1
Benetton,22,197,1998,16,3,0,2
Ferrari,6,197,1998,39,2,1,3
Benetton,22,197,1998,16,3,0,4
Stewart,24,197,1998,2,7,0,5
Stewart,24,197,1998,2,7,0,6
Minardi,18,197,1998,0,9,0,7
Tyrrell,25,197,1998,0,11,0,8
Arrows,21,197,1998,4,5,0,9
Williams,3,197,1998,16,4,0,10
Ferrari,6,198,1998,53,2,2,1
Ferrari,6,198,1998,53,2,2,2
McLaren,1,198,1998,75,1,5,3
Williams,3,198,1998,16,4,0,4
Benetton,22,198,1998,25,3,0,5
McLaren,1,198,1998,75,1,5,6
Sauber,15,198,1998,4,7,0,7
Sauber,15,198,1998,4,7,0,8
Benetton,22,198,1998,25,3,0,9
Stewart,24,198,1998,5,5,0,10
Prost,20,198,1998,0,11,0,11
Stewart,24,198,1998,5,5,0,12
Arrows,21,198,1998,4,6,0,13
Arrows,21,198,1998,4,6,0,14
Williams,3,198,1998,16,4,0,15
Jordan,17,198,1998,0,8,0,16
Minardi,18,198,1998,0,9,0,17
Ferrari,6,199,1998,69,2,3,1
McLaren,1,199,1998,80,1,5,2
Ferrari,6,199,1998,69,2,3,3
Benetton,22,199,1998,27,3,0,4
Benetton,22,199,1998,27,3,0,5
Jordan,17,199,1998,0,8,0,6
Williams,3,199,1998,19,4,0,7
Minardi,18,199,1998,0,9,0,8
Tyrrell,25,199,1998,0,10,0,9
McLaren,1,200,1998,86,1,5,1
McLaren,1,200,1998,86,1,5,2
Ferrari,6,200,1998,83,2,4,3
Ferrari,6,200,1998,83,2,4,4
Jordan,17,200,1998,1,8,0,5
Williams,3,200,1998,19,4,0,6
Jordan,17,200,1998,1,8,0,7
Sauber,15,200,1998,4,7,0,8
Benetton,22,200,1998,32,3,0,9
Prost,20,200,1998,0,11,0,10
Minardi,18,200,1998,0,9,0,11
Tyrrell,25,200,1998,0,10,0,12
McLaren,1,201,1998,102,1,6,1
McLaren,1,201,1998,102,1,6,2
Williams,3,201,1998,20,4,0,3
Jordan,17,201,1998,3,8,0,4
Ferrari,6,201,1998,90,2,4,5
Jordan,17,201,1998,3,8,0,6
Benetton,22,201,1998,32,3,0,7
Ferrari,6,201,1998,90,2,4,8
Williams,3,201,1998,20,4,0,9
Sauber,15,201,1998,4,7,0,10
Benetton,22,201,1998,32,3,0,11
Prost,20,201,1998,0,11,0,12
Tyrrell,25,201,1998,0,10,0,13
Arrows,21,201,1998,4,6,0,14
Prost,20,201,1998,0,11,0,15
Minardi,18,201,1998,0,9,0,16
Ferrari,6,202,1998,92,2,4,1
McLaren,1,202,1998,118,1,7,2
Williams,3,202,1998,24,4,0,3
Jordan,17,202,1998,7,5,0,4
Williams,3,202,1998,24,4,0,5
McLaren,1,202,1998,118,1,7,6
Sauber,15,202,1998,4,8,0,7
Benetton,22,202,1998,32,3,0,8
Jordan,17,202,1998,7,5,0,9
Sauber,15,202,1998,4,8,0,10
Arrows,21,202,1998,4,7,0,11
Prost,20,202,1998,0,11,0,12
Stewart,24,202,1998,5,6,0,13
Tyrrell,25,202,1998,0,10,0,14
Minardi,18,202,1998,0,9,0,15
Jordan,17,203,1998,10,5,0,1
Jordan,17,203,1998,10,5,0,2
Sauber,15,203,1998,4,8,0,3
Williams,3,203,1998,30,4,0,4
Arrows,21,203,1998,4,7,0,5
Prost,20,203,1998,0,11,0,6
McLaren,1,203,1998,125,1,7,7
Minardi,18,203,1998,0,9,0,8
Ferrari,6,204,1998,102,2,5,1
Ferrari,6,204,1998,102,2,5,2
Jordan,17,204,1998,26,5,1,3
McLaren,1,204,1998,125,1,7,4
Sauber,15,204,1998,8,6,0,5
Jordan,17,204,1998,26,5,1,6
Williams,3,204,1998,33,3,0,7
Benetton,22,204,1998,32,4,0,8
Tyrrell,25,204,1998,0,11,0,9
Stewart,24,204,1998,5,8,0,10
Minardi,18,204,1998,0,10,0,11
Tyrrell,25,204,1998,0,11,0,12
Prost,20,204,1998,1,9,0,13
McLaren,1,205,1998,128,1,7,1
Ferrari,6,205,1998,118,2,6,2
McLaren,1,205,1998,128,1,7,3
Ferrari,6,205,1998,118,2,6,4
Williams,3,205,1998,33,3,0,5
Benetton,22,205,1998,32,4,0,6
Benetton,22,205,1998,32,4,0,7
Williams,3,205,1998,33,3,0,8
Jordan,17,205,1998,31,5,1,9
Sauber,15,205,1998,10,6,0,10
Stewart,24,205,1998,5,8,0,11
Prost,20,205,1998,1,9,0,12
Stewart,24,205,1998,5,8,0,13
Arrows,21,205,1998,6,7,0,14
Minardi,18,205,1998,0,10,0,15
Tyrrell,25,205,1998,0,11,0,16
McLaren,1,206,1998,142,1,8,1
Ferrari,6,206,1998,127,2,6,2
McLaren,1,206,1998,142,1,8,3
Jordan,17,206,1998,31,5,1,4
Williams,3,206,1998,35,3,0,5
Williams,3,206,1998,35,3,0,6
Sauber,15,206,1998,10,6,0,7
Benetton,22,206,1998,33,4,0,8
Benetton,22,206,1998,33,4,0,9
Sauber,15,206,1998,10,6,0,10
Prost,20,206,1998,1,9,0,11
Prost,20,206,1998,1,9,0,12
Williams,3,208,1997,0,6,0,1
Benetton,22,208,1997,3,3,0,2
Prost,20,208,1997,2,4,0,3
McLaren,1,208,1997,14,1,1,4
Ferrari,6,208,1997,6,2,0,5
Benetton,22,208,1997,3,3,0,6
Sauber,15,208,1997,1,5,0,7
Williams,3,208,1997,0,6,0,9
McLaren,1,208,1997,14,1,1,10
Sauber,15,208,1997,1,5,0,11
Minardi,18,208,1997,0,7,0,12
Prost,20,208,1997,2,4,0,14
Ferrari,6,208,1997,6,2,0,16
Arrows,21,208,1997,0,8,0,17
Minardi,18,208,1997,0,7,0,18
Williams,3,209,1997,10,2,1,1
Ferrari,6,209,1997,8,4,0,2
Jordan,17,209,1997,0,7,0,3
Sauber,15,209,1997,1,6,0,4
McLaren,1,209,1997,17,1,1,5
Benetton,22,209,1997,10,3,0,6
Benetton,22,209,1997,10,3,0,7
Tyrrell,25,209,1997,0,10,0,8
Minardi,18,209,1997,0,8,0,9
Williams,3,210,1997,20,1,2,1
Ferrari,6,210,1997,14,3,0,2
Ferrari,6,210,1997,14,3,0,3
Jordan,17,210,1997,4,6,0,4
Benetton,22,210,1997,11,4,0,5
McLaren,1,210,1997,19,2,1,6
Sauber,15,210,1997,4,7,0,7
Prost,20,210,1997,6,5,0,8
Tyrrell,25,210,1997,0,8,0,9
Tyrrell,25,210,1997,0,8,0,10
Minardi,18,210,1997,0,9,0,11
Ferrari,6,211,1997,24,2,0,1
Stewart,24,211,1997,0,11,0,2
Ferrari,6,211,1997,24,2,0,3
Prost,20,211,1997,6,6,0,4
Tyrrell,25,211,1997,0,8,0,5
Jordan,17,211,1997,7,5,0,6
Stewart,24,211,1997,0,11,0,7
Tyrrell,25,211,1997,0,8,0,8
Benetton,22,211,1997,13,4,0,9
Minardi,18,211,1997,0,9,0,10
Williams,3,212,1997,30,2,3,1
Prost,20,212,1997,9,5,0,2
Benetton,22,212,1997,13,4,0,3
Ferrari,6,212,1997,38,1,1,4
Sauber,15,212,1997,4,8,0,5
McLaren,1,212,1997,20,3,1,6
McLaren,1,212,1997,20,3,1,7
Williams,3,212,1997,30,2,3,8
Jordan,17,212,1997,8,6,0,9
Benetton,22,212,1997,13,4,0,10
Tyrrell,25,212,1997,2,9,0,11
Ferrari,6,212,1997,38,1,1,12
Stewart,24,212,1997,6,7,0,13
Sauber,15,212,1997,4,8,0,14
Minardi,18,212,1997,0,10,0,15
Ferrari,6,213,1997,41,1,1,1
Benetton,22,213,1997,17,4,0,2
Jordan,17,213,1997,8,6,0,3
Williams,3,213,1997,40,2,4,4
Sauber,15,213,1997,6,8,0,5
Prost,20,213,1997,15,5,0,6
McLaren,1,213,1997,21,3,1,7
Arrows,21,213,1997,0,11,0,8
Arrows,21,213,1997,0,11,0,9
Sauber,15,213,1997,6,8,0,10
Prost,20,213,1997,15,5,0,11
Ferrari,6,214,1997,51,1,2,1
Williams,3,214,1997,43,2,4,2
Ferrari,6,214,1997,51,1,2,3
Williams,3,214,1997,43,2,4,4
Benetton,22,214,1997,23,3,0,5
Jordan,17,214,1997,12,6,0,6
McLaren,1,214,1997,21,4,1,7
Sauber,15,214,1997,8,7,0,8
Jordan,17,214,1997,12,6,0,9
Prost,20,214,1997,16,5,0,10
Minardi,18,214,1997,0,11,0,11
Arrows,21,214,1997,0,10,0,12
Williams,3,215,1997,52,2,4,1
Benetton,22,215,1997,25,3,0,2
Benetton,22,215,1997,25,3,0,3
McLaren,1,215,1997,21,4,1,4
Jordan,17,215,1997,13,6,0,5
Arrows,21,215,1997,0,10,0,6
Jordan,17,215,1997,13,6,0,7
Prost,20,215,1997,16,5,0,8
Sauber,15,215,1997,8,7,0,9
Minardi,18,215,1997,0,11,0,10
Prost,20,215,1997,16,5,0,11
Benetton,22,216,1997,35,3,0,1
Ferrari,6,216,1997,65,1,3,2
McLaren,1,216,1997,24,4,1,3
Prost,20,216,1997,16,5,0,4
Jordan,17,216,1997,15,6,0,5
Benetton,22,216,1997,35,3,0,6
Prost,20,216,1997,16,5,0,7
Arrows,21,216,1997,1,10,0,8
Sauber,15,216,1997,8,7,0,9
Tyrrell,25,216,1997,2,9,0,10
Jordan,17,216,1997,15,6,0,11
Williams,3,217,1997,62,2,5,1
Arrows,21,217,1997,1,10,0,2
Sauber,15,217,1997,8,7,0,3
Ferrari,6,217,1997,71,1,3,4
Jordan,17,217,1997,17,6,0,5
Prost,20,217,1997,19,5,0,6
Prost,20,217,1997,19,5,0,7
Benetton,22,217,1997,46,3,1,8
Ferrari,6,217,1997,71,1,3,9
Minardi,18,217,1997,0,11,0,10
Benetton,22,217,1997,46,3,1,11
Minardi,18,217,1997,0,11,0,12
Tyrrell,25,217,1997,2,9,0,13
Ferrari,6,218,1997,74,1,3,1
Jordan,17,218,1997,19,6,0,2
Williams,3,218,1997,72,2,6,3
Sauber,15,218,1997,12,7,0,4
Williams,3,218,1997,72,2,6,5
Benetton,22,218,1997,46,3,1,6
Arrows,21,218,1997,7,8,0,7
Benetton,22,218,1997,46,3,1,8
Sauber,15,218,1997,12,7,0,9
Ferrari,6,218,1997,74,1,3,10
Tyrrell,25,218,1997,2,10,0,11
Stewart,24,218,1997,6,9,0,12
Arrows,21,218,1997,7,8,0,13
Minardi,18,218,1997,0,11,0,14
Prost,20,218,1997,20,5,0,15
McLaren,1,219,1997,28,4,1,1
Benetton,22,219,1997,47,3,1,2
Williams,3,219,1997,78,2,6,3
Jordan,17,219,1997,25,5,0,4
Williams,3,219,1997,78,2,6,5
Ferrari,6,219,1997,84,1,4,6
Benetton,22,219,1997,47,3,1,7
Ferrari,6,219,1997,84,1,4,8
McLaren,1,219,1997,28,4,1,9
Prost,20,219,1997,20,6,0,10
Prost,20,219,1997,20,6,0,11
Sauber,15,219,1997,15,7,0,12
Stewart,24,219,1997,6,9,0,13
Minardi,18,219,1997,0,11,0,14
Williams,3,220,1997,84,2,6,1
McLaren,1,220,1997,38,4,2,2
Williams,3,220,1997,84,2,6,3
Jordan,17,220,1997,28,5,0,4
Jordan,17,220,1997,28,5,0,5
Ferrari,6,220,1997,85,1,4,6
Arrows,21,220,1997,7,8,0,7
Sauber,15,220,1997,15,7,0,8
Sauber,15,220,1997,15,7,0,9
Benetton,22,220,1997,53,3,1,10
Minardi,18,220,1997,0,11,0,11
Tyrrell,25,220,1997,2,10,0,12
Arrows,21,220,1997,7,8,0,13
Stewart,24,220,1997,6,9,0,14
Williams,3,221,1997,98,1,7,1
Benetton,22,221,1997,53,3,1,2
Williams,3,221,1997,98,1,7,3
Benetton,22,221,1997,53,3,1,4
Arrows,21,221,1997,7,8,0,5
Prost,20,221,1997,20,6,0,6
Sauber,15,221,1997,15,7,0,7
Arrows,21,221,1997,7,8,0,8
Sauber,15,221,1997,15,7,0,9
Tyrrell,25,221,1997,2,10,0,10
Ferrari,6,222,1997,86,2,4,1
Williams,3,222,1997,112,1,8,2
Ferrari,6,222,1997,86,2,4,3
McLaren,1,222,1997,44,4,2,4
Benetton,22,222,1997,62,3,1,5
Sauber,15,222,1997,15,7,0,6
Jordan,17,222,1997,33,5,0,7
Benetton,22,222,1997,62,3,1,8
Jordan,17,222,1997,33,5,0,9
McLaren,1,222,1997,44,4,2,10
Arrows,21,222,1997,9,8,0,11
Arrows,21,222,1997,9,8,0,12
Tyrrell,25,222,1997,2,10,0,13
McLaren,1,223,1997,47,4,2,1
McLaren,1,223,1997,47,4,2,2
Williams,3,223,1997,118,1,8,3
Benetton,22,223,1997,64,3,1,4
Ferrari,6,223,1997,100,2,5,5
Williams,3,223,1997,118,1,8,6
Prost,20,223,1997,21,6,0,7
Sauber,15,223,1997,16,7,0,8
Stewart,24,223,1997,6,9,0,9
Prost,20,223,1997,21,6,0,10
Jordan,17,223,1997,33,5,0,11
Tyrrell,25,223,1997,2,10,0,12
Benetton,22,223,1997,64,3,1,13
Sauber,15,223,1997,16,7,0,14
Minardi,18,223,1997,0,11,0,15
Tyrrell,25,223,1997,2,10,0,16
Minardi,18,223,1997,0,11,0,17
Williams,3,225,1996,16,1,1,1
Benetton,22,225,1996,3,3,0,2
Ferrari,6,225,1996,4,2,0,3
McLaren,1,225,1996,2,4,0,4
Tyrrell,25,225,1996,1,5,0,5
Ligier,27,225,1996,0,6,0,6
Ferrari,6,225,1996,4,2,0,7
Ligier,27,225,1996,0,6,0,8
Tyrrell,25,225,1996,1,5,0,9
Williams,3,226,1996,26,1,2,1
Williams,3,226,1996,26,1,2,2
Benetton,22,226,1996,9,2,0,3
Jordan,17,226,1996,0,11,0,4
Ferrari,6,226,1996,8,3,0,5
Footwork,29,226,1996,0,8,0,6
McLaren,1,226,1996,5,4,0,7
Ligier,27,226,1996,1,6,0,8
Sauber,15,226,1996,0,7,0,9
Forti,28,226,1996,0,10,0,10
Williams,3,227,1996,42,1,3,1
Ferrari,6,227,1996,10,3,0,2
McLaren,1,227,1996,5,4,0,3
Williams,3,227,1996,42,1,3,4
Jordan,17,227,1996,3,5,0,5
Jordan,17,227,1996,3,5,0,6
Sauber,15,227,1996,0,9,0,7
McLaren,1,227,1996,5,4,0,8
Benetton,22,227,1996,13,2,0,9
Ligier,27,227,1996,1,7,0,10
Footwork,29,227,1996,1,8,0,11
Minardi,18,227,1996,0,11,0,12
Minardi,18,227,1996,0,11,0,13
Williams,3,228,1996,55,1,4,1
Ferrari,6,228,1996,16,2,0,2
Benetton,22,228,1996,13,3,0,3
Ferrari,6,228,1996,16,2,0,4
Jordan,17,228,1996,6,5,0,5
Benetton,22,228,1996,13,3,0,6
Ligier,27,228,1996,1,7,0,7
McLaren,1,228,1996,9,4,0,8
Minardi,18,228,1996,0,11,0,9
Forti,28,228,1996,0,10,0,10
Williams,3,228,1996,55,1,4,11
Ligier,27,229,1996,1,7,0,1
McLaren,1,229,1996,9,4,0,2
Sauber,15,229,1996,0,9,0,3
Sauber,15,229,1996,0,9,0,4
Tyrrell,25,229,1996,3,6,0,5
McLaren,1,229,1996,9,4,0,6
Ferrari,6,229,1996,25,2,0,7
Ferrari,6,230,1996,25,2,0,1
Benetton,22,230,1996,18,3,0,2
Williams,3,230,1996,65,1,5,3
Sauber,15,230,1996,7,7,0,4
McLaren,1,230,1996,16,4,0,5
Ligier,27,230,1996,11,5,1,6
Williams,3,231,1996,69,1,5,1
Williams,3,231,1996,69,1,5,2
Benetton,22,231,1996,24,3,0,3
McLaren,1,231,1996,18,4,0,4
McLaren,1,231,1996,18,4,0,5
Jordan,17,231,1996,8,7,0,6
Sauber,15,231,1996,10,6,0,7
Minardi,18,231,1996,0,10,0,8
Williams,3,232,1996,85,1,6,1
Williams,3,232,1996,85,1,6,2
Benetton,22,232,1996,28,3,0,3
Benetton,22,232,1996,28,3,0,4
McLaren,1,232,1996,23,4,0,5
McLaren,1,232,1996,23,4,0,6
Ligier,27,232,1996,12,5,1,7
Jordan,17,232,1996,9,7,0,8
Jordan,17,232,1996,9,7,0,9
Tyrrell,25,232,1996,5,8,0,10
Footwork,29,232,1996,1,9,0,11
Minardi,18,232,1996,0,10,0,12
Williams,3,233,1996,101,1,7,1
Benetton,22,233,1996,35,3,0,2
McLaren,1,233,1996,26,4,0,3
Jordan,17,233,1996,9,7,0,4
McLaren,1,233,1996,26,4,0,5
Jordan,17,233,1996,9,7,0,6
Tyrrell,25,233,1996,5,8,0,7
Sauber,15,233,1996,10,6,0,8
Sauber,15,233,1996,10,6,0,9
Footwork,29,233,1996,1,9,0,10
Minardi,18,233,1996,0,10,0,11
Williams,3,234,1996,111,1,8,1
Benetton,22,234,1996,41,2,0,2
Williams,3,234,1996,111,1,8,3
Ferrari,6,234,1996,35,3,1,4
McLaren,1,234,1996,32,4,0,5
Jordan,17,234,1996,13,5,0,6
Ligier,27,234,1996,12,6,1,7
Sauber,15,234,1996,10,7,0,8
Tyrrell,25,234,1996,5,8,0,9
Jordan,17,234,1996,13,5,0,10
Footwork,29,234,1996,1,9,0,11
Minardi,18,234,1996,0,10,0,12
Benetton,22,234,1996,41,2,0,13
Williams,3,235,1996,125,1,9,1
Williams,3,235,1996,125,1,9,2
Benetton,22,235,1996,47,2,0,3
McLaren,1,235,1996,34,4,0,4
Ligier,27,235,1996,12,6,1,5
Jordan,17,235,1996,14,5,0,6
Tyrrell,25,235,1996,5,8,0,7
Footwork,29,235,1996,1,9,0,8
Ferrari,6,235,1996,38,3,1,9
Minardi,18,235,1996,0,10,0,10
Ferrari,6,236,1996,38,3,1,1
Williams,3,236,1996,141,1,10,2
McLaren,1,236,1996,37,4,0,3
Benetton,22,236,1996,51,2,0,4
Williams,3,236,1996,141,1,10,5
Benetton,22,236,1996,51,2,0,6
Tyrrell,25,236,1996,5,8,0,7
Tyrrell,25,236,1996,5,8,0,8
Footwork,29,236,1996,1,9,0,9
Minardi,18,236,1996,0,10,0,10
Ferrari,6,237,1996,48,3,2,1
Benetton,22,237,1996,55,2,0,2
McLaren,1,237,1996,41,4,0,3
Jordan,17,237,1996,15,5,0,4
Jordan,17,237,1996,15,5,0,5
Ligier,27,237,1996,14,6,1,6
Williams,3,237,1996,149,1,10,7
Footwork,29,237,1996,1,9,0,8
Sauber,15,237,1996,10,7,0,9
Tyrrell,25,237,1996,5,8,0,10
Williams,3,238,1996,149,1,10,1
Williams,3,238,1996,149,1,10,2
Ferrari,6,238,1996,58,3,3,3
Benetton,22,238,1996,61,2,0,4
Ferrari,6,238,1996,58,3,3,5
Benetton,22,238,1996,61,2,0,6
Sauber,15,238,1996,10,7,0,7
Sauber,15,238,1996,10,7,0,8
Jordan,17,238,1996,20,5,0,9
Ligier,27,238,1996,15,6,1,10
Tyrrell,25,238,1996,5,8,0,11
Tyrrell,25,238,1996,5,8,0,12
McLaren,1,238,1996,45,4,0,13
Footwork,29,238,1996,1,9,0,14
Minardi,18,238,1996,0,10,0,15
Minardi,18,238,1996,0,10,0,16
Williams,3,239,1996,165,1,11,1
Ferrari,6,239,1996,64,3,3,2
McLaren,1,239,1996,45,4,0,3
Benetton,22,239,1996,65,2,0,4
Jordan,17,239,1996,20,5,0,5
Sauber,15,239,1996,10,7,0,6
Ligier,27,239,1996,15,6,1,7
McLaren,1,239,1996,45,4,0,8
Jordan,17,239,1996,20,5,0,9
Sauber,15,239,1996,10,7,0,10
Footwork,29,239,1996,1,9,0,11
Minardi,18,239,1996,0,10,0,12
Footwork,29,239,1996,1,9,0,13
Williams,3,241,1995,6,2,0,1
Ferrari,6,241,1995,6,3,0,2
Benetton,22,241,1995,10,1,1,3
Benetton,22,241,1995,10,1,1,4
Ferrari,6,241,1995,6,3,0,6
Ligier,27,241,1995,0,6,0,7
Tyrrell,25,241,1995,0,5,0,8
Williams,3,242,1995,16,2,1,1
Ferrari,6,242,1995,13,3,0,2
Ferrari,6,242,1995,13,3,0,3
Williams,3,242,1995,16,2,1,4
McLaren,1,242,1995,4,4,0,5
Sauber,15,242,1995,2,5,0,6
Benetton,22,242,1995,17,1,1,7
Ligier,27,242,1995,0,6,0,9
McLaren,1,242,1995,4,4,0,10
Ligier,27,242,1995,0,6,0,11
Benetton,22,243,1995,17,3,1,1
Benetton,22,243,1995,17,3,1,2
Ferrari,6,243,1995,23,2,0,3
Williams,3,243,1995,29,1,2,4
Jordan,17,243,1995,0,8,0,5
Ligier,27,243,1995,0,6,0,6
Jordan,17,243,1995,0,8,0,7
Sauber,15,243,1995,3,5,0,8
Ligier,27,243,1995,0,6,0,9
Tyrrell,25,243,1995,0,7,0,10
Footwork,29,243,1995,0,13,0,11
Simtek,31,243,1995,0,10,0,12
Sauber,15,243,1995,3,5,0,13
Minardi,18,243,1995,0,12,0,14
Simtek,31,243,1995,0,10,0,15
Benetton,22,244,1995,33,1,2,1
Williams,3,244,1995,32,2,2,2
Ferrari,6,244,1995,27,3,0,3
Benetton,22,244,1995,33,1,2,4
McLaren,1,244,1995,6,4,0,5
Sauber,15,244,1995,3,5,0,6
Minardi,18,244,1995,0,13,0,7
Sauber,15,244,1995,3,5,0,8
Footwork,29,244,1995,0,12,0,9
Forti,28,244,1995,0,11,0,10
Ferrari,6,245,1995,31,3,0,1
Jordan,17,245,1995,2,6,0,2
Jordan,17,245,1995,2,6,0,3
Ligier,27,245,1995,1,7,0,4
Benetton,22,245,1995,46,1,3,5
Footwork,29,245,1995,0,10,0,6
Tyrrell,25,245,1995,0,8,0,7
Minardi,18,245,1995,0,9,0,8
Footwork,29,245,1995,0,10,0,9
Ligier,27,245,1995,1,7,0,10
Ferrari,6,245,1995,31,3,0,11
Benetton,22,246,1995,48,1,3,1
Williams,3,246,1995,38,3,2,2
Williams,3,246,1995,38,3,2,3
Ligier,27,246,1995,4,6,0,4
Ferrari,6,246,1995,41,2,1,5
Jordan,17,246,1995,12,4,0,6
McLaren,1,246,1995,8,5,0,7
Ligier,27,246,1995,4,6,0,8
Jordan,17,246,1995,12,4,0,9
Sauber,15,246,1995,4,7,0,10
McLaren,1,246,1995,8,5,0,11
Ferrari,6,246,1995,41,2,1,12
Minardi,18,246,1995,0,10,0,13
Footwork,29,246,1995,1,8,0,14
Tyrrell,25,246,1995,0,9,0,15
Forti,28,246,1995,0,13,0,16
Benetton,22,247,1995,58,1,4,1
Ferrari,6,247,1995,43,3,1,2
Williams,3,247,1995,48,2,2,3
Ligier,27,247,1995,7,6,0,4
McLaren,1,247,1995,8,5,0,5
Sauber,15,247,1995,4,7,0,6
Minardi,18,247,1995,0,10,0,7
Tyrrell,25,247,1995,0,9,0,8
Sauber,15,247,1995,4,7,0,9
Minardi,18,247,1995,0,10,0,10
Jordan,17,247,1995,13,4,0,11
Pacific,30,247,1995,0,12,0,12
Benetton,22,248,1995,68,1,5,1
Williams,3,248,1995,52,2,2,2
Ferrari,6,248,1995,49,3,1,3
Benetton,22,248,1995,68,1,5,4
Sauber,15,248,1995,5,7,0,5
Ligier,27,248,1995,10,5,0,6
Tyrrell,25,248,1995,0,9,0,7
Pacific,30,248,1995,0,12,0,8
Jordan,17,248,1995,13,4,0,9
Williams,3,249,1995,58,2,2,1
Williams,3,249,1995,58,2,2,2
Ferrari,6,249,1995,53,3,1,3
Benetton,22,249,1995,81,1,6,4
Sauber,15,249,1995,7,7,0,5
Ligier,27,249,1995,11,5,0,6
Jordan,17,249,1995,13,4,0,7
Minardi,18,249,1995,0,10,0,8
Minardi,18,249,1995,0,10,0,9
Sauber,15,249,1995,7,7,0,10
Benetton,22,249,1995,81,1,6,11
Pacific,30,249,1995,0,11,0,12
Benetton,22,250,1995,84,1,6,1
Williams,3,250,1995,74,2,3,2
Ligier,27,250,1995,12,5,0,3
Sauber,15,250,1995,9,7,0,4
McLaren,1,250,1995,10,6,0,5
Jordan,17,250,1995,13,4,0,6
Benetton,22,250,1995,84,1,6,7
Tyrrell,25,250,1995,0,9,0,8
Ligier,27,250,1995,12,5,0,9
Minardi,18,250,1995,0,10,0,10
Sauber,15,250,1995,9,7,0,11
Footwork,29,250,1995,1,8,0,12
Forti,28,250,1995,0,13,0,13
Forti,28,250,1995,0,13,0,14
Benetton,22,251,1995,94,1,7,1
McLaren,1,251,1995,12,6,0,2
Sauber,15,251,1995,12,7,0,3
McLaren,1,251,1995,12,6,0,4
Tyrrell,25,251,1995,0,9,0,5
Sauber,15,251,1995,12,7,0,6
Footwork,29,251,1995,1,8,0,7
Footwork,29,251,1995,1,8,0,8
Forti,28,251,1995,0,13,0,9
Tyrrell,25,251,1995,0,9,0,10
Williams,3,252,1995,80,2,3,1
Benetton,22,252,1995,104,1,8,2
Williams,3,252,1995,80,2,3,3
Ferrari,6,252,1995,57,3,1,4
Ferrari,6,252,1995,57,3,1,5
Sauber,15,252,1995,17,5,0,6
Benetton,22,252,1995,104,1,8,7
Ligier,27,252,1995,16,6,0,8
McLaren,1,252,1995,21,4,0,9
Jordan,17,252,1995,14,7,0,10
Jordan,17,252,1995,14,7,0,11
Sauber,15,252,1995,17,5,0,12
Tyrrell,25,252,1995,2,8,0,13
Minardi,18,252,1995,0,10,0,14
Footwork,29,252,1995,1,9,0,15
Forti,28,252,1995,0,12,0,16
Forti,28,252,1995,0,12,0,17
Benetton,22,253,1995,110,1,8,1
Ferrari,6,253,1995,62,3,1,2
Williams,3,253,1995,94,2,4,3
Jordan,17,253,1995,14,7,0,4
Benetton,22,253,1995,110,1,8,5
Jordan,17,253,1995,14,7,0,6
Ligier,27,253,1995,16,6,0,7
McLaren,1,253,1995,21,4,0,8
Minardi,18,253,1995,0,10,0,9
Tyrrell,25,253,1995,2,8,0,10
Minardi,18,253,1995,0,10,0,11
Footwork,29,253,1995,1,9,0,12
Forti,28,253,1995,0,12,0,13
Tyrrell,25,253,1995,2,8,0,14
Pacific,30,253,1995,0,11,0,15
Benetton,22,254,1995,122,1,9,1
Williams,3,254,1995,98,2,4,2
Williams,3,254,1995,98,2,4,3
Ferrari,6,254,1995,68,3,1,4
Ferrari,6,254,1995,68,3,1,5
Benetton,22,254,1995,122,1,9,6
Sauber,15,254,1995,18,6,0,7
Ligier,27,254,1995,16,7,0,8
McLaren,1,254,1995,21,4,0,9
McLaren,1,254,1995,21,4,0,10
Jordan,17,254,1995,18,5,0,11
Tyrrell,25,254,1995,2,8,0,12
Minardi,18,254,1995,0,10,0,13
Tyrrell,25,254,1995,2,8,0,14
Minardi,18,254,1995,0,10,0,15
Forti,28,254,1995,0,12,0,16
Forti,28,254,1995,0,12,0,17
Benetton,22,255,1995,133,1,10,1
McLaren,1,255,1995,21,4,0,2
Benetton,22,255,1995,133,1,10,3
Jordan,17,255,1995,18,5,0,4
Ligier,27,255,1995,16,7,0,5
Tyrrell,25,255,1995,2,8,0,6
McLaren,1,255,1995,21,4,0,7
Sauber,15,255,1995,18,6,0,8
Minardi,18,255,1995,0,10,0,9
Sauber,15,255,1995,18,6,0,10
Minardi,18,255,1995,0,10,0,11
Footwork,29,255,1995,1,9,0,12
Williams,3,256,1995,108,2,4,1
Ligier,27,256,1995,18,6,0,2
Footwork,29,256,1995,1,9,0,3
McLaren,1,256,1995,27,4,0,4
Tyrrell,25,256,1995,3,8,0,5
Minardi,18,256,1995,0,10,0,6
Forti,28,256,1995,0,12,0,7
Pacific,30,256,1995,0,11,0,8
Benetton,22,258,1994,10,1,1,1
Ferrari,6,258,1994,4,3,0,2
Jordan,17,258,1994,3,4,0,3
Footwork,29,258,1994,0,13,0,4
Sauber,15,258,1994,1,6,0,5
Larrousse,33,258,1994,0,9,0,6
Team Lotus,32,258,1994,0,7,0,7
Team Lotus,32,258,1994,0,7,0,8
Ligier,27,258,1994,0,10,0,9
Ligier,27,258,1994,0,10,0,10
Simtek,31,258,1994,0,11,0,11
Benetton,22,259,1994,20,1,2,1
Ferrari,6,259,1994,10,2,0,2
McLaren,1,259,1994,0,13,0,3
Sauber,15,259,1994,3,6,0,4
Tyrrell,25,259,1994,2,7,0,5
Williams,3,259,1994,6,4,0,6
Sauber,15,259,1994,3,6,0,7
McLaren,1,259,1994,0,13,0,8
Tyrrell,25,259,1994,2,7,0,9
Team Lotus,32,259,1994,0,9,0,10
Ligier,27,259,1994,0,11,0,11
Ligier,27,259,1994,0,11,0,12
Footwork,29,259,1994,3,5,0,13
Benetton,22,260,1994,30,1,3,1
McLaren,1,260,1994,4,6,0,2
Ferrari,6,260,1994,16,2,0,3
Jordan,17,260,1994,7,4,0,4
Ferrari,6,260,1994,16,2,0,5
Minardi,18,260,1994,0,11,0,6
Benetton,22,260,1994,30,1,3,7
Larrousse,33,260,1994,1,9,0,8
Ligier,27,260,1994,0,12,0,9
Larrousse,33,260,1994,1,9,0,10
Team Lotus,32,260,1994,0,10,0,11
Williams,3,261,1994,7,5,0,1
Benetton,22,261,1994,40,1,4,2
Tyrrell,25,261,1994,4,7,0,3
Ferrari,6,261,1994,22,2,0,4
Minardi,18,261,1994,1,10,0,5
Jordan,17,261,1994,10,4,0,6
Ligier,27,261,1994,0,12,0,7
Ligier,27,261,1994,0,12,0,8
Team Lotus,32,261,1994,0,11,0,9
Simtek,31,261,1994,0,13,0,10
McLaren,1,261,1994,10,3,0,11
Benetton,22,262,1994,46,1,4,1
Williams,3,262,1994,17,3,1,2
Ferrari,6,262,1994,25,2,0,3
Ferrari,6,262,1994,25,2,0,4
Williams,3,262,1994,17,3,1,5
Benetton,22,262,1994,46,1,4,6
Jordan,17,262,1994,11,4,0,7
Team Lotus,32,262,1994,0,11,0,8
Minardi,18,262,1994,3,9,0,9
Tyrrell,25,262,1994,8,6,0,10
Minardi,18,262,1994,3,9,0,11
Ligier,27,262,1994,0,12,0,12
Ligier,27,262,1994,0,12,0,13
Simtek,31,262,1994,0,13,0,14
Team Lotus,32,262,1994,0,11,0,15
Benetton,22,263,1994,57,1,5,1
Williams,3,263,1994,25,3,1,2
Ferrari,6,263,1994,32,2,0,3
Sauber,15,263,1994,6,7,0,4
Minardi,18,263,1994,3,9,0,5
Sauber,15,263,1994,6,7,0,6
Team Lotus,32,263,1994,0,11,0,7
Footwork,29,263,1994,3,8,0,8
Simtek,31,263,1994,0,13,0,9
Tyrrell,25,263,1994,8,6,0,10
Larrousse,33,263,1994,1,10,0,11
Williams,3,264,1994,31,3,1,1
Ferrari,6,264,1994,36,2,0,2
McLaren,1,264,1994,10,5,0,3
Jordan,17,264,1994,11,4,0,4
Williams,3,264,1994,31,3,1,5
Tyrrell,25,264,1994,8,7,0,6
Sauber,15,264,1994,10,6,0,7
Benetton,22,264,1994,67,1,6,8
Footwork,29,264,1994,3,9,0,9
Minardi,18,264,1994,5,8,0,10
Team Lotus,32,264,1994,0,11,0,11
Ligier,27,264,1994,0,12,0,12
Ligier,27,264,1994,0,12,0,13
Larrousse,33,264,1994,1,10,0,14
Simtek,31,264,1994,0,13,0,15
Simtek,31,264,1994,0,13,0,16
Ferrari,6,265,1994,42,3,0,1
Ligier,27,265,1994,0,12,0,2
Ligier,27,265,1994,0,12,0,3
Footwork,29,265,1994,3,9,0,4
Footwork,29,265,1994,3,9,0,5
Larrousse,33,265,1994,1,10,0,6
Larrousse,33,265,1994,1,10,0,7
Williams,3,265,1994,43,2,2,8
Benetton,22,266,1994,67,1,6,1
Williams,3,266,1994,43,3,2,2
Benetton,22,266,1994,67,1,6,3
McLaren,1,266,1994,14,4,0,4
Tyrrell,25,266,1994,9,8,0,5
Ligier,27,266,1994,10,6,0,6
Minardi,18,266,1994,5,10,0,7
Larrousse,33,266,1994,2,11,0,8
Larrousse,33,266,1994,2,11,0,9
Ligier,27,266,1994,10,6,0,10
Simtek,31,266,1994,0,13,0,11
Ferrari,6,266,1994,52,2,1,12
Team Lotus,32,266,1994,0,12,0,13
Footwork,29,266,1994,8,9,0,14
Williams,3,267,1994,49,3,2,1
McLaren,1,267,1994,17,4,0,2
Benetton,22,267,1994,81,1,7,3
Williams,3,267,1994,49,3,2,4
Tyrrell,25,267,1994,11,7,0,5
Footwork,29,267,1994,8,9,0,6
Ligier,27,267,1994,11,6,0,7
Minardi,18,267,1994,5,10,0,8
Minardi,18,267,1994,5,10,0,9
Ligier,27,267,1994,11,6,0,10
Simtek,31,267,1994,0,13,0,11
Team Lotus,32,267,1994,0,12,0,12
Jordan,17,267,1994,14,5,0,13
Williams,3,268,1994,62,2,3,1
Ferrari,6,268,1994,52,3,1,2
McLaren,1,268,1994,23,4,0,3
Jordan,17,268,1994,14,5,0,4
McLaren,1,268,1994,23,4,0,5
Williams,3,268,1994,62,2,3,6
Ligier,27,268,1994,11,7,0,7
Larrousse,33,268,1994,2,11,0,8
Benetton,22,268,1994,85,1,7,9
Ligier,27,268,1994,11,7,0,10
Williams,3,269,1994,73,2,4,1
Williams,3,269,1994,73,2,4,2
McLaren,1,269,1994,29,4,0,3
Jordan,17,269,1994,17,5,0,4
Benetton,22,269,1994,85,1,7,5
McLaren,1,269,1994,29,4,0,6
Jordan,17,269,1994,17,5,0,7
Footwork,29,269,1994,9,9,0,8
Footwork,29,269,1994,9,9,0,9
Ligier,27,269,1994,11,7,0,10
Team Lotus,32,269,1994,0,12,0,11
Minardi,18,269,1994,5,10,0,12
Minardi,18,269,1994,5,10,0,13
Larrousse,33,269,1994,2,11,0,14
Simtek,31,269,1994,0,13,0,15
Team Lotus,32,269,1994,0,12,0,16
Benetton,22,270,1994,87,2,7,1
Williams,3,270,1994,89,1,5,2
McLaren,1,270,1994,34,4,0,3
Jordan,17,270,1994,20,5,0,4
Ferrari,6,270,1994,58,3,1,5
Sauber,15,270,1994,10,8,0,6
Tyrrell,25,270,1994,13,6,0,7
Ligier,27,270,1994,11,7,0,8
Ligier,27,270,1994,11,7,0,9
Ferrari,6,270,1994,58,3,1,10
Footwork,29,270,1994,9,9,0,11
Jordan,17,270,1994,20,5,0,12
Tyrrell,25,270,1994,13,6,0,13
Minardi,18,270,1994,5,10,0,14
Minardi,18,270,1994,5,10,0,15
Team Lotus,32,270,1994,0,12,0,16
Footwork,29,270,1994,9,9,0,17
Team Lotus,32,270,1994,0,12,0,18
Simtek,31,270,1994,0,13,0,19
Williams,3,271,1994,95,2,5,1
Benetton,22,271,1994,97,1,8,2
Ferrari,6,271,1994,60,3,1,3
Williams,3,271,1994,95,2,5,4
Jordan,17,271,1994,23,5,0,5
Sauber,15,271,1994,11,8,0,6
McLaren,1,271,1994,38,4,0,7
Footwork,29,271,1994,9,9,0,8
Larrousse,33,271,1994,2,11,0,9
Team Lotus,32,271,1994,0,12,0,10
Ligier,27,271,1994,11,7,0,11
Simtek,31,271,1994,0,13,0,12
Team Lotus,32,271,1994,0,12,0,13
Williams,3,272,1994,108,1,6,1
Ferrari,6,272,1994,64,3,1,2
McLaren,1,272,1994,38,4,0,3
Jordan,17,272,1994,25,5,0,4
Ligier,27,272,1994,11,8,0,5
Ferrari,6,272,1994,64,3,1,6
Sauber,15,272,1994,12,7,0,7
Footwork,29,272,1994,9,9,0,8
Minardi,18,272,1994,5,10,0,9
Sauber,15,272,1994,12,7,0,10
Ligier,27,272,1994,11,8,0,11
McLaren,1,272,1994,38,4,0,12
McLaren,1,274,1993,6,2,0,1
Williams,3,274,1993,10,1,1,2
Ligier,27,274,1993,4,3,0,5
Ferrari,6,274,1993,1,6,0,8
Footwork,29,274,1993,0,7,0,9
McLaren,1,275,1993,16,1,1,1
Williams,3,275,1993,16,2,1,2
Williams,3,275,1993,16,2,1,3
Team Lotus,32,275,1993,4,5,0,4
Benetton,22,275,1993,4,4,0,5
Minardi,18,275,1993,3,6,0,6
Minardi,18,275,1993,3,6,0,7
Team Lotus,32,275,1993,4,5,0,8
Larrousse,33,275,1993,0,10,0,9
Lola,26,275,1993,0,11,0,11
Williams,3,276,1993,26,2,1,1
Benetton,22,276,1993,6,4,0,2
Ligier,27,276,1993,6,5,0,3
Sauber,15,276,1993,2,7,0,4
Larrousse,33,276,1993,0,9,0,5
Minardi,18,276,1993,4,6,0,6
Lola,26,276,1993,0,12,0,7
Team Lotus,32,276,1993,7,3,0,8
Footwork,29,276,1993,0,10,0,9
Williams,3,277,1993,36,1,2,1
McLaren,1,277,1993,26,2,2,2
Benetton,22,277,1993,12,3,0,3
Benetton,22,277,1993,12,3,0,4
McLaren,1,277,1993,26,2,2,5
Ferrari,6,277,1993,1,9,0,6
Ligier,27,277,1993,10,4,0,7
Minardi,18,277,1993,5,7,0,8
Larrousse,33,277,1993,2,8,0,9
Footwork,29,277,1993,0,10,0,10
Jordan,17,277,1993,0,12,0,11
Jordan,17,277,1993,0,12,0,12
Footwork,29,277,1993,0,10,0,13
Team Lotus,32,277,1993,7,5,0,14
McLaren,1,278,1993,34,2,2,1
Williams,3,278,1993,46,1,3,2
Ferrari,6,278,1993,2,9,0,3
Williams,3,278,1993,46,1,3,4
Minardi,18,278,1993,5,7,0,5
Ligier,27,278,1993,10,4,0,6
Team Lotus,32,278,1993,7,5,0,7
McLaren,1,278,1993,34,2,2,8
Jordan,17,278,1993,0,12,0,9
Minardi,18,278,1993,5,7,0,11
Larrousse,33,278,1993,2,8,0,12
Sauber,15,278,1993,5,6,0,13
Ferrari,6,278,1993,2,9,0,14
Williams,3,279,1993,55,1,3,1
Benetton,22,279,1993,19,3,0,2
Williams,3,279,1993,55,1,3,3
Ferrari,6,279,1993,6,7,0,4
Ligier,27,279,1993,11,4,0,5
Sauber,15,279,1993,5,8,0,6
Sauber,15,279,1993,5,8,0,7
Larrousse,33,279,1993,2,9,0,8
Minardi,18,279,1993,7,6,0,9
Team Lotus,32,279,1993,7,5,0,10
Team Lotus,32,279,1993,7,5,0,11
Jordan,17,279,1993,0,12,0,12
Footwork,29,279,1993,0,10,0,13
McLaren,1,279,1993,44,2,3,14
Lola,26,279,1993,0,11,0,15
Footwork,29,279,1993,0,10,0,16
Tyrrell,25,279,1993,0,13,0,17
McLaren,1,279,1993,44,2,3,18
Williams,3,280,1993,69,1,4,1
Williams,3,280,1993,69,1,4,2
Benetton,22,280,1993,25,3,0,3
McLaren,1,280,1993,44,2,3,4
Ligier,27,280,1993,13,4,0,5
McLaren,1,280,1993,44,2,3,6
Jordan,17,280,1993,0,12,0,7
Minardi,18,280,1993,7,7,0,8
Larrousse,33,280,1993,2,9,0,9
Benetton,22,280,1993,25,3,0,10
Jordan,17,280,1993,0,12,0,11
Footwork,29,280,1993,0,10,0,12
Footwork,29,280,1993,0,10,0,13
Ferrari,6,280,1993,9,5,0,14
Tyrrell,25,280,1993,0,13,0,15
Larrousse,33,280,1993,2,9,0,16
Williams,3,281,1993,85,1,5,1
Benetton,22,281,1993,29,3,0,2
Benetton,22,281,1993,29,3,0,3
Team Lotus,32,281,1993,7,6,0,4
McLaren,1,281,1993,48,2,3,5
Footwork,29,281,1993,0,10,0,6
Ligier,27,281,1993,15,4,0,7
Sauber,15,281,1993,6,8,0,8
Ferrari,6,281,1993,9,5,0,9
Jordan,17,281,1993,0,11,0,10
Larrousse,33,281,1993,2,9,0,11
Minardi,18,281,1993,7,7,0,12
Tyrrell,25,281,1993,0,13,0,13
Ligier,27,281,1993,15,4,0,14
Williams,3,282,1993,95,1,6,1
Benetton,22,282,1993,39,3,0,2
Ligier,27,282,1993,15,4,0,3
McLaren,1,282,1993,50,2,3,4
Benetton,22,282,1993,39,3,0,5
Ferrari,6,282,1993,9,6,0,6
Ferrari,6,282,1993,9,6,0,7
Ligier,27,282,1993,15,4,0,8
Sauber,15,282,1993,6,8,0,9
Team Lotus,32,282,1993,10,5,0,10
Minardi,18,282,1993,7,7,0,11
Larrousse,33,282,1993,2,9,0,12
Jordan,17,282,1993,0,11,0,13
Minardi,18,282,1993,7,7,0,14
Williams,3,282,1993,95,1,6,15
Lola,26,282,1993,0,12,0,16
Footwork,29,282,1993,1,10,0,17
Williams,3,283,1993,105,1,7,1
Benetton,22,283,1993,47,3,0,2
Ferrari,6,283,1993,10,5,0,3
Footwork,29,283,1993,1,10,0,4
Ligier,27,283,1993,19,4,0,5
Sauber,15,283,1993,6,8,0,6
Ligier,27,283,1993,19,4,0,7
Larrousse,33,283,1993,2,9,0,8
Jordan,17,283,1993,0,11,0,9
Tyrrell,25,283,1993,0,13,0,10
Tyrrell,25,283,1993,0,13,0,11
Williams,3,283,1993,105,1,7,12
Williams,3,284,1993,115,1,8,1
Benetton,22,284,1993,53,3,0,2
Williams,3,284,1993,115,1,8,3
McLaren,1,284,1993,53,2,3,4
Team Lotus,32,284,1993,10,6,0,5
Benetton,22,284,1993,53,3,0,6
Ligier,27,284,1993,21,4,0,7
McLaren,1,284,1993,53,2,3,8
Sauber,15,284,1993,7,8,0,9
Ferrari,6,284,1993,14,5,0,10
Ligier,27,284,1993,21,4,0,11
Larrousse,33,284,1993,2,10,0,12
Lola,26,284,1993,0,12,0,13
Lola,26,284,1993,0,12,0,14
Tyrrell,25,284,1993,0,13,0,15
Williams,3,285,1993,129,1,9,1
Ferrari,6,285,1993,14,5,0,2
McLaren,1,285,1993,56,3,3,3
Sauber,15,285,1993,7,8,0,4
Benetton,22,285,1993,60,2,0,5
Larrousse,33,285,1993,2,10,0,6
Minardi,18,285,1993,7,7,0,7
Minardi,18,285,1993,7,7,0,8
Larrousse,33,285,1993,2,10,0,9
Lola,26,285,1993,0,12,0,10
Team Lotus,32,285,1993,12,6,0,11
Williams,3,285,1993,129,1,9,12
Tyrrell,25,285,1993,0,13,0,13
Tyrrell,25,285,1993,0,13,0,14
Benetton,22,286,1993,62,2,0,1
Williams,3,286,1993,139,1,10,2
Williams,3,286,1993,139,1,10,3
Ferrari,6,286,1993,20,5,0,4
Sauber,15,286,1993,10,7,0,5
Ligier,27,286,1993,21,4,0,6
Sauber,15,286,1993,10,7,0,7
Minardi,18,286,1993,7,8,0,8
Minardi,18,286,1993,7,8,0,9
Larrousse,33,286,1993,3,10,0,10
Larrousse,33,286,1993,3,10,0,11
Tyrrell,25,286,1993,0,13,0,12
Jordan,17,286,1993,0,11,0,13
Lola,26,286,1993,0,12,0,14
Footwork,29,286,1993,4,9,0,15
Benetton,22,286,1993,62,2,0,16
McLaren,1,287,1993,60,3,3,1
Williams,3,287,1993,149,1,10,2
McLaren,1,287,1993,60,3,3,3
Williams,3,287,1993,149,1,10,4
Jordan,17,287,1993,0,11,0,5
Jordan,17,287,1993,0,11,0,6
Ligier,27,287,1993,22,5,0,7
Sauber,15,287,1993,12,7,0,8
Ligier,27,287,1993,22,5,0,9
Minardi,18,287,1993,7,8,0,10
Team Lotus,32,287,1993,12,6,0,11
Larrousse,33,287,1993,3,10,0,12
Team Lotus,32,287,1993,12,6,0,13
Footwork,29,287,1993,4,9,0,14
McLaren,1,288,1993,74,2,4,1
Williams,3,288,1993,158,1,10,2
Williams,3,288,1993,158,1,10,3
Ferrari,6,288,1993,23,4,0,4
Ferrari,6,288,1993,23,4,0,5
Ligier,27,288,1993,22,5,0,6
Footwork,29,288,1993,4,9,0,7
Benetton,22,288,1993,72,3,1,8
Ligier,27,288,1993,22,5,0,9
Footwork,29,288,1993,4,9,0,10
Jordan,17,288,1993,3,11,0,11
Larrousse,33,288,1993,3,10,0,12
Tyrrell,25,288,1993,0,13,0,13
Larrousse,33,288,1993,3,10,0,14
Sauber,15,288,1993,12,7,0,15
Williams,3,290,1992,16,1,1,1
Williams,3,290,1992,16,1,1,2
Benetton,22,290,1992,3,3,0,3
McLaren,1,290,1992,6,2,0,4
Team Lotus,32,290,1992,1,4,0,6
Team Lotus,32,290,1992,1,4,0,7
Ligier,27,290,1992,0,5,0,9
Ligier,27,290,1992,0,5,0,10
Larrousse,33,290,1992,0,8,0,11
Larrousse,33,290,1992,0,8,0,12
Footwork,29,290,1992,0,6,0,13
Williams,3,291,1992,32,1,2,1
Williams,3,291,1992,32,1,2,2
Benetton,22,291,1992,7,3,0,3
Footwork,29,291,1992,0,7,0,6
Dallara,35,291,1992,0,8,0,8
Larrousse,33,291,1992,0,9,0,9
Team Lotus,32,291,1992,2,5,0,10
Williams,3,292,1992,48,1,3,1
Benetton,22,292,1992,11,2,0,2
Ferrari,6,292,1992,5,4,0,3
McLaren,1,292,1992,9,3,0,4
Footwork,29,292,1992,1,7,0,5
Dallara,35,292,1992,0,10,0,6
Footwork,29,292,1992,1,7,0,7
McLaren,1,292,1992,9,3,0,9
Ferrari,6,292,1992,5,4,0,10
Minardi,18,292,1992,0,9,0,11
Williams,3,293,1992,58,1,4,1
Williams,3,293,1992,58,1,4,2
McLaren,1,293,1992,12,3,0,3
Benetton,22,293,1992,17,2,0,4
Footwork,29,293,1992,3,5,0,5
Dallara,35,293,1992,1,8,0,6
Jordan,17,293,1992,0,13,0,7
Tyrrell,25,293,1992,2,6,0,8
Ligier,27,293,1992,0,9,0,9
Footwork,29,293,1992,3,5,0,10
Dallara,35,293,1992,1,8,0,11
March,37,293,1992,0,11,0,12
March,37,293,1992,0,11,0,13
Tyrrell,25,293,1992,2,6,0,14
McLaren,1,294,1992,16,3,0,1
Williams,3,294,1992,74,1,5,2
Williams,3,294,1992,74,1,5,3
Benetton,22,294,1992,20,2,0,4
Benetton,22,294,1992,20,2,0,5
Larrousse,33,294,1992,0,13,0,6
Footwork,29,294,1992,5,5,0,7
Minardi,18,294,1992,0,11,0,8
Dallara,35,294,1992,2,8,0,9
Ligier,27,294,1992,0,9,0,10
Footwork,29,294,1992,5,5,0,11
Ligier,27,294,1992,0,9,0,12
McLaren,1,295,1992,26,2,1,1
Benetton,22,295,1992,25,3,0,2
Ferrari,6,295,1992,9,4,0,3
March,37,295,1992,0,13,0,4
Tyrrell,25,295,1992,2,6,0,5
Ligier,27,295,1992,0,11,0,6
Footwork,29,295,1992,5,5,0,7
Dallara,35,295,1992,2,8,0,8
Dallara,35,295,1992,2,8,0,9
Ligier,27,295,1992,0,11,0,10
Minardi,18,295,1992,0,10,0,11
Tyrrell,25,295,1992,2,6,0,12
Minardi,18,295,1992,0,10,0,13
March,37,295,1992,0,13,0,14
Williams,3,296,1992,84,1,5,1
Williams,3,296,1992,84,1,5,2
Benetton,22,296,1992,31,3,0,3
Team Lotus,32,296,1992,2,8,0,4
Ligier,27,296,1992,1,10,0,5
Team Lotus,32,296,1992,2,8,0,6
Footwork,29,296,1992,5,5,0,7
Minardi,18,296,1992,0,12,0,8
Dallara,35,296,1992,2,9,0,9
Dallara,35,296,1992,2,9,0,10
Tyrrell,25,296,1992,4,6,0,11
Williams,3,297,1992,100,1,6,1
Williams,3,297,1992,100,1,6,2
Benetton,22,297,1992,35,3,0,3
Benetton,22,297,1992,35,3,0,4
McLaren,1,297,1992,36,2,2,5
Team Lotus,32,297,1992,6,5,0,6
Footwork,29,297,1992,5,6,0,7
Ligier,27,297,1992,3,9,0,8
Ferrari,6,297,1992,13,4,0,9
Ligier,27,297,1992,3,9,0,10
Tyrrell,25,297,1992,4,7,0,11
Footwork,29,297,1992,5,6,0,12
Dallara,35,297,1992,2,10,0,13
Dallara,35,297,1992,2,10,0,15
Brabham,34,297,1992,0,14,0,16
Minardi,18,297,1992,0,12,0,17
Williams,3,298,1992,116,1,7,1
McLaren,1,298,1992,38,3,2,2
Benetton,22,298,1992,42,2,0,3
Benetton,22,298,1992,42,2,0,4
Ferrari,6,298,1992,13,4,0,5
Ligier,27,298,1992,3,9,0,6
Ligier,27,298,1992,3,9,0,7
Williams,3,298,1992,116,1,7,8
Footwork,29,298,1992,5,6,0,9
Dallara,35,298,1992,2,10,0,10
Dallara,35,298,1992,2,10,0,11
Minardi,18,298,1992,0,12,0,12
March,37,298,1992,3,8,0,13
Larrousse,33,298,1992,1,11,0,14
Jordan,17,298,1992,0,13,0,15
March,37,298,1992,3,8,0,16
McLaren,1,299,1992,44,3,2,1
Williams,3,299,1992,126,1,8,2
McLaren,1,299,1992,44,3,2,3
Team Lotus,32,299,1992,7,5,0,4
Benetton,22,299,1992,49,2,0,5
Ferrari,6,299,1992,15,4,0,6
Footwork,29,299,1992,5,6,0,7
Tyrrell,25,299,1992,4,7,0,8
March,37,299,1992,3,9,0,9
Jordan,17,299,1992,0,13,0,10
Brabham,34,299,1992,0,14,0,11
Benetton,22,300,1992,51,3,0,1
Williams,3,300,1992,132,1,8,2
Williams,3,300,1992,132,1,8,3
Benetton,22,300,1992,51,3,0,4
McLaren,1,300,1992,58,2,3,5
Team Lotus,32,300,1992,10,5,0,6
Dallara,35,300,1992,2,10,0,7
Tyrrell,25,300,1992,4,7,0,8
Footwork,29,300,1992,5,6,0,9
Fondmetal,36,300,1992,0,15,0,10
March,37,300,1992,3,9,0,11
March,37,300,1992,3,9,0,12
Team Lotus,32,300,1992,10,5,0,13
Jordan,17,300,1992,0,13,0,14
Jordan,17,300,1992,0,13,0,15
Minardi,18,300,1992,0,12,0,16
Larrousse,33,300,1992,1,11,0,17
Larrousse,33,300,1992,1,11,0,18
McLaren,1,301,1992,60,3,3,1
Benetton,22,301,1992,64,2,1,2
Benetton,22,301,1992,64,2,1,3
McLaren,1,301,1992,60,3,3,4
Williams,3,301,1992,142,1,8,5
Tyrrell,25,301,1992,4,7,0,6
Footwork,29,301,1992,5,6,0,7
Dallara,35,301,1992,2,10,0,8
Larrousse,33,301,1992,1,11,0,9
March,37,301,1992,3,9,0,10
Dallara,35,301,1992,2,10,0,11
Williams,3,302,1992,144,1,8,1
McLaren,1,302,1992,73,3,4,2
McLaren,1,302,1992,73,3,4,3
Benetton,22,302,1992,74,2,1,4
Team Lotus,32,302,1992,11,5,0,5
Footwork,29,302,1992,5,6,0,6
Benetton,22,302,1992,74,2,1,7
Ligier,27,302,1992,4,8,0,8
Tyrrell,25,302,1992,5,7,0,9
Footwork,29,302,1992,5,6,0,10
March,37,302,1992,3,9,0,11
Minardi,18,302,1992,0,12,0,12
Jordan,17,302,1992,0,13,0,13
Minardi,18,302,1992,0,12,0,14
Williams,3,303,1992,154,1,9,1
McLaren,1,303,1992,83,2,4,2
Benetton,22,303,1992,77,3,1,3
Tyrrell,25,303,1992,5,7,0,4
Ferrari,6,303,1992,16,4,0,5
Minardi,18,303,1992,0,12,0,6
Jordan,17,303,1992,0,13,0,7
Footwork,29,303,1992,6,6,0,8
Dallara,35,303,1992,2,10,0,9
Dallara,35,303,1992,2,10,0,10
Larrousse,33,303,1992,1,11,0,11
Ferrari,6,303,1992,16,4,0,12
March,37,303,1992,3,9,0,13
Minardi,18,303,1992,0,12,0,14
Footwork,29,303,1992,6,6,0,15
McLaren,1,304,1992,89,2,4,1
Benetton,22,304,1992,81,3,1,2
Benetton,22,304,1992,81,3,1,3
Ferrari,6,304,1992,18,4,0,4
Ligier,27,304,1992,4,8,0,5
Jordan,17,304,1992,0,13,0,6
Team Lotus,32,304,1992,13,5,0,7
Footwork,29,304,1992,6,7,0,8
Minardi,18,304,1992,1,11,0,9
Minardi,18,304,1992,1,11,0,10
Ferrari,6,304,1992,18,4,0,11
March,37,304,1992,3,9,0,12
Team Lotus,32,304,1992,13,5,0,13
McLaren,1,306,1991,10,1,1,1
Williams,3,306,1991,0,12,0,2
McLaren,1,306,1991,10,1,1,3
Ferrari,6,306,1991,6,2,0,4
Benetton,22,306,1991,4,4,0,5
Ferrari,6,306,1991,6,2,0,6
Benetton,22,306,1991,4,4,0,7
Minardi,18,306,1991,0,8,0,8
Team Lotus,32,306,1991,0,11,0,9
Ligier,27,306,1991,0,15,0,10
Dallara,35,306,1991,0,16,0,11
Brabham,34,306,1991,0,10,0,12
Jordan,17,306,1991,0,9,0,13
McLaren,1,307,1991,24,1,2,1
McLaren,1,307,1991,24,1,2,2
Dallara,35,307,1991,0,14,0,3
Minardi,18,307,1991,0,8,0,4
Team Lotus,32,307,1991,0,10,0,5
Team Lotus,32,307,1991,0,10,0,6
Ligier,27,307,1991,0,12,0,7
Brabham,34,307,1991,0,13,0,8
Lambo,40,307,1991,0,7,0,9
Ligier,27,307,1991,0,12,0,10
Brabham,34,307,1991,0,13,0,11
Leyton House,41,307,1991,0,16,0,12
Benetton,22,307,1991,6,4,0,13
McLaren,1,308,1991,40,1,3,1
Williams,3,308,1991,6,3,0,2
Ferrari,6,308,1991,10,2,0,3
Benetton,22,308,1991,6,4,0,4
Ferrari,6,308,1991,10,2,0,5
Dallara,35,308,1991,4,6,0,6
Ligier,27,308,1991,0,11,0,7
Jordan,17,308,1991,0,14,0,8
Lola,26,308,1991,0,17,0,9
Ligier,27,308,1991,0,11,0,10
Dallara,35,308,1991,4,6,0,11
Minardi,18,308,1991,3,7,0,12
Benetton,22,309,1991,9,4,0,1
Tyrrell,25,309,1991,5,6,0,2
Williams,3,309,1991,12,3,0,3
Jordan,17,309,1991,0,12,0,4
Jordan,17,309,1991,0,12,0,5
Williams,3,309,1991,12,3,0,6
Minardi,18,309,1991,3,7,0,7
Ligier,27,309,1991,0,10,0,8
Dallara,35,309,1991,5,5,0,9
Tyrrell,25,309,1991,5,6,0,10
Williams,3,310,1991,17,3,0,1
Williams,3,310,1991,17,3,0,2
McLaren,1,310,1991,50,1,4,3
Jordan,17,310,1991,5,7,0,4
Benetton,22,310,1991,19,2,1,5
Lola,26,310,1991,0,15,0,6
Minardi,18,310,1991,3,8,0,7
Ligier,27,310,1991,0,11,0,8
Team Lotus,32,310,1991,3,9,0,9
Team Lotus,32,310,1991,3,9,0,10
Tyrrell,25,310,1991,11,5,0,11
Tyrrell,25,310,1991,11,5,0,12
Williams,3,311,1991,33,2,1,1
Ferrari,6,311,1991,16,4,0,2
McLaren,1,311,1991,54,1,4,3
Ferrari,6,311,1991,16,4,0,4
Williams,3,311,1991,33,2,1,5
Jordan,17,311,1991,8,6,0,6
Leyton House,41,311,1991,0,16,0,7
Benetton,22,311,1991,21,3,1,8
Minardi,18,311,1991,3,8,0,9
Team Lotus,32,311,1991,3,9,0,10
Ligier,27,311,1991,0,12,0,11
Ligier,27,311,1991,0,12,0,12
Williams,3,312,1991,45,2,2,1
McLaren,1,312,1991,58,1,4,2
Ferrari,6,312,1991,25,3,0,3
McLaren,1,312,1991,58,1,4,4
Benetton,22,312,1991,21,4,1,5
Jordan,17,312,1991,9,6,0,6
Tyrrell,25,312,1991,11,5,0,7
Tyrrell,25,312,1991,11,5,0,8
Minardi,18,312,1991,3,8,0,9
Dallara,35,312,1991,5,7,0,10
Minardi,18,312,1991,3,8,0,11
Team Lotus,32,312,1991,3,9,0,12
Dallara,35,312,1991,5,7,0,13
Team Lotus,32,312,1991,3,9,0,14
Williams,3,313,1991,55,2,3,1
Williams,3,313,1991,55,2,3,2
Ferrari,6,313,1991,29,3,0,3
McLaren,1,313,1991,67,1,4,4
Jordan,17,313,1991,10,6,0,5
Jordan,17,313,1991,10,6,0,6
McLaren,1,313,1991,67,1,4,7
Benetton,22,313,1991,23,4,1,8
Ligier,27,313,1991,0,12,0,9
Dallara,35,313,1991,5,7,0,10
Brabham,34,313,1991,0,15,0,11
Brabham,34,313,1991,0,15,0,12
Tyrrell,25,313,1991,11,5,0,13
McLaren,1,314,1991,70,2,4,1
Williams,3,314,1991,71,1,4,2
Williams,3,314,1991,71,1,4,3
McLaren,1,314,1991,70,2,4,4
Ferrari,6,314,1991,33,3,0,5
Leyton House,41,314,1991,0,14,0,6
Jordan,17,314,1991,13,5,0,7
Benetton,22,314,1991,23,4,1,8
Jordan,17,314,1991,13,5,0,9
Ligier,27,314,1991,0,12,0,10
Leyton House,41,314,1991,0,14,0,11
Tyrrell,25,314,1991,11,6,0,12
Minardi,18,314,1991,3,8,0,13
Team Lotus,32,314,1991,3,9,0,14
Tyrrell,25,314,1991,11,6,0,15
Lambo,40,314,1991,0,13,0,16
Ligier,27,314,1991,0,12,0,17
McLaren,1,315,1991,83,1,5,1
McLaren,1,315,1991,83,1,5,2
Benetton,22,315,1991,23,4,1,3
Benetton,22,315,1991,23,4,1,4
Williams,3,315,1991,81,2,4,5
Brabham,34,315,1991,0,15,0,6
Team Lotus,32,315,1991,3,9,0,7
Dallara,35,315,1991,5,7,0,8
Brabham,34,315,1991,0,15,0,9
Fondmetal,36,315,1991,0,18,0,10
Ligier,27,315,1991,0,13,0,11
Minardi,18,315,1991,3,8,0,12
Jordan,17,315,1991,13,5,0,13
Williams,3,316,1991,83,2,4,1
McLaren,1,316,1991,99,1,6,2
Ferrari,6,316,1991,35,3,0,3
McLaren,1,316,1991,99,1,6,4
Benetton,22,316,1991,30,4,1,5
Benetton,22,316,1991,30,4,1,6
Jordan,17,316,1991,13,5,0,7
Leyton House,41,316,1991,1,10,0,8
Minardi,18,316,1991,3,8,0,9
Dallara,35,316,1991,5,7,0,10
Ligier,27,316,1991,0,14,0,11
Brabham,34,316,1991,1,11,0,12
Brabham,34,316,1991,1,11,0,13
Team Lotus,32,316,1991,3,9,0,14
Leyton House,41,316,1991,1,10,0,15
Lambo,40,316,1991,0,15,0,16
Williams,3,317,1991,93,2,5,1
McLaren,1,317,1991,108,1,6,2
Ferrari,6,317,1991,39,3,0,3
Minardi,18,317,1991,3,8,0,4
Benetton,22,317,1991,33,4,1,5
Benetton,22,317,1991,33,4,1,6
Leyton House,41,317,1991,1,10,0,7
Jordan,17,317,1991,13,5,0,8
Minardi,18,317,1991,3,8,0,9
Jordan,17,317,1991,13,5,0,10
Ligier,27,317,1991,0,14,0,11
Brabham,34,317,1991,1,11,0,12
Tyrrell,25,317,1991,11,6,0,13
Team Lotus,32,317,1991,3,9,0,14
Footwork,29,317,1991,0,18,0,15
Ligier,27,317,1991,0,14,0,16
Leyton House,41,317,1991,1,10,0,17
Williams,3,318,1991,103,2,6,1
Ferrari,6,318,1991,43,3,0,2
Williams,3,318,1991,103,2,6,3
Ferrari,6,318,1991,43,3,0,4
McLaren,1,318,1991,114,1,6,5
Benetton,22,318,1991,36,4,1,6
Leyton House,41,318,1991,1,10,0,7
Dallara,35,318,1991,5,8,0,8
Jordan,17,318,1991,13,5,0,9
Brabham,34,318,1991,1,11,0,10
Benetton,22,318,1991,36,4,1,11
Fondmetal,36,318,1991,0,17,0,12
Minardi,18,318,1991,6,7,0,13
Minardi,18,318,1991,6,7,0,14
Dallara,35,318,1991,5,8,0,15
Tyrrell,25,318,1991,11,6,0,16
Tyrrell,25,318,1991,11,6,0,17
McLaren,1,319,1991,116,2,6,1
McLaren,1,319,1991,116,2,6,2
Williams,3,319,1991,117,1,7,3
Ferrari,6,319,1991,52,3,0,4
Brabham,34,319,1991,1,11,0,5
Tyrrell,25,319,1991,11,6,0,6
Benetton,22,319,1991,37,4,1,7
Leyton House,41,319,1991,1,10,0,8
Ligier,27,319,1991,0,14,0,9
Footwork,29,319,1991,0,18,0,10
Fondmetal,36,319,1991,0,17,0,11
McLaren,1,320,1991,132,1,7,1
Williams,3,320,1991,121,2,7,2
McLaren,1,320,1991,132,1,7,3
Benetton,22,320,1991,37,4,1,4
Williams,3,320,1991,121,2,7,5
Ferrari,6,320,1991,55,3,0,6
Dallara,35,320,1991,5,8,0,7
Jordan,17,320,1991,13,5,0,8
Jordan,17,320,1991,13,5,0,9
Tyrrell,25,320,1991,12,6,0,10
Team Lotus,32,320,1991,3,9,0,11
Dallara,35,320,1991,5,8,0,12
Footwork,29,320,1991,0,18,0,13
Leyton House,41,320,1991,1,11,0,14
Footwork,29,320,1991,0,18,0,15
Minardi,18,320,1991,6,7,0,16
Brabham,34,320,1991,3,10,0,17
Ligier,27,320,1991,0,14,0,18
Team Lotus,32,320,1991,3,9,0,19
Leyton House,41,320,1991,1,11,0,20
Ferrari,6,322,1990,0,11,0,1
McLaren,1,322,1990,9,1,1,2
McLaren,1,322,1990,9,1,1,3
Ferrari,6,322,1990,0,11,0,4
Williams,3,322,1990,4,3,0,5
Benetton,22,322,1990,3,4,0,6
Tyrrell,25,322,1990,7,2,0,7
Tyrrell,25,322,1990,7,2,0,8
Minardi,18,322,1990,0,6,0,9
Benetton,22,322,1990,3,4,0,10
Ligier,27,322,1990,0,15,0,11
Ligier,27,322,1990,0,15,0,12
Williams,3,322,1990,4,3,0,13
Dallara,35,322,1990,0,13,0,14
Williams,3,323,1990,6,4,0,1
McLaren,1,323,1990,19,1,1,2
Benetton,22,323,1990,4,5,0,3
Ferrari,6,323,1990,12,2,1,4
Benetton,22,323,1990,4,5,0,5
Tyrrell,25,323,1990,7,3,0,6
Team Lotus,32,323,1990,0,14,0,7
Team Lotus,32,323,1990,0,14,0,8
Ligier,27,323,1990,0,10,0,9
Ligier,27,323,1990,0,10,0,10
Minardi,18,323,1990,0,7,0,11
Onyx,45,323,1990,0,17,0,12
Larrousse,33,323,1990,0,8,0,13
McLaren,1,324,1990,25,1,1,1
Tyrrell,25,324,1990,8,5,0,2
McLaren,1,324,1990,25,1,1,3
Williams,3,324,1990,15,2,1,4
Arrows,21,324,1990,0,11,0,5
Larrousse,33,324,1990,0,9,0,6
Onyx,45,324,1990,0,12,0,7
McLaren,1,325,1990,38,1,2,1
Benetton,22,325,1990,10,5,0,2
Ferrari,6,325,1990,15,3,1,3
McLaren,1,325,1990,38,1,2,4
Ferrari,6,325,1990,15,3,1,5
Team Lotus,32,325,1990,0,9,0,6
Brabham,34,325,1990,2,7,0,7
Arrows,21,325,1990,2,6,0,8
Larrousse,33,325,1990,1,8,0,9
Leyton House,41,325,1990,0,15,0,10
Tyrrell,25,325,1990,14,4,0,11
Larrousse,33,325,1990,1,8,0,12
Osella,44,325,1990,0,16,0,13
Ferrari,6,326,1990,21,2,1,1
Ferrari,6,326,1990,21,2,1,2
McLaren,1,326,1990,50,1,3,3
Benetton,22,326,1990,16,4,0,4
Williams,3,326,1990,18,3,1,5
Benetton,22,326,1990,16,4,0,6
Tyrrell,25,326,1990,14,5,0,7
Team Lotus,32,326,1990,1,8,0,8
Williams,3,326,1990,18,3,1,9
Team Lotus,32,326,1990,1,8,0,10
Brabham,34,326,1990,2,6,0,11
Minardi,18,326,1990,0,10,0,12
Dallara,35,326,1990,0,16,0,13
Minardi,18,326,1990,0,10,0,14
Onyx,45,326,1990,0,11,0,15
Ligier,27,326,1990,0,12,0,16
Arrows,21,326,1990,2,7,0,17
Ligier,27,326,1990,0,12,0,18
Osella,44,326,1990,0,14,0,19
McLaren,1,326,1990,50,1,3,20
Ferrari,6,327,1990,36,2,2,1
Leyton House,41,327,1990,0,13,0,2
McLaren,1,327,1990,54,1,3,3
Benetton,22,327,1990,20,4,0,4
McLaren,1,327,1990,54,1,3,5
Williams,3,327,1990,20,3,1,6
Larrousse,33,327,1990,1,9,0,7
Larrousse,33,327,1990,1,9,0,8
Ligier,27,327,1990,0,12,0,9
Arrows,21,327,1990,2,7,0,10
Team Lotus,32,327,1990,1,8,0,11
Team Lotus,32,327,1990,1,8,0,12
Brabham,34,327,1990,2,6,0,13
Ligier,27,327,1990,0,12,0,14
Brabham,34,327,1990,2,6,0,15
Benetton,22,327,1990,20,4,0,16
AGS,39,327,1990,0,17,0,17
Ferrari,6,327,1990,36,2,2,18
Ferrari,6,328,1990,45,2,3,1
Williams,3,328,1990,21,4,1,2
McLaren,1,328,1990,60,1,3,3
Larrousse,33,328,1990,1,9,0,4
Benetton,22,328,1990,23,3,0,5
Larrousse,33,328,1990,1,9,0,6
Arrows,21,328,1990,2,8,0,7
Tyrrell,25,328,1990,14,5,0,8
Brabham,34,328,1990,2,7,0,9
Ligier,27,328,1990,0,13,0,10
Dallara,35,328,1990,0,14,0,11
Minardi,18,328,1990,0,11,0,12
Ligier,27,328,1990,0,13,0,13
McLaren,1,328,1990,60,1,3,14
McLaren,1,329,1990,64,1,3,1
Benetton,22,329,1990,25,4,0,2
McLaren,1,329,1990,64,1,3,3
Ferrari,6,329,1990,54,2,4,4
Williams,3,329,1990,27,3,1,5
Williams,3,329,1990,27,3,1,6
Leyton House,41,329,1990,6,6,0,7
Team Lotus,32,329,1990,1,10,0,8
Arrows,21,329,1990,2,8,0,9
Ligier,27,329,1990,0,13,0,10
Tyrrell,25,329,1990,14,5,0,11
Williams,3,330,1990,30,4,1,1
McLaren,1,330,1990,77,1,4,2
Benetton,22,330,1990,31,3,0,3
Williams,3,330,1990,30,4,1,4
Team Lotus,32,330,1990,1,10,0,5
Larrousse,33,330,1990,5,7,0,6
Team Lotus,32,330,1990,1,10,0,7
Leyton House,41,330,1990,6,6,0,8
Arrows,21,330,1990,2,8,0,9
Dallara,35,330,1990,0,14,0,10
Ligier,27,330,1990,0,13,0,11
Arrows,21,330,1990,2,8,0,12
AGS,39,330,1990,0,17,0,13
Ligier,27,330,1990,0,13,0,14
Minardi,18,330,1990,0,11,0,15
McLaren,1,330,1990,77,1,4,16
Ferrari,6,330,1990,57,2,4,17
McLaren,1,331,1990,83,1,4,1
Ferrari,6,331,1990,57,2,4,2
McLaren,1,331,1990,83,1,4,3
Benetton,22,331,1990,35,4,0,4
Benetton,22,331,1990,35,4,0,5
Leyton House,41,331,1990,6,6,0,6
Leyton House,41,331,1990,6,6,0,7
Tyrrell,25,331,1990,14,5,0,8
Larrousse,33,331,1990,6,7,0,9
Arrows,21,331,1990,2,9,0,10
Team Lotus,32,331,1990,3,8,0,11
Team Lotus,32,331,1990,3,8,0,12
Arrows,21,331,1990,2,9,0,13
Ligier,27,331,1990,0,13,0,14
Minardi,18,331,1990,0,11,0,15
Osella,44,331,1990,0,16,0,16
Brabham,34,331,1990,2,10,0,17
McLaren,1,332,1990,96,1,5,1
Ferrari,6,332,1990,63,2,4,2
McLaren,1,332,1990,96,1,5,3
Ferrari,6,332,1990,63,2,4,4
Williams,3,332,1990,42,3,2,5
Tyrrell,25,332,1990,14,5,0,6
Benetton,22,332,1990,40,4,0,7
Benetton,22,332,1990,40,4,0,8
Arrows,21,332,1990,2,9,0,9
Dallara,35,332,1990,0,14,0,10
Ligier,27,332,1990,0,13,0,11
Arrows,21,332,1990,2,9,0,12
Ligier,27,332,1990,0,13,0,13
Ferrari,6,333,1990,72,2,4,1
McLaren,1,333,1990,109,1,6,2
Ferrari,6,333,1990,72,2,4,3
McLaren,1,333,1990,109,1,6,4
Benetton,22,333,1990,40,4,0,5
Benetton,22,333,1990,40,4,0,6
Williams,3,333,1990,44,3,2,7
Tyrrell,25,333,1990,15,5,0,8
Arrows,21,333,1990,2,9,0,9
Ligier,27,333,1990,0,13,0,10
Minardi,18,333,1990,0,11,0,11
Leyton House,41,333,1990,7,6,0,12
Arrows,21,333,1990,2,9,0,13
Larrousse,33,333,1990,6,7,0,14
Dallara,35,333,1990,0,14,0,15
Ferrari,6,334,1990,85,2,5,1
Ferrari,6,334,1990,85,2,5,2
Benetton,22,334,1990,43,4,0,3
Williams,3,334,1990,44,3,2,4
Williams,3,334,1990,44,3,2,5
Larrousse,33,334,1990,6,7,0,6
Ligier,27,334,1990,0,13,0,7
Leyton House,41,334,1990,7,6,0,8
AGS,39,334,1990,0,16,0,9
Arrows,21,334,1990,2,9,0,10
Benetton,22,335,1990,47,4,0,1
Benetton,22,335,1990,47,4,0,2
Larrousse,33,335,1990,7,7,0,3
Williams,3,335,1990,49,3,2,4
Williams,3,335,1990,49,3,2,5
Tyrrell,25,335,1990,15,5,0,6
Ligier,27,335,1990,0,11,0,7
Minardi,18,335,1990,0,12,0,8
Arrows,21,335,1990,2,9,0,9
Ligier,27,335,1990,0,11,0,10
Benetton,22,336,1990,62,3,1,1
Ferrari,6,336,1990,100,2,6,2
Ferrari,6,336,1990,100,2,6,3
McLaren,1,336,1990,118,1,6,4
Williams,3,336,1990,54,4,2,5
Williams,3,336,1990,54,4,2,6
Benetton,22,336,1990,62,3,1,7
Tyrrell,25,336,1990,16,5,0,8
Minardi,18,336,1990,0,12,0,9
Ligier,27,336,1990,0,11,0,10
Ligier,27,336,1990,0,11,0,11
Brabham,34,336,1990,2,10,0,12
Osella,44,336,1990,0,16,0,13
Brawn,23,2,2009,18,1,1,1
BMW Sauber,2,2,2009,0,7,0,2
Toyota,7,2,2009,11,2,0,3
Toyota,7,2,2009,11,2,0,4
Brawn,23,2,2009,18,1,1,5
Red Bull,9,2,2009,0,8,0,6
Williams,3,2,2009,3,4,0,8
Ferrari,6,2,2009,0,9,0,9
Toro Rosso,5,2,2009,3,5,0,10
Renault,4,2,2009,4,3,0,11
Williams,3,2,2009,3,4,0,12
Renault,4,2,2009,4,3,0,13
Ferrari,6,2,2009,0,9,0,14
Red Bull,9,2,2009,0,8,0,15
Toro Rosso,5,2,2009,3,5,0,16
Force India,10,2,2009,0,6,0,17
Force India,10,2,2009,0,6,0,18
Red Bull,9,3,2009,1,7,0,1
Red Bull,9,3,2009,1,7,0,2
Brawn,23,3,2009,25,1,2,3
Brawn,23,3,2009,25,1,2,4
McLaren,1,3,2009,1,8,0,5
McLaren,1,3,2009,1,8,0,6
Toyota,7,3,2009,16,2,0,7
Toro Rosso,5,3,2009,3,6,0,8
Renault,4,3,2009,4,4,0,9
Ferrari,6,3,2009,0,10,0,10
Toro Rosso,5,3,2009,3,6,0,11
BMW Sauber,2,3,2009,4,3,0,12
BMW Sauber,2,3,2009,4,3,0,13
Force India,10,3,2009,0,9,0,14
Williams,3,3,2009,3,5,0,15
Renault,4,3,2009,4,4,0,16
Force India,10,3,2009,0,9,0,17
Brawn,23,4,2009,36,1,2,1
Red Bull,9,4,2009,19,2,1,2
Toyota,7,4,2009,18,3,0,3
McLaren,1,4,2009,8,4,0,4
Brawn,23,4,2009,36,1,2,5
Ferrari,6,4,2009,0,9,0,6
Toyota,7,4,2009,18,3,0,7
Renault,4,4,2009,4,6,0,8
Williams,3,4,2009,3,8,0,9
Renault,4,4,2009,4,6,0,10
Red Bull,9,4,2009,19,2,1,11
McLaren,1,4,2009,8,4,0,12
Toro Rosso,5,4,2009,4,7,0,13
Ferrari,6,4,2009,0,9,0,14
Force India,10,4,2009,0,10,0,15
Force India,10,4,2009,0,10,0,16
Toro Rosso,5,4,2009,4,7,0,17
BMW Sauber,2,4,2009,4,5,0,18
BMW Sauber,2,4,2009,4,5,0,19
Brawn,23,5,2009,50,1,3,1
Brawn,23,5,2009,50,1,3,2
Red Bull,9,5,2009,27,2,1,3
Red Bull,9,5,2009,27,2,1,4
Renault,4,5,2009,5,5,0,5
Ferrari,6,5,2009,3,9,0,6
BMW Sauber,2,5,2009,4,6,0,7
Williams,3,5,2009,3,8,0,8
McLaren,1,5,2009,13,4,0,9
Toyota,7,5,2009,26,3,0,10
BMW Sauber,2,5,2009,4,6,0,11
Renault,4,5,2009,5,5,0,12
Williams,3,5,2009,3,8,0,13
Force India,10,5,2009,0,10,0,14
Brawn,23,6,2009,68,1,4,1
Brawn,23,6,2009,68,1,4,2
Ferrari,6,6,2009,6,7,0,3
Ferrari,6,6,2009,6,7,0,4
Red Bull,9,6,2009,38,2,1,5
Williams,3,6,2009,4,8,0,6
Renault,4,6,2009,9,5,0,7
Toro Rosso,5,6,2009,4,9,0,8
Force India,10,6,2009,0,10,0,9
Toyota,7,6,2009,26,3,0,10
BMW Sauber,2,6,2009,6,6,0,11
McLaren,1,6,2009,13,4,0,12
Toyota,7,6,2009,26,3,0,13
Force India,10,6,2009,0,10,0,14
Williams,3,6,2009,4,8,0,15
Brawn,23,7,2009,86,1,5,1
Red Bull,9,7,2009,42,2,1,2
Red Bull,9,7,2009,42,2,1,3
Toyota,7,7,2009,26,3,0,4
Williams,3,7,2009,7,7,0,5
Ferrari,6,7,2009,17,4,0,6
BMW Sauber,2,7,2009,6,8,0,7
Toyota,7,7,2009,26,3,0,8
Ferrari,6,7,2009,17,4,0,9
Renault,4,7,2009,11,6,0,10
BMW Sauber,2,7,2009,6,8,0,11
Williams,3,7,2009,7,7,0,12
McLaren,1,7,2009,13,5,0,13
McLaren,1,7,2009,13,5,0,14
Toro Rosso,5,7,2009,5,9,0,15
Renault,4,7,2009,11,6,0,16
Force India,10,7,2009,0,10,0,17
Toro Rosso,5,7,2009,5,9,0,18
Red Bull,9,8,2009,56,2,1,1
Red Bull,9,8,2009,56,2,1,2
Brawn,23,8,2009,96,1,6,3
Ferrari,6,8,2009,20,4,0,4
Williams,3,8,2009,11,6,0,5
Brawn,23,8,2009,96,1,6,6
Toyota,7,8,2009,32,3,0,7
Ferrari,6,8,2009,20,4,0,8
Toyota,7,8,2009,32,3,0,9
Force India,10,8,2009,0,10,0,10
Williams,3,8,2009,11,6,0,11
Renault,4,8,2009,11,7,0,12
BMW Sauber,2,8,2009,8,8,0,13
Renault,4,8,2009,11,7,0,14
BMW Sauber,2,8,2009,8,8,0,15
McLaren,1,8,2009,13,5,0,16
Force India,10,8,2009,0,10,0,17
Toro Rosso,5,8,2009,5,9,0,18
Red Bull,9,9,2009,74,2,2,1
Red Bull,9,9,2009,74,2,2,2
Ferrari,6,9,2009,26,4,0,3
Williams,3,9,2009,15,5,0,4
Brawn,23,9,2009,105,1,6,5
Brawn,23,9,2009,105,1,6,6
Renault,4,9,2009,11,7,0,7
McLaren,1,9,2009,13,6,0,8
Toyota,7,9,2009,34,3,0,9
BMW Sauber,2,9,2009,8,8,0,10
Force India,10,9,2009,0,10,0,11
Williams,3,9,2009,15,5,0,12
Renault,4,9,2009,11,7,0,13
BMW Sauber,2,9,2009,8,8,0,14
Force India,10,9,2009,0,10,0,15
Toro Rosso,5,9,2009,5,9,0,16
Toyota,7,9,2009,34,3,0,17
McLaren,1,9,2009,13,6,0,18
McLaren,1,10,2009,14,6,0,1
Ferrari,6,10,2009,32,4,0,2
Red Bull,9,10,2009,92,2,3,3
Williams,3,10,2009,20,5,0,4
McLaren,1,10,2009,14,6,0,5
Toyota,7,10,2009,34,3,0,6
Brawn,23,10,2009,112,1,6,7
Toyota,7,10,2009,34,3,0,8
Williams,3,10,2009,20,5,0,9
Brawn,23,10,2009,112,1,6,10
BMW Sauber,2,10,2009,8,8,0,11
Renault,4,10,2009,13,7,0,12
BMW Sauber,2,10,2009,8,8,0,13
Force India,10,10,2009,0,10,0,14
Toro Rosso,5,10,2009,5,9,0,15
Toro Rosso,5,10,2009,5,9,0,16
Brawn,23,11,2009,114,1,6,1
McLaren,1,11,2009,28,5,1,2
Ferrari,6,11,2009,40,3,0,3
McLaren,1,11,2009,28,5,1,4
Williams,3,11,2009,25,6,0,5
Renault,4,11,2009,13,7,0,6
Brawn,23,11,2009,114,1,6,7
BMW Sauber,2,11,2009,8,8,0,8
Red Bull,9,11,2009,98,2,3,9
Force India,10,11,2009,0,10,0,10
BMW Sauber,2,11,2009,8,8,0,11
Force India,10,11,2009,0,10,0,12
Toyota,7,11,2009,38,4,0,13
Toyota,7,11,2009,38,4,0,14
Renault,4,11,2009,13,7,0,15
Toro Rosso,5,11,2009,5,9,0,16
Ferrari,6,11,2009,40,3,0,17
Williams,3,11,2009,25,6,0,18
Ferrari,6,12,2009,46,3,0,1
Force India,10,12,2009,0,10,0,2
Red Bull,9,12,2009,98,2,3,3
BMW Sauber,2,12,2009,9,8,0,4
BMW Sauber,2,12,2009,9,8,0,5
McLaren,1,12,2009,41,4,1,6
Brawn,23,12,2009,126,1,7,7
Williams,3,12,2009,29,6,0,8
Red Bull,9,12,2009,98,2,3,9
Toyota,7,12,2009,38,5,0,10
Force India,10,12,2009,0,10,0,11
Toro Rosso,5,12,2009,5,9,0,12
Williams,3,12,2009,29,6,0,13
Ferrari,6,12,2009,46,3,0,14
Brawn,23,13,2009,128,1,7,1
Brawn,23,13,2009,128,1,7,2
Ferrari,6,13,2009,56,3,1,3
Force India,10,13,2009,8,9,0,4
Renault,4,13,2009,16,8,0,5
McLaren,1,13,2009,44,4,1,6
BMW Sauber,2,13,2009,18,7,0,7
Red Bull,9,13,2009,104,2,3,8
Ferrari,6,13,2009,56,3,1,9
Williams,3,13,2009,30,6,0,10
Toyota,7,13,2009,38,5,0,11
McLaren,1,13,2009,44,4,1,12
Toro Rosso,5,13,2009,5,10,0,13
Toyota,7,13,2009,38,5,0,14
Renault,4,13,2009,16,8,0,15
Williams,3,13,2009,30,6,0,16
McLaren,1,14,2009,47,4,1,1
Toyota,7,14,2009,38,5,0,2
Renault,4,14,2009,20,8,0,3
Red Bull,9,14,2009,105,2,3,4
Brawn,23,14,2009,146,1,8,5
Brawn,23,14,2009,146,1,8,6
McLaren,1,14,2009,47,4,1,7
BMW Sauber,2,14,2009,20,7,0,8
Williams,3,14,2009,30,6,0,9
Ferrari,6,14,2009,62,3,1,10
Williams,3,14,2009,30,6,0,11
Toyota,7,14,2009,38,5,0,12
Ferrari,6,14,2009,62,3,1,13
Force India,10,14,2009,13,9,0,14
Red Bull,9,15,2009,110,2,3,1
Toyota,7,15,2009,46,5,0,2
McLaren,1,15,2009,59,4,2,3
Ferrari,6,15,2009,62,3,1,4
Williams,3,15,2009,30,6,0,5
BMW Sauber,2,15,2009,21,8,0,6
Brawn,23,15,2009,153,1,8,7
Brawn,23,15,2009,153,1,8,8
BMW Sauber,2,15,2009,21,8,0,9
Renault,4,15,2009,26,7,0,10
McLaren,1,15,2009,59,4,2,11
Ferrari,6,15,2009,62,3,1,12
Force India,10,15,2009,13,9,0,13
Force India,10,15,2009,13,9,0,14
Williams,3,15,2009,30,6,0,15
Renault,4,15,2009,26,7,0,16
Red Bull,9,15,2009,110,2,3,17
Red Bull,9,16,2009,120,2,4,1
BMW Sauber,2,16,2009,24,8,0,2
McLaren,1,16,2009,65,4,2,3
Red Bull,9,16,2009,120,2,4,4
Brawn,23,16,2009,156,1,8,5
Ferrari,6,16,2009,67,3,1,6
Toro Rosso,5,16,2009,5,10,0,7
Brawn,23,16,2009,156,1,8,8
McLaren,1,16,2009,65,4,2,9
Toyota,7,16,2009,54,5,0,10
Ferrari,6,16,2009,67,3,1,11
Force India,10,16,2009,13,9,0,12
Renault,4,16,2009,26,7,0,13
Toro Rosso,5,16,2009,5,10,0,14
McLaren,1,357,1989,6,2,0,1
McLaren,1,357,1989,6,2,0,2
Benetton,22,357,1989,4,4,0,3
Williams,3,357,1989,0,12,0,4
Arrows,21,357,1989,2,5,0,5
Tyrrell,25,357,1989,0,6,0,6
Dallara,35,357,1989,0,10,0,7
AGS,39,357,1989,0,19,0,8
Arrows,21,357,1989,2,5,0,9
Dallara,35,357,1989,0,10,0,10
Benetton,22,357,1989,4,4,0,11
Osella,44,357,1989,0,18,0,12
McLaren,1,358,1989,21,1,1,1
McLaren,1,358,1989,21,1,1,2
Brabham,34,358,1989,0,15,0,3
Dallara,35,358,1989,0,8,0,4
Tyrrell,25,358,1989,1,7,0,5
Brabham,34,358,1989,0,15,0,6
Arrows,21,358,1989,4,5,0,7
Benetton,22,358,1989,8,3,0,8
Tyrrell,25,358,1989,1,7,0,9
Williams,3,358,1989,3,6,0,10
March,37,358,1989,4,4,0,11
Ligier,27,358,1989,0,11,0,12
Dallara,35,358,1989,0,8,0,13
Benetton,22,358,1989,8,3,0,14
Williams,3,358,1989,3,6,0,15
McLaren,1,359,1989,36,1,2,1
Williams,3,359,1989,3,8,0,2
Tyrrell,25,359,1989,3,9,0,3
Benetton,22,359,1989,8,3,0,4
McLaren,1,359,1989,36,1,2,5
AGS,39,359,1989,0,11,0,6
Arrows,21,359,1989,4,6,0,7
Ligier,27,359,1989,0,12,0,8
Brabham,34,359,1989,5,4,0,9
Brabham,34,359,1989,5,4,0,10
Team Lotus,32,359,1989,0,10,0,11
Rial,47,359,1989,0,15,0,12
Dallara,35,359,1989,3,7,0,13
Ligier,27,359,1989,0,12,0,14
Benetton,22,359,1989,8,3,0,15
McLaren,1,360,1989,47,1,3,1
Williams,3,360,1989,9,4,0,2
Arrows,21,360,1989,4,8,0,3
Rial,47,360,1989,0,13,0,4
Benetton,22,360,1989,11,2,0,5
Williams,3,360,1989,9,4,0,6
AGS,39,360,1989,1,10,0,7
Dallara,35,360,1989,3,9,0,8
Tyrrell,25,360,1989,7,5,0,9
Williams,3,361,1989,16,2,0,1
Williams,3,361,1989,16,2,0,2
Dallara,35,361,1989,3,9,0,3
Team Lotus,32,361,1989,0,13,0,4
Ligier,27,361,1989,0,12,0,5
Dallara,35,361,1989,3,9,0,6
McLaren,1,361,1989,56,1,4,7
Rial,47,361,1989,3,10,0,8
McLaren,1,362,1989,56,1,4,1
Ferrari,6,362,1989,9,4,1,2
Williams,3,362,1989,31,2,1,3
Tyrrell,25,362,1989,7,7,0,4
Onyx,45,362,1989,0,17,0,5
Ligier,27,362,1989,2,12,0,6
Arrows,21,362,1989,8,6,0,7
Team Lotus,32,362,1989,3,10,0,8
Benetton,22,362,1989,13,3,0,9
Tyrrell,25,362,1989,7,7,0,10
Larrousse,33,362,1989,0,15,0,11
Arrows,21,362,1989,8,6,0,12
Onyx,45,362,1989,0,17,0,13
McLaren,1,363,1989,65,1,5,1
Ferrari,6,363,1989,15,3,1,2
Benetton,22,363,1989,13,4,0,3
Team Lotus,32,363,1989,3,10,0,4
Minardi,18,363,1989,0,18,0,5
Minardi,18,363,1989,0,18,0,6
Ligier,27,363,1989,3,12,0,7
Team Lotus,32,363,1989,3,10,0,8
Arrows,21,363,1989,8,7,0,9
Williams,3,363,1989,35,2,1,10
Benetton,22,363,1989,13,4,0,11
Onyx,45,363,1989,2,13,0,12
McLaren,1,364,1989,74,1,6,1
McLaren,1,364,1989,74,1,6,2
Ferrari,6,364,1989,21,3,1,3
Williams,3,364,1989,35,2,1,4
Team Lotus,32,364,1989,6,8,0,5
Arrows,21,364,1989,8,7,0,6
Dallara,35,364,1989,8,6,0,7
Brabham,34,364,1989,5,9,0,8
Minardi,18,364,1989,3,13,0,9
Tyrrell,25,364,1989,10,5,0,10
Ligier,27,364,1989,3,12,0,11
Arrows,21,364,1989,8,7,0,12
Ferrari,6,365,1989,25,3,1,1
McLaren,1,365,1989,89,1,7,2
Williams,3,365,1989,38,2,1,3
McLaren,1,365,1989,89,1,7,4
Arrows,21,365,1989,9,6,0,5
Team Lotus,32,365,1989,8,8,0,6
Dallara,35,365,1989,8,7,0,7
Benetton,22,365,1989,17,4,0,8
Tyrrell,25,365,1989,10,5,0,9
Arrows,21,365,1989,9,6,0,10
Brabham,34,365,1989,5,9,0,11
Brabham,34,365,1989,5,9,0,12
Tyrrell,25,365,1989,10,5,0,13
McLaren,1,366,1989,98,1,7,1
McLaren,1,366,1989,98,1,7,2
Ferrari,6,366,1989,34,3,2,3
Williams,3,366,1989,42,2,1,4
Benetton,22,366,1989,17,4,0,5
Arrows,21,366,1989,11,5,0,6
March,37,366,1989,4,10,0,7
Onyx,45,366,1989,2,14,0,8
Minardi,18,366,1989,3,13,0,9
Benetton,22,366,1989,17,4,0,10
Dallara,35,366,1989,8,8,0,11
March,37,366,1989,4,10,0,12
Ligier,27,366,1989,3,12,0,13
Tyrrell,25,366,1989,10,6,0,14
Minardi,18,366,1989,3,13,0,15
Larrousse,33,366,1989,0,16,0,16
McLaren,1,367,1989,113,1,8,1
Ferrari,6,367,1989,38,3,2,2
Williams,3,367,1989,45,2,1,3
Williams,3,367,1989,45,2,1,4
Tyrrell,25,367,1989,10,6,0,5
Brabham,34,367,1989,5,9,0,6
Minardi,18,367,1989,3,13,0,7
Minardi,18,367,1989,3,13,0,8
Ligier,27,367,1989,3,12,0,9
Team Lotus,32,367,1989,9,7,0,10
Dallara,35,367,1989,8,8,0,11
Ferrari,6,368,1989,44,3,2,1
McLaren,1,368,1989,122,1,9,2
Onyx,45,368,1989,2,14,0,3
Benetton,22,368,1989,19,4,0,4
Minardi,18,368,1989,3,13,0,5
Tyrrell,25,368,1989,12,5,0,6
Team Lotus,32,368,1989,9,7,0,7
Brabham,34,368,1989,6,9,0,8
Larrousse,33,368,1989,0,16,0,9
March,37,368,1989,4,10,0,10
Larrousse,33,368,1989,0,16,0,11
Minardi,18,368,1989,3,13,0,12
Ligier,27,368,1989,3,12,0,13
Brabham,34,368,1989,6,9,0,14
McLaren,1,369,1989,128,1,9,1
Ferrari,6,369,1989,53,2,3,2
McLaren,1,369,1989,128,1,9,3
Tyrrell,25,369,1989,13,5,0,4
Williams,3,369,1989,52,3,1,5
Larrousse,33,369,1989,0,16,0,6
Dallara,35,369,1989,8,8,0,7
Team Lotus,32,369,1989,9,7,0,8
Arrows,21,369,1989,12,6,0,9
Tyrrell,25,369,1989,13,5,0,10
Benetton,22,370,1989,22,4,0,1
Williams,3,370,1989,54,3,1,2
Williams,3,370,1989,54,3,1,3
Team Lotus,32,370,1989,9,7,0,4
Brabham,34,370,1989,6,10,0,5
Arrows,21,370,1989,12,6,0,6
March,37,370,1989,4,12,0,7
Arrows,21,370,1989,12,6,0,8
Dallara,35,370,1989,8,8,0,9
Dallara,35,370,1989,8,8,0,10
Williams,3,371,1989,64,2,1,1
Benetton,22,371,1989,31,4,1,2
Williams,3,371,1989,64,2,1,3
Team Lotus,32,371,1989,12,7,0,4
Benetton,22,371,1989,31,4,1,5
Minardi,18,371,1989,5,11,0,6
March,37,371,1989,4,12,0,7
Brabham,34,371,1989,8,9,0,8
McLaren,1,373,1988,9,1,1,1
McLaren,1,373,1988,9,1,1,2
Team Lotus,32,373,1988,5,3,0,3
Benetton,22,373,1988,0,5,0,4
Ferrari,6,373,1988,8,2,0,5
Benetton,22,373,1988,0,5,0,6
Arrows,21,373,1988,3,4,0,7
Team Lotus,32,373,1988,5,3,0,8
Arrows,21,373,1988,3,4,0,9
AGS,39,373,1988,0,12,0,10
Minardi,18,373,1988,0,9,0,11
Larrousse,33,373,1988,0,10,0,12
Williams,3,373,1988,0,14,0,13
Tyrrell,25,373,1988,0,8,0,14
March,37,373,1988,0,15,0,15
Minardi,18,373,1988,0,9,0,16
Larrousse,33,373,1988,0,10,0,17
Ferrari,6,373,1988,8,2,0,18
McLaren,1,374,1988,24,1,2,1
Ferrari,6,374,1988,10,2,0,2
Ferrari,6,374,1988,10,2,0,3
Arrows,21,374,1988,3,5,0,4
Tyrrell,25,374,1988,0,11,0,5
Williams,3,374,1988,0,10,0,6
Larrousse,33,374,1988,0,9,0,7
Benetton,22,374,1988,4,4,0,8
Osella,44,374,1988,0,18,0,9
March,37,374,1988,0,12,0,10
McLaren,1,375,1988,33,1,3,1
McLaren,1,375,1988,33,1,3,2
Ferrari,6,375,1988,20,2,0,3
Ferrari,6,375,1988,20,2,0,4
Arrows,21,375,1988,6,4,0,5
Arrows,21,375,1988,6,4,0,6
Benetton,22,375,1988,4,5,0,7
Benetton,22,375,1988,4,5,0,8
Larrousse,33,375,1988,0,8,0,9
Ligier,27,375,1988,0,9,0,10
Minardi,18,375,1988,0,13,0,11
AGS,39,375,1988,0,12,0,12
Euro Brun,43,375,1988,0,17,0,13
Coloni,42,375,1988,0,15,0,14
Zakspeed,48,375,1988,0,16,0,15
March,37,375,1988,0,11,0,16
McLaren,1,376,1988,48,1,4,1
McLaren,1,376,1988,48,1,4,2
Benetton,22,376,1988,4,5,0,3
Team Lotus,32,376,1988,9,3,0,4
March,37,376,1988,0,12,0,5
Tyrrell,25,376,1988,2,6,0,6
Arrows,21,376,1988,9,4,0,7
Coloni,42,376,1988,0,15,0,8
Rial,47,376,1988,0,17,0,9
Larrousse,33,376,1988,0,8,0,10
Team Lotus,32,376,1988,9,3,0,11
Euro Brun,43,376,1988,0,14,0,12
Minardi,18,376,1988,0,13,0,13
Zakspeed,48,376,1988,0,16,0,14
McLaren,1,377,1988,63,1,5,1
McLaren,1,377,1988,63,1,5,2
Benetton,22,377,1988,8,5,0,3
Rial,47,377,1988,0,12,0,4
Tyrrell,25,377,1988,3,6,0,5
Minardi,18,377,1988,0,15,0,6
Larrousse,33,377,1988,0,9,0,7
Dallara,35,377,1988,0,18,0,8
Tyrrell,25,377,1988,3,6,0,9
McLaren,1,378,1988,78,1,6,1
McLaren,1,378,1988,78,1,6,2
Ferrari,6,378,1988,27,2,0,3
Ferrari,6,378,1988,27,2,0,4
Team Lotus,32,378,1988,12,4,0,5
Benetton,22,378,1988,12,3,0,6
Team Lotus,32,378,1988,12,4,0,7
March,37,378,1988,2,8,0,8
March,37,378,1988,2,8,0,9
Rial,47,378,1988,3,7,0,10
Arrows,21,378,1988,9,5,0,11
Dallara,35,378,1988,0,13,0,12
Larrousse,33,378,1988,0,11,0,13
Euro Brun,43,378,1988,0,17,0,14
Minardi,18,378,1988,1,9,0,15
McLaren,1,379,1988,93,1,7,1
Williams,3,379,1988,1,10,0,2
Benetton,22,379,1988,13,4,0,3
March,37,379,1988,2,8,0,4
Team Lotus,32,379,1988,14,3,0,5
Arrows,21,379,1988,9,5,0,6
Arrows,21,379,1988,9,5,0,7
Williams,3,379,1988,1,10,0,8
Ferrari,6,379,1988,34,2,0,9
Team Lotus,32,379,1988,14,3,0,10
Dallara,35,379,1988,0,12,0,11
Euro Brun,43,379,1988,0,17,0,12
Larrousse,33,379,1988,0,11,0,13
Larrousse,33,379,1988,0,11,0,14
Minardi,18,379,1988,1,9,0,15
Tyrrell,25,379,1988,5,6,0,16
Ferrari,6,379,1988,34,2,0,17
Ligier,27,379,1988,0,14,0,18
Osella,44,379,1988,0,15,0,19
McLaren,1,380,1988,102,1,8,1
McLaren,1,380,1988,102,1,8,2
Ferrari,6,380,1988,34,2,0,3
Ferrari,6,380,1988,34,2,0,4
March,37,380,1988,5,7,0,5
Benetton,22,380,1988,17,3,0,6
Arrows,21,380,1988,10,5,0,7
March,37,380,1988,5,7,0,8
Team Lotus,32,380,1988,16,4,0,9
Arrows,21,380,1988,10,5,0,10
Tyrrell,25,380,1988,5,8,0,11
Zakspeed,48,380,1988,0,18,0,12
Rial,47,380,1988,3,9,0,13
Zakspeed,48,380,1988,0,18,0,14
Dallara,35,380,1988,0,12,0,15
Euro Brun,43,380,1988,0,17,0,16
Ligier,27,380,1988,0,14,0,17
Benetton,22,380,1988,17,3,0,18
Larrousse,33,380,1988,0,11,0,19
McLaren,1,381,1988,117,1,9,1
McLaren,1,381,1988,117,1,9,2
Benetton,22,381,1988,18,3,0,3
Ferrari,6,381,1988,41,2,0,4
March,37,381,1988,7,7,0,5
Williams,3,381,1988,7,6,0,6
Team Lotus,32,381,1988,16,4,0,7
Team Lotus,32,381,1988,16,4,0,8
Larrousse,33,381,1988,0,11,0,9
Minardi,18,381,1988,1,10,0,10
Euro Brun,43,381,1988,0,17,0,11
Larrousse,33,381,1988,0,11,0,12
Coloni,42,381,1988,0,13,0,13
McLaren,1,382,1988,132,1,10,1
McLaren,1,382,1988,132,1,10,2
March,37,382,1988,9,6,0,3
Team Lotus,32,382,1988,16,4,0,4
Arrows,21,382,1988,10,5,0,5
Arrows,21,382,1988,10,5,0,6
Williams,3,382,1988,8,7,0,7
Dallara,35,382,1988,0,12,0,8
Larrousse,33,382,1988,0,11,0,9
AGS,39,382,1988,0,16,0,10
Ligier,27,382,1988,0,14,0,11
Tyrrell,25,382,1988,5,8,0,12
Zakspeed,48,382,1988,0,18,0,13
Ferrari,6,383,1988,44,2,0,1
Ferrari,6,383,1988,44,2,0,2
Arrows,21,383,1988,13,6,0,3
Arrows,21,383,1988,13,6,0,4
March,37,383,1988,13,5,0,5
Benetton,22,383,1988,22,3,0,6
Williams,3,383,1988,8,7,0,7
March,37,383,1988,13,5,0,8
Benetton,22,383,1988,22,3,0,9
McLaren,1,383,1988,147,1,11,10
Williams,3,383,1988,8,7,0,11
Tyrrell,25,383,1988,5,8,0,12
Ligier,27,383,1988,0,14,0,13
McLaren,1,384,1988,147,1,11,1
March,37,384,1988,15,6,0,2
Benetton,22,384,1988,23,3,0,3
Arrows,21,384,1988,20,4,0,4
Ferrari,6,384,1988,59,2,1,5
McLaren,1,384,1988,147,1,11,6
Dallara,35,384,1988,0,12,0,7
Minardi,18,384,1988,1,10,0,8
AGS,39,384,1988,0,16,0,9
Ligier,27,384,1988,0,14,0,10
Coloni,42,384,1988,0,13,0,11
Osella,44,384,1988,0,15,0,12
McLaren,1,385,1988,157,1,12,1
Williams,3,385,1988,8,7,0,2
Benetton,22,385,1988,27,3,0,3
McLaren,1,385,1988,157,1,12,4
Williams,3,385,1988,8,7,0,5
Ferrari,6,385,1988,61,2,1,6
March,37,385,1988,21,5,0,7
Team Lotus,32,385,1988,19,6,0,8
Benetton,22,385,1988,27,3,0,9
Dallara,35,385,1988,0,12,0,10
Larrousse,33,385,1988,0,11,0,11
Minardi,18,385,1988,1,10,0,12
Euro Brun,43,385,1988,0,17,0,13
Larrousse,33,385,1988,0,11,0,14
McLaren,1,386,1988,169,1,13,1
McLaren,1,386,1988,169,1,13,2
Benetton,22,386,1988,31,3,0,3
Ferrari,6,386,1988,62,2,1,4
Benetton,22,386,1988,31,3,0,5
Williams,3,386,1988,16,7,0,6
Team Lotus,32,386,1988,19,6,0,7
AGS,39,386,1988,0,15,0,8
Larrousse,33,386,1988,0,11,0,9
March,37,386,1988,21,5,0,10
Ferrari,6,386,1988,62,2,1,11
Tyrrell,25,386,1988,5,8,0,12
Minardi,18,386,1988,1,10,0,13
Tyrrell,25,386,1988,5,8,0,14
Minardi,18,386,1988,1,10,0,15
Larrousse,33,386,1988,0,11,0,16
Ligier,27,386,1988,0,14,0,17
McLaren,1,387,1988,184,1,14,1
McLaren,1,387,1988,184,1,14,2
Team Lotus,32,387,1988,19,6,0,3
Williams,3,387,1988,17,7,0,4
Benetton,22,387,1988,37,3,0,5
March,37,387,1988,21,5,0,6
Minardi,18,387,1988,1,10,0,7
Rial,47,387,1988,3,9,0,8
Ligier,27,387,1988,0,15,0,9
Larrousse,33,387,1988,0,11,0,10
AGS,39,387,1988,0,13,0,11
Williams,3,389,1987,7,2,0,1
Team Lotus,32,389,1987,0,5,0,2
Ferrari,6,389,1987,3,3,0,3
McLaren,1,389,1987,13,1,1,4
Zakspeed,48,389,1987,0,6,0,5
Team Lotus,32,389,1987,0,5,0,6
Zakspeed,48,389,1987,0,6,0,7
Tyrrell,25,389,1987,0,7,0,8
Brabham,34,389,1987,0,10,0,9
Arrows,21,389,1987,0,9,0,11
Osella,44,389,1987,0,11,0,12
AGS,39,389,1987,0,8,0,13
McLaren,1,390,1987,16,2,1,1
McLaren,1,390,1987,16,2,1,2
Brabham,34,390,1987,0,8,0,3
Arrows,21,390,1987,0,10,0,4
Team Lotus,32,390,1987,7,3,0,5
Ligier,27,390,1987,0,15,0,6
Ligier,27,390,1987,0,15,0,7
Larrousse,33,390,1987,0,9,0,8
Tyrrell,25,390,1987,0,7,0,9
AGS,39,390,1987,0,11,0,10
Team Lotus,32,391,1987,9,3,0,1
Williams,3,391,1987,16,2,1,2
Ferrari,6,391,1987,7,4,0,3
Ferrari,6,391,1987,7,4,0,4
Tyrrell,25,391,1987,0,10,0,5
March,37,391,1987,0,14,0,6
Zakspeed,48,391,1987,2,7,0,7
Benetton,22,391,1987,2,8,0,8
McLaren,1,391,1987,31,1,2,9
Team Lotus,32,391,1987,9,3,0,10
Ligier,27,391,1987,1,9,0,11
Ligier,27,391,1987,1,9,0,12
AGS,39,391,1987,0,12,0,13
Team Lotus,32,392,1987,18,3,1,1
Williams,3,392,1987,22,2,1,2
McLaren,1,392,1987,31,1,2,3
Ferrari,6,392,1987,14,4,0,4
Williams,3,392,1987,22,2,1,5
Arrows,21,392,1987,3,6,0,6
McLaren,1,392,1987,31,1,2,7
Zakspeed,48,392,1987,2,7,0,8
Brabham,34,392,1987,4,5,0,9
Ligier,27,392,1987,1,10,0,10
Tyrrell,25,392,1987,2,8,0,11
AGS,39,392,1987,0,13,0,12
Williams,3,393,1987,30,2,1,1
Williams,3,393,1987,30,2,1,2
McLaren,1,393,1987,35,1,2,3
Team Lotus,32,393,1987,27,3,2,4
Benetton,22,393,1987,2,9,0,5
Tyrrell,25,393,1987,2,8,0,6
Tyrrell,25,393,1987,2,8,0,7
McLaren,1,393,1987,35,1,2,8
AGS,39,393,1987,0,13,0,9
Williams,3,394,1987,45,1,2,1
Williams,3,394,1987,45,1,2,2
Team Lotus,32,394,1987,30,3,2,3
Team Lotus,32,394,1987,30,3,2,4
Arrows,21,394,1987,4,6,0,5
Benetton,22,394,1987,4,7,0,6
Benetton,22,394,1987,4,7,0,7
Tyrrell,25,394,1987,3,8,0,8
AGS,39,394,1987,0,13,0,9
Williams,3,395,1987,60,1,3,1
McLaren,1,395,1987,39,2,2,2
Team Lotus,32,395,1987,37,3,2,3
Tyrrell,25,395,1987,3,8,0,4
Tyrrell,25,395,1987,3,8,0,5
Larrousse,33,395,1987,0,12,0,6
McLaren,1,395,1987,39,2,2,7
Williams,3,396,1987,69,1,4,1
Team Lotus,32,396,1987,41,3,2,2
McLaren,1,396,1987,45,2,2,3
Benetton,22,396,1987,5,7,0,4
Brabham,34,396,1987,4,8,0,5
Arrows,21,396,1987,6,6,0,6
Tyrrell,25,396,1987,8,5,0,7
Arrows,21,396,1987,6,6,0,8
Tyrrell,25,396,1987,8,5,0,9
March,37,396,1987,1,12,0,10
Minardi,18,396,1987,0,15,0,11
Ligier,27,396,1987,1,10,0,12
AGS,39,396,1987,0,13,0,13
Williams,3,396,1987,69,1,4,14
Williams,3,397,1987,78,1,5,1
Williams,3,397,1987,78,1,5,2
Benetton,22,397,1987,8,6,0,3
Benetton,22,397,1987,8,6,0,4
Team Lotus,32,397,1987,47,3,2,5
McLaren,1,397,1987,49,2,2,6
McLaren,1,397,1987,49,2,2,7
Ligier,27,397,1987,1,10,0,8
Zakspeed,48,397,1987,2,9,0,9
Ligier,27,397,1987,1,10,0,10
March,37,397,1987,1,12,0,11
Larrousse,33,397,1987,1,11,0,12
Team Lotus,32,397,1987,47,3,2,13
Tyrrell,25,397,1987,8,5,0,14
Williams,3,398,1987,93,1,6,1
Team Lotus,32,398,1987,49,3,2,2
Williams,3,398,1987,93,1,6,3
Ferrari,6,398,1987,17,4,0,4
Benetton,22,398,1987,15,5,0,5
McLaren,1,398,1987,50,2,2,6
Benetton,22,398,1987,15,5,0,7
Ligier,27,398,1987,1,10,0,8
Zakspeed,48,398,1987,2,9,0,9
Ligier,27,398,1987,1,10,0,10
Team Lotus,32,398,1987,49,3,2,11
Tyrrell,25,398,1987,8,6,0,12
March,37,398,1987,1,12,0,13
Tyrrell,25,398,1987,8,6,0,14
McLaren,1,398,1987,50,2,2,15
Minardi,18,398,1987,0,14,0,16
McLaren,1,399,1987,51,3,2,1
Ferrari,6,399,1987,20,4,0,2
Williams,3,399,1987,106,1,7,3
Benetton,22,399,1987,17,5,0,4
McLaren,1,399,1987,51,3,2,5
Arrows,21,399,1987,7,7,0,6
Team Lotus,32,399,1987,55,2,2,7
Team Lotus,32,399,1987,55,2,2,8
March,37,399,1987,1,12,0,9
Tyrrell,25,399,1987,8,6,0,10
Minardi,18,399,1987,0,14,0,11
Tyrrell,25,399,1987,8,6,0,12
Arrows,21,399,1987,7,7,0,13
Benetton,22,399,1987,17,5,0,14
Williams,3,400,1987,110,1,7,1
McLaren,1,400,1987,62,2,3,2
McLaren,1,400,1987,62,2,3,3
Williams,3,400,1987,110,1,7,4
Team Lotus,32,400,1987,55,3,2,5
Larrousse,33,400,1987,1,11,0,6
Tyrrell,25,400,1987,8,6,0,7
Arrows,21,400,1987,8,7,0,8
Team Lotus,32,400,1987,55,3,2,9
Arrows,21,400,1987,8,7,0,10
Zakspeed,48,400,1987,2,9,0,11
March,37,400,1987,1,12,0,12
Brabham,34,400,1987,6,8,0,13
Minardi,18,400,1987,0,14,0,14
Ferrari,6,400,1987,26,4,0,15
Benetton,22,400,1987,20,5,0,16
Williams,3,401,1987,122,1,8,1
Williams,3,401,1987,122,1,8,2
Brabham,34,401,1987,6,8,0,3
Arrows,21,401,1987,8,7,0,4
Benetton,22,401,1987,20,5,0,5
Larrousse,33,401,1987,2,10,0,6
Tyrrell,25,401,1987,8,6,0,7
Tyrrell,25,401,1987,8,6,0,8
Larrousse,33,401,1987,2,10,0,9
Ferrari,6,402,1987,26,4,0,1
Team Lotus,32,402,1987,57,3,2,2
McLaren,1,402,1987,72,2,3,3
Ferrari,6,402,1987,26,4,0,4
Benetton,22,402,1987,22,5,0,5
Team Lotus,32,402,1987,57,3,2,6
McLaren,1,402,1987,72,2,3,7
Tyrrell,25,402,1987,8,8,0,8
Arrows,21,402,1987,11,6,0,9
Arrows,21,402,1987,11,6,0,10
Brabham,34,402,1987,10,7,0,11
Tyrrell,25,402,1987,8,8,0,12
Ligier,27,402,1987,1,11,0,13
Larrousse,33,402,1987,3,9,0,14
Williams,3,402,1987,137,1,9,15
Ferrari,6,403,1987,38,4,1,1
Ferrari,6,403,1987,38,4,1,2
Benetton,22,403,1987,24,5,0,3
Tyrrell,25,403,1987,8,8,0,4
Larrousse,33,403,1987,3,9,0,5
AGS,39,403,1987,0,13,0,6
Zakspeed,48,403,1987,2,10,0,7
Brabham,34,403,1987,10,7,0,8
Williams,3,403,1987,137,1,9,9
Team Lotus,32,405,1986,6,3,0,1
Williams,3,405,1986,9,1,1,2
McLaren,1,405,1986,0,9,0,3
McLaren,1,405,1986,0,9,0,4
Benetton,22,405,1986,1,5,0,5
Benetton,22,405,1986,1,5,0,6
Arrows,21,405,1986,0,7,0,7
Lola,26,405,1986,0,11,0,8
McLaren,1,406,1986,7,4,0,1
Williams,3,406,1986,15,2,1,2
Benetton,22,406,1986,4,5,0,3
Ferrari,6,406,1986,0,10,0,4
McLaren,1,406,1986,7,4,0,5
Brabham,34,406,1986,0,8,0,6
Arrows,21,406,1986,0,7,0,7
Tyrrell,25,406,1986,2,6,0,8
Arrows,21,406,1986,0,7,0,9
Ferrari,6,406,1986,0,10,0,10
McLaren,1,407,1986,18,2,1,1
McLaren,1,407,1986,18,2,1,2
Team Lotus,32,407,1986,15,3,1,3
Williams,3,407,1986,21,1,1,4
Ligier,27,407,1986,7,5,0,5
Ligier,27,407,1986,7,5,0,6
Williams,3,407,1986,21,1,1,7
Arrows,21,407,1986,0,9,0,8
Arrows,21,407,1986,0,9,0,9
Ferrari,6,407,1986,3,6,0,10
Tyrrell,25,407,1986,2,7,0,11
Zakspeed,48,407,1986,0,12,0,12
Williams,3,408,1986,24,2,1,1
Team Lotus,32,408,1986,19,3,1,2
Ferrari,6,408,1986,3,6,0,3
Ferrari,6,408,1986,3,6,0,4
Ligier,27,408,1986,10,4,0,5
McLaren,1,408,1986,33,1,2,6
Benetton,22,408,1986,8,5,0,7
Brabham,34,408,1986,1,8,0,8
Arrows,21,408,1986,0,9,0,9
Benetton,22,408,1986,8,5,0,10
Lola,26,408,1986,0,10,0,11
Tyrrell,25,408,1986,2,7,0,12
Zakspeed,48,408,1986,0,11,0,13
Williams,3,409,1986,33,2,2,1
McLaren,1,409,1986,34,1,2,2
Williams,3,409,1986,33,2,2,3
McLaren,1,409,1986,34,1,2,4
Team Lotus,32,409,1986,25,3,1,5
Ligier,27,409,1986,12,4,0,6
Ligier,27,409,1986,12,4,0,7
Ferrari,6,409,1986,10,5,0,8
Tyrrell,25,409,1986,2,7,0,9
Lola,26,409,1986,0,10,0,10
Tyrrell,25,409,1986,2,7,0,11
Zakspeed,48,409,1986,0,11,0,12
Team Lotus,32,410,1986,27,3,1,1
Ligier,27,410,1986,13,4,0,2
McLaren,1,410,1986,43,2,2,3
Ferrari,6,410,1986,10,5,0,4
Williams,3,410,1986,46,1,3,5
Brabham,34,410,1986,1,8,0,6
Team Lotus,32,410,1986,27,3,1,7
Zakspeed,48,410,1986,0,11,0,8
Tyrrell,25,410,1986,2,7,0,9
Brabham,34,410,1986,1,8,0,10
Williams,3,411,1986,48,1,3,1
McLaren,1,411,1986,47,2,2,2
Williams,3,411,1986,48,1,3,3
McLaren,1,411,1986,47,2,2,4
Ligier,27,411,1986,19,4,0,5
Ligier,27,411,1986,19,4,0,6
Brabham,34,411,1986,2,8,0,7
Ferrari,6,411,1986,13,5,0,8
Brabham,34,411,1986,2,8,0,9
Tyrrell,25,411,1986,2,7,0,10
Arrows,21,411,1986,0,9,0,11
Williams,3,412,1986,61,1,4,1
Williams,3,412,1986,61,1,4,2
McLaren,1,412,1986,56,2,2,3
Ligier,27,412,1986,22,4,0,4
Tyrrell,25,412,1986,2,7,0,5
Tyrrell,25,412,1986,2,7,0,6
Team Lotus,32,412,1986,36,3,2,7
Brabham,34,412,1986,2,8,0,8
Zakspeed,48,412,1986,0,11,0,9
Williams,3,413,1986,76,1,5,1
Team Lotus,32,413,1986,36,3,2,2
Williams,3,413,1986,76,1,5,3
Ligier,27,413,1986,25,4,0,4
McLaren,1,413,1986,60,2,2,5
McLaren,1,413,1986,60,2,2,6
Brabham,34,413,1986,2,8,0,7
Lola,26,413,1986,0,11,0,8
Lola,26,413,1986,0,11,0,9
Benetton,22,413,1986,8,6,0,10
Ferrari,6,413,1986,13,5,0,11
Osella,44,413,1986,0,12,0,12
Williams,3,414,1986,89,1,6,1
Team Lotus,32,414,1986,42,3,2,2
Williams,3,414,1986,89,1,6,3
Ferrari,6,414,1986,13,5,0,4
Team Lotus,32,414,1986,42,3,2,5
Tyrrell,25,414,1986,5,7,0,6
Lola,26,414,1986,0,10,0,7
Tyrrell,25,414,1986,5,7,0,8
Ligier,27,414,1986,28,4,0,9
Zakspeed,48,414,1986,0,11,0,10
McLaren,1,415,1986,63,2,2,1
Ferrari,6,415,1986,16,5,0,2
Ferrari,6,415,1986,16,5,0,3
Lola,26,415,1986,0,10,0,4
Lola,26,415,1986,0,10,0,5
Arrows,21,415,1986,0,9,0,6
Benetton,22,415,1986,8,6,0,7
Zakspeed,48,415,1986,0,11,0,8
McLaren,1,415,1986,63,2,2,9
Ligier,27,415,1986,28,4,0,10
Osella,44,415,1986,0,12,0,11
Williams,3,416,1986,102,1,7,1
Williams,3,416,1986,102,1,7,2
Ferrari,6,416,1986,26,5,0,3
McLaren,1,416,1986,72,2,3,4
Benetton,22,416,1986,8,6,0,5
Lola,26,416,1986,5,8,0,6
Arrows,21,416,1986,1,10,0,7
Arrows,21,416,1986,1,10,0,8
Tyrrell,25,416,1986,6,7,0,9
Tyrrell,25,416,1986,6,7,0,10
Williams,3,417,1986,117,1,8,1
McLaren,1,417,1986,75,2,3,2
Williams,3,417,1986,117,1,8,3
Team Lotus,32,417,1986,50,3,2,4
Ferrari,6,417,1986,30,4,0,5
Ferrari,6,417,1986,30,4,0,6
Ligier,27,417,1986,28,5,0,7
Benetton,22,417,1986,10,6,0,8
Team Lotus,32,417,1986,50,3,2,9
Arrows,21,417,1986,1,10,0,10
Arrows,21,417,1986,1,10,0,11
Zakspeed,48,417,1986,0,11,0,12
Osella,44,417,1986,0,12,0,13
Benetton,22,418,1986,10,6,0,1
McLaren,1,418,1986,81,2,3,2
Team Lotus,32,418,1986,53,3,2,3
Williams,3,418,1986,130,1,9,4
Williams,3,418,1986,130,1,9,5
Ligier,27,418,1986,28,5,0,6
Arrows,21,418,1986,1,10,0,7
Minardi,18,418,1986,0,13,0,8
Arrows,21,418,1986,1,10,0,9
Zakspeed,48,418,1986,0,11,0,10
Tyrrell,25,418,1986,6,8,0,11
Ferrari,6,418,1986,33,4,0,12
Brabham,34,418,1986,2,9,0,13
Minardi,18,418,1986,0,13,0,14
Ligier,27,418,1986,28,5,0,15
Osella,44,418,1986,0,12,0,16
McLaren,1,419,1986,87,2,3,1
Williams,3,419,1986,135,1,9,2
Ferrari,6,419,1986,33,4,0,3
Tyrrell,25,419,1986,6,8,0,4
Tyrrell,25,419,1986,6,8,0,5
Team Lotus,32,419,1986,57,3,2,6
Ligier,27,419,1986,29,5,0,7
Ligier,27,419,1986,29,5,0,8
Zakspeed,48,419,1986,0,11,0,9
Benetton,22,419,1986,19,6,1,10
Team Lotus,32,421,1985,4,3,0,1
Ferrari,6,421,1985,9,2,0,2
Renault,4,421,1985,2,4,0,3
Team Lotus,32,421,1985,4,3,0,4
Williams,3,421,1985,0,12,0,5
Tyrrell,25,421,1985,0,6,0,6
Renault,4,421,1985,2,4,0,7
Ferrari,6,421,1985,9,2,0,8
Osella,44,421,1985,0,9,0,9
Team Lotus,32,422,1985,16,1,1,1
Arrows,21,422,1985,0,10,0,2
Renault,4,422,1985,6,4,0,3
McLaren,1,422,1985,9,3,1,4
Williams,3,422,1985,2,5,0,5
Ferrari,6,422,1985,15,2,0,6
Team Lotus,32,422,1985,16,1,1,7
Brabham,34,422,1985,0,12,0,8
Tyrrell,25,422,1985,1,6,0,9
Renault,4,422,1985,6,4,0,10
McLaren,1,423,1985,12,3,1,1
Ferrari,6,423,1985,16,2,0,2
Team Lotus,32,423,1985,25,1,2,3
Ligier,27,423,1985,1,8,0,4
Renault,4,423,1985,10,4,0,5
Ligier,27,423,1985,1,8,0,6
Williams,3,423,1985,4,6,0,7
Williams,3,423,1985,4,6,0,8
Arrows,21,423,1985,6,5,0,9
Tyrrell,25,423,1985,1,7,0,10
Zakspeed,48,423,1985,0,15,0,11
Ferrari,6,424,1985,22,2,0,1
Ferrari,6,424,1985,22,2,0,2
McLaren,1,424,1985,21,3,2,3
Williams,3,424,1985,4,7,0,4
Team Lotus,32,424,1985,29,1,2,5
Williams,3,424,1985,4,7,0,6
Renault,4,424,1985,12,4,0,7
Ligier,27,424,1985,5,6,0,8
Arrows,21,424,1985,6,5,0,9
Alfa Romeo,50,424,1985,0,13,0,10
Tyrrell,25,424,1985,1,8,0,11
Tyrrell,25,424,1985,1,8,0,12
Arrows,21,424,1985,6,5,0,13
Ligier,27,424,1985,5,6,0,14
Brabham,34,424,1985,0,9,0,15
Team Lotus,32,424,1985,29,1,2,16
Alfa Romeo,50,424,1985,0,13,0,17
Williams,3,425,1985,8,5,0,1
Ferrari,6,425,1985,37,1,1,2
Ferrari,6,425,1985,37,1,1,3
Tyrrell,25,425,1985,1,8,0,4
Team Lotus,32,425,1985,31,2,2,5
Brabham,34,425,1985,0,9,0,6
Arrows,21,425,1985,6,6,0,7
Brabham,34,425,1985,0,9,0,8
Alfa Romeo,50,425,1985,0,12,0,9
Ligier,27,425,1985,5,7,0,10
Arrows,21,425,1985,6,6,0,11
Ligier,27,425,1985,5,7,0,12
Brabham,34,426,1985,1,9,0,1
Williams,3,426,1985,17,4,1,2
McLaren,1,426,1985,25,3,2,3
Ferrari,6,426,1985,47,1,1,4
Team Lotus,32,426,1985,33,2,2,5
Renault,4,426,1985,12,5,0,6
Renault,4,426,1985,12,5,0,7
Brabham,34,426,1985,1,9,0,8
Arrows,21,426,1985,6,6,0,9
Alfa Romeo,50,426,1985,0,10,0,10
Alfa Romeo,50,426,1985,0,10,0,11
RAM,49,426,1985,0,12,0,12
Tyrrell,25,426,1985,4,8,0,13
Toleman,52,426,1985,0,14,0,14
Osella,44,426,1985,0,11,0,15
McLaren,1,427,1985,29,3,2,1
Ferrari,6,427,1985,50,1,1,2
Ligier,27,427,1985,5,8,0,3
Brabham,34,427,1985,10,6,1,4
Renault,4,427,1985,13,5,0,5
Brabham,34,427,1985,10,6,1,6
Tyrrell,25,427,1985,4,9,0,7
Arrows,21,427,1985,6,7,0,8
Alfa Romeo,50,427,1985,0,10,0,9
Team Lotus,32,427,1985,35,2,2,10
Tyrrell,25,427,1985,4,9,0,11
Ferrari,6,428,1985,56,1,1,1
McLaren,1,428,1985,38,2,3,2
Ligier,27,428,1985,9,7,0,3
Arrows,21,428,1985,6,8,0,4
McLaren,1,428,1985,38,2,3,5
Williams,3,428,1985,23,4,1,6
Arrows,21,428,1985,6,8,0,7
Tyrrell,25,428,1985,4,9,0,8
Ferrari,6,428,1985,56,1,1,9
Tyrrell,25,428,1985,4,9,0,10
Minardi,18,428,1985,0,15,0,11
Williams,3,428,1985,23,4,1,12
McLaren,1,429,1985,46,2,3,1
Team Lotus,32,429,1985,35,3,2,2
Ferrari,6,429,1985,65,1,2,3
Ferrari,6,429,1985,65,1,2,4
Team Lotus,32,429,1985,35,3,2,5
Brabham,34,429,1985,14,6,1,6
Tyrrell,25,429,1985,4,9,0,7
Arrows,21,429,1985,9,8,0,8
Osella,44,429,1985,0,12,0,9
Renault,4,429,1985,15,5,0,10
McLaren,1,430,1985,55,2,4,1
McLaren,1,430,1985,55,2,4,2
Team Lotus,32,430,1985,43,3,2,3
Ferrari,6,430,1985,72,1,2,4
Team Lotus,32,430,1985,43,3,2,5
Williams,3,430,1985,24,4,1,6
Tyrrell,25,430,1985,4,9,0,7
Brabham,34,430,1985,15,5,1,8
Arrows,21,430,1985,9,8,0,9
Brabham,34,430,1985,15,5,1,10
McLaren,1,431,1985,70,2,5,1
Brabham,34,431,1985,15,5,1,2
Team Lotus,32,431,1985,49,3,2,3
Brabham,34,431,1985,15,5,1,4
Ferrari,6,431,1985,75,1,2,5
Team Lotus,32,431,1985,49,3,2,6
Renault,4,431,1985,15,6,0,7
Tyrrell,25,431,1985,4,9,0,8
Arrows,21,431,1985,9,8,0,9
Ligier,27,431,1985,13,7,0,10
Williams,3,431,1985,25,4,1,11
Toleman,52,431,1985,0,15,0,12
Ferrari,6,431,1985,75,1,2,13
Team Lotus,32,432,1985,54,3,2,1
Williams,3,432,1985,25,4,1,2
McLaren,1,432,1985,79,1,6,3
Williams,3,432,1985,25,4,1,4
Brabham,34,432,1985,24,5,1,5
Renault,4,432,1985,15,6,0,6
Arrows,21,432,1985,9,8,0,7
Brabham,34,432,1985,24,5,1,8
Ligier,27,432,1985,13,7,0,9
Arrows,21,432,1985,9,8,0,10
Ligier,27,432,1985,13,7,0,11
Minardi,18,432,1985,0,13,0,12
Tyrrell,25,432,1985,4,9,0,13
Williams,3,433,1985,34,4,1,1
Team Lotus,32,433,1985,63,3,3,2
Williams,3,433,1985,34,4,1,3
McLaren,1,433,1985,83,1,6,4
Team Lotus,32,433,1985,63,3,3,5
Arrows,21,433,1985,9,8,0,6
McLaren,1,433,1985,83,1,6,7
Ligier,27,433,1985,13,7,0,8
Alfa Romeo,50,433,1985,0,10,0,9
Arrows,21,433,1985,9,8,0,10
Alfa Romeo,50,433,1985,0,10,0,11
Renault,4,433,1985,16,6,0,12
Brabham,34,433,1985,26,5,1,13
Williams,3,434,1985,47,4,2,1
Williams,3,434,1985,47,4,2,2
McLaren,1,434,1985,86,1,6,3
Ferrari,6,434,1985,77,2,2,4
Arrows,21,434,1985,10,8,0,5
Arrows,21,434,1985,10,8,0,6
Tyrrell,25,434,1985,4,9,0,7
Williams,3,435,1985,62,4,3,1
Ligier,27,435,1985,13,8,0,2
Ligier,27,435,1985,13,8,0,3
Tyrrell,25,435,1985,4,9,0,4
Ferrari,6,435,1985,80,2,2,5
Arrows,21,435,1985,13,7,0,6
Osella,44,435,1985,0,11,0,7
Minardi,18,435,1985,0,13,0,8
McLaren,1,437,1984,9,1,1,1
McLaren,1,437,1984,9,1,1,2
Renault,4,437,1984,2,5,0,3
Alfa Romeo,50,437,1984,3,4,0,4
Ligier,27,437,1984,0,8,0,5
Toleman,52,437,1984,0,12,0,6
Team Lotus,32,437,1984,4,3,0,7
Spirit,51,437,1984,0,13,0,8
Arrows,21,437,1984,1,6,0,9
Ligier,27,437,1984,0,8,0,10
Ferrari,6,437,1984,0,10,0,11
Arrows,21,437,1984,1,6,0,12
Ferrari,6,438,1984,0,11,0,1
Renault,4,438,1984,6,3,0,2
Ferrari,6,438,1984,0,11,0,3
Williams,3,438,1984,6,2,0,4
Team Lotus,32,438,1984,4,5,0,5
Toleman,52,438,1984,1,8,0,6
Renault,4,438,1984,6,3,0,7
Arrows,21,438,1984,1,7,0,8
Brabham,34,438,1984,0,13,0,9
RAM,49,438,1984,0,9,0,10
McLaren,1,439,1984,24,1,2,1
Ferrari,6,439,1984,13,2,1,2
Team Lotus,32,439,1984,6,5,0,3
Renault,4,439,1984,12,3,0,4
Arrows,21,439,1984,1,9,0,5
Ligier,27,439,1984,2,7,0,6
Alfa Romeo,50,439,1984,6,6,0,7
Spirit,51,439,1984,0,11,0,8
RAM,49,439,1984,0,10,0,9
McLaren,1,440,1984,33,1,3,1
Renault,4,440,1984,15,3,0,2
Team Lotus,32,440,1984,10,4,0,3
Ferrari,6,440,1984,19,2,1,4
Team Lotus,32,440,1984,10,4,0,5
Williams,3,440,1984,9,5,0,6
McLaren,1,440,1984,33,1,3,7
Williams,3,440,1984,9,5,0,8
Brabham,34,440,1984,0,12,0,9
Ligier,27,440,1984,3,8,0,10
Arrows,21,440,1984,3,7,0,11
Osella,44,440,1984,0,15,0,12
RAM,49,440,1984,0,11,0,13
McLaren,1,441,1984,42,1,4,1
Toleman,52,441,1984,2,9,0,2
Ferrari,6,441,1984,22,2,1,3
Williams,3,441,1984,10,5,0,4
Team Lotus,32,441,1984,16,4,0,5
Ferrari,6,441,1984,22,2,1,6
Osella,44,441,1984,0,13,0,7
Williams,3,441,1984,10,5,0,8
Brabham,34,442,1984,0,13,0,1
McLaren,1,442,1984,46,1,5,2
McLaren,1,442,1984,46,1,5,3
Team Lotus,32,442,1984,17,4,0,4
Ferrari,6,442,1984,24,2,1,5
Team Lotus,32,442,1984,17,4,0,6
Toleman,52,442,1984,5,7,0,7
ATS,53,442,1984,0,14,0,8
Toleman,52,442,1984,5,7,0,9
RAM,49,442,1984,0,12,0,10
Alfa Romeo,50,442,1984,6,6,0,11
Brabham,34,443,1984,9,6,1,1
Team Lotus,32,443,1984,21,4,0,2
Brabham,34,443,1984,9,6,1,3
McLaren,1,443,1984,56,1,5,4
Williams,3,443,1984,11,5,0,5
Williams,3,444,1984,13,6,0,1
Ferrari,6,444,1984,26,3,1,2
Team Lotus,32,444,1984,27,2,0,3
Williams,3,444,1984,13,6,0,4
Osella,44,444,1984,0,11,0,5
Team Lotus,32,444,1984,27,2,0,6
Brabham,34,444,1984,22,4,2,7
ATS,53,444,1984,0,14,0,8
McLaren,1,445,1984,59,1,5,1
Renault,4,445,1984,21,6,0,2
Toleman,52,445,1984,5,8,0,3
Team Lotus,32,445,1984,32,3,0,4
Ferrari,6,445,1984,32,2,1,5
Ferrari,6,445,1984,32,2,1,6
Brabham,34,445,1984,22,5,2,7
Renault,4,445,1984,21,6,0,8
Osella,44,445,1984,2,11,0,9
Ligier,27,445,1984,3,10,0,10
Arrows,21,445,1984,3,9,0,11
Alfa Romeo,50,445,1984,6,7,0,12
McLaren,1,446,1984,68,1,6,1
McLaren,1,446,1984,68,1,6,2
Renault,4,446,1984,27,4,0,3
Team Lotus,32,446,1984,35,3,0,4
Renault,4,446,1984,27,4,0,5
Ferrari,6,446,1984,35,2,1,6
Ligier,27,446,1984,3,10,0,7
Ligier,27,446,1984,3,10,0,8
Spirit,51,446,1984,0,12,0,9
McLaren,1,447,1984,83,1,7,1
Brabham,34,447,1984,22,6,2,2
Ferrari,6,447,1984,36,3,1,3
Brabham,34,447,1984,22,6,2,4
Arrows,21,447,1984,3,9,0,5
Arrows,21,447,1984,3,9,0,6
Ferrari,6,447,1984,36,3,1,7
Ligier,27,447,1984,3,10,0,8
RAM,49,447,1984,0,14,0,9
Alfa Romeo,50,447,1984,6,8,0,10
RAM,49,447,1984,0,14,0,11
ATS,53,447,1984,0,13,0,12
McLaren,1,448,1984,92,1,8,1
McLaren,1,448,1984,92,1,8,2
Team Lotus,32,448,1984,38,3,0,3
Team Lotus,32,448,1984,38,3,0,4
Brabham,34,448,1984,31,5,2,5
Renault,4,448,1984,33,4,0,6
Ligier,27,448,1984,3,10,0,7
Williams,3,448,1984,25,6,1,8
RAM,49,448,1984,0,14,0,9
RAM,49,448,1984,0,14,0,10
Ferrari,6,448,1984,40,2,1,11
Osella,44,448,1984,2,11,0,12
Alfa Romeo,50,448,1984,6,8,0,13
McLaren,1,449,1984,107,1,9,1
Ferrari,6,449,1984,40,3,1,2
Alfa Romeo,50,449,1984,6,8,0,3
Toleman,52,449,1984,9,7,0,4
Osella,44,449,1984,2,11,0,5
ATS,53,449,1984,0,13,0,6
Osella,44,449,1984,2,11,0,7
Spirit,51,449,1984,0,12,0,8
Alfa Romeo,50,449,1984,6,8,0,9
Arrows,21,449,1984,6,9,0,10
McLaren,1,450,1984,116,1,10,1
Ferrari,6,450,1984,46,2,1,2
Brabham,34,450,1984,33,5,2,3
McLaren,1,450,1984,116,1,10,4
Ferrari,6,450,1984,46,2,1,5
Alfa Romeo,50,450,1984,10,8,0,6
Ligier,27,450,1984,3,10,0,7
Spirit,51,450,1984,0,13,0,8
Arrows,21,450,1984,6,9,0,9
Ligier,27,450,1984,3,10,0,10
Renault,4,450,1984,34,4,0,11
McLaren,1,451,1984,128,1,11,1
McLaren,1,451,1984,128,1,11,2
Toleman,52,451,1984,12,7,0,3
Ferrari,6,451,1984,54,2,1,4
Team Lotus,32,451,1984,45,3,0,5
Brabham,34,451,1984,37,4,2,6
Renault,4,451,1984,34,5,0,7
Alfa Romeo,50,451,1984,11,8,0,8
Ferrari,6,451,1984,54,2,1,9
Brabham,34,451,1984,37,4,2,10
Toleman,52,451,1984,12,7,0,11
Ligier,27,451,1984,3,10,0,12
ATS,53,451,1984,0,12,0,13
Williams,3,451,1984,25,6,1,14
Spirit,51,451,1984,0,13,0,15
Osella,44,451,1984,2,11,0,16
Alfa Romeo,50,451,1984,11,8,0,17
McLaren,1,453,1983,4,2,0,1
McLaren,1,453,1983,4,2,0,2
Ferrari,6,453,1983,2,4,0,3
Williams,3,453,1983,3,3,0,4
Arrows,21,453,1983,1,5,0,5
Theodore,54,453,1983,0,10,0,6
Ligier,27,453,1983,0,13,0,7
Tyrrell,25,453,1983,0,8,0,8
Tyrrell,25,453,1983,0,8,0,9
Brabham,34,453,1983,9,1,1,10
Renault,4,453,1983,0,6,0,11
Team Lotus,32,453,1983,0,9,0,12
Renault,4,453,1983,0,6,0,13
Renault,4,454,1983,0,7,0,1
Brabham,34,454,1983,9,2,1,2
Renault,4,454,1983,0,7,0,3
Ferrari,6,454,1983,6,3,0,4
Williams,3,454,1983,6,4,0,5
Williams,3,454,1983,6,4,0,6
Ferrari,6,454,1983,6,3,0,7
Tyrrell,25,454,1983,0,9,0,8
Ligier,27,454,1983,0,8,0,9
Arrows,21,454,1983,3,5,0,10
Theodore,54,454,1983,1,6,0,11
Alfa Romeo,50,454,1983,0,14,0,12
Toleman,52,454,1983,0,10,0,13
Ferrari,6,455,1983,9,4,0,1
Renault,4,455,1983,13,3,1,2
Ferrari,6,455,1983,9,4,0,3
Williams,3,455,1983,9,5,0,4
McLaren,1,455,1983,19,1,1,5
Arrows,21,455,1983,3,6,0,6
Williams,3,455,1983,9,5,0,7
Arrows,21,455,1983,3,6,0,8
Ligier,27,455,1983,0,8,0,9
Alfa Romeo,50,455,1983,0,12,0,10
ATS,53,455,1983,0,14,0,11
Team Lotus,32,455,1983,0,11,0,12
Williams,3,456,1983,12,5,0,1
Brabham,34,456,1983,15,4,1,2
Renault,4,456,1983,19,3,1,3
Ferrari,6,456,1983,22,1,1,4
Tyrrell,25,456,1983,0,9,0,5
Alfa Romeo,50,456,1983,0,11,0,6
Arrows,21,456,1983,4,6,0,7
Renault,4,457,1983,23,2,1,1
Ferrari,6,457,1983,25,1,1,2
Renault,4,457,1983,23,2,1,3
Brabham,34,457,1983,21,3,1,4
Williams,3,457,1983,21,5,1,5
Williams,3,457,1983,21,5,1,6
Toleman,52,457,1983,0,11,0,7
Toleman,52,457,1983,0,11,0,8
Team Lotus,32,457,1983,0,13,0,9
Theodore,54,457,1983,1,9,0,10
Arrows,21,457,1983,4,6,0,11
Tyrrell,25,457,1983,2,7,0,12
Ligier,27,457,1983,0,10,0,13
Tyrrell,25,457,1983,2,7,0,14
Tyrrell,25,458,1983,2,7,0,1
Williams,3,458,1983,24,4,1,2
McLaren,1,458,1983,21,5,1,3
Brabham,34,458,1983,24,3,1,4
Williams,3,458,1983,24,4,1,5
Team Lotus,32,458,1983,0,12,0,6
Arrows,21,458,1983,4,6,0,7
Renault,4,458,1983,36,1,2,8
Toleman,52,458,1983,0,10,0,9
Ligier,27,458,1983,0,11,0,10
Arrows,21,458,1983,4,6,0,11
Alfa Romeo,50,458,1983,1,9,0,12
McLaren,1,458,1983,21,5,1,13
Ferrari,6,459,1983,31,3,1,1
Renault,4,459,1983,36,1,2,2
Ferrari,6,459,1983,31,3,1,3
Williams,3,459,1983,32,2,1,4
Renault,4,459,1983,36,1,2,5
McLaren,1,459,1983,25,5,1,6
Arrows,21,459,1983,4,7,0,7
Tyrrell,25,459,1983,11,6,1,8
ATS,53,459,1983,0,13,0,9
Alfa Romeo,50,459,1983,1,10,0,10
Renault,4,460,1983,44,1,2,1
Brabham,34,460,1983,27,4,1,2
Ferrari,6,460,1983,44,2,2,3
Team Lotus,32,460,1983,1,8,0,4
Ferrari,6,460,1983,44,2,2,5
McLaren,1,460,1983,26,5,1,6
Alfa Romeo,50,460,1983,1,9,0,7
Alfa Romeo,50,460,1983,1,9,0,8
McLaren,1,460,1983,26,5,1,9
Ligier,27,460,1983,0,12,0,10
Williams,3,460,1983,35,3,1,11
Williams,3,460,1983,35,3,1,12
Tyrrell,25,460,1983,11,6,1,13
Tyrrell,25,460,1983,11,6,1,14
Arrows,21,460,1983,4,7,0,15
Theodore,54,460,1983,1,10,0,16
Arrows,21,460,1983,4,7,0,17
Ferrari,6,461,1983,50,2,2,1
Alfa Romeo,50,461,1983,1,9,0,2
Brabham,34,461,1983,33,4,1,3
Renault,4,461,1983,53,1,3,4
McLaren,1,461,1983,27,5,1,5
Williams,3,461,1983,35,3,1,6
Arrows,21,461,1983,4,8,0,7
Ligier,27,461,1983,0,12,0,8
Arrows,21,461,1983,4,8,0,9
Williams,3,461,1983,35,3,1,10
Theodore,54,461,1983,1,10,0,11
Tyrrell,25,461,1983,11,6,1,12
Brabham,34,461,1983,33,4,1,13
Renault,4,462,1983,56,2,3,1
Ferrari,6,462,1983,59,1,3,2
Brabham,34,462,1983,37,3,1,3
Renault,4,462,1983,56,2,3,4
Team Lotus,32,462,1983,4,8,0,5
McLaren,1,462,1983,29,5,1,6
Ligier,27,462,1983,0,12,0,7
Williams,3,462,1983,36,4,1,8
McLaren,1,462,1983,29,5,1,9
Osella,44,462,1983,0,15,0,10
Osella,44,462,1983,0,15,0,11
Spirit,51,462,1983,0,16,0,12
Arrows,21,462,1983,4,9,0,13
Ferrari,6,463,1983,65,2,3,1
Ferrari,6,463,1983,65,2,3,2
McLaren,1,463,1983,30,5,1,3
Toleman,52,463,1983,0,12,0,4
Alfa Romeo,50,463,1983,7,7,0,5
Tyrrell,25,463,1983,11,6,1,6
Spirit,51,463,1983,0,15,0,7
Arrows,21,463,1983,4,9,0,8
Brabham,34,463,1983,41,3,1,9
Ligier,27,463,1983,0,11,0,10
Osella,44,463,1983,0,14,0,11
Theodore,54,463,1983,1,10,0,12
Toleman,52,463,1983,0,12,0,13
Arrows,21,463,1983,4,9,0,14
Brabham,34,464,1983,41,3,1,1
Ferrari,6,464,1983,80,1,4,2
Renault,4,464,1983,68,2,4,3
Ferrari,6,464,1983,80,1,4,4
Team Lotus,32,464,1983,6,8,0,5
Toleman,52,464,1983,3,10,0,6
Toleman,52,464,1983,3,10,0,7
Team Lotus,32,464,1983,6,8,0,8
Ligier,27,464,1983,0,12,0,9
Arrows,21,464,1983,4,9,0,10
Williams,3,464,1983,36,4,1,11
Theodore,54,464,1983,1,11,0,12
Theodore,54,464,1983,1,11,0,13
Brabham,34,465,1983,50,3,2,1
Renault,4,465,1983,72,2,4,2
Team Lotus,32,465,1983,8,8,0,3
Alfa Romeo,50,465,1983,9,7,0,4
Toleman,52,465,1983,4,9,0,5
Toleman,52,465,1983,4,9,0,6
Brabham,34,465,1983,50,3,2,7
ATS,53,465,1983,0,14,0,8
Ferrari,6,465,1983,89,1,4,9
Renault,4,465,1983,72,2,4,10
Arrows,21,465,1983,4,10,0,11
Theodore,54,465,1983,1,11,0,12
Williams,3,465,1983,36,4,1,13
Spirit,51,465,1983,0,13,0,14
Ligier,27,465,1983,0,12,0,15
Brabham,34,466,1983,59,3,3,1
Alfa Romeo,50,466,1983,12,7,0,2
Brabham,34,466,1983,59,3,3,3
Toleman,52,466,1983,7,9,0,4
Williams,3,466,1983,36,4,1,5
Renault,4,466,1983,78,2,4,6
Tyrrell,25,466,1983,12,6,1,7
Arrows,21,466,1983,4,10,0,8
Arrows,21,466,1983,4,10,0,9
Ligier,27,466,1983,0,12,0,10
McLaren,1,466,1983,34,5,1,11
RAM,49,466,1983,0,16,0,12
Renault,4,468,1982,13,1,1,1
McLaren,1,468,1982,4,3,0,2
Team Lotus,32,468,1982,0,5,0,3
Tyrrell,25,468,1982,0,4,0,4
ATS,53,468,1982,0,6,0,5
Ferrari,6,468,1982,0,11,0,6
Tyrrell,25,468,1982,0,4,0,7
March,37,468,1982,0,8,0,8
Osella,44,468,1982,0,15,0,9
Arrows,21,468,1982,0,16,0,10
McLaren,1,469,1982,10,2,0,1
Williams,3,469,1982,8,3,0,2
Brabham,34,469,1982,0,14,0,3
Tyrrell,25,469,1982,3,5,0,4
Team Lotus,32,469,1982,4,4,0,5
McLaren,1,469,1982,10,2,0,6
Team Lotus,32,469,1982,4,4,0,7
March,37,469,1982,0,8,0,8
March,37,469,1982,0,8,0,9
Tyrrell,25,469,1982,3,5,0,10
Ferrari,6,470,1982,1,8,0,1
Ferrari,6,470,1982,1,8,0,2
Tyrrell,25,470,1982,6,5,0,3
Osella,44,470,1982,0,10,0,4
ATS,53,470,1982,2,7,0,5
McLaren,1,471,1982,20,2,1,1
Williams,3,471,1982,14,4,0,2
Ligier,27,471,1982,0,16,0,3
Team Lotus,32,471,1982,6,6,0,4
Brabham,34,471,1982,4,7,0,5
Fittipaldi,55,471,1982,0,14,0,6
Arrows,21,471,1982,0,11,0,7
March,37,471,1982,0,10,0,8
Ligier,27,471,1982,0,16,0,9
Brabham,34,472,1982,6,7,0,1
Ferrari,6,472,1982,16,4,1,2
Alfa Romeo,50,472,1982,0,14,0,3
Team Lotus,32,472,1982,9,6,0,4
Team Lotus,32,472,1982,9,6,0,5
Williams,3,472,1982,20,3,0,6
Renault,4,472,1982,22,2,2,7
Tyrrell,25,472,1982,10,5,0,8
Arrows,21,472,1982,0,12,0,9
Tyrrell,25,472,1982,10,5,0,10
McLaren,1,473,1982,29,1,2,1
Ligier,27,473,1982,4,8,0,2
Ferrari,6,473,1982,22,3,1,3
Williams,3,473,1982,21,4,0,4
Williams,3,473,1982,21,4,0,5
Ligier,27,473,1982,4,8,0,6
March,37,473,1982,0,14,0,7
Arrows,21,473,1982,0,13,0,8
Tyrrell,25,473,1982,10,7,0,9
Renault,4,473,1982,22,2,2,10
Fittipaldi,55,473,1982,1,12,0,11
Brabham,34,474,1982,15,5,1,1
Brabham,34,474,1982,15,5,1,2
McLaren,1,474,1982,38,1,3,3
Team Lotus,32,474,1982,14,6,0,4
Arrows,21,474,1982,0,14,0,5
Alfa Romeo,50,474,1982,4,9,0,6
Williams,3,474,1982,26,3,0,7
Arrows,21,474,1982,0,14,0,8
Ferrari,6,474,1982,26,2,1,9
Ligier,27,474,1982,11,7,0,10
March,37,474,1982,0,13,0,11
Ferrari,6,475,1982,26,3,1,1
Brabham,34,475,1982,30,2,2,2
Williams,3,475,1982,26,4,0,3
McLaren,1,475,1982,42,1,3,4
Williams,3,475,1982,26,4,0,5
Arrows,21,475,1982,2,12,0,6
Tyrrell,25,475,1982,10,8,0,7
Ferrari,6,475,1982,26,3,1,8
McLaren,1,475,1982,42,1,3,9
Arrows,21,475,1982,2,12,0,10
Alfa Romeo,50,475,1982,5,9,0,11
ATS,53,475,1982,4,10,0,12
ATS,53,475,1982,4,10,0,13
Osella,44,475,1982,3,11,0,14
Brabham,34,475,1982,30,2,2,15
McLaren,1,476,1982,45,1,3,1
Ferrari,6,476,1982,35,3,2,2
Ferrari,6,476,1982,35,3,2,3
Team Lotus,32,476,1982,17,6,0,4
Williams,3,476,1982,32,4,0,5
Renault,4,476,1982,22,5,2,6
Alfa Romeo,50,476,1982,5,9,0,7
Tyrrell,25,476,1982,10,8,0,8
Arrows,21,476,1982,3,12,0,9
March,37,476,1982,0,14,0,10
Renault,4,477,1982,23,5,2,1
Renault,4,477,1982,23,5,2,2
Ferrari,6,477,1982,45,2,2,3
Ferrari,6,477,1982,45,2,2,4
Williams,3,477,1982,34,4,0,5
Tyrrell,25,477,1982,10,8,0,6
Williams,3,477,1982,34,4,0,7
McLaren,1,477,1982,54,1,4,8
Alfa Romeo,50,477,1982,5,9,0,9
Tyrrell,25,477,1982,10,8,0,10
ATS,53,477,1982,4,10,0,11
Team Lotus,32,477,1982,20,6,0,12
Arrows,21,477,1982,3,12,0,13
Ligier,27,477,1982,11,7,0,14
Toleman,52,477,1982,0,16,0,15
Ligier,27,477,1982,11,7,0,16
Ferrari,6,478,1982,52,2,2,1
Renault,4,478,1982,38,3,3,2
Williams,3,478,1982,36,5,0,3
Tyrrell,25,478,1982,11,8,0,4
Alfa Romeo,50,478,1982,5,9,0,5
Arrows,21,478,1982,3,12,0,6
Tyrrell,25,478,1982,11,8,0,7
Ensign,56,478,1982,0,17,0,8
Team Lotus,32,478,1982,20,6,0,9
Toleman,52,478,1982,0,16,0,10
Fittipaldi,55,478,1982,1,13,0,11
Team Lotus,32,479,1982,20,6,0,1
Williams,3,479,1982,40,4,0,2
Ligier,27,479,1982,11,8,0,3
Ferrari,6,479,1982,61,1,3,4
McLaren,1,479,1982,54,2,4,5
Arrows,21,479,1982,4,11,0,6
Fittipaldi,55,479,1982,1,13,0,7
Renault,4,479,1982,44,3,3,8
McLaren,1,479,1982,54,2,4,9
Williams,3,480,1982,46,3,0,1
Renault,4,480,1982,44,4,3,2
McLaren,1,480,1982,56,2,4,3
Brabham,34,480,1982,36,5,2,4
Brabham,34,480,1982,36,5,2,5
Team Lotus,32,480,1982,29,6,1,6
Tyrrell,25,480,1982,14,8,0,7
Team Lotus,32,480,1982,29,6,1,8
Williams,3,480,1982,46,3,0,9
Alfa Romeo,50,480,1982,7,9,0,10
Tyrrell,25,480,1982,14,8,0,11
Alfa Romeo,50,480,1982,7,9,0,12
McLaren,1,480,1982,56,2,4,13
ATS,53,480,1982,4,11,0,14
Arrows,21,480,1982,5,10,0,15
Renault,4,480,1982,44,4,3,16
Renault,4,481,1982,50,4,3,1
Ferrari,6,481,1982,64,1,3,2
Ferrari,6,481,1982,64,1,3,3
McLaren,1,481,1982,60,2,4,4
Tyrrell,25,481,1982,14,8,0,5
Ligier,27,481,1982,15,7,0,6
Team Lotus,32,481,1982,30,6,1,7
Williams,3,481,1982,55,3,1,8
ATS,53,481,1982,4,11,0,9
Alfa Romeo,50,481,1982,7,9,0,10
Fittipaldi,55,481,1982,1,13,0,11
Arrows,21,481,1982,5,10,0,12
Tyrrell,25,482,1982,16,8,0,1
McLaren,1,482,1982,63,2,4,2
Ligier,27,482,1982,16,7,0,3
Renault,4,482,1982,59,3,4,4
Williams,3,482,1982,55,4,1,5
Williams,3,482,1982,55,4,1,6
Arrows,21,482,1982,5,10,0,7
Tyrrell,25,482,1982,16,8,0,8
Alfa Romeo,50,482,1982,7,9,0,9
Alfa Romeo,50,482,1982,7,9,0,10
Arrows,21,482,1982,5,10,0,11
March,37,482,1982,0,14,0,12
March,37,482,1982,0,14,0,13
Williams,3,484,1981,15,1,1,1
Williams,3,484,1981,15,1,1,2
Arrows,21,484,1981,0,12,0,3
Ensign,56,484,1981,0,8,0,4
Team Lotus,32,484,1981,0,14,0,5
Ligier,27,484,1981,0,10,0,6
Ligier,27,484,1981,0,10,0,7
McLaren,1,484,1981,0,15,0,8
Fittipaldi,55,484,1981,0,6,0,9
Theodore,54,484,1981,1,5,0,10
Team Lotus,32,484,1981,0,14,0,11
Brabham,34,484,1981,4,2,0,12
Tyrrell,25,484,1981,2,4,0,13
Brabham,34,485,1981,4,2,0,1
Williams,3,485,1981,30,1,2,2
Renault,4,485,1981,0,11,0,3
Williams,3,485,1981,30,1,2,4
Renault,4,485,1981,0,11,0,5
Team Lotus,32,485,1981,2,6,0,6
Arrows,21,485,1981,4,3,0,7
Alfa Romeo,50,485,1981,3,5,0,8
Arrows,21,485,1981,4,3,0,9
Alfa Romeo,50,485,1981,3,5,0,10
McLaren,1,485,1981,0,12,0,11
ATS,53,485,1981,0,14,0,12
Tyrrell,25,485,1981,2,7,0,13
Brabham,34,486,1981,13,2,1,1
Arrows,21,486,1981,4,4,0,2
Williams,3,486,1981,39,1,2,3
Brabham,34,486,1981,13,2,1,4
Ferrari,6,486,1981,0,14,0,5
McLaren,1,486,1981,0,12,0,6
Ferrari,6,486,1981,0,14,0,7
Renault,4,486,1981,6,3,0,8
Ensign,56,486,1981,3,6,0,9
McLaren,1,486,1981,0,12,0,10
Theodore,54,486,1981,1,10,0,11
Williams,3,486,1981,39,1,2,12
ATS,53,486,1981,0,13,0,13
Williams,3,487,1981,43,1,2,1
Ligier,27,487,1981,1,10,0,2
Team Lotus,32,487,1981,3,7,0,3
Ferrari,6,487,1981,2,8,0,4
Team Lotus,32,487,1981,3,7,0,5
Tyrrell,25,487,1981,2,9,0,6
McLaren,1,487,1981,1,11,0,7
Ferrari,6,487,1981,2,8,0,8
Alfa Romeo,50,487,1981,3,5,0,9
Alfa Romeo,50,487,1981,3,5,0,10
Ensign,56,487,1981,3,6,0,11
Tyrrell,25,487,1981,2,9,0,12
Osella,44,487,1981,0,16,0,13
Ferrari,6,488,1981,5,7,0,1
Williams,3,488,1981,52,1,3,2
Ligier,27,488,1981,7,5,0,3
Ferrari,6,488,1981,5,7,0,4
Tyrrell,25,488,1981,3,10,0,5
Ensign,56,488,1981,3,9,0,6
Theodore,54,488,1981,1,12,0,7
Ferrari,6,489,1981,17,3,1,1
Ligier,27,489,1981,11,4,0,2
McLaren,1,489,1981,1,11,0,3
Williams,3,489,1981,58,1,3,4
Team Lotus,32,489,1981,9,6,0,5
Team Lotus,32,489,1981,9,6,0,6
Williams,3,489,1981,58,1,3,7
Alfa Romeo,50,489,1981,3,10,0,8
Renault,4,489,1981,6,7,0,9
Alfa Romeo,50,489,1981,3,10,0,10
Fittipaldi,55,489,1981,0,13,0,11
Fittipaldi,55,489,1981,0,13,0,12
Theodore,54,489,1981,1,12,0,13
Ensign,56,489,1981,4,9,0,14
Ferrari,6,489,1981,17,3,1,15
March,37,489,1981,0,16,0,16
Renault,4,490,1981,6,7,0,1
McLaren,1,490,1981,5,8,0,2
Brabham,34,490,1981,25,3,2,3
Renault,4,490,1981,6,7,0,4
Ferrari,6,490,1981,26,2,2,5
Team Lotus,32,490,1981,12,5,0,6
Team Lotus,32,490,1981,12,5,0,7
Alfa Romeo,50,490,1981,3,11,0,8
Brabham,34,490,1981,25,3,2,9
Williams,3,490,1981,61,1,3,10
McLaren,1,490,1981,5,8,0,11
Theodore,54,490,1981,1,12,0,12
Tyrrell,25,490,1981,5,9,0,13
Arrows,21,490,1981,10,6,0,14
Alfa Romeo,50,490,1981,3,11,0,15
Tyrrell,25,490,1981,5,9,0,16
Williams,3,490,1981,61,1,3,17
McLaren,1,491,1981,11,7,0,1
Williams,3,491,1981,61,1,3,2
Ligier,27,491,1981,17,5,0,3
Tyrrell,25,491,1981,5,9,0,4
Brabham,34,491,1981,29,2,2,5
ATS,53,491,1981,0,14,0,6
March,37,491,1981,0,16,0,7
Osella,44,491,1981,0,15,0,8
Renault,4,491,1981,18,4,1,9
Arrows,21,491,1981,10,8,0,10
Theodore,54,491,1981,1,12,0,11
Brabham,34,492,1981,31,2,2,1
Renault,4,492,1981,18,6,1,2
Ligier,27,492,1981,21,4,0,3
Brabham,34,492,1981,31,2,2,4
Tyrrell,25,492,1981,8,9,0,5
McLaren,1,492,1981,20,5,1,6
Team Lotus,32,492,1981,13,7,0,7
Osella,44,492,1981,0,16,0,8
Alfa Romeo,50,492,1981,3,11,0,9
Ferrari,6,492,1981,28,3,2,10
Williams,3,492,1981,67,1,3,11
Arrows,21,492,1981,10,8,0,12
Renault,4,492,1981,18,6,1,13
Theodore,54,492,1981,1,12,0,14
Alfa Romeo,50,492,1981,3,11,0,15
Ligier,27,493,1981,25,4,0,1
Renault,4,493,1981,24,5,1,2
Brabham,34,493,1981,43,2,3,3
Williams,3,493,1981,67,1,3,4
Williams,3,493,1981,67,1,3,5
McLaren,1,493,1981,21,6,1,6
Team Lotus,32,493,1981,13,7,0,7
McLaren,1,493,1981,21,6,1,8
Ferrari,6,493,1981,28,3,2,9
Osella,44,493,1981,0,16,0,10
March,37,493,1981,0,15,0,11
Renault,4,494,1981,30,4,1,1
Brabham,34,494,1981,47,2,3,2
Williams,3,494,1981,72,1,3,3
Brabham,34,494,1981,47,2,3,4
Team Lotus,32,494,1981,13,7,0,5
Ensign,56,494,1981,4,10,0,6
Arrows,21,494,1981,10,8,0,7
Theodore,54,494,1981,1,12,0,8
Tyrrell,25,494,1981,10,9,0,9
ATS,53,494,1981,1,13,0,10
Renault,4,495,1981,39,3,2,1
Williams,3,495,1981,76,1,3,2
Williams,3,495,1981,76,1,3,3
Team Lotus,32,495,1981,15,7,0,4
Ferrari,6,495,1981,28,5,2,5
Brabham,34,495,1981,56,2,3,6
McLaren,1,495,1981,22,6,1,7
Alfa Romeo,50,495,1981,3,11,0,8
Osella,44,495,1981,0,16,0,9
Toleman,52,495,1981,0,17,0,10
Ligier,27,496,1981,34,4,1,1
McLaren,1,496,1981,22,6,1,2
Ferrari,6,496,1981,30,5,2,3
Alfa Romeo,50,496,1981,3,11,0,4
Brabham,34,496,1981,57,2,3,5
Team Lotus,32,496,1981,18,7,0,6
Alfa Romeo,50,496,1981,3,11,0,7
March,37,496,1981,0,15,0,8
Theodore,54,496,1981,1,12,0,9
Williams,3,496,1981,86,1,3,10
Tyrrell,25,496,1981,10,9,0,11
Tyrrell,25,496,1981,10,9,0,12
Williams,3,497,1981,86,1,3,1
Renault,4,497,1981,48,3,3,2
Alfa Romeo,50,497,1981,6,10,0,3
Team Lotus,32,497,1981,19,7,0,4
Brabham,34,497,1981,59,2,3,5
Ligier,27,497,1981,43,4,2,6
McLaren,1,497,1981,28,6,1,7
Williams,3,497,1981,86,1,3,8
Ferrari,6,497,1981,34,5,2,9
Fittipaldi,55,497,1981,0,15,0,10
Arrows,21,497,1981,10,8,0,11
McLaren,1,497,1981,28,6,1,12
Tyrrell,25,497,1981,10,9,0,13
Renault,4,499,1980,0,13,0,1
Team Lotus,32,499,1980,0,12,0,2
Williams,3,499,1980,9,1,1,3
Ligier,27,499,1980,0,9,0,4
McLaren,1,499,1980,1,6,0,5
Arrows,21,499,1980,0,10,0,6
ATS,53,499,1980,0,11,0,7
Brabham,34,499,1980,6,2,0,8
Fittipaldi,55,499,1980,4,3,0,9
Arrows,21,499,1980,0,10,0,10
McLaren,1,499,1980,1,6,0,11
Tyrrell,25,499,1980,3,4,0,12
Alfa Romeo,50,499,1980,2,5,0,13
Tyrrell,25,499,1980,3,4,0,14
Fittipaldi,55,499,1980,4,3,0,15
Ferrari,6,499,1980,0,7,0,16
Renault,4,500,1980,9,2,1,1
Ligier,27,500,1980,3,7,0,2
Ligier,27,500,1980,3,7,0,3
Brabham,34,500,1980,6,3,0,4
Williams,3,500,1980,13,1,1,5
Arrows,21,500,1980,1,10,0,6
Tyrrell,25,500,1980,3,6,0,7
Fittipaldi,55,500,1980,4,5,0,8
Ensign,56,500,1980,0,13,0,9
Brabham,34,500,1980,6,3,0,10
McLaren,1,500,1980,3,8,0,11
Team Lotus,32,500,1980,6,4,0,12
Shadow,57,500,1980,0,14,0,13
Brabham,34,501,1980,9,4,0,1
Arrows,21,501,1980,2,10,0,2
Fittipaldi,55,501,1980,4,6,0,3
McLaren,1,501,1980,3,8,0,4
Ferrari,6,501,1980,0,14,0,5
Ligier,27,501,1980,13,3,0,6
Arrows,21,501,1980,2,10,0,7
Tyrrell,25,501,1980,3,7,0,8
Renault,4,501,1980,18,1,2,9
Renault,4,501,1980,18,1,2,10
Ligier,27,502,1980,14,4,0,1
Williams,3,502,1980,15,3,1,2
Williams,3,502,1980,15,3,1,3
Renault,4,502,1980,18,1,2,4
Tyrrell,25,502,1980,3,9,0,5
Ferrari,6,502,1980,2,11,0,6
Fittipaldi,55,502,1980,8,6,0,7
Ferrari,6,502,1980,2,11,0,8
Tyrrell,25,502,1980,3,9,0,9
Team Lotus,32,502,1980,6,7,0,10
Ligier,27,502,1980,14,4,0,11
ATS,53,502,1980,0,12,0,12
Williams,3,503,1980,25,1,1,1
Ligier,27,503,1980,23,2,1,2
Brabham,34,503,1980,18,4,1,3
Arrows,21,503,1980,8,5,0,4
Ferrari,6,503,1980,3,10,0,5
Fittipaldi,55,503,1980,8,6,0,6
Team Lotus,32,503,1980,6,7,0,7
Arrows,21,503,1980,8,5,0,8
Team Lotus,32,503,1980,6,7,0,9
Williams,3,504,1980,34,1,2,1
Ligier,27,504,1980,29,2,1,2
Ligier,27,504,1980,29,2,1,3
Brabham,34,504,1980,22,3,1,4
Renault,4,504,1980,21,4,2,5
Williams,3,504,1980,34,1,2,6
McLaren,1,504,1980,6,8,0,7
Ferrari,6,504,1980,5,10,0,8
Arrows,21,504,1980,11,5,0,9
Arrows,21,504,1980,11,5,0,10
Tyrrell,25,504,1980,5,9,0,11
Ferrari,6,504,1980,5,10,0,12
Williams,3,505,1980,44,1,3,1
Brabham,34,505,1980,25,3,1,2
Williams,3,505,1980,44,1,3,3
Tyrrell,25,505,1980,5,9,0,4
Tyrrell,25,505,1980,5,9,0,5
McLaren,1,505,1980,6,8,0,6
Brabham,34,505,1980,25,3,1,7
McLaren,1,505,1980,6,8,0,8
Arrows,21,505,1980,11,5,0,9
Ferrari,6,505,1980,5,10,0,10
Williams,3,505,1980,44,1,3,11
Fittipaldi,55,505,1980,9,6,0,12
Arrows,21,505,1980,11,5,0,13
Ligier,27,506,1980,39,2,1,1
Williams,3,506,1980,57,1,4,2
Williams,3,506,1980,57,1,4,3
Brabham,34,506,1980,31,3,1,4
Alfa Romeo,50,506,1980,2,11,0,5
Ferrari,6,506,1980,5,10,0,6
Team Lotus,32,506,1980,6,9,0,7
Arrows,21,506,1980,11,5,0,8
Arrows,21,506,1980,11,5,0,9
Tyrrell,25,506,1980,10,6,0,10
McLaren,1,506,1980,7,8,0,11
ATS,53,506,1980,0,12,0,12
Ferrari,6,506,1980,5,10,0,13
Ensign,56,506,1980,0,13,0,14
Tyrrell,25,506,1980,10,6,0,15
Team Lotus,32,506,1980,6,9,0,16
Renault,4,507,1980,23,4,2,1
Williams,3,507,1980,67,1,4,2
Williams,3,507,1980,67,1,4,3
Ligier,27,507,1980,48,2,2,4
Brabham,34,507,1980,34,3,1,5
Team Lotus,32,507,1980,6,9,0,6
McLaren,1,507,1980,7,8,0,7
Ferrari,6,507,1980,6,10,0,8
Renault,4,507,1980,23,4,2,9
Brabham,34,507,1980,34,3,1,10
Fittipaldi,55,507,1980,9,7,0,11
ATS,53,507,1980,0,12,0,12
Ferrari,6,507,1980,6,10,0,13
Arrows,21,507,1980,11,5,0,14
Williams,3,507,1980,67,1,4,15
Fittipaldi,55,507,1980,9,7,0,16
Brabham,34,508,1980,36,3,1,1
Renault,4,508,1980,32,4,3,2
Ligier,27,508,1980,51,2,2,3
Williams,3,508,1980,77,1,4,4
Tyrrell,25,508,1980,10,6,0,5
McLaren,1,508,1980,7,9,0,6
Ferrari,6,508,1980,6,10,0,7
Team Lotus,32,508,1980,7,8,0,8
Ferrari,6,508,1980,6,10,0,9
ATS,53,508,1980,0,12,0,10
Williams,3,508,1980,77,1,4,11
Brabham,34,509,1980,45,3,2,1
Williams,3,509,1980,80,1,4,2
Williams,3,509,1980,80,1,4,3
Team Lotus,32,509,1980,7,9,0,4
Fittipaldi,55,509,1980,9,7,0,5
Ligier,27,509,1980,55,2,2,6
McLaren,1,509,1980,8,8,0,7
Ferrari,6,509,1980,6,10,0,8
Ligier,27,509,1980,55,2,2,9
Renault,4,509,1980,38,4,3,10
Williams,3,509,1980,80,1,4,11
Osella,44,509,1980,0,15,0,12
Tyrrell,25,509,1980,12,5,0,13
Williams,3,510,1980,90,1,4,1
Williams,3,510,1980,90,1,4,2
Ligier,27,510,1980,56,2,2,3
McLaren,1,510,1980,8,9,0,4
Ferrari,6,510,1980,6,10,0,5
Brabham,34,510,1980,54,3,3,6
Tyrrell,25,510,1980,12,5,0,7
Ligier,27,510,1980,56,2,2,8
Fittipaldi,55,510,1980,11,7,0,9
Team Lotus,32,510,1980,10,8,0,10
Arrows,21,510,1980,11,6,0,11
Ensign,56,510,1980,0,13,0,12
Williams,3,511,1980,105,1,5,1
Williams,3,511,1980,105,1,5,2
Ligier,27,511,1980,60,2,2,3
Team Lotus,32,511,1980,10,9,0,4
Ligier,27,511,1980,60,2,2,5
Team Lotus,32,511,1980,10,9,0,6
Renault,4,511,1980,38,4,3,7
ATS,53,511,1980,0,12,0,8
Williams,3,511,1980,105,1,5,9
Fittipaldi,55,511,1980,11,7,0,10
Ferrari,6,511,1980,8,10,0,11
Ligier,27,513,1979,12,1,1,1
Ligier,27,513,1979,12,1,1,2
Team Lotus,32,513,1979,8,2,0,3
Tyrrell,25,513,1979,0,11,0,4
Ferrari,6,513,1979,0,9,0,5
Ferrari,6,513,1979,0,9,0,6
Arrows,21,513,1979,0,6,0,7
McLaren,1,513,1979,4,3,0,8
Arrows,21,513,1979,0,6,0,9
Renault,4,513,1979,0,12,0,10
Fittipaldi,55,513,1979,1,4,0,11
Shadow,57,513,1979,0,5,0,12
Ensign,56,513,1979,0,8,0,13
Shadow,57,513,1979,0,5,0,14
Williams,3,513,1979,0,7,0,15
Ferrari,6,514,1979,3,5,0,1
Ferrari,6,514,1979,3,5,0,2
Tyrrell,25,514,1979,3,4,0,3
Team Lotus,32,514,1979,12,2,0,4
Team Lotus,32,514,1979,12,2,0,5
Brabham-Alfa Romeo,202,514,1979,0,14,0,6
Brabham-Alfa Romeo,202,514,1979,0,14,0,7
Wolf,58,514,1979,0,12,0,8
Williams,3,514,1979,0,9,0,9
McLaren,1,514,1979,4,3,0,10
Arrows,21,514,1979,0,7,0,11
Arrows,21,514,1979,0,7,0,12
Fittipaldi,55,514,1979,1,6,0,13
Ferrari,6,515,1979,18,2,1,1
Ferrari,6,515,1979,18,2,1,2
Williams,3,515,1979,0,11,0,3
Team Lotus,32,515,1979,17,3,0,4
Ligier,27,515,1979,27,1,2,5
Tyrrell,25,515,1979,7,4,0,6
Shadow,57,515,1979,0,9,0,7
Brabham-Alfa Romeo,202,515,1979,1,6,0,8
Arrows,21,515,1979,0,8,0,9
Ligier,27,516,1979,29,2,2,1
Team Lotus,32,516,1979,20,3,0,2
Team Lotus,32,516,1979,20,3,0,3
Ferrari,6,516,1979,33,1,2,4
Tyrrell,25,516,1979,8,4,0,5
Tyrrell,25,516,1979,8,4,0,6
Ferrari,6,516,1979,33,1,2,7
Arrows,21,516,1979,0,10,0,8
Renault,4,516,1979,0,12,0,9
Arrows,21,516,1979,0,10,0,10
Fittipaldi,55,516,1979,1,8,0,11
Shadow,57,516,1979,0,9,0,12
McLaren,1,516,1979,4,5,0,13
ATS,53,516,1979,0,14,0,14
Ferrari,6,517,1979,36,2,2,1
Ligier,27,517,1979,38,1,3,2
Tyrrell,25,517,1979,11,4,0,3
Team Lotus,32,517,1979,30,3,0,4
Arrows,21,517,1979,0,10,0,5
McLaren,1,517,1979,4,5,0,6
Ferrari,6,517,1979,36,2,2,7
ATS,53,517,1979,0,14,0,8
Fittipaldi,55,517,1979,1,8,0,9
Shadow,57,517,1979,0,9,0,10
Tyrrell,25,517,1979,11,4,0,11
Ferrari,6,518,1979,45,1,3,1
Williams,3,518,1979,4,6,0,2
Team Lotus,32,518,1979,33,3,0,3
McLaren,1,518,1979,5,5,0,4
Ligier,27,518,1979,44,2,3,5
Arrows,21,518,1979,2,7,0,6
Renault,4,519,1979,0,13,0,1
Ferrari,6,519,1979,54,1,4,2
Renault,4,519,1979,0,13,0,3
Williams,3,519,1979,10,5,0,4
Tyrrell,25,519,1979,15,4,0,5
Williams,3,519,1979,10,5,0,6
Ferrari,6,519,1979,54,1,4,7
Ligier,27,519,1979,46,2,3,8
Wolf,58,519,1979,0,12,0,9
McLaren,1,519,1979,8,6,0,10
McLaren,1,519,1979,8,6,0,11
Team Lotus,32,519,1979,37,3,0,12
Team Lotus,32,519,1979,37,3,0,13
Arrows,21,519,1979,3,7,0,14
Arrows,21,519,1979,3,7,0,15
Shadow,57,519,1979,0,10,0,16
Alfa Romeo,50,519,1979,0,15,0,17
Shadow,57,519,1979,0,10,0,18
Williams,3,520,1979,14,5,0,1
Renault,4,520,1979,13,6,1,2
Tyrrell,25,520,1979,17,4,0,3
McLaren,1,520,1979,8,7,0,4
Ferrari,6,520,1979,60,1,4,5
Ligier,27,520,1979,46,2,3,6
McLaren,1,520,1979,8,7,0,7
Team Lotus,32,520,1979,37,3,0,8
Team Lotus,32,520,1979,37,3,0,9
Tyrrell,25,520,1979,17,4,0,10
Shadow,57,520,1979,0,11,0,11
Shadow,57,520,1979,0,11,0,12
Ensign,56,520,1979,0,14,0,13
Ferrari,6,520,1979,60,1,4,14
Williams,3,521,1979,23,4,1,1
Williams,3,521,1979,23,4,1,2
Ligier,27,521,1979,47,2,3,3
Ferrari,6,521,1979,62,1,4,4
McLaren,1,521,1979,11,7,0,5
Arrows,21,521,1979,3,8,0,6
Tyrrell,25,521,1979,21,5,0,7
Ferrari,6,521,1979,62,1,4,8
Tyrrell,25,521,1979,21,5,0,9
Shadow,57,521,1979,0,11,0,10
Shadow,57,521,1979,0,11,0,11
Brabham-Alfa Romeo,202,521,1979,1,9,0,12
Williams,3,522,1979,38,3,2,1
Ferrari,6,522,1979,65,1,4,2
Ligier,27,522,1979,51,2,3,3
Ferrari,6,522,1979,65,1,4,4
Williams,3,522,1979,38,3,2,5
Renault,4,522,1979,19,6,1,6
Tyrrell,25,522,1979,21,5,0,7
Tyrrell,25,522,1979,21,5,0,8
McLaren,1,522,1979,13,7,0,9
McLaren,1,522,1979,13,7,0,10
Williams,3,523,1979,49,3,3,1
Ferrari,6,523,1979,74,1,4,2
Ligier,27,523,1979,55,2,3,3
Brabham-Alfa Romeo,202,523,1979,1,9,0,4
Ligier,27,523,1979,55,2,3,5
Arrows,21,523,1979,4,8,0,6
Team Lotus,32,523,1979,37,4,0,7
Ferrari,6,524,1979,80,1,4,1
Ferrari,6,524,1979,80,1,4,2
Williams,3,524,1979,58,3,4,3
Brabham-Alfa Romeo,202,524,1979,4,9,0,4
Team Lotus,32,524,1979,37,4,0,5
Tyrrell,25,524,1979,21,5,0,6
Team Lotus,32,524,1979,37,4,0,7
Fittipaldi,55,524,1979,1,10,0,8
Williams,3,524,1979,58,3,4,9
Tyrrell,25,524,1979,21,5,0,10
ATS,53,524,1979,0,13,0,11
Alfa Romeo,50,524,1979,0,15,0,12
Arrows,21,524,1979,5,8,0,13
Renault,4,524,1979,20,6,1,14
Williams,3,525,1979,62,2,4,1
Ferrari,6,525,1979,95,1,5,2
Williams,3,525,1979,62,2,4,3
Ferrari,6,525,1979,95,1,5,4
Tyrrell,25,525,1979,22,5,0,5
McLaren,1,525,1979,13,7,0,6
Fittipaldi,55,525,1979,1,10,0,8
Shadow,57,525,1979,0,11,0,9
Team Lotus,32,525,1979,39,4,0,10
Ferrari,6,526,1979,104,1,5,1
Renault,4,526,1979,20,6,1,2
Tyrrell,25,526,1979,24,5,0,3
Shadow,57,526,1979,0,11,0,4
ATS,53,526,1979,0,14,0,5
McLaren,1,526,1979,14,7,0,6
Fittipaldi,55,526,1979,1,10,0,7
Ferrari,6,528,1978,0,5,0,1
Fittipaldi,55,528,1978,0,6,0,2
Brabham,34,528,1978,6,2,0,3
Team Lotus,32,528,1978,9,1,1,4
Shadow,57,528,1978,0,9,0,5
Tyrrell,25,528,1978,4,3,0,6
ATS,53,528,1978,0,8,0,7
Brabham,34,528,1978,6,2,0,8
Ligier,27,528,1978,0,10,0,9
Williams,3,528,1978,0,12,0,11
Team Lotus,32,529,1978,12,1,1,1
Tyrrell,25,529,1978,5,5,0,2
Brabham,34,529,1978,10,2,0,3
Williams,3,529,1978,0,12,0,4
Ligier,27,529,1978,0,9,0,5
Tyrrell,25,529,1978,5,5,0,6
Team Lotus,32,529,1978,12,1,1,7
ATS,53,529,1978,0,8,0,8
Arrows,21,529,1978,0,11,0,9
Team Lotus,32,529,1978,12,1,1,10
McLaren,1,529,1978,3,6,0,11
Surtees,62,529,1978,0,13,0,12
Ferrari,6,530,1978,9,4,1,1
Team Lotus,32,530,1978,21,1,2,2
Tyrrell,25,530,1978,11,3,0,3
Team Lotus,32,530,1978,21,1,2,4
Ligier,27,530,1978,2,8,0,5
Arrows,21,530,1978,0,11,0,6
Williams,3,530,1978,3,7,0,7
Fittipaldi,55,530,1978,6,5,0,8
Arrows,21,530,1978,0,11,0,9
Shadow,57,530,1978,2,9,0,10
ATS,53,530,1978,0,10,0,11
McLaren,1,530,1978,3,6,0,12
Tyrrell,25,531,1978,15,3,0,1
Brabham,34,531,1978,14,4,0,2
Wolf,58,531,1978,0,12,0,3
Brabham,34,531,1978,14,4,0,4
Tyrrell,25,531,1978,15,3,0,5
Arrows,21,531,1978,1,10,0,6
McLaren,1,531,1978,3,7,0,7
Ferrari,6,531,1978,18,2,2,8
Fittipaldi,55,531,1978,6,5,0,9
Renault,4,531,1978,0,14,0,10
Team Lotus,32,531,1978,27,1,2,11
Team Lotus,32,532,1978,27,1,2,1
Team Lotus,32,532,1978,27,1,2,2
Ferrari,6,532,1978,18,4,2,3
Ferrari,6,532,1978,18,4,2,4
Ligier,27,532,1978,4,7,0,5
Tyrrell,25,532,1978,24,2,1,6
McLaren,1,532,1978,3,8,0,7
McLaren,1,532,1978,3,8,0,8
Martini,64,532,1978,0,19,0,9
Williams,3,532,1978,3,9,0,10
ATS,53,532,1978,0,12,0,11
Ensign,56,532,1978,0,15,0,12
Surtees,62,532,1978,0,14,0,13
Team Lotus,32,533,1978,36,1,3,1
Team Lotus,32,533,1978,36,1,3,2
Ligier,27,533,1978,6,6,0,3
Wolf,58,533,1978,4,7,0,4
Brabham,34,533,1978,20,4,0,5
McLaren,1,533,1978,3,8,0,6
Surtees,62,533,1978,0,15,0,7
Williams,3,533,1978,3,9,0,8
ATS,53,533,1978,0,12,0,9
Ferrari,6,533,1978,22,3,2,10
Surtees,62,533,1978,0,15,0,11
Tyrrell,25,533,1978,25,2,1,12
Renault,4,533,1978,0,14,0,13
Arrows,21,533,1978,2,11,0,14
Shadow,57,533,1978,2,10,0,15
Brabham,34,534,1978,22,4,0,1
Arrows,21,534,1978,2,11,0,2
Team Lotus,32,534,1978,45,1,4,3
McLaren,1,534,1978,4,8,0,4
Shadow,57,534,1978,2,10,0,5
Fittipaldi,55,534,1978,6,7,0,6
Ligier,27,534,1978,10,5,0,7
McLaren,1,534,1978,4,8,0,8
Ferrari,6,534,1978,22,3,2,9
Ferrari,6,534,1978,22,3,2,10
Shadow,57,534,1978,2,10,0,11
Team Lotus,32,534,1978,45,1,4,12
ATS,53,534,1978,0,12,0,13
Arrows,21,534,1978,2,11,0,14
ATS,53,534,1978,0,12,0,15
Team Lotus,32,535,1978,49,1,4,1
Team Lotus,32,535,1978,49,1,4,2
McLaren,1,535,1978,7,9,0,3
Brabham,34,535,1978,31,2,1,4
Williams,3,535,1978,3,11,0,5
Wolf,58,535,1978,7,8,0,6
Ligier,27,535,1978,10,5,0,7
Arrows,21,535,1978,8,6,0,8
McLaren,1,535,1978,7,9,0,9
Tyrrell,25,535,1978,25,3,1,10
Shadow,57,535,1978,4,10,0,11
Ferrari,6,535,1978,22,4,2,12
ATS,53,535,1978,0,12,0,13
Martini,64,535,1978,0,14,0,14
Arrows,21,535,1978,8,6,0,15
ATS,53,535,1978,0,12,0,16
Surtees,62,535,1978,0,13,0,17
Ferrari,6,535,1978,22,4,2,18
Ferrari,6,536,1978,22,4,2,1
Brabham,34,536,1978,34,2,1,2
Brabham,34,536,1978,34,2,1,3
Tyrrell,25,536,1978,25,3,1,4
Shadow,57,536,1978,4,11,0,5
McLaren,1,536,1978,11,5,0,6
McLaren,1,536,1978,11,5,0,7
McLaren,1,536,1978,11,5,0,8
Surtees,62,536,1978,0,13,0,9
Ligier,27,536,1978,10,6,0,10
Team Lotus,32,537,1978,58,1,5,1
Wolf,58,537,1978,8,8,0,2
Ligier,27,537,1978,10,6,0,3
Fittipaldi,55,537,1978,7,9,0,4
Tyrrell,25,537,1978,28,4,1,5
Team Lotus,32,537,1978,58,1,5,6
Brabham,34,537,1978,40,2,1,7
Ferrari,6,537,1978,31,3,3,8
Arrows,21,537,1978,8,7,0,9
Wolf,58,537,1978,8,8,0,10
Ensign,56,537,1978,0,16,0,11
Team Lotus,32,538,1978,67,1,6,1
Tyrrell,25,538,1978,30,4,1,2
Ferrari,6,538,1978,31,3,3,3
Fittipaldi,55,538,1978,10,8,0,4
Ligier,27,538,1978,14,6,0,5
Surtees,62,538,1978,0,13,0,6
Brabham,34,538,1978,40,2,1,7
McLaren,1,538,1978,12,7,0,8
Martini,64,538,1978,0,14,0,9
Team Lotus,32,539,1978,76,1,7,1
Team Lotus,32,539,1978,76,1,7,2
Brabham,34,539,1978,40,2,1,3
Brabham,34,539,1978,40,2,1,4
Fittipaldi,55,539,1978,13,7,0,5
Ferrari,6,539,1978,35,4,3,6
Ferrari,6,539,1978,35,4,3,7
Ligier,27,539,1978,16,5,0,8
McLaren,1,539,1978,12,8,0,9
McLaren,1,539,1978,12,8,0,10
Team Lotus,32,539,1978,76,1,7,11
Wolf,58,539,1978,14,6,0,12
Brabham,34,540,1978,44,2,1,1
Brabham,34,540,1978,44,2,1,2
Ferrari,6,540,1978,36,3,3,3
Ligier,27,540,1978,16,5,0,4
McLaren,1,540,1978,12,8,0,5
Team Lotus,32,540,1978,85,1,8,6
Ferrari,6,540,1978,36,3,3,7
Fittipaldi,55,540,1978,15,6,0,8
McLaren,1,540,1978,12,8,0,9
Ensign,56,540,1978,0,16,0,10
Tyrrell,25,540,1978,36,4,1,11
Wolf,58,540,1978,14,7,0,12
Williams,3,540,1978,5,11,0,13
McLaren,1,540,1978,12,8,0,14
Ferrari,6,541,1978,40,3,3,1
Williams,3,541,1978,5,11,0,2
Wolf,58,541,1978,14,7,0,3
Renault,4,541,1978,0,16,0,4
Fittipaldi,55,541,1978,15,6,0,5
McLaren,1,541,1978,14,8,0,6
McLaren,1,541,1978,14,8,0,7
Ensign,56,541,1978,0,15,0,8
Martini,64,541,1978,0,14,0,9
Tyrrell,25,541,1978,36,4,1,10
Ligier,27,541,1978,19,5,0,11
Wolf,58,541,1978,14,7,0,12
Ensign,56,541,1978,0,15,0,13
Shadow,57,541,1978,6,10,0,14
Team Lotus,32,541,1978,86,1,8,15
Arrows,21,541,1978,8,9,0,16
Ferrari,6,542,1978,49,3,4,1
Wolf,58,542,1978,18,6,0,2
Ferrari,6,542,1978,49,3,4,3
Arrows,21,542,1978,8,10,0,4
Tyrrell,25,542,1978,36,4,1,5
Ensign,56,542,1978,0,15,0,6
Tyrrell,25,542,1978,36,4,1,7
McLaren,1,542,1978,15,8,0,8
Williams,3,542,1978,11,9,0,9
Team Lotus,32,542,1978,86,1,8,10
Brabham,34,542,1978,53,2,2,11
Renault,4,542,1978,3,12,0,12
Ferrari,6,544,1977,4,3,0,1
McLaren,1,544,1977,0,12,0,2
Ferrari,6,544,1977,4,3,0,3
Fittipaldi,55,544,1977,3,4,0,4
Team Lotus,32,544,1977,2,5,0,5
Shadow,57,544,1977,0,9,0,6
Fittipaldi,55,544,1977,3,4,0,7
Ferrari,6,545,1977,13,1,1,1
Wolf,58,545,1977,9,2,1,2
Tyrrell,25,545,1977,0,12,0,3
McLaren,1,545,1977,6,4,0,4
McLaren,1,545,1977,6,4,0,5
Brabham,34,545,1977,6,3,0,6
Surtees,62,545,1977,0,9,0,7
Ferrari,6,545,1977,13,1,1,8
Ensign,56,545,1977,1,8,0,9
Fittipaldi,55,545,1977,6,5,0,10
Surtees,62,545,1977,0,9,0,11
Team Lotus,32,545,1977,4,6,0,12
Brabham,34,545,1977,6,3,0,13
March,37,545,1977,0,10,0,14
BRM,65,545,1977,0,13,0,15
Team Lotus,32,546,1977,4,7,0,1
Ferrari,6,546,1977,22,1,2,2
Wolf,58,546,1977,15,2,1,3
Tyrrell,25,546,1977,4,6,0,4
Fittipaldi,55,546,1977,6,5,0,5
McLaren,1,546,1977,9,3,0,7
Team Lotus,32,546,1977,4,7,0,8
Ligier,27,546,1977,0,13,0,9
March,37,546,1977,0,11,0,10
Surtees,62,546,1977,0,10,0,11
Team Lotus,32,547,1977,13,3,1,1
Ferrari,6,547,1977,28,1,2,2
Wolf,58,547,1977,19,2,1,3
McLaren,1,547,1977,9,4,0,4
Team Lotus,32,547,1977,13,3,1,5
Brabham,34,547,1977,7,6,0,6
Ligier,27,547,1977,0,12,0,7
Tyrrell,25,547,1977,7,7,0,8
Surtees,62,547,1977,0,11,0,9
March,37,547,1977,0,13,0,10
March,37,547,1977,0,13,0,11
March,37,547,1977,0,13,0,12
McLaren,1,547,1977,9,4,0,13
Fittipaldi,55,547,1977,8,5,0,14
Wolf,58,548,1977,23,2,1,1
Ferrari,6,548,1977,34,1,2,2
Ferrari,6,548,1977,34,1,2,3
McLaren,1,548,1977,12,4,0,4
Team Lotus,32,548,1977,22,3,2,5
Shadow,57,548,1977,1,9,0,6
Ligier,27,548,1977,0,12,0,7
Surtees,62,548,1977,0,11,0,8
Shadow,57,548,1977,1,9,0,9
Ensign,56,548,1977,1,8,0,10
Penske,66,548,1977,1,10,0,11
Hesketh,63,548,1977,0,15,0,12
Team Lotus,32,549,1977,24,3,2,1
Ferrari,6,549,1977,40,1,2,2
Tyrrell,25,549,1977,7,7,0,3
Surtees,62,549,1977,0,11,0,4
Shadow,57,549,1977,2,8,0,5
Brabham,34,549,1977,8,5,0,6
McLaren,1,549,1977,15,4,0,7
Tyrrell,25,549,1977,7,7,0,8
Hesketh,63,549,1977,0,14,0,9
March,37,549,1977,0,13,0,10
Penske,66,549,1977,1,10,0,11
Surtees,62,549,1977,0,11,0,12
LEC,67,549,1977,0,16,0,13
March,37,549,1977,0,13,0,14
Ligier,27,550,1977,0,12,0,1
McLaren,1,550,1977,15,4,0,2
Ferrari,6,550,1977,46,1,2,3
Tyrrell,25,550,1977,11,5,0,4
Brabham,34,550,1977,9,6,0,5
Team Lotus,32,550,1977,33,2,3,6
Ensign,56,550,1977,1,10,0,7
Penske,66,550,1977,1,11,0,8
Shadow,57,550,1977,4,8,0,9
Brabham,34,550,1977,9,6,0,10
McLaren,1,550,1977,15,4,0,11
McLaren,1,550,1977,15,4,0,12
Hesketh,63,550,1977,0,13,0,13
LEC,67,550,1977,0,15,0,14
March,37,550,1977,0,14,0,15
Hesketh,63,550,1977,0,13,0,16
Shadow,57,550,1977,4,8,0,17
Fittipaldi,55,550,1977,8,7,0,18
Team Lotus,32,550,1977,33,2,3,19
Team Lotus,32,551,1977,34,2,3,1
Brabham,34,551,1977,11,6,0,2
McLaren,1,551,1977,21,4,0,3
Team Lotus,32,551,1977,34,2,3,4
Ferrari,6,551,1977,50,1,2,5
Ferrari,6,551,1977,50,1,2,6
Ensign,56,551,1977,1,11,0,7
Ligier,27,551,1977,9,7,1,8
McLaren,1,551,1977,21,4,0,9
Hesketh,63,551,1977,0,13,0,10
Fittipaldi,55,551,1977,8,8,0,11
Tyrrell,25,551,1977,14,5,0,12
Surtees,62,551,1977,3,10,0,13
McLaren,1,552,1977,25,4,0,1
Ferrari,6,552,1977,50,1,2,2
Team Lotus,32,552,1977,43,2,4,3
McLaren,1,552,1977,25,4,0,4
Brabham,34,552,1977,17,5,0,5
Ligier,27,552,1977,9,7,1,6
Shadow,57,552,1977,4,9,0,7
Surtees,62,552,1977,3,10,0,8
Penske,66,552,1977,1,12,0,9
March,37,552,1977,0,14,0,10
McLaren,1,552,1977,25,4,0,11
Surtees,62,552,1977,3,10,0,12
McLaren,1,552,1977,25,4,0,13
Team Lotus,32,552,1977,43,2,4,14
Ferrari,6,552,1977,50,1,2,15
Ferrari,6,553,1977,56,1,2,1
Wolf,58,553,1977,32,4,2,2
Brabham,34,553,1977,19,5,0,3
Ferrari,6,553,1977,56,1,2,4
Surtees,62,553,1977,3,10,0,5
Ensign,56,553,1977,1,11,0,6
Surtees,62,553,1977,3,10,0,7
March,37,553,1977,0,14,0,8
Tyrrell,25,553,1977,14,6,0,9
Shadow,57,553,1977,4,9,0,10
Shadow,57,554,1977,4,10,0,1
Ferrari,6,554,1977,65,1,3,2
Brabham,34,554,1977,23,5,0,3
Ferrari,6,554,1977,65,1,3,4
Tyrrell,25,554,1977,14,6,0,5
McLaren,1,554,1977,34,4,1,6
Hesketh,63,554,1977,0,14,0,7
Brabham,34,554,1977,23,5,0,8
March,37,554,1977,0,13,0,9
McLaren,1,554,1977,34,4,1,10
Fittipaldi,55,554,1977,8,8,0,11
Penske,66,554,1977,1,12,0,12
Tyrrell,25,554,1977,14,6,0,13
Penske,66,554,1977,1,12,0,14
Surtees,62,554,1977,5,9,0,15
Surtees,62,554,1977,5,9,0,16
McLaren,1,554,1977,34,4,1,17
Ferrari,6,555,1977,71,1,3,1
Ligier,27,555,1977,10,8,1,2
Wolf,58,555,1977,38,3,2,3
Fittipaldi,55,555,1977,8,9,0,4
Ensign,56,555,1977,2,11,0,5
Ferrari,6,555,1977,71,1,3,6
Brabham,34,555,1977,27,5,0,7
Penske,66,555,1977,1,12,0,8
McLaren,1,555,1977,35,4,1,9
March,37,555,1977,0,14,0,10
March,37,555,1977,0,14,0,11
Surtees,62,555,1977,5,10,0,12
Shadow,57,555,1977,13,7,1,13
Team Lotus,32,556,1977,47,2,4,1
Ferrari,6,556,1977,80,1,4,2
Shadow,57,556,1977,13,8,1,3
McLaren,1,556,1977,35,4,1,4
Ensign,56,556,1977,4,11,0,5
Tyrrell,25,556,1977,16,7,0,6
March,37,556,1977,0,14,0,7
Ligier,27,556,1977,16,6,1,8
Hesketh,63,556,1977,0,13,0,9
McLaren,1,557,1977,38,4,1,1
Team Lotus,32,557,1977,56,2,5,2
Wolf,58,557,1977,42,3,2,3
Ferrari,6,557,1977,86,1,4,4
Ensign,56,557,1977,6,10,0,5
Ferrari,6,557,1977,86,1,4,6
Ligier,27,557,1977,16,8,1,7
Hesketh,63,557,1977,0,14,0,8
Shadow,57,557,1977,17,6,1,9
McLaren,1,557,1977,38,4,1,10
Surtees,62,557,1977,5,11,0,11
Brabham,34,557,1977,27,5,0,12
Fittipaldi,55,557,1977,11,9,0,13
Tyrrell,25,557,1977,17,7,0,14
March,37,557,1977,0,13,0,15
Tyrrell,25,557,1977,17,7,0,16
Hesketh,63,557,1977,0,14,0,17
March,37,557,1977,0,13,0,18
Surtees,62,557,1977,5,11,0,19
Wolf,58,558,1977,46,4,2,1
Tyrrell,25,558,1977,17,7,0,2
McLaren,1,558,1977,47,3,2,3
Shadow,57,558,1977,17,6,1,4
Ensign,56,558,1977,8,10,0,5
Surtees,62,558,1977,5,11,0,6
Penske,66,558,1977,1,12,0,7
March,37,558,1977,0,14,0,8
Team Lotus,32,558,1977,62,2,5,9
Shadow,57,558,1977,17,6,1,10
McLaren,1,558,1977,47,3,2,11
Ferrari,6,558,1977,89,1,4,12
McLaren,1,559,1977,51,4,2,1
Ferrari,6,559,1977,89,1,4,2
Tyrrell,25,559,1977,23,6,0,3
Shadow,57,559,1977,20,7,1,4
Ligier,27,559,1977,16,8,1,5
Shadow,57,559,1977,20,7,1,6
Brabham,34,559,1977,27,5,0,7
Surtees,62,559,1977,6,11,0,8
Tyrrell,25,559,1977,23,6,0,9
Wolf,58,559,1977,55,3,3,10
March,37,559,1977,0,13,0,12
Ferrari,6,561,1976,9,1,1,1
McLaren,1,561,1976,1,5,0,2
McLaren,1,561,1976,1,5,0,3
Tyrrell,25,561,1976,6,2,0,4
Penske,66,561,1976,0,12,0,5
Shadow,57,561,1976,4,3,0,7
March,37,561,1976,3,4,0,8
Tyrrell,25,561,1976,6,2,0,9
Team Lotus,32,561,1976,0,11,0,10
March,37,561,1976,3,4,0,12
Wolf,58,561,1976,0,6,0,13
Wolf,58,561,1976,0,6,0,16
Fittipaldi,55,561,1976,0,9,0,17
Ferrari,6,562,1976,18,1,2,1
Ferrari,6,562,1976,18,1,2,2
Tyrrell,25,562,1976,9,2,0,3
Ligier,27,562,1976,0,16,0,4
McLaren,1,562,1976,7,3,0,5
Fittipaldi,55,562,1976,0,12,0,6
Shadow,57,562,1976,4,4,0,7
Ensign,56,562,1976,0,14,0,8
Brabham-Alfa Romeo,202,562,1976,0,10,0,9
March,37,562,1976,3,5,0,10
McLaren,1,563,1976,9,3,0,1
Ferrari,6,563,1976,27,1,3,2
Team Lotus,32,563,1976,0,14,0,3
Brabham-Alfa Romeo,202,563,1976,0,12,0,4
Ensign,56,563,1976,0,11,0,5
Brabham-Alfa Romeo,202,563,1976,0,12,0,6
Wolf,58,563,1976,0,10,0,7
Shadow,57,563,1976,4,4,0,8
Surtees,62,563,1976,0,15,0,9
Wolf,58,563,1976,0,10,0,10
Ferrari,6,563,1976,27,1,3,11
Ligier,27,563,1976,3,6,0,12
Ferrari,6,564,1976,33,1,3,1
Ferrari,6,564,1976,33,1,3,2
Ligier,27,564,1976,3,8,0,3
Tyrrell,25,564,1976,13,3,0,4
Surtees,62,564,1976,0,14,0,5
McLaren,1,564,1976,18,2,1,6
Penske,66,564,1976,2,10,0,7
Boro,69,564,1976,0,16,0,8
Shadow,57,564,1976,4,4,0,9
Shadow,57,564,1976,4,4,0,10
Wolf,58,564,1976,0,13,0,11
Brabham-Ford,180,564,1976,0,19,0,12
Ferrari,6,565,1976,42,1,4,1
Tyrrell,25,565,1976,16,3,0,2
Tyrrell,25,565,1976,16,3,0,3
March,37,565,1976,3,8,0,4
McLaren,1,565,1976,19,2,1,5
Fittipaldi,55,565,1976,1,12,0,6
Shadow,57,565,1976,4,5,0,7
Shadow,57,565,1976,4,5,0,8
Brabham-Alfa Romeo,202,565,1976,3,7,0,9
Penske,66,565,1976,2,9,0,10
Wolf,58,565,1976,0,14,0,11
Ligier,27,565,1976,7,4,0,12
Ensign,56,565,1976,2,10,0,13
Ferrari,6,565,1976,42,1,4,14
Tyrrell,25,566,1976,22,2,0,1
Tyrrell,25,566,1976,22,2,0,2
Ferrari,6,566,1976,51,1,5,3
Ligier,27,566,1976,7,4,0,4
McLaren,1,566,1976,21,3,1,5
Ferrari,6,566,1976,51,1,5,6
March,37,566,1976,6,5,0,7
Brabham-Alfa Romeo,202,566,1976,3,8,0,8
Shadow,57,566,1976,4,6,0,9
March,37,566,1976,6,5,0,10
McLaren,1,566,1976,21,3,1,11
Shadow,57,566,1976,4,6,0,12
Surtees,62,566,1976,2,11,0,13
March,37,566,1976,6,5,0,14
Surtees,62,566,1976,2,11,0,15
McLaren,1,567,1976,23,3,1,1
Tyrrell,25,567,1976,31,2,1,2
Penske,66,567,1976,2,9,0,3
Brabham-Alfa Romeo,202,567,1976,3,8,0,4
Team Lotus,32,567,1976,4,7,0,5
Tyrrell,25,567,1976,31,2,1,6
March,37,567,1976,6,5,0,7
Shadow,57,567,1976,4,6,0,8
March,37,567,1976,6,5,0,9
Wolf,58,567,1976,0,14,0,10
Brabham-Alfa Romeo,202,567,1976,3,8,0,11
Shadow,57,567,1976,4,6,0,12
Wolf,58,567,1976,0,14,0,13
Ligier,27,567,1976,10,4,0,14
McLaren,1,567,1976,23,3,1,15
Surtees,62,567,1976,2,11,0,16
Hesketh,63,567,1976,0,18,0,17
Ensign,56,567,1976,2,10,0,18
March,37,567,1976,6,5,0,19
Ferrari,6,568,1976,55,1,5,1
Tyrrell,25,568,1976,37,2,1,2
Penske,66,568,1976,6,5,0,3
Shadow,57,568,1976,4,9,0,4
Surtees,62,568,1976,2,11,0,5
Fittipaldi,55,568,1976,2,12,0,6
Hesketh,63,568,1976,0,18,0,7
Brabham-Alfa Romeo,202,568,1976,6,7,0,8
Shadow,57,568,1976,4,9,0,9
McLaren,1,569,1976,31,3,2,1
Tyrrell,25,569,1976,43,2,1,2
McLaren,1,569,1976,31,3,2,3
Brabham-Alfa Romeo,202,569,1976,6,8,0,4
Team Lotus,32,569,1976,6,7,0,5
Brabham-Alfa Romeo,202,569,1976,6,8,0,6
Penske,66,569,1976,10,4,0,7
Shadow,57,569,1976,7,6,0,8
Ferrari,6,569,1976,64,1,6,9
Surtees,62,569,1976,4,10,0,10
Shadow,57,569,1976,7,6,0,11
Team Lotus,32,569,1976,6,7,0,12
Fittipaldi,55,569,1976,3,11,0,13
Tyrrell,25,569,1976,43,2,1,14
Hesketh,63,569,1976,0,15,0,15
Penske,66,570,1976,10,4,0,1
Ligier,27,570,1976,10,5,0,2
Team Lotus,32,570,1976,8,7,0,3
McLaren,1,570,1976,40,3,3,4
Team Lotus,32,570,1976,8,7,0,5
March,37,570,1976,6,9,0,6
McLaren,1,570,1976,40,3,3,7
Hesketh,63,570,1976,0,15,0,8
Surtees,62,570,1976,4,10,0,9
Surtees,62,570,1976,4,10,0,10
Tyrrell,25,570,1976,49,2,1,11
Brabham-Ford,180,570,1976,0,18,0,12
McLaren,1,571,1976,43,3,3,1
Ferrari,6,571,1976,64,1,6,2
Team Lotus,32,571,1976,12,6,0,3
Shadow,57,571,1976,7,8,0,4
Tyrrell,25,571,1976,49,2,1,5
March,37,571,1976,7,9,0,6
Tyrrell,25,571,1976,49,2,1,7
Surtees,62,571,1976,4,10,0,8
McLaren,1,571,1976,43,3,3,9
Shadow,57,571,1976,7,8,0,10
Surtees,62,571,1976,4,10,0,11
Hesketh,63,571,1976,0,15,0,12
March,37,572,1976,8,9,0,1
Ferrari,6,572,1976,70,1,6,2
Ligier,27,572,1976,16,5,0,3
Ferrari,6,572,1976,70,1,6,4
Tyrrell,25,572,1976,51,3,1,5
Tyrrell,25,572,1976,51,3,1,6
March,37,572,1976,8,9,0,7
Shadow,57,572,1976,10,7,0,8
Ferrari,6,572,1976,70,1,6,9
Ensign,56,572,1976,2,12,0,10
Penske,66,572,1976,19,4,1,11
Surtees,62,572,1976,4,10,0,12
Team Lotus,32,572,1976,16,6,0,13
Surtees,62,572,1976,4,10,0,14
Fittipaldi,55,572,1976,3,11,0,15
Hesketh,63,572,1976,0,15,0,16
Surtees,62,572,1976,4,10,0,17
Tyrrell,25,572,1976,51,3,1,18
Shadow,57,572,1976,10,7,0,19
McLaren,1,573,1976,52,3,4,1
Tyrrell,25,573,1976,53,2,1,2
Team Lotus,32,573,1976,16,7,0,3
Tyrrell,25,573,1976,53,2,1,4
McLaren,1,573,1976,52,3,4,5
Ferrari,6,573,1976,76,1,6,6
Brabham-Alfa Romeo,202,573,1976,9,9,0,7
Ferrari,6,573,1976,76,1,6,8
March,37,573,1976,17,6,1,9
Penske,66,573,1976,19,5,1,10
Shadow,57,573,1976,10,8,0,11
Team Lotus,32,573,1976,16,7,0,12
Ensign,56,573,1976,2,12,0,13
March,37,573,1976,17,6,1,14
Surtees,62,573,1976,4,10,0,15
Surtees,62,573,1976,4,10,0,16
Brabham-Alfa Romeo,202,573,1976,9,9,0,17
Shadow,57,573,1976,10,8,0,18
Surtees,62,573,1976,4,10,0,19
Hesketh,63,573,1976,0,15,0,20
McLaren,1,574,1976,61,2,5,1
Tyrrell,25,574,1976,59,3,1,2
Ferrari,6,574,1976,77,1,6,3
McLaren,1,574,1976,61,2,5,4
March,37,574,1976,17,7,1,5
Penske,66,574,1976,19,6,1,6
Ferrari,6,574,1976,77,1,6,7
Surtees,62,574,1976,4,10,0,8
Fittipaldi,55,574,1976,3,11,0,9
Shadow,57,574,1976,10,8,0,10
Surtees,62,574,1976,4,10,0,11
Hesketh,63,574,1976,0,15,0,12
Hesketh,63,574,1976,0,15,0,13
Wolf,58,574,1976,0,14,0,14
Team Lotus,32,575,1976,20,6,0,1
Tyrrell,25,575,1976,65,3,1,2
McLaren,1,575,1976,70,2,6,3
Surtees,62,575,1976,4,10,0,4
Ferrari,6,575,1976,81,1,6,5
Team Lotus,32,575,1976,20,6,0,6
Ligier,27,575,1976,20,5,0,7
Hesketh,63,575,1976,0,15,0,8
Surtees,62,575,1976,4,10,0,9
Shadow,57,575,1976,10,8,0,10
Brabham,34,577,1975,4,3,0,1
McLaren,1,577,1975,9,1,1,2
McLaren,1,577,1975,9,1,1,3
Ferrari,6,577,1975,3,4,0,4
Ferrari,6,577,1975,3,4,0,5
Hesketh,63,577,1975,6,2,0,6
Parnelli,72,577,1975,0,12,0,7
Brabham,34,577,1975,4,3,0,8
Team Lotus,32,577,1975,0,7,0,9
Williams,3,577,1975,0,11,0,11
Lola,26,577,1975,0,9,0,12
Fittipaldi,55,577,1975,0,14,0,13
Lola,26,577,1975,0,9,0,14
Team Lotus,32,577,1975,0,7,0,15
Tyrrell,25,578,1975,2,5,0,1
Brabham,34,578,1975,13,2,1,2
Tyrrell,25,578,1975,2,5,0,3
Brabham,34,578,1975,13,2,1,4
Ferrari,6,578,1975,6,4,0,5
McLaren,1,578,1975,15,1,1,6
Penske,66,578,1975,0,7,0,8
Shadow-Ford,200,578,1975,0,13,0,9
Team Lotus,32,578,1975,0,8,0,10
Team Lotus,32,578,1975,0,8,0,11
Team Lotus,32,578,1975,0,8,0,12
Team Lotus,32,578,1975,0,8,0,13
McLaren,1,578,1975,15,1,1,14
BRM,65,578,1975,0,15,0,15
Ferrari,6,578,1975,6,4,0,16
Parnelli,72,578,1975,0,6,0,17
McLaren,1,579,1975,16,2,1,1
Team Lotus,32,579,1975,0,9,0,2
Brabham,34,579,1975,19,1,1,3
Shadow-Ford,200,579,1975,0,10,0,4
March,37,579,1975,0,11,0,5
March,37,579,1975,0,11,0,6
Williams,3,579,1975,0,14,0,7
Surtees,62,579,1975,0,13,0,8
Ferrari,6,580,1975,8,4,0,1
McLaren,1,580,1975,20,2,2,2
Brabham,34,580,1975,21,1,1,3
Team Lotus,32,580,1975,3,6,0,4
Tyrrell,25,580,1975,11,3,1,5
McLaren,1,580,1975,20,2,2,6
Tyrrell,25,580,1975,11,3,1,7
Team Lotus,32,580,1975,3,6,0,8
Brabham,34,580,1975,21,1,1,9
Ferrari,6,581,1975,17,3,1,1
Tyrrell,25,581,1975,13,4,1,2
Brabham,34,581,1975,25,2,1,3
Tyrrell,25,581,1975,13,4,1,4
Ferrari,6,581,1975,17,3,1,5
Shadow-Ford,200,581,1975,1,7,0,6
McLaren,1,581,1975,26,1,2,7
Brabham,34,581,1975,25,2,1,8
BRM,65,581,1975,0,16,0,9
Surtees,62,581,1975,0,13,0,10
Penske,66,581,1975,0,9,0,11
Fittipaldi,55,581,1975,0,15,0,12
Ferrari,6,582,1975,26,3,2,1
Brabham,34,582,1975,29,1,1,2
Ferrari,6,582,1975,26,3,2,3
Parnelli,72,582,1975,0,11,0,4
Penske,66,582,1975,0,9,0,5
Embassy Hill,74,582,1975,0,12,0,6
Tyrrell,25,582,1975,19,4,1,7
McLaren,1,582,1975,26,2,2,8
Team Lotus,32,582,1975,6,6,0,9
Hesketh,63,582,1975,7,5,0,10
Hesketh,63,582,1975,7,5,0,11
Tyrrell,25,582,1975,19,4,1,12
BRM,65,582,1975,0,14,0,13
Williams,3,582,1975,0,10,0,14
Team Lotus,32,582,1975,6,6,0,15
Surtees,62,582,1975,0,13,0,16
Fittipaldi,55,582,1975,0,16,0,17
Hesketh,63,583,1975,7,5,0,1
Ferrari,6,583,1975,35,1,3,2
Ferrari,6,583,1975,35,1,3,3
Brabham,34,583,1975,33,2,1,4
Brabham,34,583,1975,33,2,1,5
Shadow-Ford,200,583,1975,2,8,0,6
Embassy Hill,74,583,1975,1,11,0,7
Penske,66,583,1975,2,9,0,8
Tyrrell,25,583,1975,19,4,1,9
Ensign,56,583,1975,0,17,0,10
Fittipaldi,55,583,1975,0,16,0,11
Williams,3,583,1975,0,12,0,12
Embassy Hill,74,583,1975,1,11,0,13
March,37,583,1975,1,10,0,14
Team Lotus,32,583,1975,6,6,0,15
Tyrrell,25,583,1975,19,4,1,16
Ferrari,6,584,1975,41,1,3,1
Hesketh,63,584,1975,16,5,1,2
McLaren,1,584,1975,26,3,2,3
McLaren,1,584,1975,26,3,2,4
Parnelli,72,584,1975,3,8,0,5
Tyrrell,25,584,1975,19,4,1,6
Embassy Hill,74,584,1975,1,11,0,7
Shadow-Ford,200,584,1975,3,7,0,8
Tyrrell,25,584,1975,19,4,1,9
Team Lotus,32,584,1975,6,6,0,10
Williams,3,584,1975,0,12,0,11
Tyrrell,25,584,1975,19,4,1,12
Surtees,62,584,1975,0,13,0,13
Brabham,34,584,1975,36,2,1,14
Ensign,56,584,1975,0,16,0,15
Embassy Hill,74,584,1975,1,11,0,16
BRM,65,584,1975,0,14,0,17
March,37,584,1975,1,10,0,18
McLaren,1,585,1975,30,3,2,1
Brabham,34,585,1975,36,2,1,2
Tyrrell,25,585,1975,20,5,1,3
Hesketh,63,585,1975,22,4,1,4
March,37,585,1975,1,10,0,5
March,37,585,1975,1,10,0,6
McLaren,1,585,1975,30,3,2,7
Ferrari,6,585,1975,50,1,4,8
Tyrrell,25,585,1975,20,5,1,9
Embassy Hill,74,585,1975,1,11,0,10
Surtees,62,585,1975,0,13,0,11
Parnelli,72,585,1975,5,7,0,12
Ferrari,6,585,1975,50,1,4,13
Shadow-Ford,200,585,1975,3,8,0,14
Embassy Hill,74,585,1975,1,11,0,15
Team Lotus,32,585,1975,6,6,0,16
Surtees,62,585,1975,0,13,0,18
Fittipaldi,55,585,1975,0,17,0,19
Brabham,34,586,1975,42,2,1,1
Williams,3,586,1975,0,12,0,2
Ferrari,6,586,1975,50,1,4,3
Shadow-Ford,200,586,1975,3,8,0,4
Embassy Hill,74,586,1975,1,11,0,5
Ensign,56,586,1975,0,16,0,6
March,37,586,1975,3,9,0,7
Hesketh,63,586,1975,25,4,1,8
Tyrrell,25,586,1975,24,5,1,9
Parnelli,72,586,1975,5,7,0,10
March,37,587,1975,3,10,0,1
Hesketh,63,587,1975,25,4,1,2
Shadow-Ford,200,587,1975,6,6,0,3
McLaren,1,587,1975,39,3,3,4
Team Lotus,32,587,1975,6,7,0,5
Ferrari,6,587,1975,54,1,4,6
Ferrari,6,587,1975,54,1,4,7
Tyrrell,25,587,1975,24,5,1,8
McLaren,1,587,1975,39,3,3,9
Surtees,62,587,1975,0,14,0,10
Tyrrell,25,587,1975,24,5,1,11
Ensign,56,587,1975,1,13,0,12
Hesketh,63,587,1975,25,4,1,13
Brabham,34,587,1975,51,2,2,14
Embassy Hill,74,587,1975,3,11,0,15
Embassy Hill,74,587,1975,3,11,0,16
March,37,587,1975,3,10,0,17
Ferrari,6,588,1975,54,1,4,1
McLaren,1,588,1975,41,3,3,2
Ferrari,6,588,1975,54,1,4,3
Brabham,34,588,1975,51,2,2,4
Hesketh,63,588,1975,28,4,1,5
Shadow-Ford,200,588,1975,8,6,0,6
Tyrrell,25,588,1975,24,5,1,7
Tyrrell,25,588,1975,24,5,1,8
Hesketh,63,588,1975,28,4,1,9
Hesketh,63,588,1975,28,4,1,10
Fittipaldi,55,588,1975,0,17,0,11
Ensign,56,588,1975,1,13,0,12
Team Lotus,32,588,1975,7,8,0,13
Williams,3,588,1975,6,9,0,14
Ferrari,6,589,1975,63,1,5,1
McLaren,1,589,1975,47,3,3,2
McLaren,1,589,1975,47,3,3,3
Hesketh,63,589,1975,30,4,1,4
Team Lotus,32,589,1975,7,8,0,5
Tyrrell,25,589,1975,24,5,1,6
March,37,589,1975,7,7,1,7
March,37,589,1975,7,7,1,8
Penske,66,589,1975,2,12,0,9
Fittipaldi,55,589,1975,0,17,0,10
McLaren,1,591,1974,9,1,1,1
Ferrari,6,591,1974,6,2,0,2
Team Lotus,32,591,1974,0,8,0,3
Surtees,62,591,1974,0,9,0,4
McLaren,1,591,1974,9,1,1,5
Team Lotus,32,591,1974,0,8,0,6
Brabham,34,591,1974,0,5,0,7
Tyrrell,25,591,1974,1,4,0,8
March,37,591,1974,0,6,0,9
BRM,65,591,1974,2,3,0,10
Lola,26,591,1974,0,7,0,11
McLaren,1,591,1974,9,1,1,12
Tyrrell,25,591,1974,1,4,0,13
BRM,65,591,1974,2,3,0,14
Brabham,34,591,1974,0,5,0,15
BRM,65,591,1974,2,3,0,16
Surtees,62,591,1974,0,9,0,17
Brabham,34,592,1974,0,7,0,1
BRM,65,592,1974,2,5,0,2
McLaren,1,592,1974,18,1,2,3
Tyrrell,25,592,1974,1,6,0,4
March,37,592,1974,0,8,0,5
Iso Marlboro,79,592,1974,0,11,0,6
McLaren,1,592,1974,18,1,2,7
Tyrrell,25,592,1974,1,6,0,8
McLaren,1,592,1974,18,1,2,9
March,37,592,1974,0,8,0,10
Surtees,62,592,1974,3,4,0,11
Lola,26,592,1974,0,9,0,12
Team Lotus,32,592,1974,4,3,0,13
Tyrrell,25,592,1974,1,6,0,14
BRM,65,592,1974,2,5,0,15
Ferrari,6,592,1974,12,2,0,16
Brabham,34,592,1974,0,7,0,17
BRM,65,592,1974,2,5,0,18
McLaren,1,592,1974,18,1,2,19
Ferrari,6,593,1974,12,2,0,1
Ferrari,6,593,1974,12,2,0,2
McLaren,1,593,1974,22,1,2,3
March,37,593,1974,2,8,0,4
Tyrrell,25,593,1974,4,6,0,5
McLaren,1,593,1974,22,1,2,6
Shadow,57,593,1974,0,11,0,7
Tyrrell,25,593,1974,4,6,0,8
McLaren,1,593,1974,22,1,2,9
Hesketh,63,593,1974,0,12,0,10
Brabham,34,593,1974,9,3,1,11
BRM,65,593,1974,8,4,0,12
Surtees,62,593,1974,3,7,0,13
McLaren,1,594,1974,26,1,2,1
Ferrari,6,594,1974,21,2,1,2
Tyrrell,25,594,1974,6,5,0,3
Ferrari,6,594,1974,21,2,1,4
BRM,65,594,1974,8,4,0,5
McLaren,1,594,1974,26,1,2,6
McLaren,1,594,1974,26,1,2,7
Lola,26,594,1974,0,12,0,8
March,37,594,1974,5,6,0,9
Trojan,76,594,1974,0,13,0,10
Brabham,34,594,1974,9,3,1,11
Lola,26,594,1974,0,12,0,12
Shadow,57,594,1974,0,10,0,13
Iso Marlboro,79,594,1974,1,9,0,14
BRM,65,594,1974,8,4,0,16
Brabham,34,594,1974,9,3,1,17
Shadow,57,594,1974,0,10,0,18
Team Lotus,32,595,1974,4,7,0,1
Tyrrell,25,595,1974,10,4,0,2
Shadow,57,595,1974,0,10,0,3
Ferrari,6,595,1974,27,2,1,4
McLaren,1,595,1974,35,1,3,5
Brabham,34,595,1974,9,5,1,6
Lola,26,595,1974,0,11,0,7
Lola,26,595,1974,0,11,0,8
Tyrrell,25,595,1974,10,4,0,9
Tyrrell,25,596,1974,16,3,0,1
Tyrrell,25,596,1974,16,3,0,2
Hesketh,63,596,1974,0,13,0,3
McLaren,1,596,1974,37,1,3,4
Shadow,57,596,1974,4,8,0,5
Lola,26,596,1974,0,11,0,6
Lola,26,596,1974,0,11,0,7
Iso Marlboro,79,596,1974,1,10,0,8
Brabham,34,596,1974,10,5,1,9
March,37,596,1974,5,7,0,10
Brabham,34,596,1974,10,5,1,11
Ferrari,6,597,1974,30,2,1,1
Ferrari,6,597,1974,30,2,1,2
McLaren,1,597,1974,40,1,3,3
McLaren,1,597,1974,40,1,3,4
Tyrrell,25,597,1974,25,3,1,5
Tyrrell,25,597,1974,25,3,1,6
Brabham,34,597,1974,10,5,1,7
Team Lotus,32,597,1974,13,4,1,8
Brabham,34,597,1974,10,5,1,9
March,37,597,1974,5,8,0,10
Team Lotus,32,597,1974,13,4,1,11
Brabham,34,597,1974,10,5,1,12
Team Lotus,32,598,1974,13,4,1,1
Ferrari,6,598,1974,39,2,2,2
Ferrari,6,598,1974,39,2,2,3
Tyrrell,25,598,1974,27,3,1,4
Team Lotus,32,598,1974,13,4,1,5
McLaren,1,598,1974,42,1,3,6
McLaren,1,598,1974,42,1,3,7
Tyrrell,25,598,1974,27,3,1,8
Iso Marlboro,79,598,1974,1,12,0,9
BRM,65,598,1974,10,6,0,10
March,37,598,1974,5,8,0,11
Shadow,57,598,1974,6,7,0,12
Lola,26,598,1974,1,11,0,13
BRM,65,598,1974,10,6,0,14
Lola,26,598,1974,1,11,0,15
Brabham,34,598,1974,10,5,1,16
Tyrrell,25,599,1974,30,3,1,1
McLaren,1,599,1974,43,2,3,2
Team Lotus,32,599,1974,22,4,2,3
Ferrari,6,599,1974,45,1,2,4
Ferrari,6,599,1974,45,1,2,5
Brabham,34,599,1974,10,5,1,6
McLaren,1,599,1974,43,2,3,7
Shadow,57,599,1974,6,7,0,8
Brabham,34,599,1974,10,5,1,9
Team Lotus,32,599,1974,22,4,2,10
Brabham,34,599,1974,10,5,1,11
BRM,65,599,1974,10,6,0,12
Lola,26,599,1974,1,11,0,13
Surtees,62,599,1974,3,10,0,14
Ferrari,6,600,1974,48,2,2,1
Tyrrell,25,600,1974,39,3,2,2
Brabham,34,600,1974,11,5,1,3
Team Lotus,32,600,1974,26,4,2,4
Team Lotus,32,600,1974,26,4,2,5
Shadow,57,600,1974,6,7,0,6
March,37,600,1974,5,8,0,7
Shadow,57,600,1974,6,7,0,8
Lola,26,600,1974,1,11,0,9
BRM,65,600,1974,10,6,0,10
Surtees,62,600,1974,3,10,0,11
Brabham,34,600,1974,11,5,1,12
March,37,600,1974,5,8,0,13
Token,78,600,1974,0,15,0,14
McLaren,1,600,1974,49,1,3,15
Brabham,34,601,1974,15,5,1,1
McLaren,1,601,1974,49,2,3,2
Hesketh,63,601,1974,4,9,0,3
Brabham,34,601,1974,15,5,1,4
Ferrari,6,601,1974,57,1,3,5
March,37,601,1974,5,8,0,6
McLaren,1,601,1974,49,2,3,7
Shadow,57,601,1974,7,7,0,8
Surtees,62,601,1974,3,10,0,9
Trojan,76,601,1974,0,13,0,10
March,37,601,1974,5,8,0,11
Lola,26,601,1974,1,11,0,12
Team Lotus,32,602,1974,29,4,2,1
McLaren,1,602,1974,55,2,3,2
Tyrrell,25,602,1974,45,3,2,3
Iso Marlboro,79,602,1974,1,12,0,4
Brabham,34,602,1974,24,5,2,5
McLaren,1,602,1974,55,2,3,6
Brabham,34,602,1974,24,5,2,7
Lola,26,602,1974,1,11,0,8
McLaren,1,602,1974,55,2,3,9
Shadow,57,602,1974,7,8,0,10
Tyrrell,25,602,1974,45,3,2,11
McLaren,1,603,1974,61,1,3,1
Ferrari,6,603,1974,59,2,3,2
Team Lotus,32,603,1974,38,4,3,3
Hesketh,63,603,1974,8,7,0,4
Tyrrell,25,603,1974,49,3,2,5
McLaren,1,603,1974,61,1,3,6
Brabham,34,603,1974,26,5,2,8
Brabham,34,603,1974,26,5,2,9
Surtees,62,603,1974,3,11,0,10
Lola,26,603,1974,1,12,0,11
Team Lotus,32,603,1974,38,4,3,13
Lola,26,603,1974,1,12,0,14
Iso Marlboro,79,603,1974,4,10,0,15
McLaren,1,603,1974,61,1,3,16
Brabham,34,604,1974,26,5,2,1
Brabham,34,604,1974,26,5,2,2
Hesketh,63,604,1974,11,6,0,3
McLaren,1,604,1974,70,1,4,4
Brabham,34,604,1974,26,5,2,5
Tyrrell,25,604,1974,51,3,2,6
McLaren,1,604,1974,70,1,4,7
Lola,26,604,1974,1,12,0,8
BRM,65,604,1974,10,7,0,9
Shadow,57,604,1974,7,8,0,10
Ferrari,6,604,1974,65,2,3,11
Lola,26,604,1974,1,12,0,12
Team Lotus,32,606,1973,9,1,1,1
Tyrrell,25,606,1973,6,2,0,2
McLaren,1,606,1973,2,4,0,3
Ferrari,6,606,1973,3,3,0,4
Ferrari,6,606,1973,3,3,0,5
BRM,65,606,1973,0,6,0,6
Iso Marlboro,79,606,1973,0,8,0,7
BRM,65,606,1973,0,6,0,8
Iso Marlboro,79,606,1973,0,8,0,9
Tyrrell,25,606,1973,6,2,0,10
Brabham,34,606,1973,1,5,0,11
Surtees,62,606,1973,0,9,0,12
Tyrrell,25,607,1973,12,2,0,1
McLaren,1,607,1973,6,3,0,2
Team Lotus,32,607,1973,18,1,2,3
Ferrari,6,607,1973,6,4,0,4
McLaren,1,607,1973,6,3,0,5
Brabham,34,607,1973,1,6,0,7
Surtees,62,607,1973,0,9,0,8
McLaren,1,607,1973,6,3,0,9
Iso Marlboro,79,607,1973,0,7,0,10
Team Lotus,32,607,1973,18,1,2,11
Team Lotus,32,608,1973,22,1,2,1
Tyrrell,25,608,1973,21,2,1,2
Shadow,57,608,1973,1,7,0,3
McLaren,1,608,1973,12,3,0,4
BRM,65,608,1973,1,5,0,5
McLaren,1,608,1973,12,3,0,6
March,37,608,1973,0,10,0,7
March,37,608,1973,0,10,0,8
BRM,65,608,1973,1,5,0,9
Brabham,34,608,1973,1,6,0,10
Iso Marlboro,79,608,1973,0,8,0,11
Ferrari,6,608,1973,9,4,0,12
Tyrrell,25,609,1973,27,2,1,1
Tyrrell,25,609,1973,27,2,1,2
Team Lotus,32,609,1973,31,1,3,3
Brabham,34,609,1973,1,7,0,4
BRM,65,609,1973,3,6,0,5
McLaren,1,609,1973,15,3,0,7
Surtees,62,609,1973,0,10,0,8
Shadow,57,609,1973,5,5,0,9
BRM,65,609,1973,3,6,0,10
March,37,609,1973,0,8,0,11
Tyrrell,25,610,1973,36,1,2,1
Team Lotus,32,610,1973,35,2,3,2
Team Lotus,32,610,1973,35,2,3,3
Tyrrell,25,610,1973,36,1,2,4
McLaren,1,610,1973,15,3,0,5
McLaren,1,610,1973,15,3,0,6
Brabham,34,610,1973,4,7,0,7
Surtees,62,610,1973,0,11,0,8
March,37,610,1973,0,9,0,9
Shadow,57,610,1973,5,5,0,10
Brabham,34,610,1973,4,7,0,11
McLaren,1,611,1973,17,3,0,1
Team Lotus,32,611,1973,37,2,3,2
Tyrrell,25,611,1973,39,1,3,3
Brabham,34,611,1973,4,7,0,4
Tyrrell,25,611,1973,39,1,3,5
Ferrari,6,611,1973,9,4,0,6
McLaren,1,611,1973,17,3,0,7
March,37,611,1973,0,9,0,8
BRM,65,611,1973,5,6,0,9
Surtees,62,611,1973,0,11,0,10
Iso Marlboro,79,611,1973,0,10,0,11
Team Lotus,32,611,1973,37,2,3,12
BRM,65,611,1973,5,6,0,13
Shadow,57,611,1973,5,5,0,14
Team Lotus,32,612,1973,43,2,3,1
Tyrrell,25,612,1973,43,1,3,2
Brabham,34,612,1973,7,5,0,3
Tyrrell,25,612,1973,43,1,3,4
Ferrari,6,612,1973,10,4,0,5
March,37,612,1973,0,9,0,6
Ferrari,6,612,1973,10,4,0,7
McLaren,1,612,1973,26,3,1,8
BRM,65,612,1973,5,7,0,9
Shadow,57,612,1973,5,6,0,10
BRM,65,612,1973,5,7,0,11
BRM,65,612,1973,5,7,0,12
Surtees,62,612,1973,0,11,0,13
Iso Marlboro,79,612,1973,0,10,0,14
Brabham,34,612,1973,7,5,0,16
McLaren,1,613,1973,26,3,1,1
Team Lotus,32,613,1973,52,1,4,2
McLaren,1,613,1973,26,3,1,3
March,37,613,1973,1,8,0,4
Tyrrell,25,613,1973,51,2,3,5
Brabham,34,613,1973,11,5,0,6
BRM,65,613,1973,5,7,0,7
Ferrari,6,613,1973,12,4,0,8
Iso Marlboro,79,613,1973,0,10,0,9
Tyrrell,25,613,1973,51,2,3,10
March,37,613,1973,1,8,0,11
BRM,65,613,1973,5,7,0,12
Ensign,56,613,1973,0,12,0,13
Tyrrell,25,614,1973,53,2,3,1
Tyrrell,25,614,1973,53,2,3,2
March,37,614,1973,4,8,0,3
McLaren,1,614,1973,35,3,2,4
BRM,65,614,1973,5,7,0,5
Iso Marlboro,79,614,1973,0,10,0,6
Surtees,62,614,1973,0,11,0,7
BRM,65,614,1973,5,7,0,8
Iso Marlboro,79,614,1973,0,10,0,9
Shadow,57,614,1973,5,6,0,10
Team Lotus,32,614,1973,58,1,4,11
Tyrrell,25,615,1973,62,1,4,1
Tyrrell,25,615,1973,62,1,4,2
McLaren,1,615,1973,38,3,2,3
Surtees,62,615,1973,0,11,0,4
Brabham,34,615,1973,12,4,0,5
Team Lotus,32,615,1973,58,2,4,6
Surtees,62,615,1973,0,11,0,7
Shadow,57,615,1973,5,8,0,8
McLaren,1,615,1973,38,3,2,9
Iso Marlboro,79,615,1973,1,9,0,10
Brabham,34,615,1973,12,4,0,11
McLaren,1,615,1973,38,3,2,12
Shadow,57,615,1973,5,8,0,13
Surtees,62,615,1973,0,11,0,14
March,37,615,1973,8,6,0,15
March,37,615,1973,8,6,0,16
Team Lotus,32,616,1973,59,2,4,1
Tyrrell,25,616,1973,71,1,5,2
Surtees,62,616,1973,3,9,0,3
Brabham,34,616,1973,14,4,0,4
BRM,65,616,1973,7,7,0,5
BRM,65,616,1973,7,7,0,6
Ferrari,6,616,1973,12,5,0,7
McLaren,1,616,1973,42,3,2,8
Iso Marlboro,79,616,1973,1,10,0,9
Surtees,62,616,1973,3,9,0,10
Team Lotus,32,617,1973,68,2,5,1
Team Lotus,32,617,1973,68,2,5,2
McLaren,1,617,1973,42,3,2,3
Tyrrell,25,617,1973,77,1,5,4
Tyrrell,25,617,1973,77,1,5,5
Brabham,34,617,1973,17,4,0,6
Surtees,62,617,1973,7,8,0,7
Ferrari,6,617,1973,12,5,0,8
March,37,617,1973,8,7,0,9
Shadow,57,617,1973,5,9,0,10
Shadow,57,617,1973,5,9,0,11
Brabham,34,617,1973,17,4,0,12
BRM,65,617,1973,9,6,0,13
Shadow,57,617,1973,5,9,0,14
McLaren,1,617,1973,42,3,2,15
McLaren,1,618,1973,46,3,2,1
Team Lotus,32,618,1973,77,2,6,2
Shadow,57,618,1973,5,9,0,3
BRM,65,618,1973,9,6,0,4
Tyrrell,25,618,1973,80,1,5,5
Iso Marlboro,79,618,1973,1,10,0,6
March,37,618,1973,8,7,0,7
Brabham,34,618,1973,18,4,0,8
Surtees,62,618,1973,7,8,0,9
Tyrrell,25,618,1973,80,1,5,10
Brabham,34,618,1973,18,4,0,11
Brabham,34,618,1973,18,4,0,12
McLaren,1,618,1973,46,3,2,13
Iso Marlboro,79,618,1973,1,10,0,14
Ferrari,6,618,1973,12,5,0,15
Shadow,57,618,1973,5,9,0,16
Shadow,57,618,1973,5,9,0,17
Surtees,62,618,1973,7,8,0,18
Team Lotus,32,619,1973,83,1,6,1
March,37,619,1973,8,8,0,2
Brabham,34,619,1973,18,4,0,3
McLaren,1,619,1973,55,3,3,4
McLaren,1,619,1973,55,3,3,5
Team Lotus,32,619,1973,83,1,6,6
Iso Marlboro,79,619,1973,2,10,0,7
BRM,65,619,1973,12,6,0,8
BRM,65,619,1973,12,6,0,9
March,37,619,1973,8,8,0,10
March,37,619,1973,8,8,0,11
Iso Marlboro,79,619,1973,2,10,0,12
Shadow,57,619,1973,9,7,0,13
Shadow,57,619,1973,9,7,0,14
Shadow,57,619,1973,9,7,0,15
Ferrari,6,619,1973,12,5,0,16
McLaren,1,621,1972,6,2,0,1
Team Lotus,32,621,1972,0,8,0,2
McLaren,1,621,1972,6,2,0,3
Ferrari,6,621,1972,4,3,0,4
March,37,621,1972,1,5,0,5
Brabham,34,621,1972,0,6,0,6
March,37,621,1972,1,5,0,7
Ferrari,6,621,1972,4,3,0,8
Tyrrell,25,621,1972,9,1,1,9
Team Lotus,32,621,1972,0,8,0,10
March,37,621,1972,1,5,0,11
Ferrari,6,621,1972,4,3,0,12
March,37,621,1972,1,5,0,13
BRM,65,621,1972,0,7,0,14
Matra,81,621,1972,0,9,0,15
Surtees,62,621,1972,2,4,0,16
March,37,621,1972,1,5,0,17
Team Lotus,32,622,1972,6,4,0,1
Ferrari,6,622,1972,7,3,0,2
Ferrari,6,622,1972,7,3,0,3
Surtees,62,622,1972,2,6,0,4
McLaren,1,622,1972,15,1,1,5
March,37,622,1972,3,5,0,6
Brabham,34,622,1972,1,7,0,7
Surtees,62,622,1972,2,6,0,8
Team Lotus,32,622,1972,6,4,0,9
Brabham,34,622,1972,1,7,0,10
March,37,622,1972,3,5,0,11
BRM,65,623,1972,0,8,0,1
Ferrari,6,623,1972,13,3,0,2
Team Lotus,32,623,1972,15,2,1,3
Tyrrell,25,623,1972,9,4,1,4
McLaren,1,623,1972,17,1,1,5
Matra,81,623,1972,0,9,0,6
Surtees,62,623,1972,5,5,0,7
BRM,65,623,1972,0,8,0,8
Brabham,34,623,1972,1,7,0,9
March,37,623,1972,4,6,0,10
March,37,623,1972,4,6,0,11
Brabham,34,623,1972,1,7,0,12
March,37,623,1972,4,6,0,13
Team Lotus,32,623,1972,15,2,1,14
McLaren,1,623,1972,17,1,1,15
March,37,623,1972,4,6,0,16
March,37,623,1972,4,6,0,17
Team Lotus,32,624,1972,19,2,1,1
Tyrrell,25,624,1972,12,4,1,2
McLaren,1,624,1972,19,1,1,3
Surtees,62,624,1972,5,6,0,4
March,37,624,1972,4,7,0,5
Matra,81,624,1972,1,9,0,6
McLaren,1,624,1972,19,1,1,7
BRM,65,624,1972,9,5,1,8
March,37,624,1972,4,7,0,9
BRM,65,624,1972,9,5,1,10
March,37,624,1972,4,7,0,11
March,37,624,1972,4,7,0,12
Brabham,34,624,1972,1,8,0,13
Team Lotus,32,624,1972,19,2,1,14
Tyrrell,25,625,1972,18,4,1,1
Team Lotus,32,625,1972,28,1,2,2
Matra,81,625,1972,2,8,0,3
Tyrrell,25,625,1972,18,4,1,4
March,37,625,1972,6,7,0,5
Surtees,62,625,1972,8,6,0,6
McLaren,1,625,1972,23,2,1,7
Brabham,34,625,1972,1,9,0,8
McLaren,1,625,1972,23,2,1,9
Brabham,34,625,1972,1,9,0,10
Ferrari,6,625,1972,19,3,0,11
Brabham,34,625,1972,1,9,0,12
Ferrari,6,625,1972,19,3,0,13
Surtees,62,625,1972,8,6,0,14
BRM,65,625,1972,9,5,1,15
March,37,625,1972,6,7,0,16
Surtees,62,625,1972,8,6,0,17
Team Lotus,32,625,1972,28,1,2,18
March,37,625,1972,6,7,0,19
Team Lotus,32,626,1972,34,1,2,1
Tyrrell,25,626,1972,27,2,2,2
McLaren,1,626,1972,23,3,1,3
Matra,81,626,1972,6,8,0,4
McLaren,1,626,1972,23,3,1,5
Ferrari,6,626,1972,19,4,0,6
March,37,626,1972,8,7,0,7
Brabham,34,626,1972,1,9,0,8
March,37,626,1972,8,7,0,9
March,37,626,1972,8,7,0,10
BRM,65,626,1972,9,5,1,11
Brabham,34,626,1972,1,9,0,12
March,37,626,1972,8,7,0,13
Ferrari,6,627,1972,20,4,0,1
Ferrari,6,627,1972,20,4,0,2
March,37,627,1972,8,8,0,3
BRM,65,627,1972,9,5,1,4
McLaren,1,627,1972,27,3,1,5
Brabham,34,627,1972,1,9,0,6
Brabham,34,627,1972,1,9,0,7
March,37,627,1972,8,8,0,8
BRM,65,627,1972,9,5,1,9
Tyrrell,25,627,1972,33,2,2,10
Tyrrell,25,627,1972,33,2,2,11
Ferrari,6,627,1972,20,4,0,12
Surtees,62,627,1972,9,7,0,13
Surtees,62,627,1972,9,7,0,14
Matra,81,627,1972,9,6,0,15
Team Lotus,32,628,1972,43,1,3,1
McLaren,1,628,1972,29,4,1,2
McLaren,1,628,1972,29,4,1,3
Surtees,62,628,1972,9,8,0,4
Matra,81,628,1972,9,7,0,5
BRM,65,628,1972,12,5,1,6
Tyrrell,25,628,1972,33,2,2,7
BRM,65,628,1972,12,5,1,8
Tyrrell,25,628,1972,33,2,2,9
March,37,628,1972,12,6,0,10
Surtees,62,628,1972,9,8,0,11
March,37,628,1972,12,6,0,12
BRM,65,628,1972,12,5,1,13
Surtees,62,628,1972,9,8,0,14
Team Lotus,32,629,1972,52,1,4,1
Surtees,62,629,1972,12,7,0,2
McLaren,1,629,1972,35,2,1,3
McLaren,1,629,1972,35,2,1,4
Brabham,34,629,1972,2,9,0,5
BRM,65,629,1972,13,5,1,6
Ferrari,6,629,1972,29,4,1,7
BRM,65,629,1972,13,5,1,8
March,37,629,1972,12,6,0,9
March,37,629,1972,12,6,0,10
BRM,65,629,1972,13,5,1,11
BRM,65,629,1972,13,5,1,12
March,37,629,1972,12,6,0,13
Tyrrell,25,630,1972,33,3,2,1
McLaren,1,630,1972,39,2,1,2
McLaren,1,630,1972,39,2,1,3
Brabham,34,630,1972,4,9,0,4
Ferrari,6,630,1972,29,4,1,5
Matra,81,630,1972,11,8,0,6
Surtees,62,630,1972,18,5,0,7
Brabham,34,630,1972,4,9,0,8
March,37,630,1972,12,7,0,9
BRM,65,630,1972,14,6,1,10
Team Lotus,32,630,1972,61,1,5,11
Ferrari,6,630,1972,29,4,1,12
March,37,630,1972,12,7,0,13
Tyrrell,25,631,1972,42,3,3,1
Tyrrell,25,631,1972,42,3,3,2
McLaren,1,631,1972,45,2,1,3
March,37,631,1972,12,8,0,4
Ferrari,6,631,1972,31,4,1,5
Ferrari,6,631,1972,31,4,1,6
Tyrrell,25,631,1972,42,3,3,7
Ferrari,6,631,1972,31,4,1,8
McLaren,1,631,1972,45,2,1,9
Team Lotus,32,631,1972,61,1,5,10
Brabham,34,631,1972,7,9,0,11
Surtees,62,631,1972,18,5,0,12
March,37,631,1972,12,8,0,13
March,37,631,1972,12,8,0,14
Matra,81,631,1972,12,7,0,15
March,37,631,1972,12,8,0,16
Surtees,62,631,1972,18,5,0,17
McLaren,1,631,1972,45,2,1,18
March,37,631,1972,12,8,0,19
Tyrrell,25,633,1971,6,2,0,1
Ferrari,6,633,1971,9,1,1,2
Matra,81,633,1971,2,4,0,3
BRM,65,633,1971,0,10,0,4
McLaren,1,633,1971,1,5,0,5
Matra,81,633,1971,2,4,0,6
Tyrrell,25,633,1971,6,2,0,7
McLaren,1,633,1971,1,5,0,8
Brabham,34,633,1971,0,7,0,9
BRM,65,633,1971,0,10,0,10
Surtees,62,633,1971,0,6,0,11
Tyrrell,25,634,1971,15,2,1,1
March-Ford,198,634,1971,0,9,0,2
Ferrari,6,634,1971,15,1,1,3
McLaren,1,634,1971,3,6,0,4
Lotus-Ford,178,634,1971,3,5,0,5
Surtees,62,634,1971,0,7,0,6
Surtees,62,634,1971,0,7,0,7
March-Ford,198,634,1971,0,9,0,8
BRM,65,634,1971,3,4,0,9
Brabham,34,634,1971,0,8,0,10
Ferrari,6,635,1971,19,2,1,1
BRM,65,635,1971,3,7,0,2
Ferrari,6,635,1971,19,2,1,3
March-Ford,198,635,1971,6,3,0,4
Surtees,62,635,1971,1,8,0,5
BRM,65,635,1971,3,7,0,6
BRM,65,635,1971,3,7,0,7
Surtees,62,635,1971,1,8,0,8
Matra,81,635,1971,6,4,0,9
Brabham,34,635,1971,0,9,0,10
Tyrrell,25,635,1971,24,1,2,11
McLaren,1,635,1971,6,5,0,12
Tyrrell,25,636,1971,24,2,2,1
Tyrrell,25,636,1971,24,2,2,2
Lotus-Ford,178,636,1971,5,7,0,3
BRM,65,636,1971,9,3,0,4
Matra,81,636,1971,6,5,0,5
Lotus-Ford,178,636,1971,5,7,0,6
Matra,81,636,1971,6,5,0,7
Surtees,62,636,1971,3,8,0,8
McLaren,1,636,1971,6,6,0,9
BRM,65,636,1971,9,3,0,10
Surtees,62,636,1971,3,8,0,11
Brabham,34,636,1971,0,9,0,12
March-Ford,198,636,1971,9,4,0,13
Tyrrell,25,637,1971,33,1,3,1
March-Ford,198,637,1971,9,4,0,2
Lotus-Ford,178,637,1971,9,5,0,3
March-Ford,198,637,1971,9,4,0,4
Surtees,62,637,1971,3,8,0,5
Surtees,62,637,1971,3,8,0,6
Matra,81,637,1971,8,6,0,7
BRM,65,637,1971,12,3,0,8
BRM,65,637,1971,12,3,0,9
Tyrrell,25,637,1971,33,1,3,10
March-Ford,198,637,1971,9,4,0,11
Brabham,34,637,1971,0,9,0,12
Tyrrell,25,638,1971,42,1,4,1
Tyrrell,25,638,1971,42,1,4,2
Ferrari,6,638,1971,28,2,2,3
Ferrari,6,638,1971,28,2,2,4
March-Ford,198,638,1971,15,3,0,5
Brabham,34,638,1971,0,9,0,6
Surtees,62,638,1971,5,8,0,7
Lotus-Ford,178,638,1971,13,4,0,8
Brabham,34,638,1971,0,9,0,9
Surtees,62,638,1971,5,8,0,10
BRM,65,638,1971,12,5,0,11
March-Alfa Romeo,197,638,1971,0,10,0,12
BRM,65,639,1971,12,5,0,1
Lotus-Ford,178,639,1971,13,4,0,2
Brabham,34,639,1971,1,9,0,3
Lotus-Ford,178,639,1971,13,4,0,4
Brabham,34,639,1971,1,9,0,5
March-Ford,198,639,1971,17,3,0,6
Surtees,62,639,1971,5,8,0,7
March-Ford,198,639,1971,17,3,0,8
McLaren,1,639,1971,6,7,0,9
BRM,65,639,1971,12,5,0,10
BRM,65,639,1971,12,5,0,11
March-Alfa Romeo,197,639,1971,0,10,0,12
BRM,65,640,1971,21,3,1,1
March-Ford,198,640,1971,18,5,0,2
Tyrrell,25,640,1971,51,1,5,3
Surtees,62,640,1971,5,9,0,4
BRM,65,640,1971,21,3,1,5
Matra,81,640,1971,8,6,0,6
McLaren,1,640,1971,6,7,0,7
Lotus-Pratt &amp; Whitney,199,640,1971,0,11,0,8
BRM,65,640,1971,21,3,1,9
McLaren,1,640,1971,6,7,0,10
Tyrrell,25,641,1971,55,1,5,1
March-Ford,198,641,1971,24,4,0,2
McLaren,1,641,1971,6,8,0,3
McLaren,1,641,1971,6,8,0,4
Lotus-Ford,178,641,1971,19,5,0,5
Tyrrell,25,641,1971,55,1,5,6
Lotus-Ford,178,641,1971,19,5,0,7
Ferrari,6,641,1971,32,2,2,8
BRM,65,641,1971,30,3,2,9
Matra,81,641,1971,9,6,0,10
Surtees,62,641,1971,8,7,0,11
BRM,65,641,1971,30,3,2,12
Ferrari,6,641,1971,32,2,2,13
BRM,65,641,1971,30,3,2,14
BRM,65,641,1971,30,3,2,15
March-Ford,198,641,1971,24,4,0,16
Tyrrell,25,642,1971,64,1,6,1
BRM,65,642,1971,30,3,2,2
March-Ford,198,642,1971,30,4,0,3
BRM,65,642,1971,30,3,2,4
Tyrrell,25,642,1971,64,1,6,5
Ferrari,6,642,1971,32,2,2,6
Brabham,34,642,1971,5,9,0,7
Matra,81,642,1971,9,7,0,8
BRM,65,642,1971,30,3,2,9
McLaren,1,642,1971,10,6,0,10
March-Alfa Romeo,197,642,1971,0,11,0,11
Matra,81,642,1971,9,7,0,12
BRM,65,642,1971,30,3,2,13
BRM,65,642,1971,30,3,2,14
Surtees,62,642,1971,8,8,0,15
McLaren,1,642,1971,10,6,0,16
Surtees,62,642,1971,8,8,0,17
March,37,644,1970,4,3,0,1
McLaren-Ford,185,644,1970,6,2,0,2
March,37,644,1970,4,3,0,3
Team Lotus,32,644,1970,2,5,0,4
March,37,644,1970,4,3,0,5
Team Lotus,32,645,1970,5,4,0,1
Brabham,34,645,1970,9,3,1,2
Matra,81,645,1970,3,5,0,3
McLaren-Ford,185,645,1970,12,2,0,4
Team Lotus,32,645,1970,5,4,0,5
BRM,65,645,1970,0,6,0,6
March,37,645,1970,13,1,1,7
March,37,645,1970,13,1,1,8
BRM,65,646,1970,1,6,0,1
March,37,646,1970,13,4,1,2
Matra,81,646,1970,7,5,0,3
Ferrari,6,646,1970,0,8,0,4
Brabham,34,646,1970,15,1,1,5
Matra,81,646,1970,7,5,0,6
March,37,646,1970,13,4,1,7
Ferrari,6,646,1970,0,8,0,8
Team Lotus,32,647,1970,14,4,1,1
March,37,647,1970,19,1,1,2
Ferrari,6,647,1970,3,7,0,3
Ferrari,6,647,1970,3,7,0,4
Matra,81,647,1970,11,5,0,5
McLaren-Ford,185,647,1970,15,3,0,6
Team Lotus,32,647,1970,14,4,1,7
Matra,81,647,1970,11,5,0,8
March,37,647,1970,19,1,1,9
BRM,65,647,1970,10,6,1,10
Brabham,34,647,1970,17,2,1,11
Team Lotus,32,648,1970,23,2,2,1
March,37,648,1970,25,1,1,2
Brabham,34,648,1970,17,3,1,3
McLaren-Ford,185,648,1970,16,4,0,4
Matra,81,648,1970,13,5,0,5
McLaren-Ford,185,648,1970,16,4,0,6
Brabham,34,648,1970,17,3,1,7
Team Lotus,32,648,1970,23,2,2,8
March,37,648,1970,25,1,1,9
Team Lotus,32,648,1970,23,2,2,10
March,37,648,1970,25,1,1,11
BRM,65,648,1970,10,6,1,12
Matra,81,648,1970,13,5,0,13
Ferrari,6,648,1970,7,7,0,14
Team Lotus,32,649,1970,32,1,3,1
Brabham,34,649,1970,21,3,1,2
McLaren-Ford,185,649,1970,19,4,0,3
Ferrari,6,649,1970,7,7,0,4
March,37,649,1970,31,2,1,5
Team Lotus,32,649,1970,32,1,3,6
March,37,649,1970,31,2,1,7
Team Lotus,32,649,1970,32,1,3,8
March,37,649,1970,31,2,1,9
Team Lotus,32,650,1970,41,1,4,1
Ferrari,6,650,1970,10,7,0,2
McLaren-Ford,185,650,1970,23,4,0,3
Team Lotus,32,650,1970,41,1,4,4
Brabham,34,650,1970,27,3,1,5
Matra,81,650,1970,15,5,0,6
March,37,650,1970,33,2,1,7
March,37,650,1970,33,2,1,8
Surtees,62,650,1970,0,10,0,9
Red Bull,9,17,2009,135,2,5,1
Red Bull,9,17,2009,135,2,5,2
Brawn,23,17,2009,161,1,8,3
Brawn,23,17,2009,161,1,8,4
BMW Sauber,2,17,2009,32,7,0,5
Toyota,7,17,2009,54,5,0,6
Toyota,7,17,2009,54,5,0,7
Toro Rosso,5,17,2009,7,10,0,8
Williams,3,17,2009,34,6,0,9
BMW Sauber,2,17,2009,32,7,0,10
McLaren,1,17,2009,71,3,2,11
Ferrari,6,17,2009,70,4,1,12
Williams,3,17,2009,34,6,0,13
Renault,4,17,2009,26,8,0,14
Force India,10,17,2009,13,9,0,15
Ferrari,6,17,2009,70,4,1,16
Force India,10,17,2009,13,9,0,17
Renault,4,17,2009,26,8,0,18
Ferrari,6,651,1970,16,5,0,1
Ferrari,6,651,1970,16,5,0,2
Brabham,34,651,1970,29,3,1,3
BRM,65,651,1970,10,7,1,4
BRM,65,651,1970,10,7,1,5
Matra,81,651,1970,16,6,0,6
Ferrari,6,651,1970,16,5,0,7
March,37,651,1970,33,2,1,8
March,37,651,1970,33,2,1,9
McLaren-Ford,185,651,1970,27,4,0,10
BRM,65,651,1970,10,7,1,11
McLaren-Alfa Romeo,196,651,1970,0,10,0,12
Brabham,34,651,1970,29,3,1,13
Matra,81,651,1970,16,6,0,14
Team Lotus,32,651,1970,50,1,5,15
Ferrari,6,652,1970,25,5,1,1
March,37,652,1970,33,2,1,2
Matra,81,652,1970,17,6,0,3
McLaren-Ford,185,652,1970,27,4,0,4
Brabham,34,652,1970,33,3,1,5
March,37,652,1970,33,2,1,6
March,37,652,1970,33,2,1,7
McLaren-Alfa Romeo,196,652,1970,0,9,0,8
Ferrari,6,653,1970,34,4,2,1
Ferrari,6,653,1970,34,4,2,2
March,37,653,1970,39,2,1,3
BRM,65,653,1970,13,7,1,4
Surtees,62,653,1970,0,9,0,5
McLaren-Ford,185,653,1970,30,5,0,6
Matra,81,653,1970,21,6,0,7
Matra,81,653,1970,21,6,0,8
March,37,653,1970,39,2,1,9
BRM,65,653,1970,13,7,1,10
Team Lotus,32,654,1970,50,1,5,1
BRM,65,654,1970,16,7,1,2
Team Lotus,32,654,1970,50,1,5,3
Ferrari,6,654,1970,43,2,3,4
March,37,654,1970,43,3,1,5
Surtees,62,654,1970,2,8,0,6
McLaren-Ford,185,654,1970,31,5,0,7
Matra,81,654,1970,21,6,0,8
March,37,654,1970,43,3,1,9
Brabham,34,654,1970,35,4,1,10
March,37,654,1970,43,3,1,11
Brabham,34,654,1970,35,4,1,12
Ferrari,6,654,1970,43,2,3,13
McLaren-Ford,185,654,1970,31,5,0,14
Ferrari,6,655,1970,46,2,3,1
Ferrari,6,655,1970,46,2,3,2
McLaren-Ford,185,655,1970,31,5,0,3
March,37,655,1970,45,3,1,4
Matra,81,655,1970,21,7,0,5
BRM,65,655,1970,22,6,1,6
BRM,65,655,1970,22,6,1,7
Surtees,62,655,1970,3,8,0,8
Matra,81,655,1970,21,7,0,9
Matra-Ford,194,657,1969,9,1,1,1
McLaren-Ford,185,657,1969,4,3,0,2
Matra-Ford,194,657,1969,9,1,1,3
McLaren-Ford,185,657,1969,4,3,0,4
BRM,65,657,1969,0,4,0,5
Brabham-Ford,180,657,1969,0,7,0,6
Lotus-Ford,178,658,1969,6,3,0,1
Brabham-Ford,180,658,1969,1,5,0,2
Lotus-Ford,178,658,1969,6,3,0,3
Lotus-Ford,178,658,1969,6,3,0,4
McLaren-Ford,185,658,1969,10,2,0,5
McLaren-Ford,185,658,1969,10,2,0,6
Matra-Ford,194,659,1969,18,1,2,1
Lotus-Ford,178,659,1969,15,2,1,2
Ferrari,6,659,1969,0,8,0,3
McLaren-Ford,185,659,1969,12,3,0,4
Brabham-Ford,180,659,1969,7,4,0,5
Brabham-Ford,180,659,1969,7,4,0,6
Lotus-Ford,178,659,1969,15,2,1,7
McLaren-Ford,185,659,1969,12,3,0,8
BRM,65,659,1969,2,5,0,9
McLaren-Ford,185,659,1969,12,3,0,10
Matra-Ford,194,660,1969,27,1,3,1
Matra-Ford,194,660,1969,27,1,3,2
Brabham-Ford,180,660,1969,9,4,0,3
McLaren-Ford,185,660,1969,15,3,0,4
McLaren-Ford,185,660,1969,15,3,0,5
Lotus-Ford,178,660,1969,21,2,1,6
Brabham-Ford,180,660,1969,9,4,0,7
McLaren-Ford,185,660,1969,15,3,0,8
Lotus-Ford,178,660,1969,21,2,1,9
Matra-Ford,194,661,1969,36,1,4,1
Brabham-Ford,180,661,1969,13,4,0,2
McLaren-Ford,185,661,1969,18,3,0,3
Lotus-Ford,178,661,1969,22,2,1,4
Brabham-Ford,180,661,1969,13,4,0,5
McLaren-Ford,185,661,1969,18,3,0,6
Lotus-Ford,178,661,1969,22,2,1,7
Lotus-Ford,178,661,1969,22,2,1,8
Matra-Ford,194,661,1969,36,1,4,9
Lotus-Ford,178,661,1969,22,2,1,10
Brabham-Ford,180,662,1969,19,4,0,1
Matra-Ford,194,662,1969,45,1,5,2
McLaren-Ford,185,662,1969,20,3,0,3
Lotus-Ford,178,662,1969,25,2,1,4
Lotus-Ford,178,662,1969,25,2,1,5
Matra-Ford,194,662,1969,45,1,5,6
Matra-Ford,194,663,1969,51,1,5,1
Lotus-Ford,178,663,1969,28,2,1,2
Matra-Ford,194,663,1969,51,1,5,3
McLaren-Ford,185,663,1969,24,4,0,4
Brabham-Ford,180,663,1969,28,3,1,5
Ferrari,6,663,1969,4,5,0,6
McLaren-Ford,185,663,1969,24,4,0,7
Lotus-Ford,178,663,1969,28,2,1,8
Lotus-Ford,178,663,1969,28,2,1,9
Brabham-Ford,180,663,1969,28,3,1,10
Brabham-Ford,180,664,1969,30,3,1,1
Brabham-Ford,180,664,1969,30,3,1,2
Lotus-Ford,178,664,1969,34,2,1,3
Matra-Ford,194,664,1969,60,1,6,4
McLaren-Ford,185,664,1969,27,4,0,5
Matra-Ford,194,664,1969,60,1,6,6
Lotus-Ford,178,664,1969,34,2,1,7
Lotus-Ford,178,665,1969,38,3,1,1
Brabham-Ford,180,665,1969,39,2,2,2
BRM,65,665,1969,2,6,0,3
Brabham-Ford,180,665,1969,39,2,2,4
Ferrari,6,665,1969,5,5,0,5
Brabham-Ford,180,665,1969,39,2,2,6
McLaren-Ford,185,666,1969,29,4,0,1
Brabham-Ford,180,666,1969,45,3,2,2
Brabham-Ford,180,666,1969,45,3,2,3
Matra-Ford,194,666,1969,63,1,6,4
Matra-Ford,194,666,1969,63,1,6,5
BRM,65,666,1969,6,6,0,6
Ferrari,6,666,1969,7,5,0,7
Matra-Ford,194,666,1969,63,1,6,8
Lotus-Ford,178,666,1969,47,2,2,9
Brabham-Ford,180,666,1969,45,3,2,10
Brabham-Ford,180,666,1969,45,3,2,11
Lotus-Ford,178,668,1968,9,1,1,1
Cooper-BRM,193,668,1968,0,13,0,3
Cooper-BRM,193,668,1968,0,13,0,4
Matra-Ford,194,668,1968,1,5,0,5
Lotus-Ford,178,669,1968,18,1,2,1
BRM,65,669,1968,0,10,0,2
Cooper-BRM,193,669,1968,4,3,0,3
Cooper-BRM,193,669,1968,4,3,0,4
McLaren-Ford,185,669,1968,6,2,0,5
McLaren-Ford,185,670,1968,8,2,0,1
BRM,65,670,1968,6,4,0,2
Ferrari,6,670,1968,3,6,0,3
Matra-Ford,194,670,1968,3,7,0,4
Lotus-Ford,178,670,1968,27,1,3,5
Cooper-BRM,193,670,1968,8,3,0,6
Lotus-Ford,178,670,1968,27,1,3,7
Matra,81,670,1968,0,11,0,8
Matra-Ford,194,671,1968,6,6,0,1
Matra,81,671,1968,0,11,0,2
BRM,65,671,1968,12,3,0,3
Ferrari,6,671,1968,7,5,0,4
Brabham-Repco,189,671,1968,4,7,0,5
Ferrari,6,671,1968,7,5,0,6
BRM,65,671,1968,12,3,0,7
McLaren-BRM,192,671,1968,2,8,0,8
Lotus-Ford,178,671,1968,29,1,3,9
Ferrari,6,672,1968,10,5,0,1
Honda,11,672,1968,0,11,0,2
Matra-Ford,194,672,1968,15,4,1,3
Cooper-BRM,193,672,1968,9,6,0,4
McLaren-Ford,185,672,1968,17,2,1,5
BRM,65,672,1968,16,3,0,6
BRM,65,672,1968,16,3,0,7
McLaren-Ford,185,672,1968,17,2,1,8
Matra,81,672,1968,6,7,0,9
Ferrari,6,672,1968,10,5,0,10
Lotus-Ford,178,672,1968,29,1,3,11
Lotus-Ford,178,673,1968,29,1,3,1
Ferrari,6,673,1968,19,3,1,2
Ferrari,6,673,1968,19,3,1,3
McLaren-Ford,185,673,1968,19,2,1,4
Honda,11,673,1968,6,8,0,5
Matra-Ford,194,673,1968,19,4,1,6
McLaren-Ford,185,673,1968,19,2,1,7
BRM,65,673,1968,17,5,0,8
Matra-Ford,194,674,1968,20,4,1,1
Lotus-Ford,178,674,1968,38,1,4,2
Brabham-Repco,189,674,1968,6,9,0,3
Ferrari,6,674,1968,25,2,1,4
Brabham-Repco,189,674,1968,6,9,0,5
BRM,65,674,1968,17,5,0,6
McLaren-Ford,185,674,1968,22,3,1,7
BRM,65,674,1968,17,5,0,8
Eagle-Weslake,188,674,1968,0,13,0,9
Lotus-Ford,178,674,1968,38,1,4,11
Brabham-Repco,189,674,1968,6,9,0,12
BRM,65,674,1968,17,5,0,14
McLaren-Ford,185,675,1968,22,4,1,1
Matra-Ford,194,675,1968,29,2,2,2
Ferrari,6,675,1968,28,3,1,3
BRM,65,675,1968,18,5,0,4
Matra,81,675,1968,6,9,0,5
McLaren-BRM,192,675,1968,2,10,0,6
McLaren-Ford,185,676,1968,31,4,2,1
McLaren-Ford,185,676,1968,31,4,2,2
BRM,65,676,1968,21,5,0,3
Lotus-Ford,178,676,1968,44,1,4,4
Cooper-BRM,193,676,1968,12,6,0,5
Matra-Ford,194,676,1968,35,2,2,6
Matra-Ford,194,677,1968,36,3,2,1
Lotus-Ford,178,677,1968,47,1,4,2
Honda,11,677,1968,8,9,0,3
McLaren-Ford,185,677,1968,40,2,3,4
Lotus-Ford,178,677,1968,47,1,4,5
McLaren-Ford,185,677,1968,40,2,3,6
Lotus-Ford,178,678,1968,53,1,4,1
McLaren-Ford,185,678,1968,43,3,3,2
Lotus-Ford,178,678,1968,53,1,4,3
BRM,65,678,1968,25,5,0,4
Honda,11,678,1968,12,7,0,5
Lotus-Ford,178,678,1968,53,1,4,6
Matra-Ford,194,678,1968,45,2,3,7
Cooper-BRM,193,678,1968,14,6,0,8
Matra,81,678,1968,8,9,0,9
Brabham-Repco,189,678,1968,10,8,0,10
Brabham-Repco,189,680,1967,3,4,0,1
Lotus-BRM,174,680,1967,0,7,0,2
Cooper-Maserati,164,680,1967,9,1,1,5
BRM,65,680,1967,0,9,0,6
Brabham-Repco,189,681,1967,12,1,1,2
Brabham-Repco,189,681,1967,12,1,1,3
Ferrari,6,681,1967,4,5,0,4
Ferrari,6,681,1967,4,5,0,5
Ferrari,6,681,1967,4,5,0,6
Lotus-BRM,174,681,1967,6,3,0,7
BRM,65,681,1967,1,9,0,8
Brabham-Climax,181,681,1967,2,8,0,9
Cooper-Maserati,164,681,1967,11,2,1,10
Eagle-Weslake,188,682,1967,0,14,0,1
BRM,65,682,1967,1,10,0,2
Ferrari,6,682,1967,7,4,0,3
Cooper-Maserati,164,682,1967,11,2,1,4
BRM,65,682,1967,1,10,0,5
Lotus-Ford,178,682,1967,9,3,1,6
Cooper-Maserati,164,682,1967,11,2,1,7
Brabham-Climax,181,682,1967,2,9,0,8
Cooper-Maserati,164,682,1967,11,2,1,9
Cooper-Maserati,164,682,1967,11,2,1,10
Brabham-Repco,189,683,1967,18,1,1,1
Brabham-Repco,189,683,1967,18,1,1,2
BRM,65,683,1967,7,6,0,3
Cooper-Maserati,164,683,1967,14,2,1,4
BRM,65,683,1967,7,6,0,5
Cooper-Maserati,164,683,1967,14,2,1,6
Lotus-Ford,178,684,1967,10,5,1,1
Brabham-Repco,189,684,1967,27,1,2,2
Ferrari,6,684,1967,11,4,0,3
Brabham-Repco,189,684,1967,27,1,2,4
Cooper-Maserati,164,684,1967,17,2,1,5
Honda,11,684,1967,4,9,0,6
BRM,65,684,1967,11,3,0,7
BRM,65,684,1967,11,3,0,8
Cooper-Maserati,164,684,1967,17,2,1,9
Brabham-Repco,189,684,1967,27,1,2,10
Brabham-Repco,189,685,1967,33,1,2,1
Brabham-Repco,189,685,1967,33,1,2,2
Ferrari,6,685,1967,15,4,0,3
Honda,11,685,1967,5,9,0,4
Lotus-Ford,178,685,1967,19,2,2,5
Cooper-Maserati,164,685,1967,19,3,1,6
Brabham-Repco,189,685,1967,33,1,2,8
BRM,65,685,1967,11,5,0,9
Cooper-Maserati,164,685,1967,19,3,1,11
Brabham-Repco,189,686,1967,42,1,3,1
Brabham-Repco,189,686,1967,42,1,3,2
Eagle-Weslake,188,686,1967,9,6,1,3
Lotus-Ford,178,686,1967,19,3,2,4
BRM,65,686,1967,11,5,0,5
Ferrari,6,686,1967,19,4,0,6
McLaren-BRM,192,686,1967,3,10,0,7
Cooper-Maserati,164,686,1967,21,2,1,8
BRM,65,686,1967,11,5,0,9
Cooper-Maserati,164,686,1967,21,2,1,10
Lotus-BRM,174,686,1967,6,8,0,11
Honda,11,687,1967,8,7,0,1
Brabham-Repco,189,687,1967,51,1,4,2
Lotus-Ford,178,687,1967,22,2,2,3
Cooper-Maserati,164,687,1967,21,3,1,4
BRM,65,687,1967,13,6,0,5
Cooper-Maserati,164,687,1967,21,3,1,6
Ferrari,6,687,1967,20,4,0,7
Lotus-Ford,178,688,1967,26,2,2,1
Lotus-Ford,178,688,1967,26,2,2,2
Brabham-Repco,189,688,1967,57,1,4,3
Cooper-Maserati,164,688,1967,24,3,1,4
Brabham-Repco,189,688,1967,57,1,4,5
Cooper-Maserati,164,688,1967,24,3,1,6
Lotus-Ford,178,689,1967,35,2,3,1
Brabham-Repco,189,689,1967,61,1,4,2
Brabham-Repco,189,689,1967,61,1,4,3
Honda,11,689,1967,17,5,1,4
BRM,65,689,1967,15,6,0,5
Cooper-Maserati,164,689,1967,27,3,1,6
McLaren-Ford,185,689,1967,0,13,0,7
Ferrari,6,689,1967,20,4,0,8
Ferrari,6,689,1967,20,4,0,9
Cooper-Maserati,164,689,1967,27,3,1,10
Brabham-Repco,189,689,1967,61,1,4,11
Cooper-Maserati,164,689,1967,27,3,1,12
Ferrari,6,691,1966,6,2,0,1
Cooper-Maserati,164,691,1966,0,3,0,2
Ferrari,6,691,1966,6,2,0,3
Brabham-Repco,189,691,1966,0,7,0,4
Cooper-Maserati,164,691,1966,0,3,0,5
Brabham-Repco,189,692,1966,3,4,0,1
Ferrari,6,692,1966,15,1,1,2
Brabham-Repco,189,692,1966,3,4,0,3
Cooper-Maserati,164,692,1966,6,3,0,4
Eagle-Climax,187,692,1966,0,5,0,5
Brabham-BRM,179,692,1966,0,8,0,6
Brabham-Climax,181,692,1966,0,9,0,7
Cooper-Maserati,164,692,1966,6,3,0,8
Brabham-Repco,189,693,1966,12,2,1,1
Brabham-Repco,189,693,1966,12,2,1,2
BRM,65,693,1966,9,3,1,3
Lotus-Climax,170,693,1966,0,8,0,4
Cooper-Maserati,164,693,1966,9,4,0,5
McLaren-Serenissima,186,693,1966,0,11,0,6
Brabham-Climax,181,693,1966,0,7,0,7
Brabham-BRM,179,693,1966,1,6,0,8
BRM,65,693,1966,9,3,1,9
Cooper-Maserati,164,693,1966,9,4,0,10
Brabham-Repco,189,694,1966,21,1,2,1
BRM,65,694,1966,13,3,1,2
Lotus-Climax,170,694,1966,3,5,0,3
BRM,65,694,1966,13,3,1,4
Lotus-BRM,174,694,1966,0,11,0,5
Ferrari,6,694,1966,21,2,1,6
Cooper-Maserati,164,694,1966,11,4,0,7
Brabham-BRM,179,694,1966,1,7,0,8
Cooper-Maserati,164,694,1966,11,4,0,9
Brabham-Repco,189,695,1966,30,1,3,1
Cooper-Maserati,164,695,1966,11,4,0,2
Cooper-Maserati,164,695,1966,11,4,0,3
BRM,65,695,1966,19,3,1,4
BRM,65,695,1966,19,3,1,5
Ferrari,6,695,1966,22,2,1,6
Eagle-Climax,187,695,1966,2,6,0,7
Lotus-BRM,174,695,1966,2,7,0,8
Ferrari,6,696,1966,23,2,1,1
Ferrari,6,696,1966,23,2,1,2
Brabham-Repco,189,696,1966,39,1,4,3
Cooper-Maserati,164,696,1966,17,4,0,4
Lotus-BRM,174,696,1966,2,7,0,5
Brabham-Climax,181,696,1966,0,10,0,6
BRM,65,696,1966,22,3,1,7
Lotus-BRM,174,696,1966,2,7,0,8
Lotus-Climax,170,696,1966,7,5,0,9
Lotus-BRM,174,697,1966,4,6,0,1
Cooper-Maserati,164,697,1966,20,4,0,2
Cooper-Maserati,164,697,1966,20,4,0,3
Cooper-Maserati,164,697,1966,20,4,0,4
McLaren-Ford,185,697,1966,0,13,0,5
Lotus-Climax,170,697,1966,7,5,0,6
Cooper-Maserati,164,698,1966,24,3,0,1
Brabham-Repco,189,698,1966,40,1,4,2
Brabham-Repco,189,698,1966,40,1,4,3
Honda,11,698,1966,0,13,0,4
Eagle-Climax,187,698,1966,2,7,0,5
Cooper-Maserati,164,698,1966,24,3,0,6
Lotus-BRM,174,698,1966,13,5,1,7
Honda,11,698,1966,0,13,0,8
BRM,65,700,1965,4,3,0,1
Ferrari,6,700,1965,6,2,0,2
BRM,65,700,1965,4,3,0,3
Ferrari,6,700,1965,6,2,0,4
Cooper-Climax,168,700,1965,2,4,0,5
Brabham-BRM,179,700,1965,0,5,0,6
Brabham-Climax,181,700,1965,0,6,0,7
Brabham-Climax,181,700,1965,0,6,0,8
Brabham-Climax,181,700,1965,0,6,0,9
Lotus-Climax,170,700,1965,9,1,1,10
Lotus-Climax,170,701,1965,9,3,1,1
BRM,65,701,1965,13,1,1,2
Cooper-Climax,168,701,1965,4,4,0,3
Brabham-Climax,181,701,1965,0,6,0,4
BRM,65,701,1965,13,1,1,5
Honda,11,701,1965,0,11,0,6
Lotus-Climax,170,701,1965,9,3,1,7
Brabham-BRM,179,701,1965,1,5,0,8
Ferrari,6,701,1965,12,2,0,9
Brabham-Climax,181,701,1965,0,6,0,10
Cooper-Climax,168,701,1965,4,4,0,11
BRM,65,701,1965,13,1,1,12
Lotus-BRM,174,701,1965,0,9,0,13
Lotus-BRM,174,701,1965,0,9,0,14
Lotus-Climax,170,702,1965,18,2,2,1
BRM,65,702,1965,19,1,1,2
Ferrari,6,702,1965,12,3,0,3
Brabham-Climax,181,702,1965,3,5,0,4
BRM,65,702,1965,19,1,1,5
Brabham-BRM,179,702,1965,1,6,0,6
Lotus-Climax,170,702,1965,18,2,2,7
Ferrari,6,702,1965,12,3,0,8
Brabham-Climax,181,702,1965,3,5,0,9
Lotus-Climax,170,703,1965,27,1,3,1
BRM,65,703,1965,25,2,1,2
Ferrari,6,703,1965,16,3,0,3
Lotus-Climax,170,703,1965,27,1,3,4
BRM,65,703,1965,25,2,1,5
Brabham-Climax,181,703,1965,6,5,0,6
Brabham-Climax,181,703,1965,6,5,0,7
Brabham-BRM,179,703,1965,2,6,0,8
Brabham-BRM,179,703,1965,2,6,0,9
Cooper-Climax,168,703,1965,8,4,0,10
Brabham-BRM,179,703,1965,2,6,0,11
BRM,65,703,1965,25,2,1,12
Lotus-BRM,174,703,1965,0,10,0,13
Cooper-Climax,168,703,1965,8,4,0,14
Lotus-Climax,170,704,1965,36,1,4,1
BRM,65,704,1965,31,2,1,2
Brabham-Climax,181,704,1965,7,5,0,3
BRM,65,704,1965,31,2,1,4
Brabham-Climax,181,704,1965,7,5,0,5
Honda,11,704,1965,1,7,0,6
Ferrari,6,704,1965,20,3,0,7
Lotus-Climax,170,704,1965,36,1,4,8
Ferrari,6,704,1965,20,3,0,9
Lotus-BRM,174,704,1965,0,10,0,10
Brabham-BRM,179,704,1965,2,6,0,11
Lotus-BRM,174,704,1965,0,10,0,12
Brabham-BRM,179,704,1965,2,6,0,13
Lotus-Climax,170,705,1965,45,1,5,1
BRM,65,705,1965,37,2,1,2
Brabham-Climax,181,705,1965,11,4,0,3
Cooper-Climax,168,705,1965,8,5,0,4
Brabham-Climax,181,705,1965,11,4,0,5
Ferrari,6,705,1965,20,3,0,6
Brabham-Climax,181,705,1965,11,4,0,7
BRM,65,705,1965,37,2,1,8
BRM,65,706,1965,39,2,1,1
BRM,65,706,1965,39,2,1,2
Brabham-Climax,181,706,1965,15,4,0,3
Ferrari,6,706,1965,21,3,0,4
Cooper-Climax,168,706,1965,11,5,0,5
Lotus-BRM,174,706,1965,0,9,0,6
Brabham-Climax,181,706,1965,15,4,0,7
Cooper-Climax,168,706,1965,11,5,0,8
Lotus-BRM,174,706,1965,0,9,0,9
Lotus-Climax,170,706,1965,54,1,6,10
Lotus-Climax,170,706,1965,54,1,6,11
Ferrari,6,706,1965,21,3,0,12
BRM,65,706,1965,39,2,1,13
Honda,11,706,1965,2,7,0,14
BRM,65,707,1965,42,2,2,1
Brabham-Climax,181,707,1965,19,4,0,2
Brabham-Climax,181,707,1965,19,4,0,3
Ferrari,6,707,1965,24,3,0,4
Ferrari,6,707,1965,24,3,0,5
Cooper-Climax,168,707,1965,13,5,0,6
Honda,11,707,1965,2,7,0,7
Brabham-Climax,181,707,1965,19,4,0,8
Ferrari,6,707,1965,24,3,0,9
Lotus-BRM,174,707,1965,1,8,0,10
Brabham-BRM,179,707,1965,2,6,0,11
Lotus-Climax,170,707,1965,54,1,6,12
Honda,11,707,1965,2,7,0,13
Honda,11,708,1965,2,7,0,1
Brabham-Climax,181,708,1965,24,4,0,2
Lotus-Climax,170,708,1965,54,1,6,3
Brabham-BRM,179,708,1965,2,6,0,4
Honda,11,708,1965,2,7,0,5
Lotus-BRM,174,708,1965,1,8,0,6
Ferrari,6,708,1965,26,3,0,7
Ferrari,6,708,1965,26,3,0,8
Lotus-Climax,170,710,1964,4,2,0,1
Ferrari,6,710,1964,0,6,0,2
Lotus-Climax,170,710,1964,4,2,0,3
BRM,65,710,1964,9,1,1,4
Lotus-BRM,174,710,1964,1,4,0,5
Brabham-Climax,181,710,1964,0,5,0,6
Cooper-Climax,168,710,1964,2,3,0,7
Cooper-Climax,168,710,1964,2,3,0,8
BRM,65,710,1964,9,1,1,10
BRM,65,710,1964,9,1,1,11
Lotus-BRM,174,710,1964,1,4,0,12
Lotus-Climax,170,711,1964,13,1,1,1
Cooper-Climax,168,711,1964,2,5,0,2
Brabham-Climax,181,711,1964,1,6,0,3
BRM,65,711,1964,12,2,1,4
BRM,65,711,1964,12,2,1,5
Brabham-Climax,181,711,1964,1,6,0,6
BRP,93,711,1964,0,8,0,7
BRM,65,711,1964,12,2,1,8
Lotus-Climax,170,711,1964,13,1,1,9
BRP,93,711,1964,0,8,0,10
Brabham-Climax,181,712,1964,5,5,0,1
BRM,65,712,1964,15,2,1,2
Brabham-Climax,181,712,1964,5,5,0,3
Lotus-Climax,170,712,1964,22,1,2,4
BRM,65,712,1964,15,2,1,5
Cooper-Climax,168,712,1964,8,3,0,6
Cooper-Climax,168,712,1964,8,3,0,7
Lotus-BRM,174,712,1964,3,6,0,8
Ferrari,6,712,1964,6,4,0,9
Lotus-BRM,174,712,1964,3,6,0,10
BRM,65,712,1964,15,2,1,11
Brabham-Climax,181,712,1964,5,5,0,12
Lotus-Climax,170,713,1964,25,1,2,1
BRM,65,713,1964,21,2,1,2
Ferrari,6,713,1964,6,5,0,3
Brabham-Climax,181,713,1964,14,3,1,4
Ferrari,6,713,1964,6,5,0,5
Cooper-Climax,168,713,1964,9,4,0,6
Brabham-Climax,181,713,1964,14,3,1,7
BRM,65,713,1964,21,2,1,8
Lotus-Climax,170,713,1964,25,1,2,9
BRP,93,713,1964,0,7,0,10
Brabham-BRM,179,713,1964,0,8,0,11
BRM,65,713,1964,21,2,1,12
Brabham-Climax,181,713,1964,14,3,1,13
Cooper-Climax,168,713,1964,9,4,0,14
Ferrari,6,714,1964,10,4,0,1
BRM,65,714,1964,27,2,1,2
Ferrari,6,714,1964,10,4,0,3
Brabham-BRM,179,714,1964,0,8,0,4
BRM,65,714,1964,27,2,1,5
BRM,65,714,1964,27,2,1,6
BRM,65,714,1964,27,2,1,7
Lotus-Climax,170,714,1964,34,1,3,8
Lotus-Climax,170,714,1964,34,1,3,9
Brabham-Climax,181,714,1964,17,3,1,10
Lotus-BRM,174,714,1964,3,6,0,11
Brabham-Climax,181,714,1964,17,3,1,12
Lotus-BRM,174,714,1964,3,6,0,14
Ferrari,6,715,1964,19,3,1,1
BRM,65,715,1964,33,2,1,2
Brabham-Climax,181,715,1964,17,4,1,3
BRM,65,715,1964,33,2,1,4
BRP,93,715,1964,0,8,0,5
Brabham-Climax,181,715,1964,17,4,1,6
BRM,65,715,1964,33,2,1,7
Lotus-BRM,174,715,1964,3,7,0,8
Brabham-Climax,181,715,1964,17,4,1,9
Ferrari,6,716,1964,28,3,2,1
Cooper-Climax,168,716,1964,10,5,0,2
Ferrari,6,716,1964,28,3,2,3
BRM,65,716,1964,36,1,1,4
BRP,93,716,1964,2,8,0,5
Lotus-Climax,170,716,1964,34,2,3,6
Brabham-BRM,179,716,1964,3,6,0,7
BRM,65,716,1964,36,1,1,8
Ferrari,6,716,1964,28,3,2,9
Brabham-Climax,181,716,1964,21,4,1,10
Brabham-Climax,181,716,1964,21,4,1,11
Brabham-Climax,181,716,1964,21,4,1,12
Lotus-BRM,174,716,1964,3,7,0,13
Brabham-Climax,181,716,1964,21,4,1,14
Lotus-Climax,170,716,1964,34,2,3,15
BRM,65,717,1964,36,2,1,1
Ferrari,6,717,1964,37,1,3,2
Brabham-BRM,179,717,1964,3,7,0,3
BRM,65,717,1964,36,2,1,4
Lotus-Climax,170,717,1964,35,3,3,5
BRP,93,717,1964,4,6,0,6
Lotus-Climax,170,717,1964,35,3,3,7
Lotus-BRM,174,717,1964,3,8,0,8
Brabham-Climax,181,718,1964,21,4,1,1
Ferrari,6,718,1964,43,1,3,2
Ferrari,6,718,1964,43,1,3,3
Lotus-Climax,170,718,1964,36,3,3,4
Lotus-Climax,170,718,1964,36,3,3,5
Ferrari,6,718,1964,43,1,3,6
Cooper-Climax,168,718,1964,16,5,0,7
BRM,65,718,1964,42,2,2,8
Cooper-Climax,168,718,1964,16,5,0,9
Lotus-Climax,170,718,1964,36,3,3,10
BRM,65,718,1964,42,2,2,11
BRP,93,718,1964,5,7,0,12
Brabham-BRM,179,718,1964,7,6,0,13
Lotus-Climax,170,720,1963,1,4,0,1
Cooper-Climax,168,720,1963,4,2,0,2
Brabham,34,720,1963,0,7,0,3
BRM,65,720,1963,9,1,1,4
Cooper-Climax,168,720,1963,4,2,0,5
Porsche,94,720,1963,0,11,0,6
Cooper-Climax,168,720,1963,4,2,0,7
Scirocco,91,720,1963,0,9,0,8
Lotus-Climax,170,721,1963,10,2,1,1
Brabham,34,721,1963,4,4,0,2
Ferrari,6,721,1963,3,5,0,3
BRP,93,721,1963,0,11,0,4
BRM,65,721,1963,12,1,1,5
Ferrari,6,721,1963,3,5,0,6
Lotus-BRM,174,721,1963,0,8,0,7
Lotus-BRM,174,721,1963,0,8,0,8
Porsche,94,721,1963,1,6,0,9
Lotus-Climax,170,721,1963,10,2,1,10
Cooper-Climax,168,721,1963,10,3,0,11
Lotus-Climax,170,722,1963,19,1,2,1
Cooper-Climax,168,722,1963,10,3,0,2
BRM,65,722,1963,14,2,1,3
Brabham,34,722,1963,10,4,0,4
Brabham,34,722,1963,10,4,0,5
Lotus-BRM,174,722,1963,0,8,0,6
Lola,26,722,1963,0,10,0,7
Lotus-Climax,170,722,1963,19,1,2,8
BRP,93,722,1963,3,6,0,9
BRM,65,722,1963,14,2,1,10
Lotus-BRM,174,722,1963,0,8,0,11
Cooper-Climax,168,722,1963,10,3,0,12
Lotus-Climax,170,722,1963,19,1,2,13
Lotus-Climax,170,723,1963,28,1,3,1
Ferrari,6,723,1963,7,5,0,2
BRM,65,723,1963,14,3,1,3
BRM,65,723,1963,14,3,1,4
BRM,65,723,1963,14,3,1,5
Lotus-BRM,174,723,1963,1,7,0,6
Lola,26,723,1963,0,9,0,7
Lotus-Climax,170,723,1963,28,1,3,8
Cooper-Climax,168,723,1963,16,2,0,9
Porsche,94,723,1963,1,8,0,10
Lotus-BRM,174,723,1963,1,7,0,11
Lola,26,723,1963,0,9,0,12
Lola,26,723,1963,0,9,0,13
Ferrari,6,724,1963,13,5,0,1
Lotus-Climax,170,724,1963,37,1,4,2
BRM,65,724,1963,18,2,1,3
Porsche,94,724,1963,1,8,0,4
Lotus-BRM,174,724,1963,2,7,0,5
Cooper-Climax,168,724,1963,16,3,0,6
Brabham,34,724,1963,13,4,0,7
Lotus-Climax,170,724,1963,37,1,4,8
Lotus-BRM,174,724,1963,2,7,0,9
Lotus-Climax,170,724,1963,37,1,4,10
Lotus-Climax,170,725,1963,43,1,4,1
BRM,65,725,1963,22,2,1,2
Cooper-Climax,168,725,1963,17,4,0,3
BRP,93,725,1963,3,8,0,4
Brabham,34,725,1963,13,5,0,5
Cooper-Climax,168,725,1963,17,4,0,6
Cooper-Climax,168,725,1963,17,4,0,7
Lotus-BRM,174,725,1963,4,7,0,8
BRM,65,725,1963,22,2,1,9
Lola,26,725,1963,0,9,0,10
ATS,53,725,1963,0,11,0,11
Lola,26,725,1963,0,9,0,12
Lotus-Climax,170,725,1963,43,1,4,13
Brabham,34,725,1963,13,5,0,14
ATS,53,725,1963,0,11,0,15
BRM,65,725,1963,22,2,1,16
BRM,65,726,1963,28,2,1,1
BRM,65,726,1963,28,2,1,2
Lotus-Climax,170,726,1963,51,1,5,3
Brabham,34,726,1963,15,5,0,4
Ferrari,6,726,1963,22,3,1,5
Porsche,94,726,1963,4,7,0,6
Cooper-Climax,168,726,1963,21,4,0,8
Ferrari,6,726,1963,22,3,1,9
Lotus-BRM,174,726,1963,4,8,0,10
Cooper-Climax,168,726,1963,21,4,0,11
Lotus-Climax,170,727,1963,51,1,5,1
Brabham,34,727,1963,18,5,0,2
BRM,65,727,1963,35,2,2,3
BRM,65,727,1963,35,2,2,4
Cooper-Climax,168,727,1963,21,4,0,5
Brabham,34,727,1963,18,5,0,6
Lotus-BRM,174,727,1963,4,8,0,7
Lotus-BRM,174,727,1963,4,8,0,8
Lotus-BRM,174,727,1963,4,8,0,9
Porsche,94,727,1963,5,7,0,10
BRM,65,727,1963,35,2,2,11
Cooper-Climax,168,730,1962,2,4,0,1
Ferrari,6,730,1962,4,3,0,2
Ferrari,6,730,1962,4,3,0,3
Lola,26,730,1962,0,7,0,4
Porsche,94,730,1962,1,5,0,5
BRM,65,730,1962,9,1,1,6
Ferrari,6,730,1962,4,3,0,7
Lotus-Climax,170,730,1962,6,2,0,8
Lotus-Climax,170,731,1962,6,4,0,1
BRM,65,731,1962,10,2,1,2
Ferrari,6,731,1962,10,3,0,3
Ferrari,6,731,1962,10,3,0,4
Lola,26,731,1962,3,5,0,5
Lotus-Climax,170,731,1962,6,4,0,6
Porsche,94,731,1962,3,6,0,7
Lotus-Climax,170,731,1962,6,4,0,8
Lotus-Climax,170,731,1962,6,4,0,9
Lotus-Climax,170,731,1962,6,4,0,10
Lotus-Climax,170,731,1962,6,4,0,11
Porsche,94,732,1962,3,6,0,1
Cooper-Climax,168,732,1962,11,4,1,2
BRM,65,732,1962,16,1,1,3
Cooper-Climax,168,732,1962,11,4,1,4
Lola,26,732,1962,5,5,0,5
Porsche,94,732,1962,3,6,0,6
Lotus-Climax,170,732,1962,15,2,1,7
Lotus-Climax,170,732,1962,15,2,1,8
BRM,65,732,1962,16,1,1,9
Lotus-Climax,170,733,1962,15,3,1,1
Lola,26,733,1962,7,6,0,2
Cooper-Climax,168,733,1962,17,2,1,3
BRM,65,733,1962,20,1,1,4
Lotus-Climax,170,733,1962,15,3,1,5
Cooper-Climax,168,733,1962,17,2,1,6
Lotus-Climax,170,733,1962,15,3,1,7
Lotus-Climax,170,733,1962,15,3,1,8
Porsche,94,733,1962,12,5,1,9
Cooper-Climax,168,733,1962,17,2,1,10
Emeryson,98,733,1962,0,9,0,11
Cooper-Climax,168,733,1962,17,2,1,12
BRM,65,733,1962,20,1,1,13
Porsche,94,733,1962,12,5,1,14
Lotus-Climax,170,733,1962,15,3,1,15
Lotus-Climax,170,733,1962,15,3,1,16
BRM,65,734,1962,23,2,1,1
Lola,26,734,1962,13,5,0,2
Porsche,94,734,1962,12,6,1,3
Lotus-Climax,170,734,1962,24,1,2,4
Cooper-Climax,168,734,1962,21,3,1,5
Ferrari,6,734,1962,14,4,0,6
Porsche,94,734,1962,12,6,1,7
BRM,65,734,1962,23,2,1,8
Cooper-Climax,168,734,1962,21,3,1,9
Ferrari,6,734,1962,14,4,0,10
Cooper-Climax,168,734,1962,21,3,1,11
Lotus-Climax,170,734,1962,24,1,2,12
Porsche,94,734,1962,12,6,1,13
Porsche,94,734,1962,12,6,1,14
Porsche,94,734,1962,12,6,1,15
BRM,65,735,1962,31,1,2,1
BRM,65,735,1962,31,1,2,2
Cooper-Climax,168,735,1962,23,3,1,3
Ferrari,6,735,1962,15,6,0,4
Ferrari,6,735,1962,15,6,0,5
Porsche,94,735,1962,16,5,1,6
Cooper-Climax,168,735,1962,23,3,1,7
Ferrari,6,735,1962,15,6,0,8
Lotus-Climax,170,735,1962,27,2,2,9
Porsche,94,735,1962,16,5,1,10
Ferrari,6,735,1962,15,6,0,11
Lotus-BRM,174,735,1962,0,10,0,12
Porsche,94,735,1962,16,5,1,13
Ferrari,6,735,1962,15,6,0,14
Lotus-Climax,170,736,1962,27,2,2,1
BRM,65,736,1962,37,1,3,2
Cooper-Climax,168,736,1962,25,3,1,3
Brabham,34,736,1962,0,12,0,4
Porsche,94,736,1962,17,6,1,5
Lotus-BRM,174,736,1962,0,8,0,6
Cooper-Climax,168,736,1962,25,3,1,7
Lotus-Climax,170,736,1962,27,2,2,8
Lotus-Climax,170,736,1962,27,2,2,9
Lotus-Climax,170,736,1962,27,2,2,10
Cooper-Climax,168,736,1962,25,3,1,11
Lotus-Climax,170,736,1962,27,2,2,12
Porsche,94,736,1962,17,6,1,13
BRM,65,737,1962,39,1,3,1
Cooper-Climax,168,737,1962,27,3,1,2
Cooper-Climax,168,737,1962,27,3,1,3
Brabham,34,737,1962,3,7,0,4
Lotus-Climax,170,737,1962,36,2,3,5
Lotus-Climax,170,737,1962,36,2,3,6
BRM,65,737,1962,39,1,3,7
Cooper-Climax,168,737,1962,27,3,1,8
BRM,65,737,1962,39,1,3,9
Lotus-Climax,170,737,1962,36,2,3,10
Porsche,94,737,1962,18,5,1,11
Ferrari,6,739,1961,6,2,0,1
Ferrari,6,739,1961,6,2,0,2
Lotus-Climax,170,739,1961,9,1,1,3
Lotus-Climax,170,739,1961,9,1,1,4
Ferrari,6,739,1961,6,2,0,5
Cooper-Climax,168,739,1961,1,4,0,6
Cooper-Climax,168,739,1961,1,4,0,7
BRM,65,739,1961,0,6,0,8
BRM,65,739,1961,0,6,0,9
Porsche,94,739,1961,2,3,0,10
Porsche,94,739,1961,2,3,0,11
Cooper-Climax,168,739,1961,1,4,0,12
Lotus-Climax,170,739,1961,9,1,1,13
Porsche,94,739,1961,2,3,0,14
Porsche,94,739,1961,2,3,0,15
Ferrari,6,740,1961,15,1,1,1
Ferrari,6,740,1961,15,1,1,2
Ferrari,6,740,1961,15,1,1,3
Ferrari,6,740,1961,15,1,1,4
Cooper-Climax,168,740,1961,2,4,0,5
Porsche,94,740,1961,2,3,0,6
Porsche,94,740,1961,2,3,0,7
Lotus-Climax,170,740,1961,13,2,1,8
Cooper-Climax,168,740,1961,2,4,0,9
Cooper-Climax,168,740,1961,2,4,0,10
Porsche,94,740,1961,2,3,0,11
Lotus-Climax,170,740,1961,13,2,1,12
BRM,65,740,1961,0,6,0,13
Ferrari,6,741,1961,24,1,2,1
Porsche,94,741,1961,3,4,0,2
Lotus-Climax,170,741,1961,13,2,1,3
Lotus-Climax,170,741,1961,13,2,1,4
Cooper-Climax,168,741,1961,4,3,0,5
BRM,65,741,1961,0,6,0,6
Porsche,94,741,1961,3,4,0,7
Cooper-Climax,168,741,1961,4,3,0,8
Ferrari,6,741,1961,24,1,2,9
Lotus-Climax,170,741,1961,13,2,1,10
Lotus-Climax,170,741,1961,13,2,1,11
Cooper-Climax,168,741,1961,4,3,0,12
Cooper-Maserati,164,741,1961,0,5,0,13
Lotus-Climax,170,741,1961,13,2,1,14
Ferrari,6,741,1961,24,1,2,15
Ferrari,6,742,1961,33,1,3,1
Ferrari,6,742,1961,33,1,3,2
Ferrari,6,742,1961,33,1,3,3
Cooper-Climax,168,742,1961,6,4,0,4
Porsche,94,742,1961,9,3,0,5
Cooper-Climax,168,742,1961,6,4,0,6
Porsche,94,742,1961,9,3,0,7
Cooper-Climax,168,742,1961,6,4,0,8
BRM,65,742,1961,1,5,0,9
Lotus-Climax,170,742,1961,17,2,1,10
Cooper-Climax,168,742,1961,6,4,0,11
Cooper-Maserati,164,742,1961,0,6,0,12
Lotus-Climax,170,742,1961,17,2,1,13
Lotus-Climax,170,742,1961,17,2,1,14
Porsche,94,742,1961,9,3,0,16
Lotus-Climax,170,742,1961,17,2,1,17
Lotus-Climax,170,743,1961,17,2,1,1
Ferrari,6,743,1961,42,1,4,2
Ferrari,6,743,1961,42,1,4,3
Lotus-Climax,170,743,1961,17,2,1,4
Cooper-Climax,168,743,1961,9,4,0,5
Cooper-Climax,168,743,1961,9,4,0,6
Porsche,94,743,1961,11,3,0,7
Ferrari,6,743,1961,42,1,4,8
Cooper-Climax,168,743,1961,9,4,0,9
Cooper-Climax,168,743,1961,9,4,0,10
Lotus-Climax,170,743,1961,17,2,1,11
Cooper-Climax,168,743,1961,9,4,0,12
Porsche,94,743,1961,11,3,0,13
Porsche,94,743,1961,11,3,0,14
Lotus-Climax,170,743,1961,17,2,1,15
Lotus-Climax,170,743,1961,17,2,1,16
Ferrari,6,744,1961,42,1,4,1
Porsche,94,744,1961,11,3,0,2
Cooper-Climax,168,744,1961,10,4,0,3
Cooper-Climax,168,744,1961,10,4,0,4
BRM,65,744,1961,1,5,0,5
Cooper-Climax,168,744,1961,10,4,0,6
Porsche,94,744,1961,11,3,0,7
Cooper-Maserati,164,744,1961,0,6,0,8
Cooper-Maserati,164,744,1961,0,6,0,9
Lotus-Climax,170,744,1961,26,2,2,10
Lotus-Climax,170,744,1961,26,2,2,11
Cooper-Maserati,164,744,1961,0,6,0,12
Lotus-Climax,170,745,1961,26,2,2,1
Porsche,94,745,1961,17,3,0,2
BRM,65,745,1961,3,5,0,3
Cooper-Climax,168,745,1961,13,4,0,4
BRM,65,745,1961,3,5,0,5
Porsche,94,745,1961,17,3,0,6
Lotus-Climax,170,745,1961,26,2,2,7
Cooper-Climax,168,745,1961,13,4,0,8
Lotus-Climax,170,745,1961,26,2,2,9
Cooper-Climax,168,745,1961,13,4,0,10
Lotus-Climax,170,745,1961,26,2,2,11
Team Lotus,32,747,1960,1,4,0,1
Cooper-Climax,168,747,1960,8,1,1,2
Ferrari,6,747,1960,6,2,0,3
Cooper-Climax,168,747,1960,8,1,1,4
BRM,65,747,1960,0,5,0,5
Ferrari,6,747,1960,6,2,0,6
BRM,65,747,1960,0,5,0,7
Ferrari,6,747,1960,6,2,0,8
Team Lotus,32,747,1960,1,4,0,9
Cooper-Climax,168,749,1960,14,1,1,1
Team Lotus,32,749,1960,9,3,1,2
BRM,65,749,1960,2,5,0,3
Team Lotus,32,749,1960,9,3,1,4
Ferrari,6,749,1960,10,2,0,5
Ferrari,6,749,1960,10,2,0,6
Cooper-Climax,168,749,1960,14,1,1,7
Cooper-Climax,168,749,1960,14,1,1,8
Cooper-Climax,168,750,1960,22,1,2,1
Cooper-Climax,168,750,1960,22,1,2,2
Cooper-Climax,168,750,1960,22,1,2,3
Ferrari,6,750,1960,12,3,0,4
Team Lotus,32,750,1960,15,2,1,5
Cooper-Climax,168,750,1960,22,1,2,6
Cooper-Climax,168,751,1960,30,1,3,1
Cooper-Climax,168,751,1960,30,1,3,2
Cooper-Climax,168,751,1960,30,1,3,3
Cooper-Climax,168,751,1960,30,1,3,4
Team Lotus,32,751,1960,17,2,1,5
Team Lotus,32,751,1960,17,2,1,6
Team Lotus,32,751,1960,17,2,1,7
Cooper-Climax,168,751,1960,30,1,3,8
Cooper-Maserati,164,751,1960,3,5,0,9
Cooper-Maserati,164,751,1960,3,5,0,10
Ferrari,6,751,1960,15,3,0,11
Ferrari,6,751,1960,15,3,0,12
Cooper-Climax,168,752,1960,38,1,4,1
Team Lotus,32,752,1960,19,2,1,2
Team Lotus,32,752,1960,19,2,1,3
Cooper-Climax,168,752,1960,38,1,4,4
Cooper-Climax,168,752,1960,38,1,4,5
Ferrari,6,752,1960,15,3,0,6
Ferrari,6,752,1960,15,3,0,7
Cooper-Climax,168,752,1960,38,1,4,8
Cooper-Climax,168,752,1960,38,1,4,9
BRM,65,752,1960,6,4,0,10
Aston Martin,116,752,1960,0,10,0,11
Team Lotus,32,752,1960,19,2,1,12
JBW,100,752,1960,0,12,0,13
Cooper-Maserati,164,752,1960,3,5,0,14
Cooper-Castellotti,169,752,1960,0,9,0,15
Team Lotus,32,752,1960,19,2,1,16
Cooper-Climax,168,753,1960,46,1,5,1
Cooper-Climax,168,753,1960,46,1,5,2
Team Lotus,32,753,1960,25,2,1,3
Ferrari,6,753,1960,16,3,0,4
Cooper-Climax,168,753,1960,46,1,5,5
Team Lotus,32,753,1960,25,2,1,6
Cooper-Climax,168,753,1960,46,1,5,7
Ferrari,6,754,1960,19,3,0,1
Ferrari,6,754,1960,19,3,0,2
Ferrari,6,754,1960,19,3,0,3
Cooper-Castellotti,169,754,1960,0,10,0,4
Ferrari,6,754,1960,19,3,0,5
Cooper-Climax,168,754,1960,48,1,6,8
Cooper-Climax,168,754,1960,48,1,6,9
Behra-Porsche,103,754,1960,0,7,0,10
Team Lotus,32,755,1960,28,2,1,1
Team Lotus,32,755,1960,28,2,1,2
Cooper-Climax,168,755,1960,48,1,6,3
Cooper-Climax,168,755,1960,48,1,6,4
BRM,65,755,1960,6,4,0,5
Cooper-Climax,168,755,1960,48,1,6,6
Team Lotus,32,755,1960,28,2,1,7
Cooper-Climax,168,755,1960,48,1,6,8
Cooper-Maserati,164,755,1960,3,5,0,9
Scarab,105,755,1960,0,12,0,10
Cooper-Castellotti,169,755,1960,3,6,0,11
Cooper-Climax,168,755,1960,48,1,6,12
Maserati,104,755,1960,0,10,0,13
Cooper-Climax,168,755,1960,48,1,6,14
Cooper-Maserati,164,755,1960,3,5,0,15
Team Lotus,32,755,1960,28,2,1,16
BRM,65,758,1959,0,4,0,1
Cooper-Climax,168,758,1959,8,1,1,2
Cooper-Climax,168,758,1959,8,1,1,3
Team Lotus,32,758,1959,0,5,0,4
Ferrari,6,758,1959,6,2,0,5
Ferrari,6,758,1959,6,2,0,6
Team Lotus,32,758,1959,0,5,0,7
Cooper-Climax,168,758,1959,8,1,1,8
Ferrari,6,758,1959,6,2,0,9
Porsche,94,758,1959,0,6,0,10
Ferrari,6,759,1959,8,3,0,1
Ferrari,6,759,1959,8,3,0,2
Cooper-Climax,168,759,1959,14,1,1,3
Ferrari,6,759,1959,8,3,0,4
Cooper-Climax,168,759,1959,14,1,1,5
BRM,65,759,1959,8,2,1,6
BRM,65,759,1959,8,2,1,7
Maserati,104,759,1959,0,8,0,8
Maserati,104,759,1959,0,8,0,9
Maserati,104,759,1959,0,8,0,10
Cooper-Climax,168,759,1959,14,1,1,11
Cooper-Climax,168,760,1959,18,1,1,1
BRM,65,760,1959,8,3,1,2
Cooper-Climax,168,760,1959,18,1,1,3
BRM,65,760,1959,8,3,1,4
Cooper-Climax,168,760,1959,18,1,1,5
Aston Martin,116,760,1959,0,8,0,6
Cooper-Climax,168,760,1959,18,1,1,7
Team Lotus,32,760,1959,3,4,0,8
Team Lotus,32,760,1959,3,4,0,9
Cooper-Climax,168,760,1959,18,1,1,11
Cooper-Climax,168,760,1959,18,1,1,12
Ferrari,6,761,1959,16,2,1,1
Ferrari,6,761,1959,16,2,1,2
Ferrari,6,761,1959,16,2,1,3
Cooper-Climax,168,761,1959,26,1,2,4
BRM,65,761,1959,14,3,1,5
Cooper-Maserati,164,761,1959,0,6,0,6
BRM,65,761,1959,14,3,1,7
Cooper-Climax,168,762,1959,29,1,2,1
Cooper-Climax,168,762,1959,29,1,2,2
Ferrari,6,762,1959,24,2,2,3
Cooper-Climax,168,762,1959,29,1,2,4
BRM,65,762,1959,16,3,1,5
Aston Martin,116,762,1959,0,6,0,6
BRM,65,762,1959,16,3,1,7
Aston Martin,116,762,1959,0,6,0,8
Ferrari,6,762,1959,24,2,2,9
Cooper-Maserati,164,762,1959,0,5,0,10
Cooper-Climax,168,763,1959,34,1,3,1
Ferrari,6,763,1959,28,2,2,2
Cooper-Climax,168,763,1959,34,1,3,3
Ferrari,6,763,1959,28,2,2,4
Ferrari,6,763,1959,28,2,2,5
Ferrari,6,763,1959,28,2,2,6
BRM,65,763,1959,18,3,1,7
BRM,65,763,1959,18,3,1,8
Cooper-Climax,168,763,1959,34,1,3,9
Aston Martin,116,763,1959,0,5,0,10
Cooper-Maserati,164,763,1959,0,6,0,11
Cooper-Climax,168,763,1959,34,1,3,12
BRM,65,763,1959,18,3,1,13
Cooper-Maserati,164,763,1959,0,6,0,14
Maserati,104,763,1959,0,7,0,15
Cooper-Climax,168,764,1959,38,1,4,1
Cooper-Climax,168,764,1959,38,1,4,2
Ferrari,6,764,1959,32,2,2,3
Cooper-Climax,168,764,1959,38,1,4,4
Team Lotus,32,764,1959,3,4,0,5
Ferrari,6,764,1959,32,2,2,6
Porsche,94,764,1959,0,9,0,7
Cooper,86,766,1958,8,1,1,1
Ferrari,6,766,1958,6,2,0,2
Ferrari,6,766,1958,6,2,0,3
Cooper,86,766,1958,8,1,1,4
Vanwall,117,767,1958,0,6,0,1
BRM,65,767,1958,2,4,0,2
BRM,65,767,1958,2,4,0,3
Cooper,86,767,1958,16,1,2,4
Ferrari,6,767,1958,12,2,0,5
Team Lotus,32,767,1958,0,5,0,6
Ferrari,6,767,1958,12,2,0,7
Cooper,86,767,1958,16,1,2,8
Cooper,86,767,1958,16,1,2,9
Maserati,104,767,1958,3,3,0,10
Vanwall,117,769,1958,8,3,1,1
Ferrari,6,769,1958,14,2,0,2
Vanwall,117,769,1958,8,3,1,3
Team Lotus,32,769,1958,0,6,0,4
BRM,65,769,1958,8,4,0,5
Ferrari,6,769,1958,14,2,0,6
Maserati,104,769,1958,3,5,0,7
Cooper,86,769,1958,19,1,2,8
Maserati,104,769,1958,3,5,0,9
Maserati,104,769,1958,3,5,0,10
Ferrari,6,770,1958,20,1,0,1
Vanwall,117,770,1958,16,3,2,2
Ferrari,6,770,1958,20,1,0,3
Maserati,104,770,1958,3,5,0,4
Ferrari,6,770,1958,20,1,0,5
Cooper,86,770,1958,19,2,2,6
Maserati,104,770,1958,3,5,0,7
Maserati,104,770,1958,3,5,0,8
Maserati,104,770,1958,3,5,0,9
Maserati,104,770,1958,3,5,0,10
Cooper,86,770,1958,19,2,2,11
Ferrari,6,771,1958,28,1,1,1
Ferrari,6,771,1958,28,1,1,2
Cooper,86,771,1958,19,3,2,3
Vanwall,117,771,1958,22,2,2,4
BRM,65,771,1958,10,4,0,5
Cooper,86,771,1958,19,3,2,6
Vanwall,117,771,1958,22,2,2,7
Cooper,86,771,1958,19,3,2,8
Maserati,104,771,1958,6,5,0,9
Vanwall,117,772,1958,25,2,2,1
Cooper,86,772,1958,23,3,2,2
Cooper,86,772,1958,23,3,2,3
Ferrari,6,772,1958,36,1,2,4
Cooper,86,772,1958,23,3,2,5
Porsche,94,772,1958,0,7,0,6
Cooper,86,772,1958,23,3,2,7
Cooper,86,772,1958,23,3,2,8
Ferrari,6,772,1958,36,1,2,9
Team Lotus,32,772,1958,3,6,0,10
Team Lotus,32,772,1958,3,6,0,11
Vanwall,117,773,1958,33,2,3,1
Ferrari,6,773,1958,37,1,2,2
Vanwall,117,773,1958,33,2,3,3
BRM,65,773,1958,12,4,0,4
Ferrari,6,773,1958,37,1,2,5
BRM,65,773,1958,12,4,0,6
Cooper,86,773,1958,29,3,2,7
Cooper,86,773,1958,29,3,2,8
Cooper,86,773,1958,29,3,2,9
Vanwall,117,774,1958,41,1,4,1
Ferrari,6,774,1958,40,2,2,2
Ferrari,6,774,1958,40,2,2,3
Maserati,104,774,1958,6,5,0,4
Cooper,86,774,1958,29,3,2,5
Team Lotus,32,774,1958,3,6,0,6
Team Lotus,32,774,1958,3,6,0,7
Vanwall,117,775,1958,46,1,5,1
Ferrari,6,775,1958,40,2,2,2
Ferrari,6,775,1958,40,2,2,3
BRM,65,775,1958,15,4,0,4
BRM,65,775,1958,15,4,0,5
Maserati,104,775,1958,6,5,0,6
Cooper,86,775,1958,31,3,2,7
Cooper,86,775,1958,31,3,2,8
Maserati,104,775,1958,6,5,0,9
Team Lotus,32,775,1958,3,6,0,10
Cooper,86,775,1958,31,3,2,11
Maserati,104,775,1958,6,5,0,12
Cooper,86,775,1958,31,3,2,13
Cooper,86,775,1958,31,3,2,14
Cooper,86,775,1958,31,3,2,15
Team Lotus,32,775,1958,3,6,0,16
Maserati,104,774,1958,6,5,0,4
Lotus-Climax,170,728,1963,54,1,6,1
Brabham,34,728,1963,24,4,0,2
BRM,65,728,1963,36,2,2,3
Cooper-Climax,168,728,1963,23,5,0,4
Ferrari,6,728,1963,24,3,1,5
Cooper-Climax,168,728,1963,23,5,0,6
Cooper-Climax,168,728,1963,23,5,0,7
Lotus-Climax,170,728,1963,54,1,6,8
Cooper-Climax,168,728,1963,23,5,0,9
Porsche,94,728,1963,5,7,0,10
Cooper-Maserati,164,728,1963,0,16,0,12
Brabham,34,728,1963,24,4,0,13
McLaren,1,338,2010,21,2,0,1
Renault,4,338,2010,0,7,0,2
Ferrari,6,338,2010,43,1,1,3
Ferrari,6,338,2010,43,1,1,4
Mercedes,130,338,2010,18,3,0,5
McLaren,1,338,2010,21,2,0,6
Force India,10,338,2010,2,5,0,7
Williams,3,338,2010,1,6,0,8
Red Bull,9,338,2010,16,4,0,9
Mercedes,130,338,2010,18,3,0,10
Toro Rosso,5,338,2010,0,8,0,11
Sauber,15,338,2010,0,10,0,12
Lotus,203,338,2010,0,9,0,13
HRT,163,338,2010,0,11,0,14
Red Bull,9,339,2010,18,5,0,1
Red Bull,9,339,2010,18,5,0,2
Mercedes,130,339,2010,29,3,0,3
Renault,4,339,2010,18,4,0,4
Force India,10,339,2010,8,6,0,5
McLaren,1,339,2010,54,2,1,6
Ferrari,6,339,2010,70,1,1,7
McLaren,1,339,2010,54,2,1,8
Toro Rosso,5,339,2010,0,8,0,9
Williams,3,339,2010,5,7,0,10
Toro Rosso,5,339,2010,0,8,0,11
Williams,3,339,2010,5,7,0,12
Ferrari,6,339,2010,70,1,1,13
Virgin,165,339,2010,0,12,0,14
HRT,163,339,2010,0,11,0,15
HRT,163,339,2010,0,11,0,16
Lotus,203,339,2010,0,10,0,17
McLaren,1,340,2010,66,2,1,1
McLaren,1,340,2010,66,2,1,2
Mercedes,130,340,2010,44,4,0,3
Ferrari,6,340,2010,76,1,1,4
Renault,4,340,2010,30,5,0,5
Red Bull,9,340,2010,61,3,1,6
Renault,4,340,2010,30,5,0,7
Red Bull,9,340,2010,61,3,1,8
Ferrari,6,340,2010,76,1,1,9
Mercedes,130,340,2010,44,4,0,10
Force India,10,340,2010,18,6,0,11
Williams,3,340,2010,6,7,0,12
Toro Rosso,5,340,2010,2,8,0,13
Lotus,203,340,2010,0,10,0,14
Williams,3,340,2010,6,7,0,15
HRT,163,340,2010,0,11,0,16
HRT,163,340,2010,0,11,0,17
Red Bull,9,341,2010,73,3,1,1
Ferrari,6,341,2010,90,2,1,2
Red Bull,9,341,2010,73,3,1,3
Mercedes,130,341,2010,60,4,0,4
McLaren,1,341,2010,109,1,2,5
Ferrari,6,341,2010,90,2,1,6
Force India,10,341,2010,18,6,0,7
Renault,4,341,2010,46,5,0,8
Williams,3,341,2010,6,7,0,9
Toro Rosso,5,341,2010,2,8,0,10
Renault,4,341,2010,46,5,0,11
Sauber,15,341,2010,0,9,0,12
Mercedes,130,341,2010,60,4,0,13
McLaren,1,341,2010,109,1,2,14
Force India,10,341,2010,18,6,0,15
Williams,3,341,2010,6,7,0,16
Lotus,203,341,2010,0,10,0,17
Virgin,165,341,2010,0,12,0,18
Virgin,165,341,2010,0,12,0,19
Red Bull,9,342,2010,113,3,2,1
Red Bull,9,342,2010,113,3,2,2
Renault,4,342,2010,50,5,0,3
Ferrari,6,342,2010,116,2,1,4
McLaren,1,342,2010,119,1,2,5
Ferrari,6,342,2010,116,2,1,6
Mercedes,130,342,2010,72,4,0,7
Force India,10,342,2010,24,6,0,8
Force India,10,342,2010,24,6,0,9
Toro Rosso,5,342,2010,3,8,0,10
Toro Rosso,5,342,2010,3,8,0,11
Mercedes,130,342,2010,72,4,0,12
Renault,4,342,2010,50,5,0,13
HRT,163,342,2010,0,11,0,14
Lotus,203,342,2010,0,10,0,15
McLaren,1,343,2010,129,3,2,1
McLaren,1,343,2010,129,3,2,2
Red Bull,9,343,2010,156,1,3,3
Mercedes,130,343,2010,78,4,0,4
Mercedes,130,343,2010,78,4,0,5
Renault,4,343,2010,65,5,0,6
Ferrari,6,343,2010,136,2,1,7
Ferrari,6,343,2010,136,2,1,8
Force India,10,343,2010,30,6,0,9
Sauber,15,343,2010,0,9,0,10
Sauber,15,343,2010,0,9,0,11
Toro Rosso,5,343,2010,4,8,0,12
Force India,10,343,2010,30,6,0,13
Williams,3,343,2010,8,7,0,14
Renault,4,343,2010,65,5,0,15
Toro Rosso,5,343,2010,4,8,0,16
Williams,3,343,2010,8,7,0,17
Virgin,165,343,2010,0,12,0,18
Virgin,165,343,2010,0,12,0,19
HRT,163,343,2010,0,11,0,20
McLaren,1,344,2010,172,1,3,1
McLaren,1,344,2010,172,1,3,2
Ferrari,6,344,2010,146,3,1,3
Red Bull,9,344,2010,171,2,3,4
Red Bull,9,344,2010,171,2,3,5
Mercedes,130,344,2010,100,4,0,6
Renault,4,344,2010,73,5,0,7
Toro Rosso,5,344,2010,4,8,0,8
Force India,10,344,2010,32,6,0,9
Force India,10,344,2010,32,6,0,10
Mercedes,130,344,2010,100,4,0,11
Toro Rosso,5,344,2010,4,8,0,12
Williams,3,344,2010,8,7,0,13
Williams,3,344,2010,8,7,0,14
Ferrari,6,344,2010,146,3,1,15
Lotus,203,344,2010,0,10,0,16
Renault,4,344,2010,73,5,0,17
HRT,163,344,2010,0,11,0,18
Virgin,165,344,2010,0,12,0,19
Red Bull,9,345,2010,193,2,3,1
McLaren,1,345,2010,215,1,4,2
McLaren,1,345,2010,215,1,4,3
Williams,3,345,2010,8,8,0,4
Renault,4,345,2010,79,5,0,5
Force India,10,345,2010,35,6,0,6
Sauber,15,345,2010,1,9,0,7
Ferrari,6,345,2010,161,3,1,8
Toro Rosso,5,345,2010,8,7,0,9
Mercedes,130,345,2010,108,4,0,10
Ferrari,6,345,2010,161,3,1,11
Sauber,15,345,2010,1,9,0,12
Toro Rosso,5,345,2010,8,7,0,13
Renault,4,345,2010,79,5,0,14
Mercedes,130,345,2010,108,4,0,15
Force India,10,345,2010,35,6,0,16
Virgin,165,345,2010,0,12,0,17
HRT,163,345,2010,0,11,0,18
Virgin,165,345,2010,0,12,0,19
HRT,163,345,2010,0,11,0,20
Lotus,203,345,2010,0,10,0,21
Red Bull,9,346,2010,218,2,4,1
McLaren,1,346,2010,248,1,4,2
Mercedes,130,346,2010,109,4,0,3
McLaren,1,346,2010,248,1,4,4
Williams,3,346,2010,20,7,0,5
Sauber,15,346,2010,7,9,0,6
Red Bull,9,346,2010,218,2,4,7
Force India,10,346,2010,43,6,0,8
Mercedes,130,346,2010,109,4,0,9
Williams,3,346,2010,20,7,0,10
Force India,10,346,2010,43,6,0,11
Toro Rosso,5,346,2010,10,8,0,12
Renault,4,346,2010,89,5,0,13
Ferrari,6,346,2010,165,3,1,14
Ferrari,6,346,2010,165,3,1,15
Lotus,203,346,2010,0,10,0,16
Lotus,203,346,2010,0,10,0,17
Virgin,165,346,2010,0,12,0,18
HRT,163,346,2010,0,11,0,19
HRT,163,346,2010,0,11,0,20
Ferrari,6,347,2010,165,3,1,1
Ferrari,6,347,2010,165,3,1,2
Red Bull,9,347,2010,249,2,5,3
McLaren,1,347,2010,278,1,4,4
McLaren,1,347,2010,278,1,4,5
Red Bull,9,347,2010,249,2,5,6
Renault,4,347,2010,89,5,0,7
Mercedes,130,347,2010,126,4,0,8
Mercedes,130,347,2010,126,4,0,9
Renault,4,347,2010,89,5,0,10
Sauber,15,347,2010,15,8,0,11
Williams,3,347,2010,31,7,0,12
Williams,3,347,2010,31,7,0,13
Sauber,15,347,2010,15,8,0,14
Toro Rosso,5,347,2010,10,9,0,15
Force India,10,347,2010,47,6,0,16
Force India,10,347,2010,47,6,0,17
Virgin,165,347,2010,0,12,0,18
HRT,163,347,2010,0,11,0,19
Red Bull,9,348,2010,272,2,5,1
Ferrari,6,348,2010,208,3,2,2
Red Bull,9,348,2010,272,2,5,3
Ferrari,6,348,2010,208,3,2,4
Renault,4,348,2010,96,5,0,5
Williams,3,348,2010,31,7,0,6
Sauber,15,348,2010,15,8,0,7
McLaren,1,348,2010,300,1,4,8
Sauber,15,348,2010,15,8,0,9
Williams,3,348,2010,31,7,0,10
Mercedes,130,348,2010,132,4,0,11
Toro Rosso,5,348,2010,10,9,0,12
Force India,10,348,2010,47,6,0,13
Lotus,203,348,2010,0,10,0,14
Lotus,203,348,2010,0,10,0,15
Virgin,165,348,2010,0,12,0,16
HRT,163,348,2010,0,11,0,17
Virgin,165,348,2010,0,12,0,18
HRT,163,348,2010,0,11,0,19
McLaren,1,349,2010,304,2,4,1
Red Bull,9,349,2010,312,1,6,2
Renault,4,349,2010,106,5,0,3
Ferrari,6,349,2010,238,3,2,4
Force India,10,349,2010,47,6,0,5
Mercedes,130,349,2010,132,4,0,6
Mercedes,130,349,2010,132,4,0,7
Sauber,15,349,2010,23,8,0,8
Renault,4,349,2010,106,5,0,9
Force India,10,349,2010,47,6,0,10
Sauber,15,349,2010,23,8,0,11
Toro Rosso,5,349,2010,10,9,0,12
Toro Rosso,5,349,2010,10,9,0,13
Williams,3,349,2010,40,7,0,14
Red Bull,9,349,2010,312,1,6,15
Lotus,203,349,2010,0,10,0,16
Virgin,165,349,2010,0,12,0,17
Virgin,165,349,2010,0,12,0,18
Lotus,203,349,2010,0,10,0,19
HRT,163,349,2010,0,11,0,20
Ferrari,6,350,2010,250,3,2,1
McLaren,1,350,2010,329,2,5,2
Ferrari,6,350,2010,250,3,2,3
Red Bull,9,350,2010,330,1,6,4
Mercedes,130,350,2010,146,4,0,5
Red Bull,9,350,2010,330,1,6,6
Williams,3,350,2010,40,7,0,7
Renault,4,350,2010,123,5,0,8
Mercedes,130,350,2010,146,4,0,9
Williams,3,350,2010,40,7,0,10
Toro Rosso,5,350,2010,10,9,0,11
Force India,10,350,2010,58,6,0,12
Renault,4,350,2010,123,5,0,13
Sauber,15,350,2010,27,8,0,14
Toro Rosso,5,350,2010,10,9,0,15
Force India,10,350,2010,58,6,0,16
Virgin,165,350,2010,0,12,0,17
Lotus,203,350,2010,0,10,0,18
HRT,163,350,2010,0,11,0,19
Virgin,165,350,2010,0,12,0,20
Ferrari,6,351,2010,290,3,3,1
Red Bull,9,351,2010,350,1,6,2
Red Bull,9,351,2010,350,1,6,3
McLaren,1,351,2010,347,2,5,4
Mercedes,130,351,2010,158,4,0,5
Williams,3,351,2010,47,7,0,6
Renault,4,351,2010,127,5,0,7
Ferrari,6,351,2010,290,3,3,8
Force India,10,351,2010,58,6,0,9
Williams,3,351,2010,47,7,0,10
Renault,4,351,2010,127,5,0,11
Toro Rosso,5,351,2010,10,9,0,12
Mercedes,130,351,2010,158,4,0,13
Toro Rosso,5,351,2010,10,9,0,14
Virgin,165,351,2010,0,12,0,15
Lotus,203,351,2010,0,10,0,16
Red Bull,9,352,2010,383,1,6,1
Red Bull,9,352,2010,383,1,6,2
Ferrari,6,352,2010,319,3,4,3
McLaren,1,352,2010,359,2,5,4
McLaren,1,352,2010,359,2,5,5
Mercedes,130,352,2010,168,4,0,6
Sauber,15,352,2010,27,8,0,7
Sauber,15,352,2010,27,8,0,8
Williams,3,352,2010,56,7,0,9
Toro Rosso,5,352,2010,10,9,0,10
Toro Rosso,5,352,2010,10,9,0,11
Lotus,203,352,2010,0,10,0,12
Lotus,203,352,2010,0,10,0,13
Virgin,165,352,2010,0,12,0,14
HRT,163,352,2010,0,11,0,15
HRT,163,352,2010,0,11,0,16
Ferrari,6,353,2010,334,3,4,1
McLaren,1,353,2010,381,2,5,2
Ferrari,6,353,2010,334,3,4,3
Mercedes,130,353,2010,176,4,0,4
Renault,4,353,2010,133,5,0,5
Force India,10,353,2010,60,6,0,6
Williams,3,353,2010,58,7,0,7
Sauber,15,353,2010,37,8,0,8
Sauber,15,353,2010,37,8,0,9
Williams,3,353,2010,58,7,0,10
Toro Rosso,5,353,2010,11,9,0,11
McLaren,1,353,2010,381,2,5,12
Lotus,203,353,2010,0,10,0,13
HRT,163,353,2010,0,11,0,14
HRT,163,353,2010,0,11,0,15
Red Bull,9,354,2010,426,1,7,1
Red Bull,9,354,2010,426,1,7,2
Ferrari,6,354,2010,374,3,5,3
McLaren,1,354,2010,399,2,5,4
McLaren,1,354,2010,399,2,5,5
Mercedes,130,354,2010,188,4,0,6
Mercedes,130,354,2010,188,4,0,7
Williams,3,354,2010,65,7,0,8
Renault,4,354,2010,143,5,0,9
Sauber,15,354,2010,43,8,0,10
Toro Rosso,5,354,2010,11,9,0,11
Force India,10,354,2010,68,6,0,12
Toro Rosso,5,354,2010,11,9,0,13
Williams,3,354,2010,65,7,0,14
Ferrari,6,354,2010,374,3,5,15
Renault,4,354,2010,143,5,0,16
Sauber,15,354,2010,43,8,0,17
Lotus,203,354,2010,0,10,0,18
Lotus,203,354,2010,0,10,0,19
Virgin,165,354,2010,0,12,0,20
HRT,163,354,2010,0,11,0,21
HRT,163,354,2010,0,11,0,22
Red Bull,9,355,2010,469,1,8,1
McLaren,1,355,2010,421,2,5,2
McLaren,1,355,2010,421,2,5,3
Mercedes,130,355,2010,202,4,0,4
Renault,4,355,2010,145,5,0,5
Renault,4,355,2010,145,5,0,6
Ferrari,6,355,2010,389,3,5,7
Red Bull,9,355,2010,469,1,8,8
Toro Rosso,5,355,2010,11,9,0,9
Ferrari,6,355,2010,389,3,5,10
Sauber,15,355,2010,44,8,0,11
Williams,3,355,2010,69,6,0,12
Force India,10,355,2010,68,7,0,13
Sauber,15,355,2010,44,8,0,14
Toro Rosso,5,355,2010,11,9,0,15
Williams,3,355,2010,69,6,0,16
Lotus,203,355,2010,0,10,0,17
Virgin,165,355,2010,0,12,0,18
HRT,163,355,2010,0,11,0,19
HRT,163,355,2010,0,11,0,20
Lotus,203,355,2010,0,10,0,21
Red Bull,9,841,2011,35,1,1,1
McLaren,1,841,2011,26,2,0,2
Renault,4,841,2011,15,4,0,3
Red Bull,9,841,2011,35,1,1,4
Ferrari,6,841,2011,18,3,0,5
Ferrari,6,841,2011,18,3,0,6
McLaren,1,841,2011,26,2,0,8
Mercedes,130,841,2011,0,10,0,9
Force India,10,841,2011,3,6,0,10
Force India,10,841,2011,3,6,0,11
Mercedes,130,841,2011,0,10,0,12
Toro Rosso,5,841,2011,4,5,0,13
Toro Rosso,5,841,2011,4,5,0,14
Lotus,203,841,2011,0,7,0,15
Virgin,165,841,2011,0,8,0,16
Renault,4,841,2011,15,4,0,17
McLaren,1,842,2011,48,2,0,1
Red Bull,9,842,2011,72,1,2,2
Red Bull,9,842,2011,72,1,2,3
McLaren,1,842,2011,48,2,0,4
Mercedes,130,842,2011,2,8,0,5
Ferrari,6,842,2011,36,3,0,6
Ferrari,6,842,2011,36,3,0,7
Mercedes,130,842,2011,2,8,0,8
Renault,4,842,2011,30,4,0,9
Sauber,15,842,2011,6,5,0,10
Force India,10,842,2011,4,7,0,11
Renault,4,842,2011,30,4,0,12
Williams,3,842,2011,0,11,0,13
Toro Rosso,5,842,2011,4,6,0,14
Force India,10,842,2011,4,7,0,15
Lotus,203,842,2011,0,9,0,16
Sauber,15,842,2011,6,5,0,17
Williams,3,842,2011,0,11,0,18
Lotus,203,842,2011,0,9,0,19
Virgin,165,842,2011,0,10,0,20
Virgin,165,842,2011,0,10,0,21
HRT,163,842,2011,0,12,0,22
HRT,163,842,2011,0,12,0,23
Red Bull,9,843,2011,105,1,2,1
Red Bull,9,843,2011,105,1,2,2
Ferrari,6,843,2011,50,3,0,3
McLaren,1,843,2011,85,2,1,4
Mercedes,130,843,2011,16,5,0,5
McLaren,1,843,2011,85,2,1,6
Renault,4,843,2011,32,4,0,7
Renault,4,843,2011,32,4,0,8
Toro Rosso,5,843,2011,4,7,0,9
Sauber,15,843,2011,7,6,0,10
Ferrari,6,843,2011,50,3,0,11
Mercedes,130,843,2011,16,5,0,12
Force India,10,843,2011,4,8,0,13
Sauber,15,843,2011,7,6,0,14
Williams,3,843,2011,0,10,0,15
Toro Rosso,5,843,2011,4,7,0,16
Williams,3,843,2011,0,10,0,17
Lotus,203,843,2011,0,9,0,18
Lotus,203,843,2011,0,9,0,19
Virgin,165,843,2011,0,11,0,20
HRT,163,843,2011,0,12,0,21
HRT,163,843,2011,0,12,0,22
Red Bull,9,844,2011,148,1,3,1
McLaren,1,844,2011,105,2,1,2
McLaren,1,844,2011,105,2,1,3
Red Bull,9,844,2011,148,1,3,4
Ferrari,6,844,2011,65,3,0,5
Mercedes,130,844,2011,26,5,0,6
Mercedes,130,844,2011,26,5,0,7
Renault,4,844,2011,42,4,0,8
Sauber,15,844,2011,8,6,0,9
Sauber,15,844,2011,8,6,0,10
Renault,4,844,2011,42,4,0,11
Force India,10,844,2011,4,8,0,12
Force India,10,844,2011,4,8,0,13
Toro Rosso,5,844,2011,6,7,0,14
Williams,3,844,2011,0,10,0,15
Toro Rosso,5,844,2011,6,7,0,16
Williams,3,844,2011,0,10,0,17
Lotus,203,844,2011,0,9,0,18
Virgin,165,844,2011,0,11,0,19
Virgin,165,844,2011,0,11,0,20
HRT,163,844,2011,0,12,0,21
Red Bull,9,845,2011,185,1,4,1
Ferrari,6,845,2011,75,3,0,2
McLaren,1,845,2011,138,2,1,3
Red Bull,9,845,2011,185,1,4,4
Sauber,15,845,2011,11,6,0,5
McLaren,1,845,2011,138,2,1,6
Force India,10,845,2011,4,8,0,7
Renault,4,845,2011,46,4,0,8
Williams,3,845,2011,0,9,0,9
Toro Rosso,5,845,2011,6,7,0,10
Mercedes,130,845,2011,40,5,0,11
Force India,10,845,2011,4,8,0,12
Lotus,203,845,2011,0,10,0,13
Lotus,203,845,2011,0,10,0,14
Virgin,165,845,2011,0,11,0,15
HRT,163,845,2011,0,12,0,16
HRT,163,845,2011,0,12,0,17
Williams,3,845,2011,0,9,0,18
McLaren,1,846,2011,161,2,1,1
Red Bull,9,846,2011,222,1,5,2
Red Bull,9,846,2011,222,1,5,3
Mercedes,130,846,2011,40,5,0,4
Renault,4,846,2011,50,4,0,5
Ferrari,6,846,2011,93,3,0,6
Sauber,15,846,2011,21,6,0,7
Toro Rosso,5,846,2011,7,8,0,8
Williams,3,846,2011,2,9,0,9
Toro Rosso,5,846,2011,7,8,0,10
Mercedes,130,846,2011,40,5,0,11
Sauber,15,846,2011,21,6,0,12
HRT,163,846,2011,0,12,0,13
HRT,163,846,2011,0,12,0,14
Virgin,165,846,2011,0,11,0,15
Virgin,165,846,2011,0,11,0,16
Lotus,203,846,2011,0,10,0,17
Force India,10,846,2011,10,7,0,18
Red Bull,9,847,2011,255,1,5,1
Ferrari,6,847,2011,101,3,0,2
Red Bull,9,847,2011,255,1,5,3
McLaren,1,847,2011,186,2,2,4
Ferrari,6,847,2011,101,3,0,5
McLaren,1,847,2011,186,2,2,6
Mercedes,130,847,2011,52,5,0,7
Toro Rosso,5,847,2011,12,7,0,8
Force India,10,847,2011,10,8,0,9
Renault,4,847,2011,60,4,0,10
Sauber,15,847,2011,27,6,0,11
Williams,3,847,2011,4,9,0,12
Toro Rosso,5,847,2011,12,7,0,13
Force India,10,847,2011,10,8,0,14
Renault,4,847,2011,60,4,0,15
Sauber,15,847,2011,27,6,0,16
Mercedes,130,847,2011,52,5,0,17
Williams,3,847,2011,4,9,0,18
Lotus,203,847,2011,0,10,0,19
Lotus,203,847,2011,0,10,0,20
Virgin,165,847,2011,0,12,0,21
Virgin,165,847,2011,0,12,0,22
HRT,163,847,2011,0,11,0,23
HRT,163,847,2011,0,11,0,24
Ferrari,6,848,2011,129,3,0,1
Red Bull,9,848,2011,295,1,6,2
Red Bull,9,848,2011,295,1,6,3
McLaren,1,848,2011,206,2,2,4
Ferrari,6,848,2011,129,3,0,5
Mercedes,130,848,2011,58,5,0,6
Sauber,15,848,2011,27,6,0,7
Renault,4,848,2011,61,4,0,8
Mercedes,130,848,2011,58,5,0,9
Toro Rosso,5,848,2011,16,7,0,10
Force India,10,848,2011,12,8,0,11
Renault,4,848,2011,61,4,0,12
Williams,3,848,2011,4,9,0,13
Williams,3,848,2011,4,9,0,14
Force India,10,848,2011,12,8,0,15
Virgin,165,848,2011,0,12,0,16
Virgin,165,848,2011,0,12,0,17
HRT,163,848,2011,0,11,0,18
HRT,163,848,2011,0,11,0,19
McLaren,1,849,2011,218,2,2,1
Ferrari,6,849,2011,164,3,1,2
Red Bull,9,849,2011,328,1,6,3
Red Bull,9,849,2011,328,1,6,4
Ferrari,6,849,2011,164,3,1,5
Force India,10,849,2011,12,8,0,6
Mercedes,130,849,2011,68,4,0,7
Mercedes,130,849,2011,68,4,0,8
Sauber,15,849,2011,33,6,0,9
Renault,4,849,2011,65,5,0,10
Sauber,15,849,2011,33,6,0,11
Toro Rosso,5,849,2011,17,7,0,12
Force India,10,849,2011,12,8,0,13
Williams,3,849,2011,4,9,0,14
Toro Rosso,5,849,2011,17,7,0,15
Lotus,203,849,2011,0,10,0,16
Virgin,165,849,2011,0,12,0,17
Virgin,165,849,2011,0,12,0,18
HRT,163,849,2011,0,11,0,19
Lotus,203,849,2011,0,10,0,20
McLaren,1,850,2011,243,2,3,1
Red Bull,9,850,2011,355,1,6,2
Ferrari,6,850,2011,192,3,1,3
McLaren,1,850,2011,243,2,3,4
Red Bull,9,850,2011,355,1,6,5
Ferrari,6,850,2011,192,3,1,6
Force India,10,850,2011,20,7,0,7
Toro Rosso,5,850,2011,17,8,0,8
Mercedes,130,850,2011,78,4,0,9
Toro Rosso,5,850,2011,17,8,0,10
Sauber,15,850,2011,35,6,0,11
Renault,4,850,2011,66,5,0,12
Williams,3,850,2011,4,9,0,13
Force India,10,850,2011,20,7,0,14
Sauber,15,850,2011,35,6,0,15
Williams,3,850,2011,4,9,0,16
Virgin,165,850,2011,0,12,0,17
HRT,163,850,2011,0,11,0,18
Virgin,165,850,2011,0,12,0,19
HRT,163,850,2011,0,11,0,20
Red Bull,9,851,2011,383,1,6,1
Red Bull,9,851,2011,383,1,6,2
McLaren,1,851,2011,280,2,4,3
Ferrari,6,851,2011,215,3,1,4
Mercedes,130,851,2011,80,4,0,5
Mercedes,130,851,2011,80,4,0,6
Force India,10,851,2011,26,7,0,7
Ferrari,6,851,2011,215,3,1,8
Renault,4,851,2011,66,5,0,9
Williams,3,851,2011,4,9,0,10
Force India,10,851,2011,26,7,0,11
Sauber,15,851,2011,35,6,0,12
Renault,4,851,2011,66,5,0,13
Lotus,203,851,2011,0,10,0,14
Lotus,203,851,2011,0,10,0,15
Williams,3,851,2011,4,9,0,16
Virgin,165,851,2011,0,12,0,17
Virgin,165,851,2011,0,12,0,18
HRT,163,851,2011,0,11,0,19
Red Bull,9,852,2011,426,1,7,1
McLaren,1,852,2011,295,2,4,2
Ferrari,6,852,2011,231,3,1,3
McLaren,1,852,2011,295,2,4,4
Mercedes,130,852,2011,98,4,0,5
Ferrari,6,852,2011,231,3,1,6
Toro Rosso,5,852,2011,22,8,0,7
Force India,10,852,2011,32,7,0,8
Renault,4,852,2011,68,5,0,9
Toro Rosso,5,852,2011,22,8,0,10
Williams,3,852,2011,5,9,0,11
Williams,3,852,2011,5,9,0,12
Lotus,203,852,2011,0,10,0,13
Lotus,203,852,2011,0,10,0,14
Virgin,165,852,2011,0,12,0,15
Red Bull,9,853,2011,451,1,8,1
McLaren,1,853,2011,325,2,4,2
Red Bull,9,853,2011,451,1,8,3
Ferrari,6,853,2011,254,3,1,4
McLaren,1,853,2011,325,2,4,5
Force India,10,853,2011,36,6,0,6
Mercedes,130,853,2011,108,4,0,7
Force India,10,853,2011,36,6,0,8
Ferrari,6,853,2011,254,3,1,9
Sauber,15,853,2011,35,7,0,10
Williams,3,853,2011,5,9,0,11
Toro Rosso,5,853,2011,29,8,0,12
Williams,3,853,2011,5,9,0,13
Sauber,15,853,2011,35,7,0,14
Renault,4,853,2011,70,5,0,15
Lotus,203,853,2011,0,10,0,16
Renault,4,853,2011,70,5,0,17
Virgin,165,853,2011,0,12,0,18
HRT,163,853,2011,0,11,0,19
HRT,163,853,2011,0,11,0,20
Toro Rosso,5,853,2011,29,8,0,21
McLaren,1,854,2011,353,2,4,1
Ferrari,6,854,2011,268,3,1,2
Red Bull,9,854,2011,491,1,9,3
Red Bull,9,854,2011,491,1,9,4
McLaren,1,854,2011,353,2,4,5
Mercedes,130,854,2011,114,4,0,6
Ferrari,6,854,2011,268,3,1,7
Sauber,15,854,2011,36,7,0,8
Renault,4,854,2011,70,5,0,9
Mercedes,130,854,2011,114,4,0,10
Force India,10,854,2011,48,6,0,11
Force India,10,854,2011,48,6,0,12
Sauber,15,854,2011,36,7,0,13
Williams,3,854,2011,5,9,0,14
Toro Rosso,5,854,2011,29,8,0,15
Renault,4,854,2011,70,5,0,16
Williams,3,854,2011,5,9,0,17
Lotus,203,854,2011,0,10,0,18
Lotus,203,854,2011,0,10,0,19
Virgin,165,854,2011,0,12,0,20
Virgin,165,854,2011,0,12,0,21
HRT,163,854,2011,0,11,0,22
HRT,163,854,2011,0,11,0,23
Red Bull,9,855,2011,518,1,9,1
McLaren,1,855,2011,388,2,5,2
Red Bull,9,855,2011,518,1,9,3
McLaren,1,855,2011,388,2,5,4
Ferrari,6,855,2011,292,3,1,5
Ferrari,6,855,2011,292,3,1,6
Toro Rosso,5,855,2011,29,8,0,7
Mercedes,130,855,2011,123,4,0,8
Toro Rosso,5,855,2011,29,8,0,9
Force India,10,855,2011,48,6,0,10
Force India,10,855,2011,48,6,0,11
Williams,3,855,2011,5,9,0,12
Renault,4,855,2011,72,5,0,13
Lotus,203,855,2011,0,10,0,14
Sauber,15,855,2011,40,7,0,15
Sauber,15,855,2011,40,7,0,16
Lotus,203,855,2011,0,10,0,17
Virgin,165,855,2011,0,12,0,18
HRT,163,855,2011,0,11,0,19
Virgin,165,855,2011,0,12,0,20
HRT,163,855,2011,0,11,0,21
Red Bull,9,856,2011,558,1,10,1
McLaren,1,856,2011,418,2,5,2
Ferrari,6,856,2011,310,3,1,3
Red Bull,9,856,2011,558,1,10,4
Mercedes,130,856,2011,127,4,0,5
Mercedes,130,856,2011,127,4,0,6
McLaren,1,856,2011,418,2,5,7
Toro Rosso,5,856,2011,37,8,0,8
Force India,10,856,2011,49,6,0,9
Sauber,15,856,2011,40,7,0,10
Renault,4,856,2011,72,5,0,11
Renault,4,856,2011,72,5,0,12
Force India,10,856,2011,49,6,0,13
Lotus,203,856,2011,0,10,0,14
Williams,3,856,2011,5,9,0,15
Virgin,165,856,2011,0,12,0,16
HRT,163,856,2011,0,11,0,17
HRT,163,856,2011,0,11,0,18
Lotus,203,856,2011,0,10,0,19
McLaren,1,857,2011,442,2,5,1
Ferrari,6,857,2011,325,3,1,2
McLaren,1,857,2011,442,2,5,3
Red Bull,9,857,2011,595,1,11,4
Ferrari,6,857,2011,325,3,1,5
Mercedes,130,857,2011,145,4,0,6
Mercedes,130,857,2011,145,4,0,7
Force India,10,857,2011,51,6,0,8
Force India,10,857,2011,51,6,0,9
Sauber,15,857,2011,41,7,0,10
Sauber,15,857,2011,41,7,0,11
Williams,3,857,2011,5,9,0,12
Renault,4,857,2011,72,5,0,13
Williams,3,857,2011,5,9,0,14
Toro Rosso,5,857,2011,41,8,0,15
Renault,4,857,2011,72,5,0,16
Lotus,203,857,2011,0,10,0,17
Lotus,203,857,2011,0,10,0,18
Virgin,165,857,2011,0,12,0,19
HRT,163,857,2011,0,11,0,20
Red Bull,9,858,2011,607,1,11,1
Red Bull,9,858,2011,607,1,11,2
McLaren,1,858,2011,482,2,6,3
Ferrari,6,858,2011,353,3,1,4
Ferrari,6,858,2011,353,3,1,5
Force India,10,858,2011,57,6,0,6
Mercedes,130,858,2011,159,4,0,7
Force India,10,858,2011,57,6,0,8
Sauber,15,858,2011,42,7,0,9
Renault,4,858,2011,72,5,0,10
Toro Rosso,5,858,2011,41,8,0,11
Toro Rosso,5,858,2011,41,8,0,12
Sauber,15,858,2011,42,7,0,13
Williams,3,858,2011,5,9,0,14
Mercedes,130,858,2011,159,4,0,15
Lotus,203,858,2011,0,10,0,16
Renault,4,858,2011,72,5,0,17
Lotus,203,858,2011,0,10,0,18
Virgin,165,858,2011,0,12,0,19
HRT,163,858,2011,0,11,0,20
Ferrari,6,860,2012,10,4,0,1
Sauber,15,860,2012,12,3,0,2
McLaren,1,860,2012,40,1,1,3
Red Bull,9,860,2012,30,2,0,4
Lotus F1,206,860,2012,6,5,0,5
Williams,3,860,2012,0,9,0,6
Force India,10,860,2012,1,7,0,7
Toro Rosso,5,860,2012,2,6,0,8
Force India,10,860,2012,1,7,0,9
Mercedes,130,860,2012,0,8,0,10
Red Bull,9,860,2012,30,2,0,11
Toro Rosso,5,860,2012,2,6,0,12
Mercedes,130,860,2012,0,8,0,13
McLaren,1,860,2012,40,1,1,14
Ferrari,6,860,2012,10,4,0,15
Caterham,205,860,2012,0,11,0,16
Marussia,204,860,2012,0,10,0,17
Caterham,205,860,2012,0,11,0,18
Williams,3,860,2012,0,9,0,19
Marussia,204,860,2012,0,10,0,20
Mercedes,130,861,2012,1,9,0,1
McLaren,1,861,2012,55,1,1,2
McLaren,1,861,2012,55,1,1,3
Red Bull,9,861,2012,42,2,0,4
Red Bull,9,861,2012,42,2,0,5
Lotus F1,206,861,2012,16,5,0,6
Williams,3,861,2012,8,7,0,7
Williams,3,861,2012,8,7,0,8
Ferrari,6,861,2012,35,3,1,9
Sauber,15,861,2012,30,4,0,10
Sauber,15,861,2012,30,4,0,11
Force India,10,861,2012,9,6,0,12
Ferrari,6,861,2012,35,3,1,13
Lotus F1,206,861,2012,16,5,0,14
Force India,10,861,2012,9,6,0,15
Toro Rosso,5,861,2012,6,8,0,16
Toro Rosso,5,861,2012,6,8,0,17
Caterham,205,861,2012,0,11,0,18
Marussia,204,861,2012,0,10,0,19
Marussia,204,861,2012,0,10,0,20
HRT,163,861,2012,0,12,0,21
HRT,163,861,2012,0,12,0,22
Caterham,205,861,2012,0,11,0,23
Red Bull,9,862,2012,64,2,0,1
Lotus F1,206,862,2012,24,6,0,2
Lotus F1,206,862,2012,24,6,0,3
Red Bull,9,862,2012,64,2,0,4
Mercedes,130,862,2012,26,5,1,5
Force India,10,862,2012,9,8,0,6
Ferrari,6,862,2012,37,3,1,7
McLaren,1,862,2012,88,1,1,8
Ferrari,6,862,2012,37,3,1,9
Mercedes,130,862,2012,26,5,1,10
Sauber,15,862,2012,31,4,0,11
Force India,10,862,2012,9,8,0,12
Sauber,15,862,2012,31,4,0,13
Toro Rosso,5,862,2012,6,9,0,14
Toro Rosso,5,862,2012,6,9,0,15
Caterham,205,862,2012,0,11,0,16
Caterham,205,862,2012,0,11,0,17
McLaren,1,862,2012,88,1,1,18
Marussia,204,862,2012,0,10,0,19
HRT,163,862,2012,0,12,0,20
HRT,163,862,2012,0,12,0,21
Williams,3,862,2012,18,7,0,22
Williams,3,863,2012,18,7,0,1
Ferrari,6,863,2012,45,4,1,2
Lotus F1,206,863,2012,57,3,0,3
Lotus F1,206,863,2012,57,3,0,4
Sauber,15,863,2012,31,6,0,5
Red Bull,9,863,2012,101,1,1,6
Mercedes,130,863,2012,37,5,1,7
McLaren,1,863,2012,92,2,1,8
McLaren,1,863,2012,92,2,1,9
Force India,10,863,2012,17,8,0,10
Red Bull,9,863,2012,101,1,1,11
Toro Rosso,5,863,2012,6,9,0,12
Toro Rosso,5,863,2012,6,9,0,13
Force India,10,863,2012,17,8,0,14
Ferrari,6,863,2012,45,4,1,15
Caterham,205,863,2012,0,11,0,16
Caterham,205,863,2012,0,11,0,17
Marussia,204,863,2012,0,10,0,18
HRT,163,863,2012,0,12,0,19
Red Bull,9,864,2012,109,1,1,1
Mercedes,130,864,2012,43,5,1,2
Ferrari,6,864,2012,63,4,1,3
Red Bull,9,864,2012,109,1,1,4
McLaren,1,864,2012,98,2,1,5
Ferrari,6,864,2012,63,4,1,6
Force India,10,864,2012,18,8,0,7
Force India,10,864,2012,18,8,0,8
Lotus F1,206,864,2012,84,3,0,9
Williams,3,864,2012,43,6,1,10
Sauber,15,864,2012,41,7,0,11
Toro Rosso,5,864,2012,6,9,0,12
Caterham,205,864,2012,0,11,0,13
Marussia,204,864,2012,0,10,0,14
HRT,163,864,2012,0,12,0,15
McLaren,1,864,2012,98,2,1,16
McLaren,1,865,2012,108,2,1,1
Lotus F1,206,865,2012,86,4,0,2
Sauber,15,865,2012,41,7,0,3
Red Bull,9,865,2012,146,1,2,4
Ferrari,6,865,2012,86,3,1,5
Mercedes,130,865,2012,61,5,1,6
Red Bull,9,865,2012,146,1,2,7
Lotus F1,206,865,2012,86,4,0,8
Sauber,15,865,2012,41,7,0,9
Ferrari,6,865,2012,86,3,1,10
Force India,10,865,2012,28,8,0,11
Force India,10,865,2012,28,8,0,12
Williams,3,865,2012,44,6,1,13
Toro Rosso,5,865,2012,6,9,0,14
Toro Rosso,5,865,2012,6,9,0,15
McLaren,1,865,2012,108,2,1,16
Williams,3,865,2012,44,6,1,17
Caterham,205,865,2012,0,10,0,18
Caterham,205,865,2012,0,10,0,19
Marussia,204,865,2012,0,11,0,20
Marussia,204,865,2012,0,11,0,21
Ferrari,6,866,2012,97,4,1,1
Lotus F1,206,866,2012,108,3,0,2
Mercedes,130,866,2012,69,5,1,3
Red Bull,9,866,2012,164,1,2,4
Force India,10,866,2012,28,8,0,5
Mercedes,130,866,2012,69,5,1,6
Force India,10,866,2012,28,8,0,7
McLaren,1,866,2012,133,2,2,8
Sauber,15,866,2012,58,6,0,9
Williams,3,866,2012,44,7,1,10
Toro Rosso,5,866,2012,6,9,0,11
Williams,3,866,2012,44,7,1,12
Caterham,205,866,2012,0,10,0,13
Caterham,205,866,2012,0,10,0,14
Marussia,204,866,2012,0,11,0,15
Ferrari,6,866,2012,97,4,1,16
HRT,163,866,2012,0,12,0,17
HRT,163,866,2012,0,12,0,18
McLaren,1,866,2012,133,2,2,19
Red Bull,9,867,2012,176,1,2,1
Ferrari,6,867,2012,122,4,2,2
Red Bull,9,867,2012,176,1,2,3
Ferrari,6,867,2012,122,4,2,4
Lotus F1,206,867,2012,126,3,0,5
Lotus F1,206,867,2012,126,3,0,6
Mercedes,130,867,2012,92,5,1,7
McLaren,1,867,2012,137,2,2,8
Williams,3,867,2012,45,7,1,9
McLaren,1,867,2012,137,2,2,10
Sauber,15,867,2012,60,6,0,11
Force India,10,867,2012,44,8,0,12
Toro Rosso,5,867,2012,6,9,0,13
Toro Rosso,5,867,2012,6,9,0,14
Mercedes,130,867,2012,92,5,1,15
Williams,3,867,2012,45,7,1,16
Caterham,205,867,2012,0,10,0,17
Marussia,204,867,2012,0,11,0,18
Marussia,204,867,2012,0,11,0,19
HRT,163,867,2012,0,12,0,20
HRT,163,867,2012,0,12,0,21
Ferrari,6,868,2012,152,2,2,1
McLaren,1,868,2012,142,4,2,2
Lotus F1,206,868,2012,144,3,0,3
Sauber,15,868,2012,60,6,0,4
Red Bull,9,868,2012,216,1,3,5
Sauber,15,868,2012,60,6,0,6
Mercedes,130,868,2012,98,5,1,7
Red Bull,9,868,2012,216,1,3,8
Force India,10,868,2012,44,8,0,9
Mercedes,130,868,2012,98,5,1,10
Force India,10,868,2012,44,8,0,11
Ferrari,6,868,2012,152,2,2,12
Toro Rosso,5,868,2012,6,9,0,13
Toro Rosso,5,868,2012,6,9,0,14
Williams,3,868,2012,47,7,1,15
Caterham,205,868,2012,0,10,0,16
Williams,3,868,2012,47,7,1,17
Lotus F1,206,868,2012,144,3,0,18
Caterham,205,868,2012,0,10,0,19
Marussia,204,868,2012,0,11,0,20
HRT,163,868,2012,0,12,0,21
Marussia,204,868,2012,0,11,0,22
HRT,163,868,2012,0,12,0,23
McLaren,1,869,2012,160,3,2,1
Lotus F1,206,869,2012,159,4,0,2
Lotus F1,206,869,2012,159,4,0,3
Red Bull,9,869,2012,230,1,3,4
Ferrari,6,869,2012,177,2,3,5
McLaren,1,869,2012,160,3,2,6
Williams,3,869,2012,47,7,1,7
Red Bull,9,869,2012,230,1,3,8
Ferrari,6,869,2012,177,2,3,9
Mercedes,130,869,2012,105,5,1,10
Force India,10,869,2012,46,8,0,11
Force India,10,869,2012,46,8,0,12
Williams,3,869,2012,47,7,1,13
Sauber,15,869,2012,80,6,0,14
Toro Rosso,5,869,2012,6,9,0,15
Toro Rosso,5,869,2012,6,9,0,16
Caterham,205,869,2012,0,10,0,17
Sauber,15,869,2012,80,6,0,18
Caterham,205,869,2012,0,10,0,19
Marussia,204,869,2012,0,11,0,20
Marussia,204,869,2012,0,11,0,21
HRT,163,869,2012,0,12,0,22
McLaren,1,870,2012,193,2,3,1
Red Bull,9,870,2012,246,1,3,2
Lotus F1,206,870,2012,192,3,0,3
Force India,10,870,2012,46,8,0,4
Ferrari,6,870,2012,189,4,3,5
Red Bull,9,870,2012,246,1,3,6
Mercedes,130,870,2012,106,5,1,7
Toro Rosso,5,870,2012,6,9,0,8
Toro Rosso,5,870,2012,6,9,0,9
Force India,10,870,2012,46,8,0,10
Mercedes,130,870,2012,106,5,1,11
Williams,3,870,2012,53,7,1,12
Sauber,15,870,2012,80,6,0,13
Caterham,205,870,2012,0,10,0,14
Marussia,204,870,2012,0,11,0,15
Marussia,204,870,2012,0,11,0,16
Caterham,205,870,2012,0,10,0,17
HRT,163,870,2012,0,12,0,18
McLaren,1,871,2012,218,2,4,1
Sauber,15,871,2012,80,6,0,2
Ferrari,6,871,2012,199,4,3,3
Ferrari,6,871,2012,199,4,3,4
Lotus F1,206,871,2012,207,3,0,5
Mercedes,130,871,2012,112,5,1,6
Mercedes,130,871,2012,112,5,1,7
Force India,10,871,2012,59,7,0,8
Sauber,15,871,2012,80,6,0,9
Williams,3,871,2012,53,8,1,10
Williams,3,871,2012,53,8,1,11
Toro Rosso,5,871,2012,12,9,0,12
Lotus F1,206,871,2012,207,3,0,13
Caterham,205,871,2012,0,10,0,14
Caterham,205,871,2012,0,10,0,15
Marussia,204,871,2012,0,11,0,16
Marussia,204,871,2012,0,11,0,17
HRT,163,871,2012,0,12,0,18
HRT,163,871,2012,0,12,0,19
Red Bull,9,871,2012,272,1,3,20
Force India,10,871,2012,59,7,0,21
Red Bull,9,871,2012,272,1,3,22
Red Bull,9,872,2012,272,1,3,1
McLaren,1,872,2012,243,2,5,2
Ferrari,6,872,2012,226,3,3,3
Force India,10,872,2012,63,7,0,4
Mercedes,130,872,2012,126,5,1,5
Lotus F1,206,872,2012,217,4,0,6
Lotus F1,206,872,2012,217,4,0,7
Ferrari,6,872,2012,226,3,3,8
Toro Rosso,5,872,2012,12,9,0,9
Sauber,15,872,2012,100,6,0,10
Red Bull,9,872,2012,272,1,3,11
Marussia,204,872,2012,0,11,0,12
Sauber,15,872,2012,100,6,0,13
Force India,10,872,2012,63,7,0,14
Caterham,205,872,2012,0,10,0,15
Marussia,204,872,2012,0,11,0,16
HRT,163,872,2012,0,12,0,17
Williams,3,872,2012,54,8,1,18
Caterham,205,872,2012,0,10,0,19
Red Bull,9,873,2012,297,1,4,1
Ferrari,6,873,2012,245,3,3,2
Sauber,15,873,2012,101,6,0,3
McLaren,1,873,2012,261,2,5,4
McLaren,1,873,2012,261,2,5,5
Lotus F1,206,873,2012,231,4,0,6
Force India,10,873,2012,75,7,0,7
Williams,3,873,2012,54,8,1,8
Red Bull,9,873,2012,297,1,4,9
Toro Rosso,5,873,2012,14,9,0,10
Mercedes,130,873,2012,136,5,1,11
Force India,10,873,2012,75,7,0,12
Toro Rosso,5,873,2012,14,9,0,13
Williams,3,873,2012,54,8,1,14
Caterham,205,873,2012,0,11,0,15
Marussia,204,873,2012,0,10,0,16
Caterham,205,873,2012,0,11,0,17
HRT,163,873,2012,0,12,0,18
Lotus F1,206,873,2012,231,4,0,19
Red Bull,9,874,2012,324,1,5,1
Red Bull,9,874,2012,324,1,5,2
Ferrari,6,874,2012,263,3,3,3
Ferrari,6,874,2012,263,3,3,4
Lotus F1,206,874,2012,239,4,0,5
Force India,10,874,2012,81,7,0,6
Lotus F1,206,874,2012,239,4,0,7
Toro Rosso,5,874,2012,15,9,0,8
Toro Rosso,5,874,2012,15,9,0,9
McLaren,1,874,2012,283,2,5,10
Sauber,15,874,2012,116,6,0,11
Force India,10,874,2012,81,7,0,12
Mercedes,130,874,2012,136,5,1,13
Williams,3,874,2012,58,8,1,14
Williams,3,874,2012,58,8,1,15
Caterham,205,874,2012,0,11,0,16
Caterham,205,874,2012,0,11,0,17
Marussia,204,874,2012,0,10,0,18
Marussia,204,874,2012,0,10,0,19
HRT,163,874,2012,0,12,0,20
Red Bull,9,875,2012,367,1,6,1
Ferrari,6,875,2012,290,2,3,2
Red Bull,9,875,2012,367,1,6,3
McLaren,1,875,2012,284,3,5,4
McLaren,1,875,2012,284,3,5,5
Ferrari,6,875,2012,290,2,3,6
Lotus F1,206,875,2012,255,4,0,7
Force India,10,875,2012,89,7,0,8
Lotus F1,206,875,2012,255,4,0,9
Williams,3,875,2012,58,8,1,10
Mercedes,130,875,2012,136,5,1,11
Force India,10,875,2012,89,7,0,12
Toro Rosso,5,875,2012,21,9,0,13
Sauber,15,875,2012,116,6,0,14
Toro Rosso,5,875,2012,21,9,0,15
Williams,3,875,2012,58,8,1,16
Caterham,205,875,2012,0,11,0,17
Caterham,205,875,2012,0,11,0,18
Marussia,204,875,2012,0,10,0,19
Marussia,204,875,2012,0,10,0,20
HRT,163,875,2012,0,12,0,21
Mercedes,130,875,2012,136,5,1,22
Lotus F1,206,876,2012,263,4,0,1
Ferrari,6,876,2012,316,2,3,2
Red Bull,9,876,2012,407,1,7,3
McLaren,1,876,2012,306,3,5,4
Williams,3,876,2012,59,8,1,5
Sauber,15,876,2012,116,6,0,6
Ferrari,6,876,2012,316,2,3,7
Williams,3,876,2012,59,8,1,8
Force India,10,876,2012,93,7,0,9
Toro Rosso,5,876,2012,21,9,0,10
Mercedes,130,876,2012,136,5,1,11
Toro Rosso,5,876,2012,21,9,0,12
Caterham,205,876,2012,0,11,0,13
Marussia,204,876,2012,0,10,0,14
Sauber,15,876,2012,116,6,0,15
Caterham,205,876,2012,0,11,0,16
HRT,163,876,2012,0,12,0,17
McLaren,1,877,2012,318,3,5,1
Red Bull,9,877,2012,422,1,7,2
Ferrari,6,877,2012,340,2,3,3
Ferrari,6,877,2012,340,2,3,4
McLaren,1,877,2012,318,3,5,5
Lotus F1,206,877,2012,288,4,1,6
Lotus F1,206,877,2012,288,4,1,7
Force India,10,877,2012,95,7,0,8
Williams,3,877,2012,73,8,1,9
Williams,3,877,2012,73,8,1,10
Sauber,15,877,2012,124,6,0,11
Toro Rosso,5,877,2012,22,9,0,12
Mercedes,130,877,2012,136,5,1,13
Sauber,15,877,2012,124,6,0,14
Force India,10,877,2012,95,7,0,15
Mercedes,130,877,2012,136,5,1,16
Caterham,205,877,2012,0,11,0,17
Caterham,205,877,2012,0,11,0,18
Marussia,204,877,2012,0,10,0,19
Marussia,204,877,2012,0,10,0,20
HRT,163,877,2012,0,12,0,21
HRT,163,877,2012,0,12,0,22
McLaren,1,878,2012,353,3,6,1
Ferrari,6,878,2012,367,2,3,2
Ferrari,6,878,2012,367,2,3,3
Red Bull,9,878,2012,440,1,7,4
Force India,10,878,2012,99,7,0,5
Red Bull,9,878,2012,440,1,7,6
Mercedes,130,878,2012,136,5,1,7
Toro Rosso,5,878,2012,22,9,0,8
Sauber,15,878,2012,124,6,0,9
Lotus F1,206,878,2012,302,4,1,10
Caterham,205,878,2012,0,11,0,11
Marussia,204,878,2012,0,10,0,12
Toro Rosso,5,878,2012,22,9,0,13
Caterham,205,878,2012,0,11,0,14
Mercedes,130,878,2012,136,5,1,15
Marussia,204,878,2012,0,10,0,16
HRT,163,878,2012,0,12,0,17
HRT,163,878,2012,0,12,0,18
Force India,10,878,2012,99,7,0,19
Red Bull,9,880,2013,23,3,0,1
Red Bull,9,880,2013,23,3,0,2
Mercedes,130,880,2013,10,4,0,3
Mercedes,130,880,2013,10,4,0,4
Ferrari,6,880,2013,30,1,0,5
Lotus F1,206,880,2013,26,2,1,6
Lotus F1,206,880,2013,26,2,1,7
Sauber,15,880,2013,0,8,0,8
McLaren,1,880,2013,2,6,0,9
Toro Rosso,5,880,2013,0,7,0,10
Williams,3,880,2013,0,9,0,11
Sauber,15,880,2013,0,8,0,12
Marussia,204,880,2013,0,10,0,13
Caterham,205,880,2013,0,11,0,14
Caterham,205,880,2013,0,11,0,15
Marussia,204,880,2013,0,10,0,16
McLaren,1,880,2013,2,6,0,17
Toro Rosso,5,880,2013,0,7,0,18
Ferrari,6,881,2013,40,3,0,1
Lotus F1,206,881,2013,40,2,1,2
Mercedes,130,881,2013,37,4,0,3
Red Bull,9,881,2013,66,1,1,4
McLaren,1,881,2013,4,7,0,5
Ferrari,6,881,2013,40,3,0,6
Toro Rosso,5,881,2013,1,8,0,7
Force India,10,881,2013,10,5,0,8
Lotus F1,206,881,2013,40,2,1,9
Sauber,15,881,2013,4,6,0,10
McLaren,1,881,2013,4,7,0,11
Toro Rosso,5,881,2013,1,8,0,12
Williams,3,881,2013,0,9,0,13
Williams,3,881,2013,0,9,0,14
Marussia,204,881,2013,0,10,0,15
Caterham,205,881,2013,0,11,0,16
Marussia,204,881,2013,0,10,0,17
Caterham,205,881,2013,0,11,0,18
Red Bull,9,882,2013,78,1,1,1
Lotus F1,206,882,2013,60,3,1,2
Lotus F1,206,882,2013,60,3,1,3
Force India,10,882,2013,14,6,0,4
Mercedes,130,882,2013,52,4,0,5
McLaren,1,882,2013,14,5,0,6
Red Bull,9,882,2013,78,1,1,7
Ferrari,6,882,2013,73,2,1,8
Mercedes,130,882,2013,52,4,0,9
McLaren,1,882,2013,14,5,0,10
Williams,3,882,2013,0,9,0,11
Sauber,15,882,2013,5,8,0,12
Force India,10,882,2013,14,6,0,13
Williams,3,882,2013,0,9,0,14
Ferrari,6,882,2013,73,2,1,15
Toro Rosso,5,882,2013,7,7,0,16
Caterham,205,882,2013,0,11,0,17
Sauber,15,882,2013,5,8,0,18
Marussia,204,882,2013,0,10,0,19
Marussia,204,882,2013,0,10,0,20
Caterham,205,882,2013,0,11,0,21
Ferrari,6,883,2013,77,3,1,1
Lotus F1,206,883,2013,93,2,1,2
Ferrari,6,883,2013,77,3,1,3
Red Bull,9,883,2013,109,1,2,4
Red Bull,9,883,2013,109,1,2,5
Mercedes,130,883,2013,64,4,0,6
Force India,10,883,2013,26,5,0,7
McLaren,1,883,2013,23,6,0,8
McLaren,1,883,2013,23,6,0,9
Toro Rosso,5,883,2013,7,7,0,10
Sauber,15,883,2013,5,8,0,11
Mercedes,130,883,2013,64,4,0,12
Force India,10,883,2013,26,5,0,13
Williams,3,883,2013,0,9,0,14
Sauber,15,883,2013,5,8,0,15
Williams,3,883,2013,0,9,0,16
Caterham,205,883,2013,0,11,0,17
Marussia,204,883,2013,0,10,0,18
Marussia,204,883,2013,0,10,0,19
Toro Rosso,5,883,2013,7,7,0,20
Caterham,205,883,2013,0,11,0,21
Lotus F1,206,883,2013,93,2,1,22
Mercedes,130,884,2013,72,4,0,1
Red Bull,9,884,2013,131,1,2,2
Red Bull,9,884,2013,131,1,2,3
Mercedes,130,884,2013,72,4,0,4
Force India,10,884,2013,32,5,0,5
McLaren,1,884,2013,29,6,0,6
Ferrari,6,884,2013,117,2,2,7
Toro Rosso,5,884,2013,8,7,0,8
Force India,10,884,2013,32,5,0,9
Lotus F1,206,884,2013,111,3,1,10
Sauber,15,884,2013,5,8,0,11
Williams,3,884,2013,0,9,0,12
Sauber,15,884,2013,5,8,0,13
Marussia,204,884,2013,0,10,0,14
Caterham,205,884,2013,0,11,0,15
McLaren,1,884,2013,29,6,0,16
Red Bull,9,885,2013,164,1,2,1
Ferrari,6,885,2013,123,2,2,2
Mercedes,130,885,2013,109,4,1,3
Red Bull,9,885,2013,164,1,2,4
Mercedes,130,885,2013,109,4,1,5
Toro Rosso,5,885,2013,12,7,0,6
Force India,10,885,2013,44,5,0,7
Ferrari,6,885,2013,123,2,2,8
Lotus F1,206,885,2013,112,3,1,9
Force India,10,885,2013,44,5,0,10
McLaren,1,885,2013,37,6,0,11
McLaren,1,885,2013,37,6,0,12
Lotus F1,206,885,2013,112,3,1,13
Williams,3,885,2013,0,9,0,14
Toro Rosso,5,885,2013,12,7,0,15
Williams,3,885,2013,0,9,0,16
Marussia,204,885,2013,0,10,0,17
Caterham,205,885,2013,0,11,0,18
Marussia,204,885,2013,0,10,0,19
Sauber,15,885,2013,5,8,0,20
Mercedes,130,886,2013,134,3,1,1
Red Bull,9,886,2013,201,1,3,2
Ferrari,6,886,2013,145,2,2,3
Mercedes,130,886,2013,134,3,1,4
Lotus F1,206,886,2013,114,4,1,5
Ferrari,6,886,2013,145,2,2,6
Force India,10,886,2013,51,5,0,7
Toro Rosso,5,886,2013,20,7,0,8
Force India,10,886,2013,51,5,0,9
Sauber,15,886,2013,5,8,0,10
Williams,3,886,2013,0,9,0,11
Williams,3,886,2013,0,9,0,12
McLaren,1,886,2013,37,6,0,13
Sauber,15,886,2013,5,8,0,14
Caterham,205,886,2013,0,11,0,15
Marussia,204,886,2013,0,10,0,16
Marussia,204,886,2013,0,10,0,17
Caterham,205,886,2013,0,11,0,18
Lotus F1,206,886,2013,114,4,1,19
McLaren,1,886,2013,37,6,0,20
Red Bull,9,887,2013,219,1,3,1
Lotus F1,206,887,2013,124,4,1,2
Lotus F1,206,887,2013,124,4,1,3
Ferrari,6,887,2013,168,3,2,4
Mercedes,130,887,2013,171,2,2,5
McLaren,1,887,2013,37,6,0,6
Red Bull,9,887,2013,219,1,3,7
McLaren,1,887,2013,37,6,0,8
Mercedes,130,887,2013,171,2,2,9
Sauber,15,887,2013,6,8,0,10
Force India,10,887,2013,59,5,0,11
Toro Rosso,5,887,2013,24,7,0,12
Force India,10,887,2013,59,5,0,13
Sauber,15,887,2013,6,8,0,14
Williams,3,887,2013,0,9,0,15
Williams,3,887,2013,0,9,0,16
Caterham,205,887,2013,0,11,0,17
Caterham,205,887,2013,0,11,0,18
Marussia,204,887,2013,0,10,0,19
Mercedes,130,888,2013,183,2,2,1
Lotus F1,206,888,2013,157,4,1,2
Red Bull,9,888,2013,250,1,4,3
Red Bull,9,888,2013,250,1,4,4
Ferrari,6,888,2013,180,3,2,5
Lotus F1,206,888,2013,157,4,1,6
McLaren,1,888,2013,49,6,0,7
Ferrari,6,888,2013,180,3,2,8
McLaren,1,888,2013,49,6,0,9
Williams,3,888,2013,0,9,0,10
Sauber,15,888,2013,7,8,0,11
Toro Rosso,5,888,2013,24,7,0,12
Toro Rosso,5,888,2013,24,7,0,13
Caterham,205,888,2013,0,11,0,14
Caterham,205,888,2013,0,11,0,15
Marussia,204,888,2013,0,10,0,16
Marussia,204,888,2013,0,10,0,17
Force India,10,888,2013,59,5,0,18
Mercedes,130,888,2013,183,2,2,19
Red Bull,9,889,2013,277,1,4,1
Ferrari,6,889,2013,194,3,2,2
Mercedes,130,889,2013,208,2,3,3
Mercedes,130,889,2013,208,2,3,4
Red Bull,9,889,2013,277,1,4,5
McLaren,1,889,2013,57,6,0,6
Ferrari,6,889,2013,194,3,2,7
Lotus F1,206,889,2013,183,4,1,8
Force India,10,889,2013,59,5,0,9
Toro Rosso,5,889,2013,24,7,0,10
McLaren,1,889,2013,57,6,0,11
Toro Rosso,5,889,2013,24,7,0,12
Sauber,15,889,2013,7,8,0,13
Sauber,15,889,2013,7,8,0,14
Williams,3,889,2013,1,9,0,15
Caterham,205,889,2013,0,11,0,16
Williams,3,889,2013,1,9,0,17
Marussia,204,889,2013,0,10,0,18
Marussia,204,889,2013,0,10,0,19
Red Bull,9,890,2013,312,1,5,1
Ferrari,6,890,2013,218,3,2,2
Red Bull,9,890,2013,312,1,5,3
Ferrari,6,890,2013,218,3,2,4
Sauber,15,890,2013,7,8,0,5
Mercedes,130,890,2013,235,2,3,6
Toro Rosso,5,890,2013,25,7,0,7
Lotus F1,206,890,2013,187,4,1,8
Mercedes,130,890,2013,235,2,3,9
McLaren,1,890,2013,65,5,0,10
Lotus F1,206,890,2013,187,4,1,11
McLaren,1,890,2013,65,5,0,12
Sauber,15,890,2013,7,8,0,13
Williams,3,890,2013,1,9,0,14
Williams,3,890,2013,1,9,0,15
Force India,10,890,2013,61,6,0,16
Caterham,205,890,2013,0,11,0,17
Caterham,205,890,2013,0,11,0,18
Marussia,204,890,2013,0,10,0,19
Marussia,204,890,2013,0,10,0,20
Red Bull,9,891,2013,352,1,6,1
Ferrari,6,891,2013,248,2,2,2
Lotus F1,206,891,2013,191,4,1,3
Mercedes,130,891,2013,245,3,3,4
Mercedes,130,891,2013,245,3,3,5
Ferrari,6,891,2013,248,2,2,6
McLaren,1,891,2013,66,5,0,7
McLaren,1,891,2013,66,5,0,8
Sauber,15,891,2013,17,8,0,9
Force India,10,891,2013,61,6,0,10
Williams,3,891,2013,1,9,0,11
Sauber,15,891,2013,17,8,0,12
Williams,3,891,2013,1,9,0,13
Toro Rosso,5,891,2013,31,7,0,14
Red Bull,9,891,2013,352,1,6,15
Caterham,205,891,2013,0,11,0,16
Marussia,204,891,2013,0,10,0,17
Marussia,204,891,2013,0,10,0,18
Caterham,205,891,2013,0,11,0,19
Force India,10,891,2013,61,6,0,20
Red Bull,9,892,2013,377,1,7,1
Lotus F1,206,892,2013,206,4,1,2
Lotus F1,206,892,2013,206,4,1,3
Sauber,15,892,2013,19,8,0,4
Mercedes,130,892,2013,267,3,3,5
Ferrari,6,892,2013,274,2,2,6
Mercedes,130,892,2013,267,3,3,7
McLaren,1,892,2013,76,5,0,8
Ferrari,6,892,2013,274,2,2,9
McLaren,1,892,2013,76,5,0,10
Sauber,15,892,2013,19,8,0,11
Williams,3,892,2013,1,9,0,12
Williams,3,892,2013,1,9,0,13
Caterham,205,892,2013,0,11,0,14
Caterham,205,892,2013,0,11,0,15
Marussia,204,892,2013,0,10,0,16
Marussia,204,892,2013,0,10,0,17
Toro Rosso,5,892,2013,31,7,0,18
Toro Rosso,5,892,2013,31,7,0,19
Force India,10,892,2013,62,6,0,20
Red Bull,9,893,2013,402,1,8,1
Red Bull,9,893,2013,402,1,8,2
Lotus F1,206,893,2013,239,4,1,3
Ferrari,6,893,2013,284,2,2,4
Lotus F1,206,893,2013,239,4,1,5
Sauber,15,893,2013,31,7,0,6
Sauber,15,893,2013,31,7,0,7
Mercedes,130,893,2013,283,3,3,8
McLaren,1,893,2013,81,5,0,9
Ferrari,6,893,2013,284,2,2,10
Force India,10,893,2013,62,6,0,11
Toro Rosso,5,893,2013,31,8,0,12
Toro Rosso,5,893,2013,31,8,0,13
Force India,10,893,2013,62,6,0,14
McLaren,1,893,2013,81,5,0,15
Williams,3,893,2013,1,9,0,16
Williams,3,893,2013,1,9,0,17
Caterham,205,893,2013,0,11,0,18
Marussia,204,893,2013,0,10,0,19
Red Bull,9,894,2013,445,1,9,1
Mercedes,130,894,2013,287,3,3,2
Lotus F1,206,894,2013,264,4,1,3
Ferrari,6,894,2013,297,2,2,4
McLaren,1,894,2013,83,5,0,5
Mercedes,130,894,2013,287,3,3,6
Lotus F1,206,894,2013,264,4,1,7
Force India,10,894,2013,62,6,0,8
Force India,10,894,2013,62,6,0,9
Toro Rosso,5,894,2013,31,8,0,10
Ferrari,6,894,2013,297,2,2,11
Williams,3,894,2013,1,9,0,12
Toro Rosso,5,894,2013,31,8,0,13
McLaren,1,894,2013,83,5,0,14
Sauber,15,894,2013,45,7,0,15
Williams,3,894,2013,1,9,0,16
Marussia,204,894,2013,0,10,0,17
Marussia,204,894,2013,0,10,0,18
Sauber,15,894,2013,45,7,0,19
Red Bull,9,895,2013,470,1,10,1
Red Bull,9,895,2013,470,1,10,2
Mercedes,130,895,2013,313,2,3,3
Lotus F1,206,895,2013,285,4,1,4
Ferrari,6,895,2013,309,3,2,5
Force India,10,895,2013,68,6,0,6
Mercedes,130,895,2013,313,2,3,7
Ferrari,6,895,2013,309,3,2,8
McLaren,1,895,2013,93,5,0,9
Force India,10,895,2013,68,6,0,10
Williams,3,895,2013,1,9,0,11
McLaren,1,895,2013,93,5,0,12
Sauber,15,895,2013,45,7,0,13
Sauber,15,895,2013,45,7,0,14
Williams,3,895,2013,1,9,0,15
Toro Rosso,5,895,2013,32,8,0,16
Toro Rosso,5,895,2013,32,8,0,17
Caterham,205,895,2013,0,11,0,18
Caterham,205,895,2013,0,11,0,19
Marussia,204,895,2013,0,10,0,20
Marussia,204,895,2013,0,10,0,21
Red Bull,9,896,2013,513,1,11,1
Lotus F1,206,896,2013,297,4,1,2
Red Bull,9,896,2013,513,1,11,3
Mercedes,130,896,2013,334,2,3,4
Ferrari,6,896,2013,323,3,2,5
Sauber,15,896,2013,45,7,0,6
McLaren,1,896,2013,95,5,0,7
Williams,3,896,2013,1,9,0,8
Mercedes,130,896,2013,334,2,3,9
McLaren,1,896,2013,95,5,0,10
Toro Rosso,5,896,2013,32,8,0,11
Toro Rosso,5,896,2013,32,8,0,12
Ferrari,6,896,2013,323,3,2,13
Sauber,15,896,2013,45,7,0,14
Lotus F1,206,896,2013,297,4,1,15
Force India,10,896,2013,77,6,0,16
Williams,3,896,2013,1,9,0,17
Marussia,204,896,2013,0,10,0,18
Caterham,205,896,2013,0,11,0,19
Caterham,205,896,2013,0,11,0,20
Marussia,204,896,2013,0,10,0,21
Red Bull,9,897,2013,553,1,12,1
Red Bull,9,897,2013,553,1,12,2
Ferrari,6,897,2013,333,3,2,3
McLaren,1,897,2013,102,5,0,4
Mercedes,130,897,2013,348,2,3,5
McLaren,1,897,2013,102,5,0,6
Ferrari,6,897,2013,333,3,2,7
Sauber,15,897,2013,53,7,0,8
Mercedes,130,897,2013,348,2,3,9
Toro Rosso,5,897,2013,32,8,0,10
Force India,10,897,2013,77,6,0,11
Sauber,15,897,2013,53,7,0,12
Force India,10,897,2013,77,6,0,13
Lotus F1,206,897,2013,315,4,1,14
Toro Rosso,5,897,2013,32,8,0,15
Williams,3,897,2013,5,9,0,16
Marussia,204,897,2013,0,10,0,17
Caterham,205,897,2013,0,11,0,18
Marussia,204,897,2013,0,10,0,19
Mercedes,130,899,2014,25,2,1,1
Mercedes,130,899,2014,25,2,1,2
Red Bull,9,899,2014,0,11,0,3
Ferrari,6,899,2014,18,3,0,4
Force India,10,899,2014,9,5,0,5
McLaren,1,899,2014,33,1,0,6
Williams,3,899,2014,10,4,0,7
Williams,3,899,2014,10,4,0,8
McLaren,1,899,2014,33,1,0,9
Toro Rosso,5,899,2014,6,6,0,10
Lotus F1,206,899,2014,0,9,0,11
Ferrari,6,899,2014,18,3,0,12
Caterham,205,899,2014,0,10,0,13
Caterham,205,899,2014,0,10,0,14
Marussia,204,899,2014,0,8,0,15
Mercedes,130,900,2014,68,1,2,1
Mercedes,130,900,2014,68,1,2,2
Force India,10,900,2014,19,5,0,3
Red Bull,9,900,2014,15,6,0,4
Force India,10,900,2014,19,5,0,5
Red Bull,9,900,2014,15,6,0,6
Williams,3,900,2014,20,4,0,7
Williams,3,900,2014,20,4,0,8
Ferrari,6,900,2014,30,3,0,9
Ferrari,6,900,2014,30,3,0,10
Toro Rosso,5,900,2014,7,7,0,11
Lotus F1,206,900,2014,0,9,0,12
Marussia,204,900,2014,0,11,0,13
Lotus F1,206,900,2014,0,9,0,14
Caterham,205,900,2014,0,10,0,15
Marussia,204,900,2014,0,11,0,16
McLaren,1,900,2014,43,2,0,17
Mercedes,130,901,2014,111,1,3,1
Mercedes,130,901,2014,111,1,3,2
Ferrari,6,901,2014,33,5,0,3
Red Bull,9,901,2014,35,4,0,4
Red Bull,9,901,2014,35,4,0,5
Force India,10,901,2014,44,2,0,6
Williams,3,901,2014,30,6,0,7
Ferrari,6,901,2014,33,5,0,8
Force India,10,901,2014,44,2,0,9
Toro Rosso,5,901,2014,7,7,0,10
McLaren,1,901,2014,43,3,0,11
Toro Rosso,5,901,2014,7,7,0,12
McLaren,1,901,2014,43,3,0,13
Lotus F1,206,901,2014,0,8,0,14
Williams,3,901,2014,30,6,0,15
Sauber,15,901,2014,0,9,0,16
Marussia,204,901,2014,0,10,0,17
Caterham,205,901,2014,0,11,0,18
Marussia,204,901,2014,0,10,0,19
Caterham,205,901,2014,0,11,0,20
Mercedes,130,902,2014,154,1,4,1
Mercedes,130,902,2014,154,1,4,2
Red Bull,9,902,2014,57,2,0,3
Red Bull,9,902,2014,57,2,0,4
Williams,3,902,2014,36,6,0,5
Ferrari,6,902,2014,52,4,0,6
Ferrari,6,902,2014,52,4,0,7
Lotus F1,206,902,2014,0,8,0,8
Force India,10,902,2014,54,3,0,9
Force India,10,902,2014,54,3,0,10
McLaren,1,902,2014,43,5,0,11
McLaren,1,902,2014,43,5,0,12
Williams,3,902,2014,36,6,0,13
Toro Rosso,5,902,2014,8,7,0,14
Lotus F1,206,902,2014,0,8,0,15
Sauber,15,902,2014,0,9,0,16
Sauber,15,902,2014,0,9,0,17
Marussia,204,902,2014,0,10,0,18
Marussia,204,902,2014,0,10,0,19
Caterham,205,902,2014,0,11,0,20
Mercedes,130,903,2014,197,1,5,1
Mercedes,130,903,2014,197,1,5,2
Red Bull,9,903,2014,84,2,0,3
Ferrari,6,903,2014,66,3,0,4
Force India,10,903,2014,57,4,0,5
McLaren,1,903,2014,43,6,0,6
Williams,3,903,2014,46,5,0,7
Lotus F1,206,903,2014,4,8,0,8
Marussia,204,903,2014,0,10,0,9
McLaren,1,903,2014,43,6,0,10
Caterham,205,903,2014,0,11,0,11
Ferrari,6,903,2014,66,3,0,12
Caterham,205,903,2014,0,11,0,13
Marussia,204,903,2014,0,10,0,14
Red Bull,9,904,2014,99,2,0,1
Mercedes,130,904,2014,240,1,6,2
Red Bull,9,904,2014,99,2,0,3
McLaren,1,904,2014,52,5,0,4
Force India,10,904,2014,67,4,0,5
Ferrari,6,904,2014,78,3,0,6
Williams,3,904,2014,52,6,0,7
Toro Rosso,5,904,2014,8,8,0,8
McLaren,1,904,2014,52,5,0,9
Ferrari,6,904,2014,78,3,0,10
Force India,10,904,2014,67,4,0,11
Williams,3,904,2014,52,6,0,12
Sauber,15,904,2014,0,10,0,13
Sauber,15,904,2014,0,10,0,14
Mercedes,130,905,2014,258,1,6,1
Mercedes,130,905,2014,258,1,6,2
Williams,3,905,2014,58,6,0,3
Williams,3,905,2014,58,6,0,4
Ferrari,6,905,2014,87,3,0,5
Force India,10,905,2014,77,4,0,6
McLaren,1,905,2014,66,5,0,7
Red Bull,9,905,2014,139,2,1,8
Force India,10,905,2014,77,4,0,9
Ferrari,6,905,2014,87,3,0,10
McLaren,1,905,2014,66,5,0,11
Lotus F1,206,905,2014,8,8,0,12
Sauber,15,905,2014,0,10,0,13
Lotus F1,206,905,2014,8,8,0,14
Marussia,204,905,2014,2,9,0,15
Caterham,205,905,2014,0,11,0,16
Marussia,204,905,2014,2,9,0,17
Caterham,205,905,2014,0,11,0,18
Sauber,15,905,2014,0,10,0,19
Mercedes,130,906,2014,301,1,7,1
Williams,3,906,2014,85,5,0,2
Red Bull,9,906,2014,143,2,1,3
McLaren,1,906,2014,72,6,0,4
Red Bull,9,906,2014,143,2,1,5
Ferrari,6,906,2014,98,3,0,6
McLaren,1,906,2014,72,6,0,7
Force India,10,906,2014,87,4,0,8
Toro Rosso,5,906,2014,12,7,0,9
Toro Rosso,5,906,2014,12,7,0,10
Force India,10,906,2014,87,4,0,11
Lotus F1,206,906,2014,8,8,0,12
Sauber,15,906,2014,0,10,0,13
Marussia,204,906,2014,2,9,0,14
Caterham,205,906,2014,0,11,0,15
Marussia,204,906,2014,2,9,0,16
Lotus F1,206,906,2014,8,8,0,17
Mercedes,130,907,2014,326,1,8,1
Williams,3,907,2014,103,4,0,2
Mercedes,130,907,2014,326,1,8,3
Red Bull,9,907,2014,168,2,1,4
Ferrari,6,907,2014,106,3,0,5
Red Bull,9,907,2014,168,2,1,6
Force India,10,907,2014,91,5,0,7
McLaren,1,907,2014,90,6,0,8
McLaren,1,907,2014,90,6,0,9
Force India,10,907,2014,91,5,0,10
Ferrari,6,907,2014,106,3,0,11
Lotus F1,206,907,2014,8,8,0,12
Toro Rosso,5,907,2014,15,7,0,13
Sauber,15,907,2014,0,10,0,14
Marussia,204,907,2014,2,9,0,15
Caterham,205,907,2014,0,11,0,16
Marussia,204,907,2014,2,9,0,17
Caterham,205,907,2014,0,11,0,18
Red Bull,9,908,2014,188,2,1,1
Ferrari,6,908,2014,116,4,0,2
Mercedes,130,908,2014,366,1,9,3
Mercedes,130,908,2014,366,1,9,4
Williams,3,908,2014,121,3,0,5
Ferrari,6,908,2014,116,4,0,6
Red Bull,9,908,2014,188,2,1,7
Williams,3,908,2014,121,3,0,8
Toro Rosso,5,908,2014,15,7,0,9
McLaren,1,908,2014,96,6,0,10
Sauber,15,908,2014,0,10,0,11
McLaren,1,908,2014,96,6,0,12
Lotus F1,206,908,2014,8,8,0,13
Toro Rosso,5,908,2014,15,7,0,14
Marussia,204,908,2014,2,9,0,15
Marussia,204,908,2014,2,9,0,16
Red Bull,9,909,2014,219,2,2,1
Mercedes,130,909,2014,393,1,9,2
Williams,3,909,2014,135,4,0,3
Ferrari,6,909,2014,142,3,0,4
Red Bull,9,909,2014,219,2,2,5
McLaren,1,909,2014,97,6,0,6
Ferrari,6,909,2014,142,3,0,7
Force India,10,909,2014,98,5,0,8
Toro Rosso,5,909,2014,17,7,0,9
Force India,10,909,2014,98,5,0,10
Toro Rosso,5,909,2014,17,7,0,11
McLaren,1,909,2014,97,6,0,12
Williams,3,909,2014,135,4,0,13
Sauber,15,909,2014,0,10,0,14
Sauber,15,909,2014,0,10,0,15
Marussia,204,909,2014,2,9,0,16
Caterham,205,909,2014,0,11,0,17
Marussia,204,909,2014,2,9,0,18
Mercedes,130,910,2014,411,1,9,1
Mercedes,130,910,2014,411,1,9,2
Williams,3,910,2014,150,4,0,3
Williams,3,910,2014,150,4,0,4
Red Bull,9,910,2014,254,2,3,5
Red Bull,9,910,2014,254,2,3,6
Force India,10,910,2014,103,6,0,7
McLaren,1,910,2014,105,5,0,8
Ferrari,6,910,2014,160,3,0,9
McLaren,1,910,2014,105,5,0,10
Toro Rosso,5,910,2014,19,7,0,11
Force India,10,910,2014,103,6,0,12
Toro Rosso,5,910,2014,19,7,0,13
Lotus F1,206,910,2014,8,8,0,14
Sauber,15,910,2014,0,10,0,15
Lotus F1,206,910,2014,8,8,0,16
Caterham,205,910,2014,0,11,0,17
Marussia,204,910,2014,2,9,0,18
Sauber,15,910,2014,0,10,0,19
Caterham,205,910,2014,0,11,0,20
Mercedes,130,911,2014,454,1,10,1
Red Bull,9,911,2014,272,2,3,2
Red Bull,9,911,2014,272,2,3,3
Ferrari,6,911,2014,162,4,0,4
Williams,3,911,2014,177,3,0,5
Toro Rosso,5,911,2014,19,7,0,6
Force India,10,911,2014,109,6,0,7
Ferrari,6,911,2014,162,4,0,8
Force India,10,911,2014,109,6,0,9
McLaren,1,911,2014,110,5,0,10
Williams,3,911,2014,177,3,0,11
Lotus F1,206,911,2014,8,8,0,12
Lotus F1,206,911,2014,8,8,0,13
Toro Rosso,5,911,2014,19,7,0,14
Caterham,205,911,2014,0,11,0,15
Marussia,204,911,2014,2,9,0,16
Marussia,204,911,2014,2,9,0,17
Mercedes,130,912,2014,479,1,11,1
Mercedes,130,912,2014,479,1,11,2
Red Bull,9,912,2014,305,2,3,3
Red Bull,9,912,2014,305,2,3,4
McLaren,1,912,2014,111,6,0,5
Williams,3,912,2014,187,3,0,6
Williams,3,912,2014,187,3,0,7
Force India,10,912,2014,117,5,0,8
Toro Rosso,5,912,2014,27,7,0,9
Force India,10,912,2014,117,5,0,10
Toro Rosso,5,912,2014,27,7,0,11
Ferrari,6,912,2014,178,4,0,12
Sauber,15,912,2014,0,10,0,13
McLaren,1,912,2014,111,6,0,14
Lotus F1,206,912,2014,8,8,0,15
Lotus F1,206,912,2014,8,8,0,16
Caterham,205,912,2014,0,11,0,17
Marussia,204,912,2014,2,9,0,18
Caterham,205,912,2014,0,11,0,19
Marussia,204,912,2014,2,9,0,20
Sauber,15,912,2014,0,10,0,21
Mercedes,130,913,2014,522,1,12,1
Mercedes,130,913,2014,522,1,12,2
Williams,3,913,2014,201,3,0,3
McLaren,1,913,2014,121,6,0,4
McLaren,1,913,2014,121,6,0,5
Ferrari,6,913,2014,178,4,0,6
Red Bull,9,913,2014,332,2,3,7
Red Bull,9,913,2014,332,2,3,8
Ferrari,6,913,2014,178,4,0,9
Force India,10,913,2014,122,5,0,10
Williams,3,913,2014,201,3,0,11
Force India,10,913,2014,122,5,0,12
Toro Rosso,5,913,2014,29,7,0,13
Toro Rosso,5,913,2014,29,7,0,14
Sauber,15,913,2014,0,10,0,15
Sauber,15,913,2014,0,10,0,16
Lotus F1,206,913,2014,8,8,0,17
Lotus F1,206,913,2014,8,8,0,18
Caterham,205,913,2014,0,11,0,19
Mercedes,130,914,2014,565,1,13,1
Mercedes,130,914,2014,565,1,13,2
Red Bull,9,914,2014,342,2,3,3
Williams,3,914,2014,216,3,0,4
Williams,3,914,2014,216,3,0,5
Ferrari,6,914,2014,188,4,0,6
Red Bull,9,914,2014,342,2,3,7
McLaren,1,914,2014,143,5,0,8
Toro Rosso,5,914,2014,29,7,0,10
Lotus F1,206,914,2014,8,8,0,9
Lotus F1,206,914,2014,8,8,0,11
McLaren,1,914,2014,143,5,0,12
Ferrari,6,914,2014,188,4,0,13
Sauber,15,914,2014,0,10,0,14
Toro Rosso,5,914,2014,29,7,0,15
Mercedes,130,915,2014,608,1,14,1
Mercedes,130,915,2014,608,1,14,2
Williams,3,915,2014,238,3,0,3
McLaren,1,915,2014,147,5,0,4
Red Bull,9,915,2014,363,2,3,5
Ferrari,6,915,2014,196,4,0,6
Ferrari,6,915,2014,196,4,0,7
Force India,10,915,2014,123,6,0,8
McLaren,1,915,2014,147,5,0,9
Williams,3,915,2014,238,3,0,10
Toro Rosso,5,915,2014,30,7,0,11
Lotus F1,206,915,2014,10,8,0,12
Toro Rosso,5,915,2014,30,7,0,13
Sauber,15,915,2014,0,10,0,14
Force India,10,915,2014,123,6,0,15
Sauber,15,915,2014,0,10,0,16
Lotus F1,206,915,2014,10,8,0,17
Mercedes,130,916,2014,651,1,15,1
Williams,3,916,2014,254,3,0,2
Williams,3,916,2014,254,3,0,3
Red Bull,9,916,2014,373,2,3,4
McLaren,1,916,2014,161,5,0,5
Force India,10,916,2014,127,6,0,6
Force India,10,916,2014,127,6,0,7
Red Bull,9,916,2014,373,2,3,8
Ferrari,6,916,2014,210,4,0,9
Ferrari,6,916,2014,210,4,0,10
McLaren,1,916,2014,161,5,0,11
Toro Rosso,5,916,2014,30,7,0,12
Lotus F1,206,916,2014,10,8,0,13
Mercedes,130,916,2014,651,1,15,14
Sauber,15,916,2014,0,10,0,15
Sauber,15,916,2014,0,10,0,16
Caterham,205,916,2014,0,11,0,17
Ferrari,6,923,2015,15,2,0,1
Mercedes,130,923,2015,43,1,1,2
Mercedes,130,923,2015,43,1,1,3
Ferrari,6,923,2015,15,2,0,4
Williams,3,923,2015,12,4,0,5
Williams,3,923,2015,12,4,0,6
Toro Rosso,5,923,2015,2,7,0,7
Toro Rosso,5,923,2015,2,7,0,8
Red Bull,9,923,2015,8,5,0,9
Red Bull,9,923,2015,8,5,0,10
Lotus F1,206,923,2015,0,9,0,11
Sauber,15,923,2015,14,3,0,12
Force India,10,923,2015,7,6,0,13
Force India,10,923,2015,7,6,0,14
Mercedes,130,921,2015,76,1,1,1
Mercedes,130,921,2015,76,1,1,2
Ferrari,6,921,2015,52,2,1,3
Ferrari,6,921,2015,52,2,1,4
Williams,3,921,2015,30,3,0,5
Williams,3,921,2015,30,3,0,6
Lotus F1,206,921,2015,0,8,0,7
Sauber,15,921,2015,14,4,0,8
Red Bull,9,921,2015,11,6,0,9
Sauber,15,921,2015,14,4,0,10
Force India,10,921,2015,7,7,0,11
McLaren,1,921,2015,0,9,0,12
Toro Rosso,5,921,2015,12,5,0,13
McLaren,1,921,2015,0,9,0,14
Manor Marussia,207,921,2015,0,10,0,15
Manor Marussia,207,921,2015,0,10,0,16
Toro Rosso,5,921,2015,12,5,0,17
Mercedes,130,919,2015,119,1,2,1
Ferrari,6,919,2015,79,2,1,2
Mercedes,130,919,2015,119,1,2,3
Williams,3,919,2015,48,3,0,4
Ferrari,6,919,2015,79,2,1,5
Red Bull,9,919,2015,13,5,0,6
Lotus F1,206,919,2015,6,8,0,7
Force India,10,919,2015,7,7,0,8
Red Bull,9,919,2015,13,5,0,9
Williams,3,919,2015,48,3,0,10
McLaren,1,919,2015,0,9,0,11
Sauber,15,919,2015,19,4,0,12
Force India,10,919,2015,7,7,0,13
Sauber,15,919,2015,19,4,0,14
Lotus F1,206,919,2015,6,8,0,15
Manor Marussia,207,919,2015,0,10,0,16
Manor Marussia,207,919,2015,0,10,0,17
Mercedes,130,920,2015,159,1,3,1
Mercedes,130,920,2015,159,1,3,2
Ferrari,6,920,2015,107,2,1,3
Williams,3,920,2015,61,3,0,4
Ferrari,6,920,2015,107,2,1,5
Williams,3,920,2015,61,3,0,6
Red Bull,9,920,2015,23,4,0,7
Lotus F1,206,920,2015,12,6,0,8
Toro Rosso,5,920,2015,12,7,0,9
Red Bull,9,920,2015,23,4,0,10
Toro Rosso,5,920,2015,12,7,0,11
Sauber,15,920,2015,19,5,0,12
Force India,10,920,2015,11,8,0,13
Sauber,15,920,2015,19,5,0,14
Force India,10,920,2015,11,8,0,15
McLaren,1,920,2015,0,9,0,16
Manor Marussia,207,920,2015,0,10,0,17
Manor Marussia,207,920,2015,0,10,0,18
Mercedes,130,917,2015,202,1,4,1
Ferrari,6,917,2015,132,2,1,2
Mercedes,130,917,2015,202,1,4,3
Red Bull,9,917,2015,30,4,0,4
Red Bull,9,917,2015,30,4,0,5
Ferrari,6,917,2015,132,2,1,6
Force India,10,917,2015,11,8,0,7
McLaren,1,917,2015,0,9,0,8
Sauber,15,917,2015,19,5,0,9
Toro Rosso,5,917,2015,14,7,0,10
Force India,10,917,2015,11,8,0,11
Lotus F1,206,917,2015,16,6,0,12
Sauber,15,917,2015,19,5,0,13
Williams,3,917,2015,81,3,0,14
Williams,3,917,2015,81,3,0,15
Manor Marussia,207,917,2015,0,10,0,16
Manor Marussia,207,917,2015,0,10,0,17
Mercedes,130,918,2015,242,1,5,1
Mercedes,130,918,2015,242,1,5,2
Williams,3,918,2015,81,3,0,3
Ferrari,6,918,2015,158,2,1,4
Ferrari,6,918,2015,158,2,1,5
Williams,3,918,2015,81,3,0,6
Lotus F1,206,918,2015,16,7,0,7
Force India,10,918,2015,17,6,0,8
Red Bull,9,918,2015,52,4,0,9
Lotus F1,206,918,2015,16,7,0,10
Force India,10,918,2015,17,6,0,11
Toro Rosso,5,918,2015,15,8,0,12
Red Bull,9,918,2015,52,4,0,13
Sauber,15,918,2015,21,5,0,14
Toro Rosso,5,918,2015,15,8,0,15
Sauber,15,918,2015,21,5,0,16
Manor Marussia,207,918,2015,0,10,0,17
Mercedes,130,924,2015,285,1,6,1
Mercedes,130,924,2015,285,1,6,2
Williams,3,924,2015,104,3,0,3
Ferrari,6,924,2015,180,2,1,4
Williams,3,924,2015,104,3,0,5
Force India,10,924,2015,21,7,0,6
Lotus F1,206,924,2015,23,5,0,7
Toro Rosso,5,924,2015,15,8,0,8
Force India,10,924,2015,21,7,0,9
Red Bull,9,924,2015,54,4,0,10
Sauber,15,924,2015,21,6,0,11
Red Bull,9,924,2015,54,4,0,12
Sauber,15,924,2015,21,6,0,13
Manor Marussia,207,924,2015,0,10,0,14
Mercedes,130,925,2015,328,1,7,1
Mercedes,130,925,2015,328,1,7,2
Ferrari,6,925,2015,192,2,1,3
Williams,3,925,2015,129,3,0,4
Williams,3,925,2015,129,3,0,5
Red Bull,9,925,2015,55,4,0,6
Force India,10,925,2015,31,5,0,7
Ferrari,6,925,2015,192,2,1,8
Force India,10,925,2015,31,5,0,9
McLaren,1,925,2015,4,9,0,10
Sauber,15,925,2015,21,7,0,11
Manor Marussia,207,925,2015,0,10,0,12
Manor Marussia,207,925,2015,0,10,0,13
Ferrari,6,926,2015,211,2,1,1
Red Bull,9,926,2015,63,4,0,2
Red Bull,9,926,2015,63,4,0,3
Toro Rosso,5,926,2015,19,8,0,4
McLaren,1,926,2015,5,9,0,5
Mercedes,130,926,2015,371,1,8,6
Lotus F1,206,926,2015,29,6,0,7
Mercedes,130,926,2015,371,1,8,8
McLaren,1,926,2015,5,9,0,9
Sauber,15,926,2015,21,7,0,10
Sauber,15,926,2015,21,7,0,11
Williams,3,926,2015,151,3,0,12
Williams,3,926,2015,151,3,0,13
Lotus F1,206,926,2015,29,6,0,14
Manor Marussia,207,926,2015,0,10,0,15
Manor Marussia,207,926,2015,0,10,0,16
Mercedes,130,927,2015,383,1,8,1
Mercedes,130,927,2015,383,1,8,2
Lotus F1,206,927,2015,35,6,0,3
Red Bull,9,927,2015,96,4,0,4
Force India,10,927,2015,39,5,0,5
Williams,3,927,2015,151,3,0,6
Ferrari,6,927,2015,236,2,2,7
Toro Rosso,5,927,2015,31,7,0,8
Williams,3,927,2015,151,3,0,9
Sauber,15,927,2015,22,8,0,10
Sauber,15,927,2015,22,8,0,11
Ferrari,6,927,2015,236,2,2,12
McLaren,1,927,2015,17,9,0,13
McLaren,1,927,2015,17,9,0,14
Manor Marussia,207,927,2015,0,10,0,15
Manor Marussia,207,927,2015,0,10,0,16
Mercedes,130,928,2015,426,1,9,1
Ferrari,6,928,2015,242,2,2,2
Williams,3,928,2015,161,3,0,3
Williams,3,928,2015,161,3,0,4
Ferrari,6,928,2015,242,2,2,5
Force India,10,928,2015,49,6,0,6
Force India,10,928,2015,49,6,0,7
Red Bull,9,928,2015,108,4,0,8
Sauber,15,928,2015,23,8,0,9
Red Bull,9,928,2015,108,4,0,10
Toro Rosso,5,928,2015,35,7,0,11
Toro Rosso,5,928,2015,35,7,0,12
Sauber,15,928,2015,23,8,0,13
McLaren,1,928,2015,17,9,0,14
Manor Marussia,207,928,2015,0,10,0,15
Manor Marussia,207,928,2015,0,10,0,16
Mercedes,130,928,2015,426,1,9,17
McLaren,1,928,2015,17,9,0,18
Ferrari,6,929,2015,270,2,2,1
Red Bull,9,929,2015,113,4,0,2
Ferrari,6,929,2015,270,2,2,3
Mercedes,130,929,2015,451,1,10,4
Williams,3,929,2015,188,3,0,5
Red Bull,9,929,2015,113,4,0,6
Force India,10,929,2015,63,5,0,7
Toro Rosso,5,929,2015,35,7,0,8
Toro Rosso,5,929,2015,35,7,0,9
Sauber,15,929,2015,25,8,0,10
Sauber,15,929,2015,25,8,0,11
Lotus F1,206,929,2015,50,6,0,12
Lotus F1,206,929,2015,50,6,0,13
Manor Marussia,207,929,2015,0,10,0,14
Manor Marussia,207,929,2015,0,10,0,15
Mercedes,130,930,2015,463,1,10,1
Mercedes,130,930,2015,463,1,10,2
Ferrari,6,930,2015,310,2,3,3
Ferrari,6,930,2015,310,2,3,4
Williams,3,930,2015,198,3,0,5
Force India,10,930,2015,69,5,0,6
Lotus F1,206,930,2015,50,6,0,7
Lotus F1,206,930,2015,50,6,0,8
Toro Rosso,5,930,2015,41,7,0,9
Toro Rosso,5,930,2015,41,7,0,10
McLaren,1,930,2015,17,9,0,11
Force India,10,930,2015,69,5,0,12
Red Bull,9,930,2015,139,4,0,13
Sauber,15,930,2015,26,8,0,14
Red Bull,9,930,2015,139,4,0,15
McLaren,1,930,2015,17,9,0,16
Williams,3,930,2015,198,3,0,17
Manor Marussia,207,930,2015,0,10,0,18
Manor Marussia,207,930,2015,0,10,0,19
Mercedes,130,931,2015,506,1,11,1
Ferrari,6,931,2015,337,2,3,2
Force India,10,931,2015,77,5,0,3
Williams,3,931,2015,208,3,0,4
Ferrari,6,931,2015,337,2,3,8
Sauber,15,931,2015,26,8,0,6
Lotus F1,206,931,2015,60,6,0,7
McLaren,1,931,2015,17,9,0,9
Toro Rosso,5,931,2015,44,7,0,10
McLaren,1,931,2015,17,9,0,11
Williams,3,931,2015,208,3,0,12
Manor Marussia,207,931,2015,0,10,0,13
Manor Marussia,207,931,2015,0,10,0,14
Red Bull,9,931,2015,139,4,0,15
Mercedes,130,932,2015,531,1,12,1
Red Bull,9,931,2015,139,4,0,5
Mercedes,130,932,2015,531,1,12,2
Ferrari,6,932,2015,359,2,3,3
Toro Rosso,5,932,2015,45,7,0,4
Force India,10,932,2015,92,5,0,5
McLaren,1,932,2015,19,9,0,6
Toro Rosso,5,932,2015,45,7,0,7
Lotus F1,206,932,2015,66,6,0,8
Sauber,15,932,2015,34,8,0,9
Red Bull,9,932,2015,149,4,0,10
McLaren,1,932,2015,19,9,0,11
Manor Marussia,207,932,2015,0,10,0,12
Mercedes,130,933,2015,574,1,13,1
Mercedes,130,933,2015,574,1,13,2
Williams,3,933,2015,220,3,0,3
Red Bull,9,933,2015,150,4,0,4
Red Bull,9,933,2015,150,4,0,5
Williams,3,933,2015,220,3,0,6
Force India,10,933,2015,102,5,0,7
Force India,10,933,2015,102,5,0,8
Toro Rosso,5,933,2015,63,7,0,9
Lotus F1,206,933,2015,70,6,0,10
Lotus F1,206,933,2015,70,6,0,11
Sauber,15,933,2015,36,8,0,12
Toro Rosso,5,933,2015,63,7,0,13
McLaren,1,933,2015,27,9,0,14
Manor Marussia,207,933,2015,0,10,0,15
Manor Marussia,207,933,2015,0,10,0,16
Mercedes,130,934,2015,617,1,14,1
Mercedes,130,934,2015,617,1,14,2
Ferrari,6,934,2015,374,2,3,3
Ferrari,6,934,2015,374,2,3,4
Williams,3,934,2015,243,3,0,5
Force India,10,934,2015,112,5,0,6
Red Bull,9,934,2015,172,4,0,7
Lotus F1,206,934,2015,71,6,0,8
Toro Rosso,5,934,2015,65,7,0,9
Lotus F1,206,934,2015,71,6,0,10
Red Bull,9,934,2015,172,4,0,11
Force India,10,934,2015,112,5,0,12
Sauber,15,934,2015,36,8,0,13
McLaren,1,934,2015,27,9,0,14
McLaren,1,934,2015,27,9,0,15
Sauber,15,934,2015,36,8,0,16
Manor Marussia,207,934,2015,0,10,0,17
Manor Marussia,207,934,2015,0,10,0,18
Mercedes,130,935,2015,660,1,15,1
Mercedes,130,935,2015,660,1,15,2
Ferrari,6,935,2015,401,2,3,3
Ferrari,6,935,2015,401,2,3,4
Force India,10,935,2015,120,5,0,5
Red Bull,9,935,2015,178,4,0,6
Force India,10,935,2015,120,5,0,7
Williams,3,935,2015,253,3,0,8
Lotus F1,206,935,2015,76,6,0,9
Red Bull,9,935,2015,178,4,0,10
Toro Rosso,5,935,2015,67,7,0,11
McLaren,1,935,2015,27,9,0,12
Williams,3,935,2015,253,3,0,13
Sauber,15,935,2015,36,8,0,14
Sauber,15,935,2015,36,8,0,15
Toro Rosso,5,935,2015,67,7,0,16
McLaren,1,935,2015,27,9,0,17
Manor Marussia,207,935,2015,0,10,0,18
Manor Marussia,207,935,2015,0,10,0,19
Mercedes,130,937,2016,43,1,1,1
Ferrari,6,937,2016,15,2,0,2
Mercedes,130,937,2016,43,1,1,3
Red Bull,9,937,2016,12,4,0,4
Haas F1 Team,208,937,2016,8,5,0,5
Toro Rosso,5,937,2016,3,7,0,6
Red Bull,9,937,2016,12,4,0,7
Williams,3,937,2016,14,3,0,8
Williams,3,937,2016,14,3,0,9
McLaren,1,937,2016,0,9,0,10
Renault,4,937,2016,0,8,0,11
Sauber,15,937,2016,0,10,0,12
Manor Marussia,207,937,2016,0,11,0,13
Sauber,15,937,2016,0,10,0,14
Force India,10,937,2016,6,6,0,15
Force India,10,937,2016,6,6,0,16
Manor Marussia,207,937,2016,0,11,0,17
Mercedes,130,938,2016,83,1,2,1
Ferrari,6,938,2016,33,2,0,2
Red Bull,9,938,2016,30,3,0,3
Red Bull,9,938,2016,30,3,0,4
Ferrari,6,938,2016,33,2,0,5
Williams,3,938,2016,20,4,0,6
Mercedes,130,938,2016,83,1,2,7
Toro Rosso,5,938,2016,11,6,0,8
Toro Rosso,5,938,2016,11,6,0,9
Williams,3,938,2016,20,4,0,10
Force India,10,938,2016,6,7,0,11
McLaren,1,938,2016,1,8,0,12
McLaren,1,938,2016,1,8,0,13
Haas F1 Team,208,938,2016,18,5,0,14
Force India,10,938,2016,6,7,0,15
Sauber,15,938,2016,0,10,0,16
Renault,4,938,2016,0,9,0,17
Manor Marussia,207,938,2016,0,11,0,18
Haas F1 Team,208,938,2016,18,5,0,19
Sauber,15,938,2016,0,10,0,20
Manor Marussia,207,938,2016,0,11,0,21
Renault,4,938,2016,0,9,0,22
Mercedes,130,939,2016,114,1,3,1
Mercedes,130,939,2016,114,1,3,2
Ferrari,6,939,2016,61,2,0,3
Williams,3,939,2016,29,4,0,4
Williams,3,939,2016,29,4,0,5
McLaren,1,939,2016,1,8,0,6
Renault,4,939,2016,0,9,0,7
Haas F1 Team,208,939,2016,18,5,0,8
Force India,10,939,2016,6,7,0,9
McLaren,1,939,2016,1,8,0,10
Red Bull,9,939,2016,57,3,0,11
Toro Rosso,5,939,2016,17,6,0,12
Renault,4,939,2016,0,9,0,13
Sauber,15,939,2016,0,10,0,14
Red Bull,9,939,2016,57,3,0,15
Sauber,15,939,2016,0,10,0,16
Haas F1 Team,208,939,2016,18,5,0,17
Manor Marussia,207,939,2016,0,11,0,18
Red Bull,9,940,2016,57,3,0,1
Ferrari,6,940,2016,76,2,0,2
Ferrari,6,940,2016,76,2,0,3
Red Bull,9,940,2016,57,3,0,4
Williams,3,940,2016,51,4,0,5
Toro Rosso,5,940,2016,17,6,0,6
Force India,10,940,2016,8,8,0,7
Williams,3,940,2016,51,4,0,8
McLaren,1,940,2016,10,7,0,9
Toro Rosso,5,940,2016,17,6,0,10
Haas F1 Team,208,940,2016,22,5,0,11
Sauber,15,940,2016,0,10,0,12
Renault,4,940,2016,6,9,0,13
Renault,4,940,2016,6,9,0,14
Sauber,15,940,2016,0,10,0,15
Manor Marussia,207,940,2016,0,11,0,16
Manor Marussia,207,940,2016,0,11,0,17
Mercedes,130,941,2016,157,1,4,1
Red Bull,9,941,2016,94,3,1,2
Force India,10,941,2016,14,7,0,3
Ferrari,6,941,2016,109,2,0,4
McLaren,1,941,2016,12,8,0,5
Force India,10,941,2016,14,7,0,6
Mercedes,130,941,2016,157,1,4,7
Toro Rosso,5,941,2016,26,5,0,8
McLaren,1,941,2016,12,8,0,9
Williams,3,941,2016,65,4,0,10
Haas F1 Team,208,941,2016,22,6,0,11
Williams,3,941,2016,65,4,0,12
Haas F1 Team,208,941,2016,22,6,0,13
Manor Marussia,207,941,2016,0,11,0,14
Manor Marussia,207,941,2016,0,11,0,15
Mercedes,130,942,2016,188,1,5,1
Ferrari,6,942,2016,121,2,0,2
Williams,3,942,2016,66,4,0,3
Red Bull,9,942,2016,112,3,1,4
Mercedes,130,942,2016,188,1,5,5
Ferrari,6,942,2016,121,2,0,6
Red Bull,9,942,2016,112,3,1,7
Force India,10,942,2016,37,5,0,8
Toro Rosso,5,942,2016,30,6,0,9
Force India,10,942,2016,37,5,0,10
McLaren,1,942,2016,24,7,0,11
Toro Rosso,5,942,2016,30,6,0,12
Haas F1 Team,208,942,2016,22,8,0,13
Haas F1 Team,208,942,2016,22,8,0,14
Sauber,15,942,2016,0,10,0,15
Renault,4,942,2016,6,9,0,16
Manor Marussia,207,942,2016,0,11,0,17
Sauber,15,942,2016,0,10,0,18
Manor Marussia,207,942,2016,0,11,0,19
Mercedes,130,943,2016,223,1,6,1
Ferrari,6,943,2016,147,2,0,2
Force India,10,943,2016,42,5,0,3
Ferrari,6,943,2016,147,2,0,4
Mercedes,130,943,2016,223,1,6,5
Williams,3,943,2016,81,4,0,6
Red Bull,9,943,2016,130,3,1,7
Red Bull,9,943,2016,130,3,1,8
Force India,10,943,2016,42,5,0,9
Williams,3,943,2016,81,4,0,10
McLaren,1,943,2016,24,7,0,11
Sauber,15,943,2016,0,10,0,12
Haas F1 Team,208,943,2016,22,8,0,13
Renault,4,943,2016,6,9,0,14
Renault,4,943,2016,6,9,0,15
Haas F1 Team,208,943,2016,22,8,0,16
Sauber,15,943,2016,0,10,0,17
Manor Marussia,207,943,2016,0,11,0,18
Mercedes,130,944,2016,258,1,7,1
Red Bull,9,944,2016,140,3,1,2
Ferrari,6,944,2016,177,2,0,3
Mercedes,130,944,2016,258,1,7,4
Red Bull,9,944,2016,140,3,1,5
McLaren,1,944,2016,24,7,0,6
Haas F1 Team,208,944,2016,22,8,0,7
Toro Rosso,5,944,2016,32,6,0,8
Williams,3,944,2016,90,4,0,9
Manor Marussia,207,944,2016,0,11,0,10
Haas F1 Team,208,944,2016,22,8,0,11
Renault,4,944,2016,6,9,0,12
Sauber,15,944,2016,0,10,0,13
Renault,4,944,2016,6,9,0,14
Sauber,15,944,2016,0,10,0,15
Manor Marussia,207,944,2016,0,11,0,16
Force India,10,944,2016,59,5,0,17
McLaren,1,944,2016,24,7,0,18
Force India,10,944,2016,59,5,0,19
Williams,3,944,2016,90,4,0,20
Mercedes,130,945,2016,295,1,8,1
Red Bull,9,945,2016,168,3,1,2
Mercedes,130,945,2016,295,1,8,3
Red Bull,9,945,2016,168,3,1,4
Ferrari,6,945,2016,192,2,0,5
Force India,10,945,2016,59,5,0,6
Force India,10,945,2016,59,5,0,7
Toro Rosso,5,945,2016,36,6,0,8
Ferrari,6,945,2016,192,2,0,9
Toro Rosso,5,945,2016,36,6,0,10
Williams,3,945,2016,92,4,0,11
McLaren,1,945,2016,32,7,0,12
McLaren,1,945,2016,32,7,0,13
Williams,3,945,2016,92,4,0,14
Sauber,15,945,2016,0,11,0,15
Haas F1 Team,208,945,2016,28,8,0,16
Renault,4,945,2016,6,9,0,17
Mercedes,130,946,2016,335,1,9,1
Mercedes,130,946,2016,335,1,9,2
Red Bull,9,946,2016,198,3,1,3
Ferrari,6,946,2016,204,2,0,4
Red Bull,9,946,2016,198,3,1,5
Ferrari,6,946,2016,204,2,0,6
McLaren,1,946,2016,32,7,0,7
Toro Rosso,5,946,2016,41,6,0,8
Williams,3,946,2016,92,4,0,9
Force India,10,946,2016,73,5,0,10
Force India,10,946,2016,73,5,0,11
Renault,4,946,2016,6,9,0,12
Haas F1 Team,208,946,2016,28,8,0,13
Haas F1 Team,208,946,2016,28,8,0,14
Renault,4,946,2016,6,9,0,15
Toro Rosso,5,946,2016,41,6,0,16
Sauber,15,946,2016,0,11,0,17
Williams,3,946,2016,92,4,0,18
Manor Marussia,207,946,2016,1,10,0,19
Sauber,15,946,2016,0,11,0,20
Manor Marussia,207,946,2016,1,10,0,21
Mercedes,130,947,2016,378,1,10,1
Red Bull,9,947,2016,223,3,1,2
Red Bull,9,947,2016,223,3,1,3
Mercedes,130,947,2016,378,1,10,4
Ferrari,6,947,2016,224,2,0,5
Ferrari,6,947,2016,224,2,0,6
Force India,10,947,2016,74,5,0,7
McLaren,1,947,2016,38,7,0,8
Williams,3,947,2016,94,4,0,9
Force India,10,947,2016,74,5,0,10
Haas F1 Team,208,947,2016,28,8,0,11
McLaren,1,947,2016,38,7,0,12
Haas F1 Team,208,947,2016,28,8,0,13
Toro Rosso,5,947,2016,45,6,0,14
Toro Rosso,5,947,2016,45,6,0,15
Renault,4,947,2016,6,9,0,16
Manor Marussia,207,947,2016,1,10,0,17
Sauber,15,947,2016,0,11,0,18
Renault,4,947,2016,6,9,0,19
Manor Marussia,207,947,2016,1,10,0,20
Mercedes,130,948,2016,415,1,11,1
Red Bull,9,948,2016,256,2,1,2
Mercedes,130,948,2016,415,1,11,3
Force India,10,948,2016,81,5,0,4
Force India,10,948,2016,81,5,0,5
Ferrari,6,948,2016,242,3,0,6
McLaren,1,948,2016,42,7,0,7
Williams,3,948,2016,96,4,0,8
Ferrari,6,948,2016,242,3,0,9
Williams,3,948,2016,96,4,0,10
Red Bull,9,948,2016,256,2,1,11
Haas F1 Team,208,948,2016,28,8,0,12
Haas F1 Team,208,948,2016,28,8,0,13
Toro Rosso,5,948,2016,45,6,0,14
Renault,4,948,2016,6,9,0,15
Manor Marussia,207,948,2016,1,10,0,16
Sauber,15,948,2016,0,11,0,17
Mercedes,130,949,2016,455,1,12,1
Mercedes,130,949,2016,455,1,12,2
Ferrari,6,949,2016,252,3,0,3
Ferrari,6,949,2016,252,3,0,4
Red Bull,9,949,2016,274,2,1,5
Williams,3,949,2016,101,5,0,6
Red Bull,9,949,2016,274,2,1,7
Force India,10,949,2016,103,4,0,8
Williams,3,949,2016,101,5,0,9
Force India,10,949,2016,103,4,0,10
Haas F1 Team,208,949,2016,28,8,0,11
McLaren,1,949,2016,48,6,0,12
Haas F1 Team,208,949,2016,28,8,0,13
McLaren,1,949,2016,48,6,0,14
Toro Rosso,5,949,2016,45,7,0,15
Sauber,15,949,2016,0,11,0,16
Renault,4,949,2016,6,9,0,17
Manor Marussia,207,949,2016,1,10,0,18
Mercedes,130,950,2016,498,1,13,1
Red Bull,9,950,2016,290,2,1,2
Mercedes,130,950,2016,498,1,13,3
Ferrari,6,950,2016,279,3,0,4
Ferrari,6,950,2016,279,3,0,5
Red Bull,9,950,2016,290,2,1,6
McLaren,1,950,2016,48,6,0,7
Force India,10,950,2016,108,5,0,8
Toro Rosso,5,950,2016,45,7,0,9
Renault,4,950,2016,6,9,0,10
Haas F1 Team,208,950,2016,28,8,0,11
Williams,3,950,2016,111,4,0,12
Sauber,15,950,2016,0,11,0,13
Toro Rosso,5,950,2016,45,7,0,14
Renault,4,950,2016,6,9,0,15
Manor Marussia,207,950,2016,1,10,0,16
Sauber,15,950,2016,0,11,0,17
Manor Marussia,207,950,2016,1,10,0,18
Red Bull,9,951,2016,316,2,1,1
Red Bull,9,951,2016,316,2,1,2
Mercedes,130,951,2016,538,1,14,3
Ferrari,6,951,2016,301,3,0,4
Williams,3,951,2016,111,5,0,5
Force India,10,951,2016,112,4,0,6
McLaren,1,951,2016,54,6,0,7
Force India,10,951,2016,112,4,0,8
McLaren,1,951,2016,54,6,0,9
Renault,4,951,2016,7,9,0,10
Toro Rosso,5,951,2016,47,7,0,11
Sauber,15,951,2016,0,11,0,12
Williams,3,951,2016,111,5,0,13
Toro Rosso,5,951,2016,47,7,0,14
Manor Marussia,207,951,2016,1,10,0,15
Manor Marussia,207,951,2016,1,10,0,16
Mercedes,130,952,2016,553,1,14,1
Red Bull,9,952,2016,359,2,2,2
Mercedes,130,952,2016,553,1,14,3
Ferrari,6,952,2016,313,3,0,4
Ferrari,6,952,2016,313,3,0,5
Red Bull,9,952,2016,359,2,2,6
Force India,10,952,2016,124,4,0,7
Force India,10,952,2016,124,4,0,8
Williams,3,952,2016,121,5,0,9
Williams,3,952,2016,121,5,0,10
Haas F1 Team,208,952,2016,28,8,0,11
Renault,4,952,2016,8,9,0,12
Toro Rosso,5,952,2016,47,7,0,13
Renault,4,952,2016,8,9,0,14
Sauber,15,952,2016,0,11,0,15
McLaren,1,952,2016,62,6,0,16
Toro Rosso,5,952,2016,47,7,0,17
McLaren,1,952,2016,62,6,0,18
Sauber,15,952,2016,0,11,0,19
Haas F1 Team,208,952,2016,28,8,0,20
Manor Marussia,207,952,2016,1,10,0,21
Manor Marussia,207,952,2016,1,10,0,22
Mercedes,130,953,2016,593,1,15,1
Mercedes,130,953,2016,593,1,15,2
Red Bull,9,953,2016,385,2,2,3
Ferrari,6,953,2016,335,3,0,4
McLaren,1,953,2016,62,6,0,5
Toro Rosso,5,953,2016,47,7,0,6
Williams,3,953,2016,124,5,0,7
Force India,10,953,2016,134,4,0,8
McLaren,1,953,2016,62,6,0,9
Haas F1 Team,208,953,2016,28,8,0,10
Toro Rosso,5,953,2016,47,7,0,11
Renault,4,953,2016,8,9,0,12
Renault,4,953,2016,8,9,0,13
Sauber,15,953,2016,0,11,0,14
Sauber,15,953,2016,0,11,0,15
Williams,3,953,2016,124,5,0,16
Manor Marussia,207,953,2016,1,10,0,17
Manor Marussia,207,953,2016,1,10,0,18
Mercedes,130,954,2016,636,1,16,1
Mercedes,130,954,2016,636,1,16,2
Red Bull,9,954,2016,400,2,2,3
Red Bull,9,954,2016,400,2,2,4
Ferrari,6,954,2016,347,3,0,5
Ferrari,6,954,2016,347,3,0,6
Force India,10,954,2016,138,4,0,7
Williams,3,954,2016,130,5,0,8
Williams,3,954,2016,130,5,0,9
Force India,10,954,2016,138,4,0,10
Sauber,15,954,2016,0,11,0,11
McLaren,1,954,2016,74,6,0,12
McLaren,1,954,2016,74,6,0,13
Renault,4,954,2016,8,9,0,14
Sauber,15,954,2016,0,11,0,15
Toro Rosso,5,954,2016,55,7,0,16
Renault,4,954,2016,8,9,0,17
Toro Rosso,5,954,2016,55,7,0,18
Haas F1 Team,208,954,2016,29,8,0,19
Haas F1 Team,208,954,2016,29,8,0,20
Manor Marussia,207,954,2016,1,10,0,21
Mercedes,130,955,2016,679,1,17,1
Mercedes,130,955,2016,679,1,17,2
Red Bull,9,955,2016,427,2,2,3
Force India,10,955,2016,145,4,0,4
Ferrari,6,955,2016,365,3,0,5
Toro Rosso,5,955,2016,55,7,0,6
Force India,10,955,2016,145,4,0,7
Red Bull,9,955,2016,427,2,2,8
Sauber,15,955,2016,0,11,0,9
McLaren,1,955,2016,74,6,0,10
Williams,3,955,2016,136,5,0,11
Manor Marussia,207,955,2016,1,10,0,12
Toro Rosso,5,955,2016,55,7,0,13
Renault,4,955,2016,8,9,0,14
Manor Marussia,207,955,2016,1,10,0,15
McLaren,1,955,2016,74,6,0,16
Mercedes,130,956,2016,722,1,18,1
Mercedes,130,956,2016,722,1,18,2
Ferrari,6,956,2016,375,3,0,3
Red Bull,9,956,2016,446,2,2,4
Red Bull,9,956,2016,446,2,2,5
Ferrari,6,956,2016,375,3,0,6
Force India,10,956,2016,163,4,0,7
Force India,10,956,2016,163,4,0,8
Williams,3,956,2016,136,5,0,9
McLaren,1,956,2016,75,6,0,10
Haas F1 Team,208,956,2016,29,8,0,11
Haas F1 Team,208,956,2016,29,8,0,12
Manor Marussia,207,956,2016,1,11,0,13
Manor Marussia,207,956,2016,1,11,0,14
Sauber,15,956,2016,2,10,0,15
Sauber,15,956,2016,2,10,0,16
Renault,4,956,2016,8,9,0,17
Mercedes,130,958,2017,33,2,0,1
Ferrari,6,958,2017,37,1,1,2
Red Bull,9,958,2017,10,3,0,3
Red Bull,9,958,2017,10,3,0,4
Ferrari,6,958,2017,37,1,1,5
Mercedes,130,958,2017,33,2,0,6
Toro Rosso,5,958,2017,6,6,0,7
Haas F1 Team,208,958,2017,0,10,0,8
Force India,10,958,2017,7,5,0,9
Force India,10,958,2017,7,5,0,10
Haas F1 Team,208,958,2017,0,10,0,11
Renault,4,958,2017,0,7,0,12
Renault,4,958,2017,0,7,0,13
Williams,3,958,2017,8,4,0,14
Sauber,15,958,2017,0,8,0,15
Ferrari,6,959,2017,65,2,1,1
Mercedes,130,959,2017,66,1,1,2
Mercedes,130,959,2017,66,1,1,3
Ferrari,6,959,2017,65,2,1,4
Red Bull,9,959,2017,37,3,0,5
Williams,3,959,2017,8,6,0,6
Force India,10,959,2017,10,5,0,7
Haas F1 Team,208,959,2017,4,7,0,8
Renault,4,959,2017,0,8,0,9
Force India,10,959,2017,10,5,0,10
Sauber,15,959,2017,0,9,0,11
Toro Rosso,5,959,2017,12,4,0,12
Renault,4,959,2017,0,8,0,13
McLaren,1,959,2017,0,10,0,14
Mercedes,130,960,2017,99,2,1,1
Ferrari,6,960,2017,102,1,2,2
Ferrari,6,960,2017,102,1,2,3
Mercedes,130,960,2017,99,2,1,4
Red Bull,9,960,2017,47,3,0,5
Force India,10,960,2017,17,4,0,6
Force India,10,960,2017,17,4,0,7
Renault,4,960,2017,2,8,0,8
Williams,3,960,2017,16,5,0,9
Toro Rosso,5,960,2017,12,6,0,10
Williams,3,960,2017,16,5,0,11
Toro Rosso,5,960,2017,12,6,0,12
Haas F1 Team,208,960,2017,8,7,0,13
McLaren,1,960,2017,0,10,0,14
Sauber,15,960,2017,0,9,0,15
Sauber,15,960,2017,0,9,0,16
Mercedes,130,961,2017,136,1,2,1
Ferrari,6,961,2017,135,2,2,2
Red Bull,9,961,2017,57,3,0,3
Force India,10,961,2017,31,4,0,4
Force India,10,961,2017,31,4,0,5
Renault,4,961,2017,6,8,0,6
Toro Rosso,5,961,2017,13,6,0,7
Sauber,15,961,2017,0,9,0,8
Toro Rosso,5,961,2017,13,6,0,9
Haas F1 Team,208,961,2017,8,7,0,10
Sauber,15,961,2017,0,9,0,11
McLaren,1,961,2017,0,10,0,12
Williams,3,961,2017,18,5,0,13
Haas F1 Team,208,961,2017,8,7,0,14
Renault,4,961,2017,6,8,0,15
Williams,3,961,2017,18,5,0,16
Ferrari,6,962,2017,153,2,2,1
Ferrari,6,962,2017,153,2,2,2
Red Bull,9,962,2017,72,3,0,3
Mercedes,130,962,2017,161,1,3,4
Red Bull,9,962,2017,72,3,0,5
Toro Rosso,5,962,2017,21,5,0,6
Mercedes,130,962,2017,161,1,3,7
Haas F1 Team,208,962,2017,9,8,0,8
Williams,3,962,2017,18,6,0,9
Haas F1 Team,208,962,2017,9,8,0,10
Renault,4,962,2017,14,7,0,11
Force India,10,962,2017,53,4,0,12
Force India,10,962,2017,53,4,0,13
Toro Rosso,5,962,2017,21,5,0,14
Williams,3,962,2017,18,6,0,15
Mercedes,130,963,2017,179,2,3,1
Mercedes,130,963,2017,179,2,3,2
Red Bull,9,963,2017,97,3,0,3
Ferrari,6,963,2017,196,1,3,4
Force India,10,963,2017,53,4,0,5
Force India,10,963,2017,53,4,0,6
Ferrari,6,963,2017,196,1,3,7
Renault,4,963,2017,14,7,0,8
Williams,3,963,2017,20,6,0,9
Haas F1 Team,208,963,2017,14,8,0,10
Renault,4,963,2017,14,7,0,11
Haas F1 Team,208,963,2017,14,8,0,12
Sauber,15,963,2017,4,9,0,13
McLaren,1,963,2017,0,10,0,14
Sauber,15,963,2017,4,9,0,15
McLaren,1,963,2017,0,10,0,16
Red Bull,9,964,2017,112,3,0,1
Mercedes,130,964,2017,222,1,4,2
Williams,3,964,2017,22,6,0,3
Ferrari,6,964,2017,214,2,3,4
Mercedes,130,964,2017,222,1,4,5
Force India,10,964,2017,71,4,0,6
Haas F1 Team,208,964,2017,15,8,0,7
Toro Rosso,5,964,2017,29,5,0,8
McLaren,1,964,2017,0,10,0,9
Sauber,15,964,2017,4,9,0,10
Sauber,15,964,2017,4,9,0,11
McLaren,1,964,2017,0,10,0,12
Haas F1 Team,208,964,2017,15,8,0,13
Ferrari,6,964,2017,214,2,3,14
Mercedes,130,965,2017,250,1,4,1
Ferrari,6,965,2017,226,2,3,2
Red Bull,9,965,2017,137,3,1,3
Mercedes,130,965,2017,250,1,4,4
Ferrari,6,965,2017,226,2,3,5
Haas F1 Team,208,965,2017,21,7,0,6
Force India,10,965,2017,79,4,0,7
Force India,10,965,2017,79,4,0,8
Williams,3,965,2017,37,5,0,9
Williams,3,965,2017,37,5,0,10
Renault,4,965,2017,18,8,0,11
McLaren,1,965,2017,2,10,0,12
Renault,4,965,2017,18,8,0,13
Sauber,15,965,2017,5,9,0,14
Sauber,15,965,2017,5,9,0,15
Toro Rosso,5,965,2017,33,6,0,16
Mercedes,130,966,2017,287,1,5,1
Mercedes,130,966,2017,287,1,5,2
Ferrari,6,966,2017,254,2,3,3
Red Bull,9,966,2017,152,3,1,4
Red Bull,9,966,2017,152,3,1,5
Renault,4,966,2017,18,8,0,6
Ferrari,6,966,2017,254,2,3,7
Force India,10,966,2017,89,4,0,8
Force India,10,966,2017,89,4,0,9
Williams,3,966,2017,40,5,0,10
McLaren,1,966,2017,2,10,0,11
Haas F1 Team,208,966,2017,29,7,0,12
Haas F1 Team,208,966,2017,29,7,0,13
Sauber,15,966,2017,5,9,0,14
Toro Rosso,5,966,2017,33,6,0,15
Williams,3,966,2017,40,5,0,16
Sauber,15,966,2017,5,9,0,17
Ferrari,6,967,2017,275,2,3,1
Ferrari,6,967,2017,275,2,3,2
Mercedes,130,967,2017,330,1,6,3
Mercedes,130,967,2017,330,1,6,4
Red Bull,9,967,2017,174,3,1,5
McLaren,1,967,2017,2,10,0,6
Toro Rosso,5,967,2017,33,6,0,7
Force India,10,967,2017,95,4,0,8
Force India,10,967,2017,95,4,0,9
McLaren,1,967,2017,2,10,0,10
Toro Rosso,5,967,2017,33,6,0,11
Renault,4,967,2017,26,8,0,12
Haas F1 Team,208,967,2017,29,7,0,13
Williams,3,967,2017,41,5,0,14
Sauber,15,967,2017,5,9,0,15
Sauber,15,967,2017,5,9,0,16
Renault,4,967,2017,26,8,0,17
Mercedes,130,968,2017,357,1,6,1
Ferrari,6,968,2017,318,2,4,2
Red Bull,9,968,2017,184,3,1,3
Ferrari,6,968,2017,318,2,4,4
Mercedes,130,968,2017,357,1,6,5
Renault,4,968,2017,26,8,0,6
Haas F1 Team,208,968,2017,29,7,0,7
Williams,3,968,2017,41,5,0,8
Force India,10,968,2017,101,4,0,9
Toro Rosso,5,968,2017,39,6,0,10
Williams,3,968,2017,41,5,0,11
Toro Rosso,5,968,2017,39,6,0,12
Renault,4,968,2017,26,8,0,13
McLaren,1,968,2017,11,9,0,14
Haas F1 Team,208,968,2017,29,7,0,15
Sauber,15,968,2017,5,10,0,16
Force India,10,968,2017,101,4,0,17
Mercedes,130,969,2017,392,1,7,1
Mercedes,130,969,2017,392,1,7,2
Ferrari,6,969,2017,348,2,4,3
Red Bull,9,969,2017,199,3,1,4
Ferrari,6,969,2017,348,2,4,5
Force India,10,969,2017,103,4,0,6
Williams,3,969,2017,45,5,0,7
Williams,3,969,2017,45,5,0,8
Force India,10,969,2017,103,4,0,9
Red Bull,9,969,2017,199,3,1,10
Haas F1 Team,208,969,2017,35,7,0,11
Toro Rosso,5,969,2017,40,6,0,12
Renault,4,969,2017,34,8,0,13
Toro Rosso,5,969,2017,40,6,0,14
Haas F1 Team,208,969,2017,35,7,0,15
Sauber,15,969,2017,5,10,0,16
McLaren,1,969,2017,11,9,0,17
Sauber,15,969,2017,5,10,0,18
Mercedes,130,970,2017,435,1,8,1
Red Bull,9,970,2017,212,3,1,2
Mercedes,130,970,2017,435,1,8,3
Toro Rosso,5,970,2017,40,6,0,4
Force India,10,970,2017,113,4,0,5
Renault,4,970,2017,34,8,0,6
McLaren,1,970,2017,11,9,0,7
Williams,3,970,2017,55,5,0,8
Haas F1 Team,208,970,2017,35,7,0,9
Force India,10,970,2017,113,4,0,10
Williams,3,970,2017,55,5,0,11
Sauber,15,970,2017,5,10,0,12
Red Bull,9,971,2017,230,3,1,1
Mercedes,130,971,2017,475,1,9,2
Red Bull,9,971,2017,230,3,1,3
Ferrari,6,971,2017,373,2,4,4
Mercedes,130,971,2017,475,1,9,5
Force India,10,971,2017,124,4,0,6
McLaren,1,971,2017,17,9,0,7
Williams,3,971,2017,59,5,0,8
Williams,3,971,2017,59,5,0,9
Force India,10,971,2017,124,4,0,10
McLaren,1,971,2017,17,9,0,11
Haas F1 Team,208,971,2017,37,8,0,12
Haas F1 Team,208,971,2017,37,8,0,13
Toro Rosso,5,971,2017,52,6,0,14
Renault,4,971,2017,42,7,0,15
Renault,4,971,2017,42,7,0,16
Sauber,15,971,2017,5,10,0,17
Sauber,15,971,2017,5,10,0,18
Mercedes,130,972,2017,503,1,9,1
Red Bull,9,972,2017,270,3,2,2
Red Bull,9,972,2017,270,3,2,3
Mercedes,130,972,2017,503,1,9,4
Ferrari,6,972,2017,385,2,4,5
Force India,10,972,2017,133,4,0,6
Force India,10,972,2017,133,4,0,7
Haas F1 Team,208,972,2017,37,8,0,8
Haas F1 Team,208,972,2017,37,8,0,9
Williams,3,972,2017,65,5,0,10
McLaren,1,972,2017,23,9,0,11
Renault,4,972,2017,42,7,0,12
Toro Rosso,5,972,2017,52,6,0,13
McLaren,1,972,2017,23,9,0,14
Sauber,15,972,2017,5,10,0,15
Mercedes,130,973,2017,540,1,10,1
Ferrari,6,973,2017,395,2,4,2
Ferrari,6,973,2017,395,2,4,3
Red Bull,9,973,2017,303,3,2,4
Mercedes,130,973,2017,540,1,10,5
Force India,10,973,2017,147,4,0,6
Renault,4,973,2017,42,8,0,7
Force India,10,973,2017,147,4,0,8
Williams,3,973,2017,66,5,0,9
Toro Rosso,5,973,2017,52,6,0,10
Williams,3,973,2017,66,5,0,11
McLaren,1,973,2017,23,9,0,12
Toro Rosso,5,973,2017,52,6,0,13
Haas F1 Team,208,973,2017,43,7,0,14
Sauber,15,973,2017,5,10,0,15
Haas F1 Team,208,973,2017,43,7,0,16
Red Bull,9,974,2017,315,3,2,1
Mercedes,130,974,2017,575,1,11,2
Ferrari,6,974,2017,428,2,4,3
Ferrari,6,974,2017,428,2,4,4
Force India,10,974,2017,159,4,0,5
Williams,3,974,2017,68,5,0,6
Force India,10,974,2017,159,4,0,7
Haas F1 Team,208,974,2017,43,8,0,8
Mercedes,130,974,2017,575,1,11,9
McLaren,1,974,2017,23,9,0,10
Williams,3,974,2017,68,5,0,11
McLaren,1,974,2017,23,9,0,12
Toro Rosso,5,974,2017,53,6,0,13
Sauber,15,974,2017,5,10,0,14
Haas F1 Team,208,974,2017,43,8,0,15
Ferrari,6,975,2017,455,2,4,1
Mercedes,130,975,2017,595,1,11,2
Ferrari,6,975,2017,455,2,4,3
Mercedes,130,975,2017,595,1,11,4
Red Bull,9,975,2017,340,3,3,5
Red Bull,9,975,2017,340,3,3,6
Williams,3,975,2017,76,5,0,7
McLaren,1,975,2017,24,9,0,8
Force India,10,975,2017,175,4,0,9
Renault,4,975,2017,48,7,0,10
Renault,4,975,2017,48,7,0,11
Toro Rosso,5,975,2017,53,6,0,12
Sauber,15,975,2017,5,10,0,13
Sauber,15,975,2017,5,10,0,14
Haas F1 Team,208,975,2017,47,8,0,15
Williams,3,975,2017,76,5,0,16
Mercedes,130,976,2017,625,1,11,1
Mercedes,130,976,2017,625,1,11,2
Ferrari,6,976,2017,495,2,5,3
Ferrari,6,976,2017,495,2,5,4
Red Bull,9,976,2017,358,3,3,5
Renault,4,976,2017,49,7,0,6
Force India,10,976,2017,177,4,0,7
Force India,10,976,2017,177,4,0,8
McLaren,1,976,2017,28,9,0,9
Williams,3,976,2017,82,5,0,10
Haas F1 Team,208,976,2017,47,8,0,11
McLaren,1,976,2017,28,9,0,12
Haas F1 Team,208,976,2017,47,8,0,13
Sauber,15,976,2017,5,10,0,14
Toro Rosso,5,976,2017,53,6,0,15
Toro Rosso,5,976,2017,53,6,0,16
Sauber,15,976,2017,5,10,0,17
Williams,3,976,2017,82,5,0,18
Ferrari,6,978,2018,40,1,1,1
Mercedes,130,978,2018,22,2,0,2
Mercedes,130,978,2018,22,2,0,3
Toro Rosso,5,978,2018,0,9,0,4
Haas F1 Team,208,978,2018,0,10,0,5
Renault,4,978,2018,7,5,0,6
McLaren,1,978,2018,12,4,0,7
McLaren,1,978,2018,12,4,0,8
Sauber,15,978,2018,0,7,0,9
Force India,10,978,2018,0,6,0,10
Renault,4,978,2018,7,5,0,11
Sauber,15,978,2018,0,7,0,12
Haas F1 Team,208,978,2018,0,10,0,13
Williams,3,978,2018,0,8,0,14
Williams,3,978,2018,0,8,0,15
Force India,10,978,2018,0,6,0,16
Toro Rosso,5,978,2018,0,9,0,17
Red Bull,9,979,2018,20,4,0,1
Mercedes,130,979,2018,55,2,0,2
Ferrari,6,979,2018,65,1,2,3
Mercedes,130,979,2018,55,2,0,4
Red Bull,9,979,2018,20,4,0,5
Renault,4,979,2018,15,5,0,6
McLaren,1,979,2018,22,3,0,7
Ferrari,6,979,2018,65,1,2,8
Renault,4,979,2018,15,5,0,9
Haas F1 Team,208,979,2018,10,7,0,10
Force India,10,979,2018,1,9,0,11
Force India,10,979,2018,1,9,0,12
McLaren,1,979,2018,22,3,0,13
Williams,3,979,2018,0,10,0,14
Williams,3,979,2018,0,10,0,15
Sauber,15,979,2018,2,8,0,16
Haas F1 Team,208,979,2018,10,7,0,17
Toro Rosso,5,979,2018,12,6,0,18
Sauber,15,979,2018,2,8,0,19
Toro Rosso,5,979,2018,12,6,0,20
Mercedes,130,980,2018,85,1,0,1
Ferrari,6,980,2018,84,2,2,2
Force India,10,980,2018,1,9,0,3
Ferrari,6,980,2018,84,2,2,4
Renault,4,980,2018,25,5,0,5
Sauber,15,980,2018,2,8,0,6
McLaren,1,980,2018,28,4,0,7
Williams,3,980,2018,0,10,0,8
McLaren,1,980,2018,28,4,0,9
Toro Rosso,5,980,2018,12,6,0,10
Sauber,15,980,2018,2,8,0,11
Toro Rosso,5,980,2018,12,6,0,12
Haas F1 Team,208,980,2018,11,7,0,13
Mercedes,130,981,2018,110,2,1,1
Mercedes,130,981,2018,110,2,1,2
Red Bull,9,981,2018,55,3,1,3
Ferrari,6,981,2018,114,1,2,4
Red Bull,9,981,2018,55,3,1,5
Haas F1 Team,208,981,2018,11,8,0,6
Renault,4,981,2018,35,5,0,7
McLaren,1,981,2018,36,4,0,8
Force India,10,981,2018,16,6,0,9
Sauber,15,981,2018,10,9,0,10
Williams,3,981,2018,4,10,0,11
Toro Rosso,5,981,2018,13,7,0,12
Sauber,15,981,2018,10,9,0,13
Williams,3,981,2018,4,10,0,14
Red Bull,9,982,2018,80,3,1,1
Ferrari,6,982,2018,126,2,2,2
Mercedes,130,982,2018,153,1,2,3
Ferrari,6,982,2018,126,2,2,4
Mercedes,130,982,2018,153,1,2,5
Force India,10,982,2018,18,7,0,6
Toro Rosso,5,982,2018,13,8,0,7
Renault,4,982,2018,41,4,0,8
Red Bull,9,982,2018,80,3,1,9
Renault,4,982,2018,41,4,0,10
Sauber,15,982,2018,11,9,0,11
Force India,10,982,2018,18,7,0,12
Haas F1 Team,208,982,2018,19,6,0,13
McLaren,1,982,2018,40,5,0,14
Haas F1 Team,208,982,2018,19,6,0,15
Williams,3,982,2018,4,10,0,16
Williams,3,982,2018,4,10,0,17
Ferrari,6,983,2018,156,2,2,1
Mercedes,130,983,2018,178,1,2,2
Red Bull,9,983,2018,107,3,2,3
Red Bull,9,983,2018,107,3,2,4
Mercedes,130,983,2018,178,1,2,5
Ferrari,6,983,2018,156,2,2,6
Renault,4,983,2018,46,4,0,7
Renault,4,983,2018,46,4,0,8
Force India,10,983,2018,26,6,0,9
Sauber,15,983,2018,11,9,0,10
Toro Rosso,5,983,2018,19,7,0,11
Haas F1 Team,208,983,2018,19,8,0,12
Haas F1 Team,208,983,2018,19,8,0,13
Force India,10,983,2018,26,6,0,14
Sauber,15,983,2018,11,9,0,15
McLaren,1,983,2018,40,5,0,16
Williams,3,983,2018,4,10,0,17
Mercedes,130,984,2018,206,1,2,1
Red Bull,9,984,2018,134,3,2,2
Ferrari,6,984,2018,189,2,3,3
Red Bull,9,984,2018,134,3,2,4
Ferrari,6,984,2018,189,2,3,5
Haas F1 Team,208,984,2018,19,8,0,6
Mercedes,130,984,2018,206,1,2,7
Renault,4,984,2018,56,4,0,8
Renault,4,984,2018,56,4,0,9
Sauber,15,984,2018,12,9,0,10
Haas F1 Team,208,984,2018,19,8,0,11
McLaren,1,984,2018,40,5,0,12
Sauber,15,984,2018,12,9,0,13
Toro Rosso,5,984,2018,19,7,0,14
Williams,3,984,2018,4,10,0,15
McLaren,1,984,2018,40,5,0,16
Williams,3,984,2018,4,10,0,17
Red Bull,9,985,2018,164,3,2,1
Ferrari,6,985,2018,214,2,3,2
Ferrari,6,985,2018,214,2,3,3
Haas F1 Team,208,985,2018,27,7,0,4
Haas F1 Team,208,985,2018,27,7,0,5
Force India,10,985,2018,28,6,0,6
Force India,10,985,2018,28,6,0,7
McLaren,1,985,2018,40,5,0,8
Sauber,15,985,2018,13,9,0,9
Sauber,15,985,2018,13,9,0,10
Toro Rosso,5,985,2018,19,8,0,11
Renault,4,985,2018,62,4,0,12
Williams,3,985,2018,4,10,0,13
Williams,3,985,2018,4,10,0,14
McLaren,1,985,2018,40,5,0,15
Ferrari,6,986,2018,247,1,3,1
Mercedes,130,986,2018,237,2,3,2
Ferrari,6,986,2018,247,1,3,3
Mercedes,130,986,2018,237,2,3,4
Red Bull,9,986,2018,189,3,3,5
Renault,4,986,2018,62,4,0,6
Force India,10,986,2018,42,7,0,7
McLaren,1,986,2018,44,6,0,8
Haas F1 Team,208,986,2018,49,5,0,9
Force India,10,986,2018,42,7,0,10
McLaren,1,986,2018,44,6,0,11
Williams,3,986,2018,4,10,0,12
Toro Rosso,5,986,2018,19,8,0,13
Williams,3,986,2018,4,10,0,14
Mercedes,130,987,2018,267,2,3,1
Mercedes,130,987,2018,267,2,3,2
Ferrari,6,987,2018,287,1,4,3
Red Bull,9,987,2018,199,3,3,4
Renault,4,987,2018,70,4,0,5
Haas F1 Team,208,987,2018,51,5,0,6
Force India,10,987,2018,49,6,0,7
Force India,10,987,2018,49,6,0,8
Sauber,15,987,2018,16,9,0,9
Toro Rosso,5,987,2018,19,8,0,10
Haas F1 Team,208,987,2018,51,5,0,11
Renault,4,987,2018,70,4,0,12
McLaren,1,987,2018,48,7,0,13
Toro Rosso,5,987,2018,19,8,0,14
Sauber,15,987,2018,16,9,0,15
McLaren,1,987,2018,48,7,0,16
Mercedes,130,988,2018,310,1,4,1
Ferrari,6,988,2018,302,2,4,2
Ferrari,6,988,2018,302,2,4,3
Red Bull,9,988,2018,211,3,3,4
Mercedes,130,988,2018,310,1,4,5
Toro Rosso,5,988,2018,20,8,0,6
Haas F1 Team,208,988,2018,59,6,0,7
McLaren,1,988,2018,48,7,0,8
Renault,4,988,2018,80,4,0,9
Haas F1 Team,208,988,2018,59,6,0,10
Toro Rosso,5,988,2018,20,8,0,11
Renault,4,988,2018,80,4,0,12
Force India,10,988,2018,59,5,0,13
Force India,10,988,2018,59,5,0,14
Sauber,15,988,2018,18,9,0,15
Williams,3,988,2018,4,10,0,16
Williams,3,988,2018,4,10,0,17
Ferrari,6,989,2018,335,2,4,1
Mercedes,130,989,2018,345,1,5,2
Red Bull,9,989,2018,223,3,3,3
Mercedes,130,989,2018,345,1,5,4
Force India,10,989,2018,59,6,0,5
Force India,10,989,2018,59,6,0,6
Haas F1 Team,208,989,2018,66,5,0,7
Haas F1 Team,208,989,2018,66,5,0,8
Toro Rosso,5,989,2018,28,8,0,9
Sauber,15,989,2018,18,9,0,10
Renault,4,989,2018,82,4,0,11
Williams,3,989,2018,4,10,0,12
Williams,3,989,2018,4,10,0,13
Toro Rosso,5,989,2018,28,8,0,14
McLaren,1,989,2018,52,7,0,15
Mercedes,130,990,2018,375,1,5,1
Ferrari,6,990,2018,360,2,5,2
Mercedes,130,990,2018,375,1,5,3
Ferrari,6,990,2018,360,2,5,4
Red Bull,9,990,2018,238,3,3,5
Force India,10,990,2018,18,9,0,6
Force India,10,990,2018,18,9,0,7
Renault,4,990,2018,82,4,0,8
Williams,3,990,2018,4,10,0,9
Williams,3,990,2018,4,10,0,10
Sauber,15,990,2018,19,8,0,11
McLaren,1,990,2018,52,6,0,12
Renault,4,990,2018,82,4,0,13
Toro Rosso,5,990,2018,30,7,0,14
Sauber,15,990,2018,19,8,0,15
Haas F1 Team,208,990,2018,76,5,0,16
Mercedes,130,991,2018,415,1,6,1
Red Bull,9,991,2018,248,3,3,2
Ferrari,6,991,2018,390,2,5,3
Mercedes,130,991,2018,415,1,6,4
Ferrari,6,991,2018,390,2,5,5
Red Bull,9,991,2018,248,3,3,6
McLaren,1,991,2018,52,6,0,7
Renault,4,991,2018,86,4,0,8
Sauber,15,991,2018,19,9,0,9
Renault,4,991,2018,86,4,0,10
Sauber,15,991,2018,19,9,0,11
McLaren,1,991,2018,52,6,0,12
Toro Rosso,5,991,2018,30,8,0,13
Williams,3,991,2018,7,10,0,14
Haas F1 Team,208,991,2018,76,5,0,15
Force India,10,991,2018,32,7,0,16
Toro Rosso,5,991,2018,30,8,0,17
Haas F1 Team,208,991,2018,76,5,0,18
Williams,3,991,2018,7,10,0,19
Mercedes,130,992,2018,452,1,7,1
Mercedes,130,992,2018,452,1,7,2
Ferrari,6,992,2018,415,2,5,3
Ferrari,6,992,2018,415,2,5,4
Red Bull,9,992,2018,274,3,3,5
Red Bull,9,992,2018,274,3,3,6
Sauber,15,992,2018,21,9,0,7
Haas F1 Team,208,992,2018,76,5,0,8
Force India,10,992,2018,32,7,0,9
Force India,10,992,2018,32,7,0,10
Haas F1 Team,208,992,2018,76,5,0,11
Renault,4,992,2018,91,4,0,12
Sauber,15,992,2018,21,9,0,13
McLaren,1,992,2018,58,6,0,14
Williams,3,992,2018,7,10,0,15
McLaren,1,992,2018,58,6,0,16
Renault,4,992,2018,91,4,0,17
Williams,3,992,2018,7,10,0,18
Mercedes,130,993,2018,495,1,8,1
Mercedes,130,993,2018,495,1,8,2
Red Bull,9,993,2018,292,3,3,3
Red Bull,9,993,2018,292,3,3,4
Ferrari,6,993,2018,442,2,5,5
Ferrari,6,993,2018,442,2,5,6
Force India,10,993,2018,35,7,0,7
Haas F1 Team,208,993,2018,80,5,0,8
Force India,10,993,2018,35,7,0,9
Renault,4,993,2018,91,4,0,10
Toro Rosso,5,993,2018,30,8,0,11
Sauber,15,993,2018,27,9,0,12
Toro Rosso,5,993,2018,30,8,0,13
McLaren,1,993,2018,58,6,0,14
McLaren,1,993,2018,58,6,0,15
Williams,3,993,2018,7,10,0,16
Williams,3,993,2018,7,10,0,17
Ferrari,6,994,2018,460,2,5,1
Red Bull,9,994,2018,319,3,3,2
Mercedes,130,994,2018,538,1,9,3
Ferrari,6,994,2018,460,2,5,4
Mercedes,130,994,2018,538,1,9,5
Renault,4,994,2018,92,4,0,6
Renault,4,994,2018,92,4,0,7
Force India,10,994,2018,43,7,0,8
Toro Rosso,5,994,2018,30,8,0,9
Sauber,15,994,2018,27,9,0,10
McLaren,1,994,2018,58,6,0,11
Toro Rosso,5,994,2018,30,8,0,12
Williams,3,994,2018,7,10,0,13
Williams,3,994,2018,7,10,0,14
Red Bull,9,995,2018,337,3,3,1
Ferrari,6,995,2018,497,2,6,2
Ferrari,6,995,2018,497,2,6,3
Mercedes,130,995,2018,563,1,9,4
Mercedes,130,995,2018,563,1,9,5
Renault,4,995,2018,106,4,0,6
Sauber,15,995,2018,28,9,0,7
McLaren,1,995,2018,58,6,0,8
Sauber,15,995,2018,28,9,0,9
Toro Rosso,5,995,2018,32,8,0,10
Force India,10,995,2018,47,7,0,11
Williams,3,995,2018,7,10,0,12
Williams,3,995,2018,7,10,0,13
Toro Rosso,5,995,2018,32,8,0,14
Haas F1 Team,208,995,2018,84,5,0,15
Haas F1 Team,208,995,2018,84,5,0,16
Mercedes,130,996,2018,585,1,9,1
Red Bull,9,996,2018,362,3,4,2
Ferrari,6,996,2018,530,2,6,3
Red Bull,9,996,2018,362,3,4,4
Mercedes,130,996,2018,585,1,9,5
Ferrari,6,996,2018,530,2,6,6
Sauber,15,996,2018,36,8,0,7
Haas F1 Team,208,996,2018,84,5,0,8
Haas F1 Team,208,996,2018,84,5,0,9
Force India,10,996,2018,47,7,0,10
Toro Rosso,5,996,2018,33,9,0,11
Renault,4,996,2018,114,4,0,12
Toro Rosso,5,996,2018,33,9,0,13
McLaren,1,996,2018,62,6,0,14
Force India,10,996,2018,47,7,0,15
Williams,3,996,2018,7,10,0,16
McLaren,1,996,2018,62,6,0,17
Williams,3,996,2018,7,10,0,18
Mercedes,130,997,2018,620,1,10,1
Ferrari,6,997,2018,553,2,6,2
Red Bull,9,997,2018,392,3,4,3
Red Bull,9,997,2018,392,3,4,4
Mercedes,130,997,2018,620,1,10,5
Renault,4,997,2018,114,4,0,6
Sauber,15,997,2018,42,8,0,7
Force India,10,997,2018,48,7,0,8
Haas F1 Team,208,997,2018,90,5,0,9
Haas F1 Team,208,997,2018,90,5,0,10
McLaren,1,997,2018,62,6,0,11
Toro Rosso,5,997,2018,33,9,0,12
Williams,3,997,2018,7,10,0,13
McLaren,1,997,2018,62,6,0,14
Williams,3,997,2018,7,10,0,15
Mercedes,130,999,2019,44,1,1,1
Mercedes,130,999,2019,44,1,1,2
Ferrari,6,999,2019,22,2,0,3
Red Bull,9,999,2019,15,3,0,4
Ferrari,6,999,2019,22,2,0,5
McLaren,1,999,2019,0,9,0,6
Alfa Romeo,50,999,2019,4,6,0,7
Red Bull,9,999,2019,15,3,0,8
Toro Rosso,5,999,2019,1,8,0,9
Racing Point,209,999,2019,2,7,0,10
Alfa Romeo,50,999,2019,4,6,0,11
Toro Rosso,5,999,2019,1,8,0,12
Haas F1 Team,208,999,2019,8,4,0,13
Racing Point,209,999,2019,2,7,0,14
Williams,3,999,2019,0,10,0,15
Williams,3,999,2019,0,10,0,16
Mercedes,130,1000,2019,87,1,2,1
Mercedes,130,1000,2019,87,1,2,2
Ferrari,6,1000,2019,48,2,0,3
Red Bull,9,1000,2019,31,3,0,4
Ferrari,6,1000,2019,48,2,0,5
Red Bull,9,1000,2019,31,3,0,6
Renault,4,1000,2019,6,7,0,7
Racing Point,209,1000,2019,3,9,0,8
Alfa Romeo,50,1000,2019,10,4,0,9
Toro Rosso,5,1000,2019,3,8,0,10
Haas F1 Team,208,1000,2019,8,6,0,11
Racing Point,209,1000,2019,3,9,0,12
Haas F1 Team,208,1000,2019,8,6,0,13
McLaren,1,1000,2019,8,5,0,14
Alfa Romeo,50,1000,2019,10,4,0,15
Williams,3,1000,2019,0,10,0,16
Williams,3,1000,2019,0,10,0,17
McLaren,1,1000,2019,8,5,0,18
Mercedes,130,1001,2019,130,1,3,1
Mercedes,130,1001,2019,130,1,3,2
Ferrari,6,1001,2019,73,2,0,3
Red Bull,9,1001,2019,52,3,0,4
Ferrari,6,1001,2019,73,2,0,5
Racing Point,209,1001,2019,7,8,0,6
McLaren,1,1001,2019,8,7,0,7
McLaren,1,1001,2019,8,7,0,8
Racing Point,209,1001,2019,7,8,0,9
Alfa Romeo,50,1001,2019,12,5,0,10
Toro Rosso,5,1001,2019,4,9,0,11
Alfa Romeo,50,1001,2019,12,5,0,12
Haas F1 Team,208,1001,2019,8,6,0,13
Renault,4,1001,2019,12,4,0,14
Williams,3,1001,2019,0,10,0,15
Williams,3,1001,2019,0,10,0,16
Mercedes,130,1002,2019,173,1,4,1
Mercedes,130,1002,2019,173,1,4,2
Red Bull,9,1002,2019,64,3,0,3
Ferrari,6,1002,2019,99,2,0,4
Ferrari,6,1002,2019,99,2,0,5
Red Bull,9,1002,2019,64,3,0,6
Haas F1 Team,208,1002,2019,8,8,0,7
McLaren,1,1002,2019,18,4,0,8
Toro Rosso,5,1002,2019,4,9,0,9
Haas F1 Team,208,1002,2019,8,8,0,10
Toro Rosso,5,1002,2019,4,9,0,11
Renault,4,1002,2019,12,7,0,12
Renault,4,1002,2019,12,7,0,13
Alfa Romeo,50,1002,2019,13,6,0,14
Racing Point,209,1002,2019,17,5,0,15
Alfa Romeo,50,1002,2019,13,6,0,16
Williams,3,1002,2019,0,10,0,17
Williams,3,1002,2019,0,10,0,18
Lotus-Climax,170,745,1961,26,2,2,11
Mercedes,130,1003,2019,217,1,5,1
Ferrari,6,1003,2019,121,2,0,2
Mercedes,130,1003,2019,217,1,5,3
Red Bull,9,1003,2019,87,3,0,4
Red Bull,9,1003,2019,87,3,0,5
McLaren,1,1003,2019,22,4,0,6
Toro Rosso,5,1003,2019,6,9,0,7
Toro Rosso,5,1003,2019,6,9,0,8
Renault,4,1003,2019,12,8,0,9
Haas F1 Team,208,1003,2019,15,6,0,10
McLaren,1,1003,2019,22,4,0,11
Haas F1 Team,208,1003,2019,15,6,0,14
Racing Point,209,1003,2019,17,5,0,12
Renault,4,1003,2019,12,8,0,13
Williams,3,1003,2019,0,10,0,15
Racing Point,209,1003,2019,17,5,0,16
Alfa Romeo,50,1003,2019,13,7,0,17
Williams,3,1003,2019,0,10,0,18
Alfa Romeo,50,1003,2019,13,7,0,19
Mercedes,130,1004,2019,257,1,6,1
Ferrari,6,1004,2019,139,2,0,2
Ferrari,6,1004,2019,139,2,0,3
Mercedes,130,1004,2019,257,1,6,4
Red Bull,9,1004,2019,110,3,0,5
Renault,4,1004,2019,14,8,0,6
Renault,4,1004,2019,14,8,0,7
Red Bull,9,1004,2019,110,3,0,8
Racing Point,209,1004,2019,17,5,0,9
Toro Rosso,5,1004,2019,16,7,0,10
McLaren,1,1004,2019,30,4,0,11
Racing Point,209,1004,2019,17,5,0,12
Alfa Romeo,50,1004,2019,13,9,0,13
Haas F1 Team,208,1004,2019,16,6,0,14
Alfa Romeo,50,1004,2019,13,9,0,15
Williams,3,1004,2019,0,10,0,16
Haas F1 Team,208,1004,2019,16,6,0,17
Williams,3,1004,2019,0,10,0,18
Mercedes,130,1005,2019,295,1,7,1
Mercedes,130,1005,2019,295,1,7,2
Ferrari,6,1005,2019,172,2,0,3
Red Bull,9,1005,2019,124,3,0,4
Ferrari,6,1005,2019,172,2,0,5
McLaren,1,1005,2019,30,4,0,6
Alfa Romeo,50,1005,2019,13,9,0,7
Renault,4,1005,2019,28,5,0,8
McLaren,1,1005,2019,30,4,0,9
Red Bull,9,1005,2019,124,3,0,10
Renault,4,1005,2019,28,5,0,11
Racing Point,209,1005,2019,19,6,0,12
Racing Point,209,1005,2019,19,6,0,13
Toro Rosso,5,1005,2019,17,7,0,14
Toro Rosso,5,1005,2019,17,7,0,15
Alfa Romeo,50,1005,2019,13,9,0,16
Haas F1 Team,208,1005,2019,16,8,0,17
Williams,3,1005,2019,0,10,0,18
Williams,3,1005,2019,0,10,0,19
Haas F1 Team,208,1005,2019,16,8,0,20
Red Bull,9,1006,2019,137,3,0,1
Ferrari,6,1006,2019,198,2,0,2
Mercedes,130,1006,2019,338,1,8,3
Ferrari,6,1006,2019,198,2,0,4
Mercedes,130,1006,2019,338,1,8,5
McLaren,1,1006,2019,40,4,0,6
Red Bull,9,1006,2019,137,3,0,7
McLaren,1,1006,2019,40,4,0,8
Alfa Romeo,50,1006,2019,19,7,0,9
Alfa Romeo,50,1006,2019,19,7,0,10
Racing Point,209,1006,2019,19,6,0,11
Renault,4,1006,2019,32,5,0,12
Renault,4,1006,2019,32,5,0,13
Racing Point,209,1006,2019,19,6,0,14
Toro Rosso,5,1006,2019,17,8,0,15
Haas F1 Team,208,1006,2019,16,9,0,16
Toro Rosso,5,1006,2019,17,8,0,17
Williams,3,1006,2019,0,10,0,18
Haas F1 Team,208,1006,2019,16,9,0,19
Williams,3,1006,2019,0,10,0,20
Mercedes,130,1007,2019,363,1,8,1
Mercedes,130,1007,2019,363,1,8,2
Ferrari,6,1007,2019,228,2,0,3
Red Bull,9,1007,2019,169,3,1,4
Red Bull,9,1007,2019,169,3,1,5
McLaren,1,1007,2019,52,4,0,6
Renault,4,1007,2019,32,5,0,7
Alfa Romeo,50,1007,2019,22,6,0,8
Toro Rosso,5,1007,2019,17,8,0,9
Renault,4,1007,2019,32,5,0,10
McLaren,1,1007,2019,52,4,0,11
Toro Rosso,5,1007,2019,17,8,0,12
Racing Point,209,1007,2019,19,7,0,13
Williams,3,1007,2019,0,10,0,14
Williams,3,1007,2019,0,10,0,15
Ferrari,6,1007,2019,228,2,0,16
Racing Point,209,1007,2019,19,7,0,17
Red Bull,9,1008,2019,191,3,1,1
Ferrari,6,1008,2019,243,2,0,2
Toro Rosso,5,1008,2019,19,8,0,3
Racing Point,209,1008,2019,19,7,0,4
McLaren,1,1008,2019,60,4,0,5
Toro Rosso,5,1008,2019,19,8,0,6
Haas F1 Team,208,1008,2019,16,9,0,7
Haas F1 Team,208,1008,2019,16,9,0,8
Mercedes,130,1008,2019,407,1,9,9
Williams,3,1008,2019,0,10,0,10
Williams,3,1008,2019,0,10,0,11
Alfa Romeo,50,1008,2019,26,6,0,12
Alfa Romeo,50,1008,2019,26,6,0,13
Red Bull,9,1008,2019,191,3,1,14
Mercedes,130,1009,2019,409,1,9,1
Red Bull,9,1009,2019,217,3,2,2
Ferrari,6,1009,2019,261,2,0,3
Ferrari,6,1009,2019,261,2,0,4
McLaren,1,1009,2019,70,4,0,5
Red Bull,9,1009,2019,217,3,2,6
Alfa Romeo,50,1009,2019,26,9,0,7
Mercedes,130,1009,2019,409,1,9,8
McLaren,1,1009,2019,70,4,0,9
Toro Rosso,5,1009,2019,42,5,0,10
Racing Point,209,1009,2019,31,7,0,11
Renault,4,1009,2019,39,6,0,12
Haas F1 Team,208,1009,2019,26,8,0,13
Renault,4,1009,2019,39,6,0,14
Toro Rosso,5,1009,2019,42,5,0,15
Williams,3,1009,2019,1,10,0,16
Racing Point,209,1009,2019,31,7,0,17
Alfa Romeo,50,1009,2019,26,9,0,18
Williams,3,1009,2019,1,10,0,19
Ferrari,6,1010,2019,288,2,0,1
Mercedes,130,1010,2019,438,1,10,2
Mercedes,130,1010,2019,438,1,10,3
Ferrari,6,1010,2019,288,2,0,4
Red Bull,9,1010,2019,244,3,2,5
Racing Point,209,1010,2019,31,8,0,6
Toro Rosso,5,1010,2019,43,5,0,7
Renault,4,1010,2019,39,6,0,8
Toro Rosso,5,1010,2019,43,5,0,9
Racing Point,209,1010,2019,31,8,0,10
McLaren,1,1010,2019,82,4,0,11
Haas F1 Team,208,1010,2019,26,9,0,12
Haas F1 Team,208,1010,2019,26,9,0,13
Renault,4,1010,2019,39,6,0,14
Williams,3,1010,2019,1,10,0,15
Alfa Romeo,50,1010,2019,32,7,0,16
Williams,3,1010,2019,1,10,0,17
Alfa Romeo,50,1010,2019,32,7,0,18
Ferrari,6,1011,2019,326,2,1,1
Mercedes,130,1011,2019,471,1,10,2
Mercedes,130,1011,2019,471,1,10,3
Renault,4,1011,2019,43,6,0,4
Renault,4,1011,2019,43,6,0,5
Red Bull,9,1011,2019,254,3,2,6
Racing Point,209,1011,2019,40,7,0,7
Red Bull,9,1011,2019,254,3,2,8
Alfa Romeo,50,1011,2019,32,8,0,9
McLaren,1,1011,2019,82,4,0,10
Toro Rosso,5,1011,2019,51,5,0,11
Racing Point,209,1011,2019,40,7,0,12
Ferrari,6,1011,2019,326,2,1,13
Williams,3,1011,2019,1,10,0,14
Alfa Romeo,50,1011,2019,32,8,0,15
Haas F1 Team,208,1011,2019,26,9,0,16
Williams,3,1011,2019,1,10,0,17
Ferrari,6,1012,2019,351,2,2,1
Ferrari,6,1012,2019,351,2,2,2
Red Bull,9,1012,2019,266,3,2,3
Mercedes,130,1012,2019,505,1,10,4
Mercedes,130,1012,2019,505,1,10,5
Red Bull,9,1012,2019,266,3,2,6
McLaren,1,1012,2019,83,4,0,7
Toro Rosso,5,1012,2019,51,6,0,8
Renault,4,1012,2019,65,5,0,9
Alfa Romeo,50,1012,2019,34,8,0,10
Haas F1 Team,208,1012,2019,26,9,0,11
McLaren,1,1012,2019,83,4,0,12
Racing Point,209,1012,2019,46,7,0,13
Renault,4,1012,2019,65,5,0,14
Toro Rosso,5,1012,2019,51,6,0,15
Williams,3,1012,2019,1,10,0,16
Haas F1 Team,208,1012,2019,26,9,0,17
Mercedes,130,1013,2019,527,1,10,1
Mercedes,130,1013,2019,527,1,10,2
Ferrari,6,1013,2019,394,2,3,3
Red Bull,9,1013,2019,289,3,2,4
Red Bull,9,1013,2019,289,3,2,5
McLaren,1,1013,2019,89,4,0,6
Racing Point,209,1013,2019,46,7,0,7
McLaren,1,1013,2019,89,4,0,8
Haas F1 Team,208,1013,2019,26,9,0,9
Renault,4,1013,2019,67,5,0,10
Racing Point,209,1013,2019,46,7,0,11
Toro Rosso,5,1013,2019,55,6,0,12
Alfa Romeo,50,1013,2019,35,8,0,13
Toro Rosso,5,1013,2019,55,6,0,14
Alfa Romeo,50,1013,2019,35,8,0,15
Mercedes,130,1014,2019,571,1,11,1
Ferrari,6,1014,2019,409,2,3,2
Mercedes,130,1014,2019,571,1,11,3
Red Bull,9,1014,2019,311,3,2,4
McLaren,1,1014,2019,101,4,0,5
Ferrari,6,1014,2019,409,2,3,6
Toro Rosso,5,1014,2019,55,6,0,7
Racing Point,209,1014,2019,52,7,0,8
Racing Point,209,1014,2019,52,7,0,9
Toro Rosso,5,1014,2019,55,6,0,10
McLaren,1,1014,2019,101,4,0,11
Alfa Romeo,50,1014,2019,35,8,0,12
Haas F1 Team,208,1014,2019,28,9,0,13
Alfa Romeo,50,1014,2019,35,8,0,14
Haas F1 Team,208,1014,2019,28,9,0,15
Williams,3,1014,2019,1,10,0,16
Williams,3,1014,2019,1,10,0,17
Mercedes,130,1015,2019,612,1,12,1
Ferrari,6,1015,2019,435,2,3,2
Mercedes,130,1015,2019,612,1,12,3
Ferrari,6,1015,2019,435,2,3,4
Red Bull,9,1015,2019,323,3,2,5
Red Bull,9,1015,2019,323,3,2,6
Racing Point,209,1015,2019,58,7,0,7
Renault,4,1015,2019,68,5,0,8
Toro Rosso,5,1015,2019,62,6,0,9
Renault,4,1015,2019,68,5,0,10
Toro Rosso,5,1015,2019,62,6,0,11
Racing Point,209,1015,2019,58,7,0,12
McLaren,1,1015,2019,111,4,0,13
Alfa Romeo,50,1015,2019,35,8,0,14
Haas F1 Team,208,1015,2019,28,9,0,15
Williams,3,1015,2019,1,10,0,16
Haas F1 Team,208,1015,2019,28,9,0,17
Williams,3,1015,2019,1,10,0,18
Mercedes,130,1016,2019,652,1,13,1
Mercedes,130,1016,2019,652,1,13,2
Red Bull,9,1016,2019,341,3,2,3
Ferrari,6,1016,2019,466,2,3,4
Red Bull,9,1016,2019,341,3,2,5
Renault,4,1016,2019,73,5,0,6
McLaren,1,1016,2019,111,4,0,7
McLaren,1,1016,2019,111,4,0,8
Renault,4,1016,2019,73,5,0,9
Racing Point,209,1016,2019,64,7,0,10
Alfa Romeo,50,1016,2019,35,8,0,11
Toro Rosso,5,1016,2019,64,6,0,12
Racing Point,209,1016,2019,64,7,0,13
Alfa Romeo,50,1016,2019,35,8,0,14
Haas F1 Team,208,1016,2019,28,9,0,15
Toro Rosso,5,1016,2019,64,6,0,16
Williams,3,1016,2019,1,10,0,17
Haas F1 Team,208,1016,2019,28,9,0,18
Red Bull,9,1017,2019,366,3,2,1
Toro Rosso,5,1017,2019,64,7,0,2
McLaren,1,1017,2019,121,4,0,3
Alfa Romeo,50,1017,2019,35,8,0,4
Alfa Romeo,50,1017,2019,35,8,0,5
Renault,4,1017,2019,83,5,0,6
Mercedes,130,1017,2019,695,1,14,7
McLaren,1,1017,2019,121,4,0,8
Racing Point,209,1017,2019,65,6,0,9
Toro Rosso,5,1017,2019,64,7,0,10
Haas F1 Team,208,1017,2019,28,9,0,11
Williams,3,1017,2019,1,10,0,12
Haas F1 Team,208,1017,2019,28,9,0,13
Red Bull,9,1017,2019,366,3,2,14
Renault,4,1017,2019,83,5,0,15
Williams,3,1017,2019,1,10,0,16
Ferrari,6,1017,2019,479,2,3,17
Ferrari,6,1017,2019,479,2,3,18
Racing Point,209,1017,2019,65,6,0,19
Mercedes,130,1018,2019,701,1,14,1
Red Bull,9,1018,2019,391,3,3,2
Ferrari,6,1018,2019,479,2,3,3
Mercedes,130,1018,2019,701,1,14,4
Ferrari,6,1018,2019,479,2,3,5
Red Bull,9,1018,2019,391,3,3,6
Racing Point,209,1018,2019,67,7,0,7
McLaren,1,1018,2019,140,4,0,8
Toro Rosso,5,1018,2019,83,6,0,9
McLaren,1,1018,2019,140,4,0,10
Renault,4,1018,2019,91,5,0,11
Renault,4,1018,2019,91,5,0,12
Alfa Romeo,50,1018,2019,57,8,0,13
Haas F1 Team,208,1018,2019,28,9,0,14
Haas F1 Team,208,1018,2019,28,9,0,15
Alfa Romeo,50,1018,2019,57,8,0,16
Williams,3,1018,2019,1,10,0,17
Toro Rosso,5,1018,2019,83,6,0,18
Williams,3,1018,2019,1,10,0,19
Mercedes,130,1020,2020,37,1,1,1
Mercedes,130,1020,2020,37,1,1,2
Red Bull,9,1020,2020,0,9,0,3
Red Bull,9,1020,2020,0,9,0,4
McLaren,1,1020,2020,26,2,0,5
Racing Point,209,1020,2020,8,4,0,6
Racing Point,209,1020,2020,8,4,0,7
Renault,4,1020,2020,4,6,0,8
McLaren,1,1020,2020,26,2,0,9
AlphaTauri,210,1020,2020,6,5,0,10
Alfa Romeo,50,1020,2020,2,7,0,11
Haas F1 Team,208,1020,2020,0,10,0,12
Haas F1 Team,208,1020,2020,0,10,0,13
Alfa Romeo,50,1020,2020,2,7,0,14
AlphaTauri,210,1020,2020,6,5,0,15
Williams,3,1020,2020,0,8,0,16
Williams,3,1020,2020,0,8,0,17
Mercedes,130,1021,2020,80,1,2,1
Red Bull,9,1021,2020,27,3,0,2
Mercedes,130,1021,2020,80,1,2,3
Racing Point,209,1021,2020,22,4,0,4
Red Bull,9,1021,2020,27,3,0,5
Ferrari,6,1021,2020,19,5,0,6
Racing Point,209,1021,2020,22,4,0,7
Renault,4,1021,2020,8,6,0,8
McLaren,1,1021,2020,39,2,0,9
Haas F1 Team,208,1021,2020,0,10,0,10
Ferrari,6,1021,2020,19,5,0,11
AlphaTauri,210,1021,2020,7,7,0,12
McLaren,1,1021,2020,39,2,0,13
Renault,4,1021,2020,8,6,0,14
Alfa Romeo,50,1021,2020,2,8,0,15
Haas F1 Team,208,1021,2020,0,10,0,16
Alfa Romeo,50,1021,2020,2,8,0,17
Williams,3,1021,2020,0,9,0,18
Williams,3,1021,2020,0,9,0,19
Mercedes,130,1022,2020,121,1,3,1
Red Bull,9,1022,2020,55,2,0,2
Ferrari,6,1022,2020,27,5,0,3
Renault,4,1022,2020,12,6,0,4
McLaren,1,1022,2020,41,3,0,5
Renault,4,1022,2020,12,6,0,6
AlphaTauri,210,1022,2020,7,7,0,7
Red Bull,9,1022,2020,55,2,0,8
Racing Point,209,1022,2020,40,4,0,9
Ferrari,6,1022,2020,27,5,0,10
Mercedes,130,1022,2020,121,1,3,11
Williams,3,1022,2020,0,10,0,12
McLaren,1,1022,2020,41,3,0,13
Alfa Romeo,50,1022,2020,2,8,0,14
Williams,3,1022,2020,0,10,0,15
Haas F1 Team,208,1022,2020,1,9,0,16
Alfa Romeo,50,1022,2020,2,8,0,17
Red Bull,9,1023,2020,78,2,0,1
Mercedes,130,1023,2020,146,1,4,2
Mercedes,130,1023,2020,146,1,4,3
Ferrari,6,1023,2020,43,4,0,4
Red Bull,9,1023,2020,78,2,0,5
Racing Point,209,1023,2020,42,5,0,6
Racing Point,209,1023,2020,42,5,0,7
Renault,4,1023,2020,32,6,0,8
McLaren,1,1023,2020,51,3,0,9
AlphaTauri,210,1023,2020,13,7,0,10
AlphaTauri,210,1023,2020,13,7,0,11
Ferrari,6,1023,2020,43,4,0,12
McLaren,1,1023,2020,51,3,0,13
Renault,4,1023,2020,32,6,0,14
Alfa Romeo,50,1023,2020,2,8,0,15
Haas F1 Team,208,1023,2020,1,9,0,16
Alfa Romeo,50,1023,2020,2,8,0,17
Williams,3,1023,2020,0,10,0,18
Williams,3,1023,2020,0,10,0,19
Mercedes,130,1024,2020,180,1,4,1
Red Bull,9,1024,2020,113,2,1,2
Mercedes,130,1024,2020,180,1,4,3
Racing Point,209,1024,2020,41,5,0,4
Racing Point,209,1024,2020,41,5,0,5
McLaren,1,1024,2020,53,4,0,6
Ferrari,6,1024,2020,55,3,0,7
Red Bull,9,1024,2020,113,2,1,8
AlphaTauri,210,1024,2020,14,7,0,9
McLaren,1,1024,2020,53,4,0,10
Renault,4,1024,2020,36,6,0,11
AlphaTauri,210,1024,2020,14,7,0,12
Renault,4,1024,2020,36,6,0,13
Alfa Romeo,50,1024,2020,2,8,0,14
Haas F1 Team,208,1024,2020,1,9,0,15
Alfa Romeo,50,1024,2020,2,8,0,16
Williams,3,1024,2020,0,10,0,17
Williams,3,1024,2020,0,10,0,18
Haas F1 Team,208,1024,2020,1,9,0,19
Mercedes,130,1025,2020,221,1,5,1
Mercedes,130,1025,2020,221,1,5,2
Red Bull,9,1025,2020,135,2,1,3
Renault,4,1025,2020,36,6,0,4
Renault,4,1025,2020,36,6,0,5
Red Bull,9,1025,2020,135,2,1,6
McLaren,1,1025,2020,62,4,0,7
AlphaTauri,210,1025,2020,16,7,0,8
Racing Point,209,1025,2020,63,3,0,9
Racing Point,209,1025,2020,63,3,0,10
AlphaTauri,210,1025,2020,16,7,0,11
Alfa Romeo,50,1025,2020,2,8,0,12
Ferrari,6,1025,2020,61,5,0,13
Ferrari,6,1025,2020,61,5,0,14
Haas F1 Team,208,1025,2020,1,9,0,15
Williams,3,1025,2020,0,10,0,16
Haas F1 Team,208,1025,2020,1,9,0,17
AlphaTauri,210,1026,2020,20,7,0,1
McLaren,1,1026,2020,68,3,0,2
Racing Point,209,1026,2020,66,4,0,3
McLaren,1,1026,2020,68,3,0,4
Mercedes,130,1026,2020,264,1,6,5
Renault,4,1026,2020,59,6,0,6
Mercedes,130,1026,2020,264,1,6,7
Renault,4,1026,2020,59,6,0,8
AlphaTauri,210,1026,2020,20,7,0,9
Racing Point,209,1026,2020,66,4,0,10
Williams,3,1026,2020,0,10,0,11
Haas F1 Team,208,1026,2020,1,9,0,12
Alfa Romeo,50,1026,2020,2,8,0,13
Williams,3,1026,2020,0,10,0,14
Red Bull,9,1026,2020,158,2,1,15
Alfa Romeo,50,1026,2020,2,8,0,16
Mercedes,130,1027,2020,281,1,6,1
Mercedes,130,1027,2020,281,1,6,2
Red Bull,9,1027,2020,158,2,1,3
Renault,4,1027,2020,71,5,0,4
Racing Point,209,1027,2020,82,4,0,5
McLaren,1,1027,2020,98,3,0,6
AlphaTauri,210,1027,2020,47,7,1,7
Ferrari,6,1027,2020,61,6,0,8
Alfa Romeo,50,1027,2020,2,8,0,9
Ferrari,6,1027,2020,61,6,0,10
Williams,3,1027,2020,0,10,0,11
Haas F1 Team,208,1027,2020,1,9,0,12
Mercedes,130,1028,2020,325,1,7,1
Red Bull,9,1028,2020,173,2,1,2
Mercedes,130,1028,2020,325,1,7,3
Racing Point,209,1028,2020,92,4,0,4
Renault,4,1028,2020,83,5,0,5
Ferrari,6,1028,2020,66,6,0,6
Renault,4,1028,2020,83,5,0,7
AlphaTauri,210,1028,2020,53,7,1,8
AlphaTauri,210,1028,2020,53,7,1,9
Red Bull,9,1028,2020,173,2,1,10
Alfa Romeo,50,1028,2020,4,8,0,11
Haas F1 Team,208,1028,2020,1,9,0,12
Ferrari,6,1028,2020,66,6,0,13
Alfa Romeo,50,1028,2020,4,8,0,14
McLaren,1,1028,2020,106,3,0,15
Williams,3,1028,2020,0,10,0,16
Haas F1 Team,208,1028,2020,1,9,0,17
Williams,3,1028,2020,0,10,0,18
Mercedes,130,1029,2020,366,1,8,1
Red Bull,9,1029,2020,192,2,1,2
Renault,4,1029,2020,99,5,0,3
Racing Point,209,1029,2020,104,4,0,4
McLaren,1,1029,2020,106,3,0,5
AlphaTauri,210,1029,2020,59,7,1,6
Ferrari,6,1029,2020,74,6,0,7
Racing Point,209,1029,2020,104,4,0,8
Haas F1 Team,208,1029,2020,1,9,0,9
Alfa Romeo,50,1029,2020,4,8,0,10
Ferrari,6,1029,2020,74,6,0,11
Alfa Romeo,50,1029,2020,4,8,0,12
Haas F1 Team,208,1029,2020,1,9,0,13
Williams,3,1029,2020,0,10,0,14
AlphaTauri,210,1029,2020,59,7,1,15
Mercedes,130,1030,2020,391,1,9,1
Mercedes,130,1030,2020,391,1,9,2
Red Bull,9,1030,2020,211,2,1,3
Ferrari,6,1030,2020,80,6,0,4
AlphaTauri,210,1030,2020,67,7,1,5
McLaren,1,1030,2020,116,4,0,6
Racing Point,209,1030,2020,120,3,0,7
Renault,4,1030,2020,114,5,0,8
Renault,4,1030,2020,114,5,0,9
Ferrari,6,1030,2020,80,6,0,10
Alfa Romeo,50,1030,2020,5,8,0,11
Red Bull,9,1030,2020,211,2,1,12
McLaren,1,1030,2020,116,4,0,13
Williams,3,1030,2020,0,10,0,14
Alfa Romeo,50,1030,2020,5,8,0,15
Haas F1 Team,208,1030,2020,3,9,0,16
Haas F1 Team,208,1030,2020,3,9,0,17
Williams,3,1030,2020,0,10,0,18
AlphaTauri,210,1030,2020,67,7,1,19
Mercedes,130,1031,2020,435,1,10,1
Mercedes,130,1031,2020,435,1,10,2
Renault,4,1031,2020,120,5,0,3
AlphaTauri,210,1031,2020,77,7,1,4
Ferrari,6,1031,2020,93,6,0,5
Racing Point,209,1031,2020,126,3,0,6
McLaren,1,1031,2020,124,4,0,7
McLaren,1,1031,2020,124,4,0,8
Alfa Romeo,50,1031,2020,5,8,0,9
Alfa Romeo,50,1031,2020,5,8,0,10
Williams,3,1031,2020,0,10,0,11
Ferrari,6,1031,2020,93,6,0,12
Racing Point,209,1031,2020,126,3,0,13
Haas F1 Team,208,1031,2020,3,9,0,14
Red Bull,9,1031,2020,226,2,1,15
Mercedes,130,1032,2020,479,1,11,1
Racing Point,209,1032,2020,134,5,0,2
Ferrari,6,1032,2020,103,6,0,3
Ferrari,6,1032,2020,103,6,0,4
McLaren,1,1032,2020,134,4,0,5
Red Bull,9,1032,2020,226,2,1,6
Red Bull,9,1032,2020,226,2,1,7
McLaren,1,1032,2020,134,4,0,8
Racing Point,209,1032,2020,134,5,0,9
Renault,4,1032,2020,135,3,0,10
Renault,4,1032,2020,135,3,0,11
AlphaTauri,210,1032,2020,89,7,1,12
AlphaTauri,210,1032,2020,89,7,1,13
Mercedes,130,1032,2020,479,1,11,14
Alfa Romeo,50,1032,2020,8,8,0,15
Williams,3,1032,2020,0,10,0,16
Haas F1 Team,208,1032,2020,3,9,0,17
Mercedes,130,1033,2020,504,1,12,1
Red Bull,9,1033,2020,240,2,1,2
Red Bull,9,1033,2020,240,2,1,3
McLaren,1,1033,2020,149,4,0,4
McLaren,1,1033,2020,149,4,0,5
AlphaTauri,210,1033,2020,89,7,1,6
Renault,4,1033,2020,136,5,0,7
Mercedes,130,1033,2020,504,1,12,8
Renault,4,1033,2020,136,5,0,9
Ferrari,6,1033,2020,130,6,0,10
AlphaTauri,210,1033,2020,89,7,1,11
Williams,3,1033,2020,0,10,0,12
Ferrari,6,1033,2020,130,6,0,13
Williams,3,1033,2020,0,10,0,14
Alfa Romeo,50,1033,2020,8,8,0,15
Alfa Romeo,50,1033,2020,8,8,0,16
Haas F1 Team,208,1033,2020,3,9,0,17
Racing Point,209,1033,2020,154,3,0,18
Racing Point,209,1034,2020,154,4,0,1
Renault,4,1034,2020,144,5,0,2
Racing Point,209,1034,2020,154,4,0,3
McLaren,1,1034,2020,171,3,0,4
Renault,4,1034,2020,144,5,0,5
Red Bull,9,1034,2020,274,2,1,6
AlphaTauri,210,1034,2020,97,7,1,7
Mercedes,130,1034,2020,533,1,13,8
Mercedes,130,1034,2020,533,1,13,9
McLaren,1,1034,2020,171,3,0,10
AlphaTauri,210,1034,2020,97,7,1,11
Ferrari,6,1034,2020,131,6,0,12
Alfa Romeo,50,1034,2020,8,8,0,13
Alfa Romeo,50,1034,2020,8,8,0,14
Haas F1 Team,208,1034,2020,3,9,0,15
Williams,3,1034,2020,0,10,0,16
Haas F1 Team,208,1034,2020,3,9,0,17
Red Bull,9,1035,2020,282,2,1,1
Mercedes,130,1035,2020,540,1,13,2
Mercedes,130,1035,2020,540,1,13,3
Red Bull,9,1035,2020,282,2,1,4
McLaren,1,1035,2020,184,4,0,5
McLaren,1,1035,2020,184,4,0,6
Renault,4,1035,2020,172,5,0,7
AlphaTauri,210,1035,2020,103,7,1,8
Renault,4,1035,2020,172,5,0,9
Racing Point,209,1035,2020,194,3,1,10
AlphaTauri,210,1035,2020,103,7,1,11
Alfa Romeo,50,1035,2020,8,8,0,12
Ferrari,6,1035,2020,131,6,0,13
Ferrari,6,1035,2020,131,6,0,14
Williams,3,1035,2020,0,10,0,15
Alfa Romeo,50,1035,2020,8,8,0,16
Williams,3,1035,2020,0,10,0,17
Haas F1 Team,208,1035,2020,3,9,0,18
Haas F1 Team,208,1035,2020,3,9,0,19
Red Bull,9,1036,2021,28,2,0,1
Mercedes,130,1036,2021,41,1,1,2
McLaren,1,1036,2021,18,3,0,3
Ferrari,6,1036,2021,12,4,0,4
Ferrari,6,1036,2021,12,4,0,5
McLaren,1,1036,2021,18,3,0,6
AlphaTauri,210,1036,2021,2,5,0,7
Aston Martin,116,1036,2021,1,6,0,8
Alpine F1 Team,211,1036,2021,0,8,0,9
Alpine F1 Team,211,1036,2021,0,8,0,10
Red Bull,9,1036,2021,28,2,0,11
AlphaTauri,210,1036,2021,2,5,0,12
Alfa Romeo,50,1036,2021,0,7,0,13
Alfa Romeo,50,1036,2021,0,7,0,14
Aston Martin,116,1036,2021,1,6,0,15
Haas F1 Team,208,1036,2021,0,10,0,16
Haas F1 Team,208,1036,2021,0,10,0,17
Mercedes,130,1040,2021,60,1,1,1
Red Bull,9,1040,2021,53,2,1,2
Mercedes,130,1040,2021,60,1,1,3
Red Bull,9,1040,2021,53,2,1,4
McLaren,1,1040,2021,41,3,0,5
Ferrari,6,1040,2021,34,4,0,6
Alpine F1 Team,211,1040,2021,3,7,0,7
Alpine F1 Team,211,1040,2021,3,7,0,8
McLaren,1,1040,2021,41,3,0,9
AlphaTauri,210,1040,2021,8,5,0,10
Ferrari,6,1040,2021,34,4,0,11
Alfa Romeo,50,1040,2021,0,8,0,12
Aston Martin,116,1040,2021,5,6,0,13
Aston Martin,116,1040,2021,5,6,0,14
AlphaTauri,210,1040,2021,8,5,0,15
Williams,3,1040,2021,0,9,0,16
Haas F1 Team,208,1040,2021,0,10,0,17
Williams,3,1040,2021,0,9,0,18
Haas F1 Team,208,1040,2021,0,10,0,19
Mercedes,130,1041,2021,101,1,2,1
Red Bull,9,1041,2021,83,2,1,2
Mercedes,130,1041,2021,101,1,2,3
Ferrari,6,1041,2021,42,4,0,4
Red Bull,9,1041,2021,83,2,1,5
McLaren,1,1041,2021,53,3,0,6
Ferrari,6,1041,2021,42,4,0,7
McLaren,1,1041,2021,53,3,0,8
Alpine F1 Team,211,1041,2021,13,5,0,9
AlphaTauri,210,1041,2021,9,6,0,10
Aston Martin,116,1041,2021,5,7,0,11
Alfa Romeo,50,1041,2021,0,8,0,12
Aston Martin,116,1041,2021,5,7,0,13
Williams,3,1041,2021,0,9,0,14
Alfa Romeo,50,1041,2021,0,8,0,15
Williams,3,1041,2021,0,9,0,16
Alpine F1 Team,211,1041,2021,13,5,0,17
Haas F1 Team,208,1041,2021,0,10,0,18
Haas F1 Team,208,1041,2021,0,10,0,19
Ferrari,6,1042,2021,60,4,0,2
Red Bull,9,1042,2021,112,2,1,1
McLaren,1,1042,2021,65,3,0,3
Red Bull,9,1042,2021,112,2,1,4
Aston Martin,116,1042,2021,5,7,0,5
AlphaTauri,210,1042,2021,10,6,0,6
Mercedes,130,1042,2021,141,1,3,7
Aston Martin,116,1042,2021,5,7,0,8
Alpine F1 Team,211,1042,2021,15,5,0,9
Alfa Romeo,50,1042,2021,0,8,0,10
Alfa Romeo,50,1042,2021,0,8,0,11
McLaren,1,1042,2021,65,3,0,12
Alpine F1 Team,211,1042,2021,15,5,0,13
Williams,3,1042,2021,0,9,0,14
Williams,3,1042,2021,0,9,0,15
AlphaTauri,210,1042,2021,10,6,0,16
Haas F1 Team,208,1042,2021,0,10,0,17
Haas F1 Team,208,1042,2021,0,10,0,18
Red Bull,9,1043,2021,149,1,2,1
Aston Martin,116,1043,2021,19,5,0,2
AlphaTauri,210,1043,2021,18,6,0,3
Ferrari,6,1043,2021,78,4,0,4
McLaren,1,1043,2021,80,3,0,5
Alpine F1 Team,211,1043,2021,17,7,0,6
AlphaTauri,210,1043,2021,18,6,0,7
Ferrari,6,1043,2021,78,4,0,8
McLaren,1,1043,2021,80,3,0,9
Alfa Romeo,50,1043,2021,1,8,0,10
Alfa Romeo,50,1043,2021,1,8,0,11
Mercedes,130,1043,2021,148,2,3,12
Haas F1 Team,208,1043,2021,0,10,0,13
Haas F1 Team,208,1043,2021,0,10,0,14
Mercedes,130,1043,2021,148,2,3,15
Williams,3,1043,2021,0,9,0,16
Red Bull,9,1045,2021,174,1,3,1
Mercedes,130,1045,2021,148,2,3,2
Red Bull,9,1045,2021,174,1,3,3
Mercedes,130,1045,2021,148,2,3,4
McLaren,1,1045,2021,92,4,0,5
McLaren,1,1045,2021,92,4,0,6
AlphaTauri,210,1045,2021,39,5,0,7
Alpine F1 Team,211,1045,2021,25,7,0,8
Aston Martin,116,1045,2021,37,6,0,9
Aston Martin,116,1045,2021,37,6,0,10
Ferrari,6,1045,2021,94,3,0,11
Williams,3,1045,2021,0,10,0,12
AlphaTauri,210,1045,2021,39,5,0,13
Alpine F1 Team,211,1045,2021,25,7,0,14
Alfa Romeo,50,1045,2021,2,8,0,15
Ferrari,6,1045,2021,94,3,0,16
Alfa Romeo,50,1045,2021,2,8,0,17
Williams,3,1045,2021,0,10,0,18
Haas F1 Team,208,1045,2021,0,9,0,19
Haas F1 Team,208,1045,2021,0,9,0,20
Red Bull,9,1044,2021,215,1,4,1
Mercedes,130,1044,2021,178,2,3,2
Mercedes,130,1044,2021,178,2,3,3
Red Bull,9,1044,2021,215,1,4,4
McLaren,1,1044,2021,110,3,0,5
Ferrari,6,1044,2021,94,4,0,6
Ferrari,6,1044,2021,94,4,0,7
Aston Martin,116,1044,2021,40,6,0,8
Alpine F1 Team,211,1044,2021,29,7,0,9
AlphaTauri,210,1044,2021,45,5,0,10
Alfa Romeo,50,1044,2021,2,8,0,11
Aston Martin,116,1044,2021,40,6,0,12
McLaren,1,1044,2021,110,3,0,13
Alpine F1 Team,211,1044,2021,29,7,0,14
Alfa Romeo,50,1044,2021,2,8,0,15
Haas F1 Team,208,1044,2021,0,10,0,16
Williams,3,1044,2021,0,9,0,17
Haas F1 Team,208,1044,2021,0,10,0,18
Red Bull,9,1046,2021,252,1,5,1
Mercedes,130,1046,2021,212,2,3,2
McLaren,1,1046,2021,120,3,0,3
Mercedes,130,1046,2021,212,2,3,4
Ferrari,6,1046,2021,108,4,0,5
Red Bull,9,1046,2021,252,1,5,6
McLaren,1,1046,2021,120,3,0,7
Ferrari,6,1046,2021,108,4,0,8
AlphaTauri,210,1046,2021,46,5,0,9
Alpine F1 Team,211,1046,2021,31,7,0,10
Williams,3,1046,2021,0,9,0,11
AlphaTauri,210,1046,2021,46,5,0,12
Aston Martin,116,1046,2021,44,6,0,13
Alfa Romeo,50,1046,2021,2,8,0,14
Alfa Romeo,50,1046,2021,2,8,0,15
Williams,3,1046,2021,0,9,0,16
Aston Martin,116,1046,2021,44,6,0,17
Haas F1 Team,208,1046,2021,0,10,0,18
Haas F1 Team,208,1046,2021,0,10,0,19
Mercedes,130,1047,2021,242,2,3,1
Ferrari,6,1047,2021,122,4,0,2
Mercedes,130,1047,2021,242,2,3,3
McLaren,1,1047,2021,141,3,0,4
McLaren,1,1047,2021,141,3,0,5
Ferrari,6,1047,2021,122,4,0,6
Alpine F1 Team,211,1047,2021,32,7,0,7
Aston Martin,116,1047,2021,44,6,0,8
Alpine F1 Team,211,1047,2021,32,7,0,9
AlphaTauri,210,1047,2021,48,5,0,10
AlphaTauri,210,1047,2021,48,5,0,11
Williams,3,1047,2021,0,9,0,12
Alfa Romeo,50,1047,2021,2,8,0,13
Williams,3,1047,2021,0,9,0,14
Alfa Romeo,50,1047,2021,2,8,0,15
Red Bull,9,1047,2021,286,1,6,16
Haas F1 Team,208,1047,2021,0,10,0,17
Haas F1 Team,208,1047,2021,0,10,0,18
Alpine F1 Team,211,1048,2021,40,7,0,1
Mercedes,130,1048,2021,285,2,4,2
Ferrari,6,1048,2021,148,4,0,3
Alpine F1 Team,211,1048,2021,40,7,0,4
AlphaTauri,210,1048,2021,49,5,0,5
AlphaTauri,210,1048,2021,49,5,0,6
Williams,3,1048,2021,0,9,0,7
Williams,3,1048,2021,0,9,0,8
Red Bull,9,1048,2021,289,1,6,9
Alfa Romeo,50,1048,2021,2,8,0,10
McLaren,1,1048,2021,163,3,0,11
Haas F1 Team,208,1048,2021,0,10,0,12
Alfa Romeo,50,1048,2021,2,8,0,13
Red Bull,9,1049,2021,291,2,6,1
Williams,3,1049,2021,10,8,0,2
Mercedes,130,1049,2021,303,1,4,3
McLaren,1,1049,2021,163,4,0,4
Aston Martin,116,1049,2021,48,7,0,5
AlphaTauri,210,1049,2021,68,6,0,6
Alpine F1 Team,211,1049,2021,77,5,1,7
Ferrari,6,1049,2021,163,3,0,8
Williams,3,1049,2021,10,8,0,9
Ferrari,6,1049,2021,163,3,0,10
Alpine F1 Team,211,1049,2021,77,5,1,11
Mercedes,130,1049,2021,303,1,4,12
Alfa Romeo,50,1049,2021,3,9,0,13
McLaren,1,1049,2021,163,4,0,14
AlphaTauri,210,1049,2021,68,6,0,15
Haas F1 Team,208,1049,2021,0,10,0,16
Haas F1 Team,208,1049,2021,0,10,0,17
Alfa Romeo,50,1049,2021,3,9,0,18
Red Bull,9,1049,2021,291,2,6,19
Aston Martin,116,1049,2021,48,7,0,20
Red Bull,9,1050,2021,303,2,7,1
Mercedes,130,1050,2021,310,1,4,2
Mercedes,130,1050,2021,310,1,4,3
AlphaTauri,210,1050,2021,72,6,0,4
Ferrari,6,1050,2021,165,4,0,5
Alpine F1 Team,211,1050,2021,80,5,1,6
Ferrari,6,1050,2021,165,4,0,7
Red Bull,9,1050,2021,303,2,7,8
Alpine F1 Team,211,1050,2021,80,5,1,9
McLaren,1,1050,2021,169,3,0,10
McLaren,1,1050,2021,169,3,0,11
Aston Martin,116,1050,2021,53,7,0,12
Aston Martin,116,1050,2021,53,7,0,13
Alfa Romeo,50,1050,2021,3,9,0,14
Alfa Romeo,50,1050,2021,3,9,0,15
Williams,3,1050,2021,20,8,0,16
Williams,3,1050,2021,20,8,0,17
Haas F1 Team,208,1050,2021,0,10,0,18
McLaren,1,1051,2021,170,4,0,1
McLaren,1,1051,2021,170,4,0,2
Mercedes,130,1051,2021,344,1,4,3
Ferrari,6,1051,2021,181,3,0,4
Red Bull,9,1051,2021,332,2,8,5
Ferrari,6,1051,2021,181,3,0,6
Aston Martin,116,1051,2021,53,7,0,7
Alpine F1 Team,211,1051,2021,90,5,1,8
Williams,3,1051,2021,20,8,0,9
Alpine F1 Team,211,1051,2021,90,5,1,10
Williams,3,1051,2021,20,8,0,11
Aston Martin,116,1051,2021,53,7,0,12
Alfa Romeo,50,1051,2021,3,9,0,13
Alfa Romeo,50,1051,2021,3,9,0,14
Haas F1 Team,208,1051,2021,0,10,0,15
Mercedes,130,1052,2021,362,1,4,1
Red Bull,9,1052,2021,344,2,8,2
Ferrari,6,1052,2021,201,4,0,3
McLaren,1,1052,2021,215,3,1,4
Mercedes,130,1052,2021,362,1,4,5
Alpine F1 Team,211,1052,2021,95,5,1,6
McLaren,1,1052,2021,215,3,1,7
Alfa Romeo,50,1052,2021,3,9,0,8
Red Bull,9,1052,2021,344,2,8,9
Williams,3,1052,2021,22,8,0,10
Aston Martin,116,1052,2021,59,7,0,11
Aston Martin,116,1052,2021,59,7,0,12
AlphaTauri,210,1052,2021,84,6,0,13
Alpine F1 Team,211,1052,2021,95,5,1,14
Ferrari,6,1052,2021,201,4,0,15
Alfa Romeo,50,1052,2021,3,9,0,16
AlphaTauri,210,1052,2021,84,6,0,17
Haas F1 Team,208,1052,2021,0,10,0,18
Williams,3,1052,2021,22,8,0,19
Mercedes,130,1053,2021,397,1,5,1
Red Bull,9,1053,2021,364,2,8,2
Red Bull,9,1053,2021,364,2,8,3
Ferrari,6,1053,2021,216,4,0,4
Mercedes,130,1053,2021,397,1,5,5
AlphaTauri,210,1053,2021,84,6,0,6
McLaren,1,1053,2021,234,3,1,7
Ferrari,6,1053,2021,216,4,0,8
Aston Martin,116,1053,2021,59,7,0,9
Alpine F1 Team,211,1053,2021,103,5,1,10
Alfa Romeo,50,1053,2021,7,9,0,11
Alfa Romeo,50,1053,2021,7,9,0,12
McLaren,1,1053,2021,234,3,1,13
AlphaTauri,210,1053,2021,84,6,0,14
Williams,3,1053,2021,23,8,0,15
Alpine F1 Team,211,1053,2021,103,5,1,16
Williams,3,1053,2021,23,8,0,17
Aston Martin,116,1053,2021,59,7,0,18
Haas F1 Team,208,1053,2021,0,10,0,19
Haas F1 Team,208,1053,2021,0,10,0,20
Red Bull,9,1054,2021,397,2,8,1
Mercedes,130,1054,2021,433,1,6,2
Red Bull,9,1054,2021,397,2,8,3
Ferrari,6,1054,2021,232,4,0,4
McLaren,1,1054,2021,240,3,1,5
Mercedes,130,1054,2021,433,1,6,6
Ferrari,6,1054,2021,232,4,0,7
McLaren,1,1054,2021,240,3,1,8
AlphaTauri,210,1054,2021,92,6,0,9
Aston Martin,116,1054,2021,61,7,0,10
Alfa Romeo,50,1054,2021,7,9,0,11
Aston Martin,116,1054,2021,61,7,0,12
Alfa Romeo,50,1054,2021,7,9,0,13
Williams,3,1054,2021,23,8,0,14
Williams,3,1054,2021,23,8,0,15
Haas F1 Team,208,1054,2021,0,10,0,16
Haas F1 Team,208,1054,2021,0,10,0,17
Red Bull,9,1055,2021,437,2,9,1
Mercedes,130,1055,2021,460,1,6,2
Red Bull,9,1055,2021,437,2,9,3
AlphaTauri,210,1055,2021,94,6,0,4
Ferrari,6,1055,2021,250,4,0,5
Ferrari,6,1055,2021,250,4,0,6
Aston Martin,116,1055,2021,62,7,0,7
Alfa Romeo,50,1055,2021,7,9,0,8
Alpine F1 Team,211,1055,2021,104,5,1,9
McLaren,1,1055,2021,254,3,1,10
Alfa Romeo,50,1055,2021,7,9,0,11
McLaren,1,1055,2021,254,3,1,12
Alpine F1 Team,211,1055,2021,104,5,1,13
Aston Martin,116,1055,2021,62,7,0,14
Mercedes,130,1055,2021,460,1,6,15
Williams,3,1055,2021,23,8,0,16
Williams,3,1055,2021,23,8,0,17
Haas F1 Team,208,1055,2021,0,10,0,18
Mercedes,130,1056,2021,478,1,6,1
Red Bull,9,1056,2021,477,2,10,2
Mercedes,130,1056,2021,478,1,6,3
Red Bull,9,1056,2021,477,2,10,4
Ferrari,6,1056,2021,268,3,0,5
Ferrari,6,1056,2021,268,3,0,6
AlphaTauri,210,1056,2021,106,6,0,7
Alpine F1 Team,211,1056,2021,106,5,1,8
Alpine F1 Team,211,1056,2021,106,5,1,9
McLaren,1,1056,2021,255,4,1,10
Aston Martin,116,1056,2021,68,7,0,11
Alfa Romeo,50,1056,2021,11,9,0,12
Williams,3,1056,2021,23,8,0,13
Alfa Romeo,50,1056,2021,11,9,0,14
AlphaTauri,210,1056,2021,106,6,0,15
Williams,3,1056,2021,23,8,0,16
Haas F1 Team,208,1056,2021,0,10,0,17
Haas F1 Team,208,1056,2021,0,10,0,18
Mercedes,130,1039,2021,521,1,7,1
Red Bull,9,1039,2021,510,2,10,2
Alpine F1 Team,211,1039,2021,112,5,1,3
Red Bull,9,1039,2021,510,2,10,4
Alpine F1 Team,211,1039,2021,112,5,1,5
Aston Martin,116,1039,2021,68,7,0,6
Ferrari,6,1039,2021,287,3,0,7
Ferrari,6,1039,2021,287,3,0,8
McLaren,1,1039,2021,256,4,1,9
Aston Martin,116,1039,2021,68,7,0,10
AlphaTauri,210,1039,2021,112,6,0,11
McLaren,1,1039,2021,256,4,1,12
AlphaTauri,210,1039,2021,112,6,0,13
Alfa Romeo,50,1039,2021,11,9,0,14
Alfa Romeo,50,1039,2021,11,9,0,15
Haas F1 Team,208,1039,2021,0,10,0,16
Williams,3,1039,2021,23,8,0,17
Haas F1 Team,208,1039,2021,0,10,0,18
Mercedes,130,1057,2021,546,1,8,1
Red Bull,9,1057,2021,541,2,10,2
Mercedes,130,1057,2021,546,1,8,3
Alpine F1 Team,211,1057,2021,137,5,1,4
McLaren,1,1057,2021,258,4,1,5
AlphaTauri,210,1057,2021,112,6,0,6
Ferrari,6,1057,2021,297,3,0,7
Ferrari,6,1057,2021,297,3,0,8
Alfa Romeo,50,1057,2021,11,9,0,9
McLaren,1,1057,2021,258,4,1,10
Aston Martin,116,1057,2021,77,7,0,11
Williams,3,1057,2021,23,8,0,12
Alpine F1 Team,211,1057,2021,137,5,1,13
AlphaTauri,210,1057,2021,112,6,0,14
Alfa Romeo,50,1057,2021,11,9,0,15
Red Bull,9,1058,2021,559,2,10,1
Mercedes,130,1058,2021,587,1,9,2
Ferrari,6,1058,2021,307,3,0,3
AlphaTauri,210,1058,2021,120,6,0,4
AlphaTauri,210,1058,2021,120,6,0,5
Mercedes,130,1058,2021,587,1,9,6
McLaren,1,1058,2021,269,4,1,7
Alpine F1 Team,211,1058,2021,149,5,1,8
Alpine F1 Team,211,1058,2021,149,5,1,9
Ferrari,6,1058,2021,307,3,0,10
Aston Martin,116,1058,2021,77,7,0,11
McLaren,1,1058,2021,269,4,1,12
Aston Martin,116,1058,2021,77,7,0,13
Haas F1 Team,208,1058,2021,0,10,0,14
Red Bull,9,1058,2021,559,2,10,15
Red Bull,9,1059,2022,0,10,0,1
Ferrari,6,1059,2022,44,1,1,2
Ferrari,6,1059,2022,44,1,1,3
Red Bull,9,1059,2022,0,10,0,4
Mercedes,130,1059,2022,27,2,0,5
Alpine F1 Team,211,1059,2022,8,5,0,6
McLaren,1,1059,2022,0,9,0,7
AlphaTauri,210,1059,2022,4,6,0,8
Haas F1 Team,208,1059,2022,10,3,0,9
Mercedes,130,1059,2022,27,2,0,10
Alfa Romeo,50,1059,2022,9,4,0,11
Aston Martin,116,1059,2022,0,7,0,12
Aston Martin,116,1059,2022,0,7,0,13
Williams,3,1059,2022,0,8,0,14
Ferrari,6,1060,2022,78,1,1,1
Red Bull,9,1060,2022,37,3,1,2
Mercedes,130,1060,2022,38,2,0,3
Mercedes,130,1060,2022,38,2,0,4
McLaren,1,1060,2022,6,8,0,5
McLaren,1,1060,2022,6,8,0,6
Alpine F1 Team,211,1060,2022,16,4,0,7
Alfa Romeo,50,1060,2022,9,6,0,8
AlphaTauri,210,1060,2022,8,7,0,9
Williams,3,1060,2022,0,10,0,10
Alfa Romeo,50,1060,2022,9,6,0,11
Aston Martin,116,1060,2022,0,9,0,12
Haas F1 Team,208,1060,2022,12,5,0,13
Haas F1 Team,208,1060,2022,12,5,0,14
AlphaTauri,210,1060,2022,8,7,0,15
Williams,3,1060,2022,0,10,0,16
Alpine F1 Team,211,1060,2022,16,4,0,17
Red Bull,9,1061,2022,55,3,1,1
Red Bull,9,1061,2022,55,3,1,2
McLaren,1,1061,2022,24,4,0,3
Mercedes,130,1061,2022,65,2,0,4
Alfa Romeo,50,1061,2022,13,6,0,5
Ferrari,6,1061,2022,104,1,2,6
AlphaTauri,210,1061,2022,10,8,0,7
Aston Martin,116,1061,2022,0,10,0,8
Haas F1 Team,208,1061,2022,12,7,0,9
Aston Martin,116,1061,2022,0,10,0,10
Williams,3,1061,2022,1,9,0,11
AlphaTauri,210,1061,2022,10,8,0,12
Mercedes,130,1061,2022,65,2,0,13
Alpine F1 Team,211,1061,2022,22,5,0,14
Alfa Romeo,50,1061,2022,13,6,0,15
Williams,3,1061,2022,1,9,0,16
Haas F1 Team,208,1061,2022,12,7,0,17
McLaren,1,1061,2022,24,4,0,18
Red Bull,9,1062,2022,113,2,2,1
Ferrari,6,1062,2022,124,1,2,2
Ferrari,6,1062,2022,124,1,2,3
Red Bull,9,1062,2022,113,2,2,4
Mercedes,130,1062,2022,77,3,0,5
Mercedes,130,1062,2022,77,3,0,6
Alfa Romeo,50,1062,2022,25,5,0,7
Alpine F1 Team,211,1062,2022,22,6,0,8
Williams,3,1062,2022,1,10,0,9
Aston Martin,116,1062,2022,5,9,0,10
Alpine F1 Team,211,1062,2022,22,6,0,11
AlphaTauri,210,1062,2022,16,7,0,12
McLaren,1,1062,2022,46,4,0,13
Williams,3,1062,2022,1,10,0,14
Haas F1 Team,208,1062,2022,15,8,0,15
Haas F1 Team,208,1062,2022,15,8,0,16
Aston Martin,116,1062,2022,5,9,0,17
Red Bull,9,1063,2022,151,2,3,1
Red Bull,9,1063,2022,151,2,3,2
Mercedes,130,1063,2022,95,3,0,3
Ferrari,6,1063,2022,157,1,2,4
Mercedes,130,1063,2022,95,3,0,5
Alfa Romeo,50,1063,2022,31,5,0,6
Alpine F1 Team,211,1063,2022,26,6,0,7
McLaren,1,1063,2022,46,4,0,8
Alpine F1 Team,211,1063,2022,26,6,0,9
AlphaTauri,210,1063,2022,16,7,0,10
Aston Martin,116,1063,2022,6,9,0,11
McLaren,1,1063,2022,46,4,0,12
AlphaTauri,210,1063,2022,16,7,0,13
Haas F1 Team,208,1063,2022,15,8,0,14
Aston Martin,116,1063,2022,6,9,0,15
Williams,3,1063,2022,3,10,0,16
Haas F1 Team,208,1063,2022,15,8,0,17
Williams,3,1063,2022,3,10,0,18
Red Bull,9,1064,2022,195,1,4,1
Ferrari,6,1064,2022,169,2,2,2
Red Bull,9,1064,2022,195,1,4,3
Ferrari,6,1064,2022,169,2,2,4
Mercedes,130,1064,2022,120,3,0,5
McLaren,1,1064,2022,50,4,0,6
Alpine F1 Team,211,1064,2022,34,6,0,7
Mercedes,130,1064,2022,120,3,0,8
Alfa Romeo,50,1064,2022,39,5,0,9
Aston Martin,116,1064,2022,6,9,0,10
AlphaTauri,210,1064,2022,17,7,0,11
Alpine F1 Team,211,1064,2022,34,6,0,12
McLaren,1,1064,2022,50,4,0,13
Aston Martin,116,1064,2022,6,9,0,14
Williams,3,1064,2022,3,10,0,15
Alfa Romeo,50,1064,2022,39,5,0,16
AlphaTauri,210,1064,2022,17,7,0,17
Red Bull,9,1065,2022,235,1,5,1
Red Bull,9,1065,2022,235,1,5,2
Mercedes,130,1065,2022,134,3,0,3
Mercedes,130,1065,2022,134,3,0,4
AlphaTauri,210,1065,2022,17,7,0,5
Aston Martin,116,1065,2022,7,9,0,6
Alpine F1 Team,211,1065,2022,40,6,0,7
McLaren,1,1065,2022,59,4,0,8
McLaren,1,1065,2022,59,4,0,9
Alpine F1 Team,211,1065,2022,40,6,0,10
Alfa Romeo,50,1065,2022,41,5,0,11
Williams,3,1065,2022,3,10,0,12
AlphaTauri,210,1065,2022,17,7,0,13
Haas F1 Team,208,1065,2022,15,8,0,14
Williams,3,1065,2022,3,10,0,15
Aston Martin,116,1065,2022,7,9,0,16
Red Bull,9,1066,2022,279,1,6,1
Ferrari,6,1066,2022,199,2,2,2
Mercedes,130,1066,2022,161,3,0,3
Mercedes,130,1066,2022,161,3,0,4
Ferrari,6,1066,2022,199,2,2,5
Alpine F1 Team,211,1066,2022,47,5,0,6
Alfa Romeo,50,1066,2022,41,6,0,7
Alfa Romeo,50,1066,2022,41,6,0,8
Alpine F1 Team,211,1066,2022,47,5,0,9
Aston Martin,116,1066,2022,15,9,0,10
McLaren,1,1066,2022,65,4,0,11
Aston Martin,116,1066,2022,15,9,0,12
Williams,3,1066,2022,3,10,0,13
AlphaTauri,210,1066,2022,27,7,0,14
McLaren,1,1066,2022,65,4,0,15
Williams,3,1066,2022,3,10,0,16
Haas F1 Team,208,1066,2022,15,8,0,17
Ferrari,6,1067,2022,228,2,2,1
Red Bull,9,1067,2022,304,1,7,2
Mercedes,130,1067,2022,188,3,0,3
Ferrari,6,1067,2022,228,2,2,4
Alpine F1 Team,211,1067,2022,57,5,0,5
McLaren,1,1067,2022,65,4,0,6
Red Bull,9,1067,2022,304,1,7,7
Haas F1 Team,208,1067,2022,15,9,0,8
Aston Martin,116,1067,2022,16,8,0,9
Haas F1 Team,208,1067,2022,15,9,0,10
Aston Martin,116,1067,2022,16,8,0,11
Williams,3,1067,2022,3,10,0,12
McLaren,1,1067,2022,65,4,0,13
AlphaTauri,210,1067,2022,27,7,0,14
Ferrari,6,1068,2022,265,2,3,1
Red Bull,9,1068,2022,328,1,7,2
Mercedes,130,1068,2022,204,3,0,3
Mercedes,130,1068,2022,204,3,0,4
Alpine F1 Team,211,1068,2022,67,5,0,5
Haas F1 Team,208,1068,2022,20,8,0,6
McLaren,1,1068,2022,73,4,0,7
Haas F1 Team,208,1068,2022,20,8,0,8
McLaren,1,1068,2022,73,4,0,9
Alpine F1 Team,211,1068,2022,67,5,0,10
Alfa Romeo,50,1068,2022,51,6,0,11
Williams,3,1068,2022,3,10,0,12
Aston Martin,116,1068,2022,18,9,0,13
Alfa Romeo,50,1068,2022,51,6,0,14
AlphaTauri,210,1068,2022,27,7,0,15
AlphaTauri,210,1068,2022,27,7,0,16
Aston Martin,116,1068,2022,18,9,0,17
Red Bull,9,1069,2022,359,1,7,1
Mercedes,130,1069,2022,237,3,0,2
Mercedes,130,1069,2022,237,3,0,3
Red Bull,9,1069,2022,359,1,7,4
Ferrari,6,1069,2022,303,2,4,5
Alpine F1 Team,211,1069,2022,81,5,0,6
McLaren,1,1069,2022,81,4,0,7
Alpine F1 Team,211,1069,2022,81,5,0,8
McLaren,1,1069,2022,81,4,0,9
Aston Martin,116,1069,2022,18,9,0,10
Aston Martin,116,1069,2022,18,9,0,11
AlphaTauri,210,1069,2022,27,8,0,12
Williams,3,1069,2022,3,10,0,13
Alfa Romeo,50,1069,2022,51,6,0,14
Haas F1 Team,208,1069,2022,34,7,0,15
Alfa Romeo,50,1069,2022,51,6,0,16
Red Bull,9,1070,2022,396,1,8,1
Mercedes,130,1070,2022,270,3,0,2
Mercedes,130,1070,2022,270,3,0,3
Ferrari,6,1070,2022,314,2,4,4
Red Bull,9,1070,2022,396,1,8,5
Ferrari,6,1070,2022,314,2,4,6
McLaren,1,1070,2022,89,5,0,7
Alpine F1 Team,211,1070,2022,93,4,0,8
Alpine F1 Team,211,1070,2022,93,4,0,9
Aston Martin,116,1070,2022,19,9,0,10
Aston Martin,116,1070,2022,19,9,0,11
AlphaTauri,210,1070,2022,27,8,0,12
Alfa Romeo,50,1070,2022,51,6,0,13
Haas F1 Team,208,1070,2022,34,7,0,14
McLaren,1,1070,2022,89,5,0,15
Haas F1 Team,208,1070,2022,34,7,0,16
Williams,3,1070,2022,3,10,0,17
Williams,3,1070,2022,3,10,0,18
AlphaTauri,210,1070,2022,27,8,0,19
Alfa Romeo,50,1070,2022,51,6,0,20
Red Bull,9,1071,2022,431,1,9,1
Red Bull,9,1071,2022,431,1,9,2
Ferrari,6,1071,2022,334,2,4,3
Mercedes,130,1071,2022,304,3,0,4
Alpine F1 Team,211,1071,2022,99,4,0,5
Ferrari,6,1071,2022,334,2,4,6
Alpine F1 Team,211,1071,2022,99,4,0,7
Aston Martin,116,1071,2022,20,9,0,8
AlphaTauri,210,1071,2022,27,8,0,9
Williams,3,1071,2022,3,10,0,10
Aston Martin,116,1071,2022,20,9,0,11
McLaren,1,1071,2022,95,5,0,12
AlphaTauri,210,1071,2022,27,8,0,13
Alfa Romeo,50,1071,2022,51,6,0,14
McLaren,1,1071,2022,95,5,0,15
Haas F1 Team,208,1071,2022,34,7,0,16
Haas F1 Team,208,1071,2022,34,7,0,17
Williams,3,1071,2022,3,10,0,18
Red Bull,9,1072,2022,475,1,10,1
Mercedes,130,1072,2022,316,3,0,2
Ferrari,6,1072,2022,357,2,4,3
Mercedes,130,1072,2022,316,3,0,4
Red Bull,9,1072,2022,475,1,10,5
Alpine F1 Team,211,1072,2022,115,4,0,6
McLaren,1,1072,2022,95,5,0,7
Ferrari,6,1072,2022,357,2,4,8
Alpine F1 Team,211,1072,2022,115,4,0,9
Aston Martin,116,1072,2022,24,9,0,10
AlphaTauri,210,1072,2022,29,8,0,11
Williams,3,1072,2022,4,10,0,12
Haas F1 Team,208,1072,2022,34,7,0,13
Aston Martin,116,1072,2022,24,9,0,14
Haas F1 Team,208,1072,2022,34,7,0,15
Alfa Romeo,50,1072,2022,51,6,0,16
McLaren,1,1072,2022,95,5,0,17
Williams,3,1072,2022,4,10,0,18
Red Bull,9,1073,2022,511,1,11,1
Ferrari,6,1073,2022,376,2,4,2
Mercedes,130,1073,2022,346,3,0,3
Ferrari,6,1073,2022,376,2,4,4
Mercedes,130,1073,2022,346,3,0,5
Red Bull,9,1073,2022,511,1,11,6
McLaren,1,1073,2022,101,5,0,7
AlphaTauri,210,1073,2022,29,8,0,8
Williams,3,1073,2022,4,10,0,9
Alfa Romeo,50,1073,2022,51,6,0,10
Alpine F1 Team,211,1073,2022,125,4,0,11
Haas F1 Team,208,1073,2022,34,7,0,12
Alfa Romeo,50,1073,2022,51,6,0,13
AlphaTauri,210,1073,2022,29,8,0,14
Williams,3,1073,2022,4,10,0,15
Haas F1 Team,208,1073,2022,34,7,0,16
Red Bull,9,1074,2022,545,1,12,1
Ferrari,6,1074,2022,406,2,4,2
Ferrari,6,1074,2022,406,2,4,3
McLaren,1,1074,2022,107,5,0,4
McLaren,1,1074,2022,107,5,0,5
Aston Martin,116,1074,2022,25,9,0,6
Red Bull,9,1074,2022,545,1,12,7
Aston Martin,116,1074,2022,25,9,0,8
Mercedes,130,1074,2022,371,3,0,9
AlphaTauri,210,1074,2022,33,8,0,10
Alfa Romeo,50,1074,2022,52,6,0,11
Haas F1 Team,208,1074,2022,34,7,0,12
Haas F1 Team,208,1074,2022,34,7,0,13
Mercedes,130,1074,2022,371,3,0,14
Red Bull,9,1075,2022,576,1,13,1
Red Bull,9,1075,2022,576,1,13,2
Ferrari,6,1075,2022,439,2,4,3
Alpine F1 Team,211,1075,2022,125,5,0,4
Mercedes,130,1075,2022,373,3,0,5
Aston Martin,116,1075,2022,37,7,0,6
Alpine F1 Team,211,1075,2022,125,5,0,7
Mercedes,130,1075,2022,373,3,0,8
Williams,3,1075,2022,6,10,0,9
McLaren,1,1075,2022,129,4,0,10
McLaren,1,1075,2022,129,4,0,11
Aston Martin,116,1075,2022,37,7,0,12
AlphaTauri,210,1075,2022,34,9,0,13
Haas F1 Team,208,1075,2022,34,8,0,14
Alfa Romeo,50,1075,2022,52,6,0,15
Alfa Romeo,50,1075,2022,52,6,0,16
Haas F1 Team,208,1075,2022,34,8,0,17
AlphaTauri,210,1075,2022,34,9,0,18
Red Bull,9,1076,2022,619,1,14,1
Mercedes,130,1076,2022,387,3,0,2
Ferrari,6,1076,2022,454,2,4,3
Red Bull,9,1076,2022,619,1,14,4
Mercedes,130,1076,2022,387,3,0,5
McLaren,1,1076,2022,130,5,0,6
Alpine F1 Team,211,1076,2022,143,4,0,7
Aston Martin,116,1076,2022,45,7,0,8
Haas F1 Team,208,1076,2022,34,8,0,9
AlphaTauri,210,1076,2022,34,9,0,10
Alpine F1 Team,211,1076,2022,143,4,0,11
Alfa Romeo,50,1076,2022,52,6,0,12
Williams,3,1076,2022,8,10,0,13
AlphaTauri,210,1076,2022,34,9,0,14
Haas F1 Team,208,1076,2022,34,8,0,15
McLaren,1,1076,2022,130,5,0,16
Williams,3,1076,2022,8,10,0,17
Red Bull,9,1077,2022,656,1,15,1
Mercedes,130,1077,2022,416,3,0,2
Red Bull,9,1077,2022,656,1,15,3
Mercedes,130,1077,2022,416,3,0,4
Ferrari,6,1077,2022,469,2,4,5
Ferrari,6,1077,2022,469,2,4,6
McLaren,1,1077,2022,138,5,0,7
Alpine F1 Team,211,1077,2022,149,4,0,8
McLaren,1,1077,2022,138,5,0,9
Alfa Romeo,50,1077,2022,52,6,0,10
AlphaTauri,210,1077,2022,35,9,0,11
Williams,3,1077,2022,8,10,0,12
Alfa Romeo,50,1077,2022,52,6,0,13
Aston Martin,116,1077,2022,49,7,0,14
Aston Martin,116,1077,2022,49,7,0,15
Haas F1 Team,208,1077,2022,36,8,0,16
Haas F1 Team,208,1077,2022,36,8,0,17
Williams,3,1077,2022,8,10,0,18
Alpine F1 Team,211,1077,2022,149,4,0,19
Mercedes,130,1078,2022,447,3,0,1
Mercedes,130,1078,2022,447,3,0,2
Ferrari,6,1078,2022,487,2,4,3
Ferrari,6,1078,2022,487,2,4,4
Alpine F1 Team,211,1078,2022,153,4,0,5
Red Bull,9,1078,2022,696,1,16,6
Red Bull,9,1078,2022,696,1,16,7
Alpine F1 Team,211,1078,2022,153,4,0,8
Alfa Romeo,50,1078,2022,53,6,0,9
Aston Martin,116,1078,2022,49,7,0,10
Aston Martin,116,1078,2022,49,7,0,11
Alfa Romeo,50,1078,2022,53,6,0,12
Haas F1 Team,208,1078,2022,36,8,0,13
AlphaTauri,210,1078,2022,35,9,0,14
Williams,3,1078,2022,8,10,0,15
Williams,3,1078,2022,8,10,0,16
AlphaTauri,210,1078,2022,35,9,0,17
Red Bull,9,1079,2022,719,1,16,1
Ferrari,6,1079,2022,524,2,4,2
Red Bull,9,1079,2022,719,1,16,3
Ferrari,6,1079,2022,524,2,4,4
Mercedes,130,1079,2022,505,3,1,5
McLaren,1,1079,2022,148,5,0,6
Alpine F1 Team,211,1079,2022,167,4,0,7
Aston Martin,116,1079,2022,50,7,0,8
McLaren,1,1079,2022,148,5,0,9
Aston Martin,116,1079,2022,50,7,0,10
AlphaTauri,210,1079,2022,35,9,0,11
Alfa Romeo,50,1079,2022,55,6,0,12
Williams,3,1079,2022,8,10,0,13
AlphaTauri,210,1079,2022,35,9,0,14
Alfa Romeo,50,1079,2022,55,6,0,15
Haas F1 Team,208,1079,2022,37,8,0,16
Haas F1 Team,208,1079,2022,37,8,0,17
Mercedes,130,1079,2022,505,3,1,18
Williams,3,1079,2022,8,10,0,19
Red Bull,9,1081,2023,43,1,1,1
Red Bull,9,1081,2023,43,1,1,2
Aston Martin,116,1081,2023,23,2,0,3
Mercedes,130,1081,2023,16,3,0,4
Mercedes,130,1081,2023,16,3,0,5
Ferrari,6,1081,2023,12,4,0,6
Ferrari,6,1081,2023,12,4,0,7
Alpine F1 Team,211,1081,2023,2,6,0,8
Alpine F1 Team,211,1081,2023,2,6,0,9
Haas F1 Team,208,1081,2023,0,9,0,10
AlphaTauri,210,1081,2023,0,8,0,11
Haas F1 Team,208,1081,2023,0,9,0,12
Alfa Romeo,50,1081,2023,4,5,0,13
AlphaTauri,210,1081,2023,0,8,0,14
McLaren,1,1081,2023,0,10,0,15
Williams,3,1081,2023,1,7,0,16
McLaren,1,1081,2023,0,10,0,17
Alfa Romeo,50,1081,2023,4,5,0,18
Red Bull,9,1082,2023,87,1,2,1
Mercedes,130,1082,2023,38,3,0,2
Aston Martin,116,1082,2023,38,2,0,3
Aston Martin,116,1082,2023,38,2,0,4
Red Bull,9,1082,2023,87,1,2,5
McLaren,1,1082,2023,0,10,0,6
Haas F1 Team,208,1082,2023,1,7,0,7
McLaren,1,1082,2023,0,10,0,8
Alfa Romeo,50,1082,2023,4,6,0,9
AlphaTauri,210,1082,2023,0,9,0,10
Alfa Romeo,50,1082,2023,4,6,0,11
Ferrari,6,1082,2023,26,4,0,12
Alpine F1 Team,211,1082,2023,8,5,0,13
Alpine F1 Team,211,1082,2023,8,5,0,14
AlphaTauri,210,1082,2023,0,9,0,15
Williams,3,1082,2023,1,8,0,16
Haas F1 Team,208,1082,2023,1,7,0,17
Red Bull,9,1083,2023,123,1,3,1
Red Bull,9,1083,2023,123,1,3,2
Ferrari,6,1083,2023,26,4,0,3
Aston Martin,116,1083,2023,65,2,0,4
Ferrari,6,1083,2023,26,4,0,5
Mercedes,130,1083,2023,56,3,0,6
Aston Martin,116,1083,2023,65,2,0,7
Mercedes,130,1083,2023,56,3,0,8
McLaren,1,1083,2023,12,5,0,9
AlphaTauri,210,1083,2023,1,9,0,10
McLaren,1,1083,2023,12,5,0,11
Williams,3,1083,2023,1,10,0,12
Haas F1 Team,208,1083,2023,7,7,0,13
Alpine F1 Team,211,1083,2023,8,6,0,14
Alpine F1 Team,211,1083,2023,8,6,0,15
Williams,3,1083,2023,1,10,0,16
Haas F1 Team,208,1083,2023,7,7,0,17
Alfa Romeo,50,1083,2023,6,8,0,18
Red Bull,9,1084,2023,180,1,4,1
Red Bull,9,1084,2023,180,1,4,2
Aston Martin,116,1084,2023,87,2,0,3
Mercedes,130,1084,2023,76,3,0,4
Ferrari,6,1084,2023,62,4,0,5
Mercedes,130,1084,2023,76,3,0,6
Ferrari,6,1084,2023,62,4,0,7
Alpine F1 Team,211,1084,2023,8,6,0,8
Alpine F1 Team,211,1084,2023,8,6,0,9
Haas F1 Team,208,1084,2023,7,7,0,10
AlphaTauri,210,1084,2023,2,9,0,11
Aston Martin,116,1084,2023,87,2,0,12
Alfa Romeo,50,1084,2023,6,8,0,13
Williams,3,1084,2023,1,10,0,14
Haas F1 Team,208,1084,2023,7,7,0,15
Alfa Romeo,50,1084,2023,6,8,0,16
McLaren,1,1084,2023,14,5,0,17
AlphaTauri,210,1084,2023,2,9,0,18
McLaren,1,1084,2023,14,5,0,19
Williams,3,1084,2023,1,10,0,20
Red Bull,9,1085,2023,224,1,5,1
Aston Martin,116,1085,2023,102,2,0,2
Alpine F1 Team,211,1085,2023,14,6,0,3
Mercedes,130,1085,2023,96,3,0,4
Mercedes,130,1085,2023,96,3,0,5
Ferrari,6,1085,2023,78,4,0,6
Alpine F1 Team,211,1085,2023,14,6,0,7
Ferrari,6,1085,2023,78,4,0,8
McLaren,1,1085,2023,14,5,0,9
McLaren,1,1085,2023,14,5,0,10
Alfa Romeo,50,1085,2023,6,8,0,11
AlphaTauri,210,1085,2023,2,9,0,12
Alfa Romeo,50,1085,2023,6,8,0,13
Williams,3,1085,2023,1,10,0,14
AlphaTauri,210,1085,2023,2,9,0,15
Red Bull,9,1085,2023,224,1,5,16
Haas F1 Team,208,1085,2023,8,7,0,17
Williams,3,1085,2023,1,10,0,18
Red Bull,9,1086,2023,249,1,6,1
Mercedes,130,1086,2023,119,3,0,2
Mercedes,130,1086,2023,119,3,0,3
Red Bull,9,1086,2023,249,1,6,4
Ferrari,6,1086,2023,90,4,0,5
Aston Martin,116,1086,2023,120,2,0,6
Aston Martin,116,1086,2023,120,2,0,7
Alpine F1 Team,211,1086,2023,35,5,0,8
Alfa Romeo,50,1086,2023,6,8,0,9
Alpine F1 Team,211,1086,2023,35,5,0,10
Ferrari,6,1086,2023,90,4,0,11
AlphaTauri,210,1086,2023,2,9,0,12
McLaren,1,1086,2023,17,6,0,13
AlphaTauri,210,1086,2023,2,9,0,14
Haas F1 Team,208,1086,2023,8,7,0,15
Williams,3,1086,2023,1,10,0,16
McLaren,1,1086,2023,17,6,0,17
Haas F1 Team,208,1086,2023,8,7,0,18
Alfa Romeo,50,1086,2023,6,8,0,19
Williams,3,1086,2023,1,10,0,20
Red Bull,9,1087,2023,287,1,7,1
Aston Martin,116,1087,2023,134,3,0,2
Mercedes,130,1087,2023,152,2,0,3
Ferrari,6,1087,2023,100,4,0,4
Ferrari,6,1087,2023,100,4,0,5
Red Bull,9,1087,2023,287,1,7,6
Williams,3,1087,2023,1,10,0,7
Alpine F1 Team,211,1087,2023,40,5,0,8
Aston Martin,116,1087,2023,134,3,0,9
Alfa Romeo,50,1087,2023,8,8,0,10
McLaren,1,1087,2023,17,6,0,11
Alpine F1 Team,211,1087,2023,40,5,0,12
McLaren,1,1087,2023,17,6,0,13
AlphaTauri,210,1087,2023,2,9,0,14
Haas F1 Team,208,1087,2023,8,7,0,15
Alfa Romeo,50,1087,2023,8,8,0,16
Haas F1 Team,208,1087,2023,8,7,0,17
AlphaTauri,210,1087,2023,2,9,0,18
Red Bull,9,1088,2023,321,1,8,1
Ferrari,6,1088,2023,122,4,0,2
Red Bull,9,1088,2023,321,1,8,3
McLaren,1,1088,2023,17,6,0,4
Aston Martin,116,1088,2023,154,3,0,5
Ferrari,6,1088,2023,122,4,0,6
Mercedes,130,1088,2023,167,2,0,7
Mercedes,130,1088,2023,167,2,0,8
Aston Martin,116,1088,2023,154,3,0,9
Alpine F1 Team,211,1088,2023,44,5,0,10
Williams,3,1088,2023,7,9,0,11
Alfa Romeo,50,1088,2023,9,7,0,12
Williams,3,1088,2023,7,9,0,13
Alpine F1 Team,211,1088,2023,44,5,0,14
Alfa Romeo,50,1088,2023,9,7,0,15
McLaren,1,1088,2023,17,6,0,16
AlphaTauri,210,1088,2023,2,10,0,17
Haas F1 Team,208,1088,2023,8,8,0,18
AlphaTauri,210,1088,2023,2,10,0,19
Red Bull,9,1089,2023,377,1,9,1
McLaren,1,1089,2023,29,6,0,2
Mercedes,130,1089,2023,178,2,0,3
McLaren,1,1089,2023,29,6,0,4
Mercedes,130,1089,2023,178,2,0,5
Red Bull,9,1089,2023,377,1,9,6
Aston Martin,116,1089,2023,175,3,0,7
Williams,3,1089,2023,7,9,0,8
Ferrari,6,1089,2023,154,4,0,9
Ferrari,6,1089,2023,154,4,0,10
Williams,3,1089,2023,7,9,0,11
Alfa Romeo,50,1089,2023,9,8,0,12
Haas F1 Team,208,1089,2023,11,7,0,13
Aston Martin,116,1089,2023,175,3,0,14
Alfa Romeo,50,1089,2023,9,8,0,15
AlphaTauri,210,1089,2023,2,10,0,16
AlphaTauri,210,1089,2023,2,10,0,17
Alpine F1 Team,211,1089,2023,47,5,0,18
Red Bull,9,1090,2023,411,1,10,1
McLaren,1,1090,2023,59,5,0,2
Red Bull,9,1090,2023,411,1,10,3
Mercedes,130,1090,2023,203,2,0,4
McLaren,1,1090,2023,59,5,0,5
Mercedes,130,1090,2023,203,2,0,6
Ferrari,6,1090,2023,157,4,0,7
Ferrari,6,1090,2023,157,4,0,8
Aston Martin,116,1090,2023,181,3,0,9
Aston Martin,116,1090,2023,181,3,0,10
Williams,3,1090,2023,11,7,0,11
Alfa Romeo,50,1090,2023,9,9,0,12
AlphaTauri,210,1090,2023,2,10,0,13
Haas F1 Team,208,1090,2023,11,8,0,14
AlphaTauri,210,1090,2023,2,10,0,15
Alfa Romeo,50,1090,2023,9,9,0,16
Haas F1 Team,208,1090,2023,11,8,0,17
Red Bull,9,1091,2023,452,1,11,1
Red Bull,9,1091,2023,452,1,11,2
Ferrari,6,1091,2023,167,4,0,3
Mercedes,130,1091,2023,223,2,0,4
Aston Martin,116,1091,2023,184,3,0,5
Mercedes,130,1091,2023,223,2,0,6
McLaren,1,1091,2023,87,5,0,7
Alpine F1 Team,211,1091,2023,47,6,0,8
Aston Martin,116,1091,2023,184,3,0,9
AlphaTauri,210,1091,2023,2,10,0,10
Alpine F1 Team,211,1091,2023,47,6,0,11
Alfa Romeo,50,1091,2023,9,9,0,12
Alfa Romeo,50,1091,2023,9,9,0,13
Williams,3,1091,2023,11,7,0,14
Haas F1 Team,208,1091,2023,11,8,0,15
AlphaTauri,210,1091,2023,2,10,0,16
Williams,3,1091,2023,11,7,0,17
Haas F1 Team,208,1091,2023,11,8,0,18
Red Bull,9,1092,2023,503,1,12,1
Aston Martin,116,1092,2023,196,3,0,2
Alpine F1 Team,211,1092,2023,57,6,0,3
Red Bull,9,1092,2023,503,1,12,4
Ferrari,6,1092,2023,191,4,0,5
Mercedes,130,1092,2023,247,2,0,6
McLaren,1,1092,2023,103,5,0,7
Williams,3,1092,2023,11,7,0,8
McLaren,1,1092,2023,103,5,0,9
Alpine F1 Team,211,1092,2023,57,6,0,10
Aston Martin,116,1092,2023,196,3,0,11
Haas F1 Team,208,1092,2023,11,8,0,12
AlphaTauri,210,1092,2023,3,10,0,13
Alfa Romeo,50,1092,2023,9,9,0,14
AlphaTauri,210,1092,2023,3,10,0,15
Haas F1 Team,208,1092,2023,11,8,0,16
Mercedes,130,1092,2023,247,2,0,17
Red Bull,9,1093,2023,540,1,13,1
Red Bull,9,1093,2023,540,1,13,2
Ferrari,6,1093,2023,201,4,0,3
Ferrari,6,1093,2023,201,4,0,4
Mercedes,130,1093,2023,255,2,0,5
Mercedes,130,1093,2023,255,2,0,6
Williams,3,1093,2023,15,7,0,7
McLaren,1,1093,2023,111,5,0,8
Aston Martin,116,1093,2023,215,3,0,9
Alfa Romeo,50,1093,2023,9,9,0,10
AlphaTauri,210,1093,2023,3,10,0,11
McLaren,1,1093,2023,111,5,0,12
Williams,3,1093,2023,15,7,0,13
Alfa Romeo,50,1093,2023,9,9,0,14
Alpine F1 Team,211,1093,2023,73,6,0,15
Aston Martin,116,1093,2023,215,3,0,16
Haas F1 Team,208,1093,2023,11,8,0,17
Haas F1 Team,208,1093,2023,11,8,0,18
Ferrari,6,1094,2023,228,3,0,1
McLaren,1,1094,2023,115,5,0,2
Mercedes,130,1094,2023,273,2,0,3
Ferrari,6,1094,2023,228,3,0,4
Red Bull,9,1094,2023,583,1,14,5
Alpine F1 Team,211,1094,2023,73,6,0,6
McLaren,1,1094,2023,115,5,0,7
Red Bull,9,1094,2023,583,1,14,8
AlphaTauri,210,1094,2023,3,10,0,9
Haas F1 Team,208,1094,2023,11,8,0,10
Williams,3,1094,2023,21,7,0,11
Alfa Romeo,50,1094,2023,10,9,0,12
Haas F1 Team,208,1094,2023,11,8,0,13
Williams,3,1094,2023,21,7,0,14
Aston Martin,116,1094,2023,217,4,0,15
Mercedes,130,1094,2023,273,2,0,16
Red Bull,9,1095,2023,597,1,14,1
McLaren,1,1095,2023,139,5,0,2
McLaren,1,1095,2023,139,5,0,3
Ferrari,6,1095,2023,265,3,1,4
Mercedes,130,1095,2023,289,2,0,5
Ferrari,6,1095,2023,265,3,1,6
Mercedes,130,1095,2023,289,2,0,7
Aston Martin,116,1095,2023,217,4,0,8
Alpine F1 Team,211,1095,2023,81,6,0,9
Alpine F1 Team,211,1095,2023,81,6,0,10
AlphaTauri,210,1095,2023,5,10,0,11
AlphaTauri,210,1095,2023,5,10,0,12
Alfa Romeo,50,1095,2023,10,9,0,13
Haas F1 Team,208,1095,2023,12,8,0,14
Haas F1 Team,208,1095,2023,12,8,0,15
Red Bull,9,1096,2023,623,1,15,1
McLaren,1,1096,2023,172,5,0,2
McLaren,1,1096,2023,172,5,0,3
Mercedes,130,1096,2023,305,2,0,4
Ferrari,6,1096,2023,285,3,1,5
Aston Martin,116,1096,2023,221,4,0,6
Alpine F1 Team,211,1096,2023,84,6,0,7
Alfa Romeo,50,1096,2023,10,9,0,8
Alfa Romeo,50,1096,2023,10,9,0,9
Red Bull,9,1096,2023,623,1,15,10
Aston Martin,116,1096,2023,221,4,0,11
Alpine F1 Team,211,1096,2023,84,6,0,12
Williams,3,1096,2023,21,7,0,13
Haas F1 Team,208,1096,2023,12,8,0,14
AlphaTauri,210,1096,2023,5,10,0,15
Haas F1 Team,208,1096,2023,12,8,0,16
AlphaTauri,210,1096,2023,5,10,0,17
Red Bull,9,1097,2023,657,1,16,1
McLaren,1,1097,2023,219,5,0,2
Ferrari,6,1097,2023,298,3,1,3
Red Bull,9,1097,2023,657,1,16,4
Mercedes,130,1097,2023,326,2,0,5
Alpine F1 Team,211,1097,2023,90,6,0,6
Aston Martin,116,1097,2023,230,4,0,7
AlphaTauri,210,1097,2023,5,10,0,8
Williams,3,1097,2023,23,7,0,9
Williams,3,1097,2023,23,7,0,10
Haas F1 Team,208,1097,2023,12,9,0,11
Alfa Romeo,50,1097,2023,16,8,0,12
Alfa Romeo,50,1097,2023,16,8,0,13
Haas F1 Team,208,1097,2023,12,9,0,14
AlphaTauri,210,1097,2023,5,10,0,15
Red Bull,9,1098,2023,706,1,17,1
Mercedes,130,1098,2023,344,2,0,2
Ferrari,6,1098,2023,322,3,1,3
Ferrari,6,1098,2023,322,3,1,4
McLaren,1,1098,2023,242,4,0,5
Mercedes,130,1098,2023,344,2,0,6
AlphaTauri,210,1098,2023,10,10,0,7
McLaren,1,1098,2023,242,4,0,8
Williams,3,1098,2023,26,7,0,9
Alpine F1 Team,211,1098,2023,100,6,0,10
Alpine F1 Team,211,1098,2023,100,6,0,11
AlphaTauri,210,1098,2023,10,10,0,12
Haas F1 Team,208,1098,2023,12,9,0,13
Alfa Romeo,50,1098,2023,16,8,0,14
Alfa Romeo,50,1098,2023,16,8,0,15
Williams,3,1098,2023,26,7,0,16
Aston Martin,116,1098,2023,236,5,0,17
Red Bull,9,1099,2023,731,1,18,1
McLaren,1,1099,2023,256,4,0,2
Aston Martin,116,1099,2023,236,5,0,3
Red Bull,9,1099,2023,731,1,18,4
Aston Martin,116,1099,2023,236,5,0,5
Ferrari,6,1099,2023,349,3,1,6
Alpine F1 Team,211,1099,2023,101,6,0,7
Mercedes,130,1099,2023,371,2,0,8
AlphaTauri,210,1099,2023,16,8,0,9
Alpine F1 Team,211,1099,2023,101,6,0,10
Williams,3,1099,2023,28,7,0,11
Haas F1 Team,208,1099,2023,12,10,0,12
AlphaTauri,210,1099,2023,16,8,0,13
McLaren,1,1099,2023,256,4,0,14
Red Bull,9,1100,2023,782,1,19,1
Ferrari,6,1100,2023,362,3,1,2
Red Bull,9,1100,2023,782,1,19,3
Alpine F1 Team,211,1100,2023,108,6,0,4
Aston Martin,116,1100,2023,261,5,0,5
Ferrari,6,1100,2023,362,3,1,6
Mercedes,130,1100,2023,382,2,0,7
Mercedes,130,1100,2023,382,2,0,8
Aston Martin,116,1100,2023,261,5,0,9
McLaren,1,1100,2023,282,4,0,10
Alpine F1 Team,211,1100,2023,108,6,0,11
Williams,3,1100,2023,28,7,0,12
Haas F1 Team,208,1100,2023,12,10,0,13
AlphaTauri,210,1100,2023,21,8,0,14
Alfa Romeo,50,1100,2023,16,9,0,15
Williams,3,1100,2023,28,7,0,16
Alfa Romeo,50,1100,2023,16,9,0,17
AlphaTauri,210,1100,2023,21,8,0,18
Haas F1 Team,208,1100,2023,12,10,0,19
Red Bull,9,1101,2023,822,1,20,1
Ferrari,6,1101,2023,388,3,1,2
Mercedes,130,1101,2023,392,2,0,3
Red Bull,9,1101,2023,822,1,20,4
McLaren,1,1101,2023,284,4,0,5
McLaren,1,1101,2023,284,4,0,6
Aston Martin,116,1101,2023,273,5,0,7
AlphaTauri,210,1101,2023,21,8,0,8
Mercedes,130,1101,2023,392,2,0,9
Aston Martin,116,1101,2023,273,5,0,10
AlphaTauri,210,1101,2023,21,8,0,11
Alpine F1 Team,211,1101,2023,120,6,0,12
Alpine F1 Team,211,1101,2023,120,6,0,13
Williams,3,1101,2023,28,7,0,14
Haas F1 Team,208,1101,2023,12,10,0,15
Williams,3,1101,2023,28,7,0,16
Alfa Romeo,50,1101,2023,16,9,0,17
Ferrari,6,1101,2023,388,3,1,18
Alfa Romeo,50,1101,2023,16,9,0,19
Haas F1 Team,208,1101,2023,12,10,0,20
Red Bull,9,1103,2024,44,1,1,1
Red Bull,9,1103,2024,44,1,1,2
Ferrari,6,1103,2024,27,2,0,3
McLaren,1,1103,2024,12,4,0,4
Aston Martin,116,1103,2024,3,5,0,5
Mercedes,130,1103,2024,16,3,0,6
Ferrari,6,1103,2024,27,2,0,7
McLaren,1,1103,2024,12,4,0,8
Mercedes,130,1103,2024,16,3,0,9
Haas F1 Team,208,1103,2024,0,7,0,10
Williams,3,1103,2024,0,9,0,11
Haas F1 Team,208,1103,2024,0,7,0,12
Alpine F1 Team,211,1103,2024,0,10,0,13
Williams,3,1103,2024,0,9,0,14
RB F1 Team,212,1103,2024,0,8,0,15
RB F1 Team,212,1103,2024,0,8,0,16
Sauber,15,1103,2024,0,6,0,17
Sauber,15,1103,2024,0,6,0,18
Ferrari,6,1104,2024,49,2,0,1
Ferrari,6,1104,2024,49,2,0,2
McLaren,1,1104,2024,28,3,0,3
McLaren,1,1104,2024,28,3,0,4
Red Bull,9,1104,2024,87,1,2,5
Aston Martin,116,1104,2024,13,5,0,6
RB F1 Team,212,1104,2024,0,9,0,7
Aston Martin,116,1104,2024,13,5,0,8
Haas F1 Team,208,1104,2024,1,6,0,9
Haas F1 Team,208,1104,2024,1,6,0,10
Williams,3,1104,2024,0,7,0,11
RB F1 Team,212,1104,2024,0,9,0,12
Alpine F1 Team,211,1104,2024,0,10,0,13
Sauber,15,1104,2024,0,8,0,14
Sauber,15,1104,2024,0,8,0,15
Alpine F1 Team,211,1104,2024,0,10,0,16
Mercedes,130,1104,2024,26,4,0,17
