Name,Driver id,Race id,Year,Driver points,Driver ranking,Driver wins,Finishing position
Lewis Hamilton,1,19,2008,10,1,1,5
Nick Heidfeld,2,19,2008,8,2,0,6
Nico Rosberg,3,19,2008,6,3,0,14
Fernando Alonso,4,19,2008,5,4,0,8
Heikki Kovalainen,5,19,2008,4,5,0,3
Kazuki Nakajima,6,19,2008,3,6,0,17
Kimi Räikkönen,8,19,2008,1,8,0,1
Lewis Hamilton,1,20,2008,14,1,1,13
Nick Heidfeld,2,20,2008,11,3,0,4
Nico Rosberg,3,20,2008,6,6,0,8
Fernando Alonso,4,20,2008,6,7,0,10
Heikki Kovalainen,5,20,2008,10,4,0,5
Kazuki Nakajima,6,20,2008,3,9,0,14
Sébastien Bourdais,7,20,2008,2,10,0,15
Kimi Räikkönen,8,20,2008,11,2,1,2
Robert Kubica,9,20,2008,8,5,0,3
Jarno Trulli,15,20,2008,5,8,0,6
Mark Webber,17,20,2008,2,11,0,7
David Coulthard,14,20,2008,0,12,0,18
Giancarlo Fisichella,21,20,2008,0,15,0,12
Rubens Barrichello,22,20,2008,0,16,0,11
Anthony Davidson,19,20,2008,0,17,0,16
Takuma Sato,11,20,2008,0,18,0,17
Lewis Hamilton,1,21,2008,14,3,1,3
Nick Heidfeld,2,21,2008,16,2,0,9
Kazuki Nakajima,6,21,2008,3,11,0,7
Kimi Räikkönen,8,21,2008,19,1,1,1
Robert Kubica,9,21,2008,14,4,0,4
Jarno Trulli,15,21,2008,8,7,0,8
Mark Webber,17,21,2008,4,10,0,5
David Coulthard,14,21,2008,0,13,0,12
Jenson Button,18,21,2008,0,15,0,6
Giancarlo Fisichella,21,21,2008,0,18,0,10
Takuma Sato,11,21,2008,0,20,0,13
Felipe Massa,13,21,2008,10,6,1,2
Timo Glock,10,21,2008,0,14,0,11
Lewis Hamilton,1,22,2008,20,2,1,2
Nick Heidfeld,2,22,2008,16,5,0,5
Nico Rosberg,3,22,2008,7,9,0,8
Fernando Alonso,4,22,2008,6,10,0,6
Heikki Kovalainen,5,22,2008,14,6,0,12
Kimi Räikkönen,8,22,2008,29,1,2,3
Robert Kubica,9,22,2008,19,3,0,4
Jarno Trulli,15,22,2008,9,7,0,10
Mark Webber,17,22,2008,8,8,0,7
David Coulthard,14,22,2008,0,15,0,9
Jenson Button,18,22,2008,3,12,0,11
Nelson Piquet Jr.,12,22,2008,0,18,0,15
Rubens Barrichello,22,22,2008,0,17,0,14
Felipe Massa,13,22,2008,18,4,1,1
Timo Glock,10,22,2008,0,14,0,13
Adrian Sutil,16,22,2008,0,21,0,16
Lewis Hamilton,1,23,2008,28,3,1,1
Nick Heidfeld,2,23,2008,20,5,0,14
Fernando Alonso,4,23,2008,9,8,0,10
Heikki Kovalainen,5,23,2008,14,6,0,8
Kazuki Nakajima,6,23,2008,5,11,0,7
Kimi Räikkönen,8,23,2008,35,1,2,9
Robert Kubica,9,23,2008,24,4,0,2
Jarno Trulli,15,23,2008,9,9,0,13
Mark Webber,17,23,2008,10,7,0,4
Jenson Button,18,23,2008,3,12,0,11
Rubens Barrichello,22,23,2008,0,17,0,6
Felipe Massa,13,23,2008,28,2,2,3
Timo Glock,10,23,2008,0,15,0,12
Sebastian Vettel,20,23,2008,0,22,0,5
Nick Heidfeld,2,24,2008,20,5,0,2
Nico Rosberg,3,24,2008,8,10,0,10
Heikki Kovalainen,5,24,2008,15,6,0,9
Sébastien Bourdais,7,24,2008,2,15,0,13
Robert Kubica,9,24,2008,32,4,0,1
Jarno Trulli,15,24,2008,9,9,0,6
Mark Webber,17,24,2008,15,7,0,12
David Coulthard,14,24,2008,0,16,0,3
Jenson Button,18,24,2008,3,13,0,11
Rubens Barrichello,22,24,2008,3,14,0,7
Felipe Massa,13,24,2008,34,3,2,5
Timo Glock,10,24,2008,0,17,0,4
Sebastian Vettel,20,24,2008,4,12,0,8
Lewis Hamilton,1,25,2008,38,2,2,10
Nick Heidfeld,2,25,2008,28,5,0,13
Nico Rosberg,3,25,2008,8,10,0,16
Fernando Alonso,4,25,2008,9,9,0,8
Heikki Kovalainen,5,25,2008,15,6,0,4
Kazuki Nakajima,6,25,2008,7,11,0,15
Sébastien Bourdais,7,25,2008,2,17,0,17
Kimi Räikkönen,8,25,2008,35,4,2,2
Robert Kubica,9,25,2008,42,1,1,5
Jarno Trulli,15,25,2008,12,8,0,3
Mark Webber,17,25,2008,15,7,0,6
David Coulthard,14,25,2008,6,12,0,9
Nelson Piquet Jr.,12,25,2008,0,19,0,7
Giancarlo Fisichella,21,25,2008,0,18,0,18
Rubens Barrichello,22,25,2008,5,15,0,14
Felipe Massa,13,25,2008,38,3,2,1
Timo Glock,10,25,2008,5,13,0,11
Adrian Sutil,16,25,2008,0,22,0,19
Sebastian Vettel,20,25,2008,5,14,0,12
Lewis Hamilton,1,26,2008,38,4,2,1
Nick Heidfeld,2,26,2008,28,5,0,2
Nico Rosberg,3,26,2008,8,10,0,9
Fernando Alonso,4,26,2008,10,9,0,6
Heikki Kovalainen,5,26,2008,20,6,0,5
Kazuki Nakajima,6,26,2008,7,11,0,8
Sébastien Bourdais,7,26,2008,2,18,0,11
Kimi Räikkönen,8,26,2008,43,3,2,4
Jarno Trulli,15,26,2008,18,7,0,7
Mark Webber,17,26,2008,18,8,0,10
Rubens Barrichello,22,26,2008,5,15,0,3
Felipe Massa,13,26,2008,48,1,3,13
Timo Glock,10,26,2008,5,13,0,12
Lewis Hamilton,1,27,2008,48,1,3,1
Nick Heidfeld,2,27,2008,36,5,0,4
Nico Rosberg,3,27,2008,8,11,0,10
Fernando Alonso,4,27,2008,13,9,0,11
Heikki Kovalainen,5,27,2008,24,6,0,5
Kazuki Nakajima,6,27,2008,8,12,0,14
Sébastien Bourdais,7,27,2008,2,17,0,12
Kimi Räikkönen,8,27,2008,48,3,2,6
Robert Kubica,9,27,2008,46,4,1,7
Jarno Trulli,15,27,2008,20,7,0,9
David Coulthard,14,27,2008,6,13,0,13
Jenson Button,18,27,2008,3,16,0,17
Nelson Piquet Jr.,12,27,2008,2,18,0,2
Giancarlo Fisichella,21,27,2008,0,19,0,16
Felipe Massa,13,27,2008,48,2,3,3
Adrian Sutil,16,27,2008,0,22,0,15
Sebastian Vettel,20,27,2008,5,15,0,8
Lewis Hamilton,1,28,2008,58,1,4,5
Nick Heidfeld,2,28,2008,41,5,0,10
Nico Rosberg,3,28,2008,8,12,0,14
Fernando Alonso,4,28,2008,13,9,0,4
Heikki Kovalainen,5,28,2008,28,6,0,1
Kazuki Nakajima,6,28,2008,8,13,0,13
Sébastien Bourdais,7,28,2008,2,18,0,18
Kimi Räikkönen,8,28,2008,51,3,2,3
Robert Kubica,9,28,2008,48,4,1,8
Jarno Trulli,15,28,2008,20,7,0,7
Mark Webber,17,28,2008,18,8,0,9
David Coulthard,14,28,2008,6,14,0,11
Jenson Button,18,28,2008,3,17,0,12
Nelson Piquet Jr.,12,28,2008,10,11,0,6
Giancarlo Fisichella,21,28,2008,0,19,0,15
Rubens Barrichello,22,28,2008,11,10,0,16
Felipe Massa,13,28,2008,54,2,3,17
Timo Glock,10,28,2008,5,16,0,2
Lewis Hamilton,1,29,2008,62,1,4,2
Nick Heidfeld,2,29,2008,41,5,0,9
Nico Rosberg,3,29,2008,8,13,0,8
Heikki Kovalainen,5,29,2008,38,6,1,4
Kazuki Nakajima,6,29,2008,8,14,0,15
Sébastien Bourdais,7,29,2008,2,18,0,10
Robert Kubica,9,29,2008,49,4,1,3
Jarno Trulli,15,29,2008,22,7,0,5
Mark Webber,17,29,2008,18,9,0,12
David Coulthard,14,29,2008,6,15,0,17
Jenson Button,18,29,2008,3,17,0,13
Nelson Piquet Jr.,12,29,2008,13,11,0,11
Giancarlo Fisichella,21,29,2008,0,19,0,14
Rubens Barrichello,22,29,2008,11,12,0,16
Felipe Massa,13,29,2008,54,3,3,1
Timo Glock,10,29,2008,13,10,0,7
Sebastian Vettel,20,29,2008,6,16,0,6
Lewis Hamilton,1,30,2008,70,1,4,3
Nick Heidfeld,2,30,2008,41,6,0,2
Nico Rosberg,3,30,2008,9,13,0,12
Fernando Alonso,4,30,2008,18,8,0,4
Heikki Kovalainen,5,30,2008,43,5,1,10
Kazuki Nakajima,6,30,2008,8,15,0,14
Sébastien Bourdais,7,30,2008,2,18,0,7
Kimi Räikkönen,8,30,2008,57,3,2,18
Robert Kubica,9,30,2008,55,4,1,6
Jarno Trulli,15,30,2008,26,7,0,16
Mark Webber,17,30,2008,18,9,0,8
David Coulthard,14,30,2008,6,16,0,11
Jenson Button,18,30,2008,3,17,0,15
Giancarlo Fisichella,21,30,2008,0,19,0,17
Felipe Massa,13,30,2008,64,2,4,1
Timo Glock,10,30,2008,15,10,0,9
Adrian Sutil,16,30,2008,0,21,0,13
Sebastian Vettel,20,30,2008,9,14,0,5
Lewis Hamilton,1,31,2008,76,1,4,7
Nick Heidfeld,2,31,2008,49,5,0,5
Nico Rosberg,3,31,2008,9,14,0,14
Fernando Alonso,4,31,2008,23,8,0,4
Heikki Kovalainen,5,31,2008,43,6,1,2
Kazuki Nakajima,6,31,2008,8,15,0,12
Sébastien Bourdais,7,31,2008,4,17,0,18
Kimi Räikkönen,8,31,2008,57,4,2,9
Robert Kubica,9,31,2008,58,3,1,3
Jarno Trulli,15,31,2008,26,7,0,13
Mark Webber,17,31,2008,19,9,0,8
David Coulthard,14,31,2008,6,16,0,16
Jenson Button,18,31,2008,3,18,0,15
Nelson Piquet Jr.,12,31,2008,13,11,0,10
Rubens Barrichello,22,31,2008,11,13,0,17
Felipe Massa,13,31,2008,74,2,5,6
Timo Glock,10,31,2008,15,10,0,11
Adrian Sutil,16,31,2008,0,20,0,19
Sebastian Vettel,20,31,2008,13,12,0,1
Lewis Hamilton,1,32,2008,78,1,4,3
Nick Heidfeld,2,32,2008,53,5,0,6
Nico Rosberg,3,32,2008,9,14,0,2
Fernando Alonso,4,32,2008,28,7,0,1
Heikki Kovalainen,5,32,2008,51,6,1,10
Kazuki Nakajima,6,32,2008,8,15,0,8
Sébastien Bourdais,7,32,2008,4,17,0,12
Kimi Räikkönen,8,32,2008,57,4,2,15
Robert Kubica,9,32,2008,64,3,1,11
David Coulthard,14,32,2008,6,16,0,7
Jenson Button,18,32,2008,3,18,0,9
Giancarlo Fisichella,21,32,2008,0,19,0,14
Felipe Massa,13,32,2008,77,2,5,13
Timo Glock,10,32,2008,15,11,0,4
Sebastian Vettel,20,32,2008,23,9,1,5
Lewis Hamilton,1,33,2008,84,1,4,12
Nick Heidfeld,2,33,2008,56,5,0,9
Nico Rosberg,3,33,2008,17,12,0,11
Fernando Alonso,4,33,2008,38,7,1,1
Kazuki Nakajima,6,33,2008,9,15,0,15
Sébastien Bourdais,7,33,2008,4,17,0,10
Kimi Räikkönen,8,33,2008,57,4,2,3
Robert Kubica,9,33,2008,64,3,1,2
Jarno Trulli,15,33,2008,26,9,0,5
Mark Webber,17,33,2008,20,11,0,8
Jenson Button,18,33,2008,3,18,0,14
Nelson Piquet Jr.,12,33,2008,13,13,0,4
Rubens Barrichello,22,33,2008,11,14,0,13
Felipe Massa,13,33,2008,77,2,5,7
Sebastian Vettel,20,33,2008,27,8,1,6
Lewis Hamilton,1,34,2008,84,1,4,1
Nick Heidfeld,2,34,2008,56,5,0,5
Nico Rosberg,3,34,2008,17,13,0,15
Fernando Alonso,4,34,2008,48,7,2,4
Kazuki Nakajima,6,34,2008,9,15,0,12
Sébastien Bourdais,7,34,2008,4,17,0,13
Kimi Räikkönen,8,34,2008,63,4,2,3
Robert Kubica,9,34,2008,72,3,1,6
Mark Webber,17,34,2008,21,10,0,14
David Coulthard,14,34,2008,8,16,0,10
Jenson Button,18,34,2008,3,18,0,16
Nelson Piquet Jr.,12,34,2008,18,12,0,8
Giancarlo Fisichella,21,34,2008,0,19,0,17
Rubens Barrichello,22,34,2008,11,14,0,11
Felipe Massa,13,34,2008,79,2,5,2
Timo Glock,10,34,2008,20,11,0,7
Sebastian Vettel,20,34,2008,30,8,1,9
Sebastian Vettel,20,35,2008,30,8,1,4
Adrian Sutil,16,35,2008,0,20,0,16
Timo Glock,10,35,2008,22,10,0,6
Felipe Massa,13,35,2008,87,2,5,1
Rubens Barrichello,22,35,2008,11,14,0,15
Giancarlo Fisichella,21,35,2008,0,19,0,18
Jenson Button,18,35,2008,3,18,0,13
Mark Webber,17,35,2008,21,11,0,9
Jarno Trulli,15,35,2008,30,9,0,8
Robert Kubica,9,35,2008,75,3,1,11
Kimi Räikkönen,8,35,2008,69,4,2,3
Sébastien Bourdais,7,35,2008,4,17,0,14
Kazuki Nakajima,6,35,2008,9,15,0,17
Heikki Kovalainen,5,35,2008,51,7,1,7
Fernando Alonso,4,35,2008,53,6,2,2
Nico Rosberg,3,35,2008,17,13,0,12
Nick Heidfeld,2,35,2008,60,5,0,10
Lewis Hamilton,1,35,2008,94,1,5,5
Anthony Davidson,19,37,2007,0,16,0,16
Jenson Button,18,37,2007,0,15,0,12
Vitantonio Liuzzi,24,37,2007,0,14,0,17
Mark Webber,17,37,2007,0,13,0,10
Takuma Sato,11,37,2007,0,12,0,13
Rubens Barrichello,22,37,2007,0,11,0,11
Heikki Kovalainen,5,37,2007,0,10,0,8
Jarno Trulli,15,37,2007,0,9,0,7
Ralf Schumacher,23,37,2007,1,8,0,15
Felipe Massa,13,37,2007,3,6,0,5
Giancarlo Fisichella,21,37,2007,4,5,0,6
Robert Kubica,9,38,2007,0,20,0,6
Alexander Wurz,25,38,2007,0,11,0,11
Adrian Sutil,16,38,2007,0,19,0,15
Anthony Davidson,19,38,2007,0,18,0,16
Rubens Barrichello,22,38,2007,0,13,0,13
Heikki Kovalainen,5,38,2007,1,9,0,9
Jarno Trulli,15,38,2007,2,7,0,7
Ralf Schumacher,23,38,2007,1,10,0,12
Felipe Massa,13,38,2007,7,6,0,1
Christijan Albers,27,39,2007,0,18,0,14
Robert Kubica,9,39,2007,3,8,0,4
Adrian Sutil,16,39,2007,0,20,0,13
Anthony Davidson,19,39,2007,0,21,0,11
Jenson Button,18,39,2007,0,16,0,12
Takuma Sato,11,39,2007,0,15,0,8
Rubens Barrichello,22,39,2007,0,14,0,10
Heikki Kovalainen,5,39,2007,1,10,0,7
Nico Rosberg,3,39,2007,2,9,0,6
Felipe Massa,13,39,2007,17,4,1,1
Giancarlo Fisichella,21,39,2007,8,6,0,9
Lewis Hamilton,1,39,2007,22,3,0,2
Fernando Alonso,4,39,2007,22,1,1,3
David Coulthard,14,40,2007,4,9,0,14
Christijan Albers,27,40,2007,0,20,0,19
Robert Kubica,9,40,2007,8,6,0,5
Scott Speed,26,40,2007,0,22,0,9
Alexander Wurz,25,40,2007,0,14,0,7
Anthony Davidson,19,40,2007,0,17,0,18
Jenson Button,18,40,2007,0,18,0,11
Takuma Sato,11,40,2007,1,12,0,17
Rubens Barrichello,22,40,2007,0,15,0,10
Heikki Kovalainen,5,40,2007,3,11,0,13
Jarno Trulli,15,40,2007,4,10,0,15
Ralf Schumacher,23,40,2007,1,13,0,16
Nico Rosberg,3,40,2007,5,8,0,12
Giancarlo Fisichella,21,40,2007,8,7,0,4
Alexander Wurz,25,41,2007,2,12,0,3
Anthony Davidson,19,41,2007,0,19,0,11
Mark Webber,17,41,2007,0,17,0,9
Takuma Sato,11,41,2007,1,13,0,6
Rubens Barrichello,22,41,2007,0,16,0,12
Heikki Kovalainen,5,41,2007,3,11,0,4
Ralf Schumacher,23,41,2007,1,14,0,8
Nico Rosberg,3,41,2007,5,8,0,10
Christijan Albers,27,42,2007,0,21,0,15
Scott Speed,26,42,2007,0,16,0,13
Alexander Wurz,25,42,2007,8,8,0,10
Adrian Sutil,16,42,2007,0,20,0,14
Anthony Davidson,19,42,2007,0,18,0,11
Jenson Button,18,42,2007,0,19,0,12
Vitantonio Liuzzi,24,42,2007,0,22,0,17
Heikki Kovalainen,5,42,2007,8,9,0,5
Nico Rosberg,3,42,2007,5,10,0,16
Felipe Massa,13,42,2007,33,3,2,3
Fernando Alonso,4,42,2007,40,2,2,2
David Coulthard,14,43,2007,4,12,0,13
Robert Kubica,9,43,2007,12,7,0,4
Alexander Wurz,25,43,2007,8,9,0,14
Adrian Sutil,16,43,2007,0,21,0,17
Jenson Button,18,43,2007,0,20,0,8
Takuma Sato,11,43,2007,4,13,0,16
Heikki Kovalainen,5,43,2007,12,8,0,15
Ralf Schumacher,23,43,2007,2,15,0,10
Nico Rosberg,3,43,2007,5,11,0,9
Felipe Massa,13,43,2007,39,3,2,2
Nick Heidfeld,2,43,2007,26,5,0,5
Fernando Alonso,4,43,2007,48,2,2,7
David Coulthard,14,44,2007,4,12,0,11
Christijan Albers,27,44,2007,0,22,0,15
Robert Kubica,9,44,2007,17,6,0,4
Alexander Wurz,25,44,2007,8,9,0,13
Jenson Button,18,44,2007,1,16,0,10
Vitantonio Liuzzi,24,44,2007,0,23,0,16
Takuma Sato,11,44,2007,4,13,0,14
Heikki Kovalainen,5,44,2007,12,8,0,7
Nico Rosberg,3,44,2007,5,11,0,12
Felipe Massa,13,44,2007,47,3,2,5
Nick Heidfeld,2,44,2007,30,5,0,6
Fernando Alonso,4,44,2007,50,2,2,2
David Coulthard,14,45,2007,4,12,0,5
Robert Kubica,9,45,2007,22,6,0,7
Alexander Wurz,25,45,2007,8,9,0,4
Anthony Davidson,19,45,2007,0,20,0,12
Mark Webber,17,45,2007,2,14,0,3
Heikki Kovalainen,5,45,2007,14,8,0,8
Giancarlo Fisichella,21,45,2007,17,7,0,10
Fernando Alonso,4,45,2007,58,2,2,1
Sebastian Vettel,20,46,2007,1,17,0,16
David Coulthard,14,46,2007,8,11,0,11
Robert Kubica,9,46,2007,24,6,0,5
Alexander Wurz,25,46,2007,13,9,0,14
Adrian Sutil,16,46,2007,0,21,0,17
Mark Webber,17,46,2007,8,10,0,9
Takuma Sato,11,46,2007,4,14,0,15
Rubens Barrichello,22,46,2007,0,18,0,18
Heikki Kovalainen,5,46,2007,15,8,0,8
Jarno Trulli,15,46,2007,7,12,0,10
Ralf Schumacher,23,46,2007,2,15,0,6
Felipe Massa,13,46,2007,59,3,2,13
Nick Heidfeld,2,46,2007,36,5,0,3
Nick Heidfeld,2,47,2007,42,5,0,4
Sebastian Vettel,20,47,2007,1,17,0,19
David Coulthard,14,47,2007,8,11,0,10
Robert Kubica,9,47,2007,28,6,0,8
Alexander Wurz,25,47,2007,13,9,0,11
Adrian Sutil,16,47,2007,0,21,0,21
Anthony Davidson,19,47,2007,0,20,0,14
Jenson Button,18,47,2007,1,16,0,13
Vitantonio Liuzzi,24,47,2007,0,23,0,15
Takuma Sato,11,47,2007,4,15,0,18
Heikki Kovalainen,5,47,2007,16,8,0,6
Jarno Trulli,15,47,2007,7,13,0,16
Ralf Schumacher,23,47,2007,5,14,0,12
Nico Rosberg,3,47,2007,7,12,0,7
Giancarlo Fisichella,21,47,2007,17,7,0,9
Fernando Alonso,4,47,2007,73,2,3,3
Giancarlo Fisichella,21,48,2007,17,8,0,12
Sakon Yamamoto,29,48,2007,0,24,0,20
Sebastian Vettel,20,48,2007,1,17,0,18
Robert Kubica,9,48,2007,29,6,0,5
Alexander Wurz,25,48,2007,13,9,0,13
Adrian Sutil,16,48,2007,0,21,0,19
Anthony Davidson,19,48,2007,0,20,0,14
Jenson Button,18,48,2007,1,16,0,8
Vitantonio Liuzzi,24,48,2007,0,23,0,17
Mark Webber,17,48,2007,8,11,0,9
Takuma Sato,11,48,2007,4,15,0,16
Rubens Barrichello,22,48,2007,0,18,0,10
Heikki Kovalainen,5,48,2007,19,7,0,7
Nico Rosberg,3,48,2007,9,10,0,6
Nick Heidfeld,2,48,2007,47,5,0,4
Fernando Alonso,4,48,2007,79,2,3,1
Nick Heidfeld,2,49,2007,52,5,0,5
Sakon Yamamoto,29,49,2007,0,24,0,17
Robert Kubica,9,49,2007,33,6,0,9
Adrian Sutil,16,49,2007,0,21,0,14
Anthony Davidson,19,49,2007,0,20,0,16
Vitantonio Liuzzi,24,49,2007,0,23,0,12
Mark Webber,17,49,2007,8,11,0,7
Takuma Sato,11,49,2007,4,15,0,15
Rubens Barrichello,22,49,2007,0,18,0,13
Heikki Kovalainen,5,49,2007,21,7,0,8
Jarno Trulli,15,49,2007,7,13,0,11
Felipe Massa,13,49,2007,69,4,3,2
Fernando Alonso,4,49,2007,89,2,4,3
Nick Heidfeld,2,50,2007,56,5,0,14
Sakon Yamamoto,29,50,2007,0,24,0,12
David Coulthard,14,50,2007,8,12,0,4
Robert Kubica,9,50,2007,33,6,0,7
Adrian Sutil,16,50,2007,0,22,0,8
Jenson Button,18,50,2007,2,16,0,11
Vitantonio Liuzzi,24,50,2007,0,21,0,9
Takuma Sato,11,50,2007,4,15,0,15
Rubens Barrichello,22,50,2007,0,18,0,10
Heikki Kovalainen,5,50,2007,22,7,0,2
Jarno Trulli,15,50,2007,7,13,0,13
Felipe Massa,13,50,2007,77,4,3,6
Giancarlo Fisichella,21,50,2007,17,8,0,5
Nick Heidfeld,2,51,2007,56,5,0,7
Sakon Yamamoto,29,51,2007,0,23,0,17
Sebastian Vettel,20,51,2007,1,18,0,4
David Coulthard,14,51,2007,13,11,0,8
Alexander Wurz,25,51,2007,13,10,0,12
Jenson Button,18,51,2007,2,16,0,5
Vitantonio Liuzzi,24,51,2007,0,20,0,6
Mark Webber,17,51,2007,10,12,0,10
Takuma Sato,11,51,2007,4,15,0,14
Rubens Barrichello,22,51,2007,0,19,0,15
Heikki Kovalainen,5,51,2007,30,7,0,9
Jarno Trulli,15,51,2007,7,13,0,13
Felipe Massa,13,51,2007,80,4,3,3
Giancarlo Fisichella,21,51,2007,21,8,0,11
Fernando Alonso,4,51,2007,95,2,4,2
Nick Heidfeld,2,52,2007,58,5,0,6
David Coulthard,14,52,2007,14,10,0,9
Robert Kubica,9,52,2007,35,6,0,5
Anthony Davidson,19,52,2007,0,22,0,14
Vitantonio Liuzzi,24,52,2007,3,18,0,13
Takuma Sato,11,52,2007,4,17,0,12
Jarno Trulli,15,52,2007,7,13,0,8
Ralf Schumacher,23,52,2007,5,16,0,11
Felipe Massa,13,52,2007,86,4,3,2
Fernando Alonso,4,52,2007,103,2,4,3
Takuma Sato,11,54,2006,0,18,0,14
Tiago Monteiro,33,54,2006,0,17,0,13
Jarno Trulli,15,54,2006,0,16,0,9
Rubens Barrichello,22,54,2006,0,15,0,10
Ralf Schumacher,23,54,2006,0,14,0,8
Vitantonio Liuzzi,24,54,2006,0,11,0,11
Felipe Massa,13,54,2006,0,9,0,5
Juan Pablo Montoya,31,54,2006,4,5,0,4
Jenson Button,18,54,2006,5,4,0,3
Michael Schumacher,30,54,2006,8,2,0,6
Fernando Alonso,4,54,2006,10,1,1,2
Christijan Albers,27,55,2006,0,17,0,11
Jacques Villeneuve,35,55,2006,2,10,0,6
Giancarlo Fisichella,21,55,2006,10,4,1,5
Takuma Sato,11,55,2006,0,21,0,12
Rubens Barrichello,22,55,2006,0,14,0,7
Ralf Schumacher,23,55,2006,1,11,0,3
Scott Speed,26,55,2006,0,20,0,9
Nick Heidfeld,2,55,2006,0,18,0,4
David Coulthard,14,55,2006,0,15,0,8
Jenson Button,18,55,2006,11,3,0,10
Kimi Räikkönen,8,55,2006,6,6,0,2
Fernando Alonso,4,55,2006,18,1,1,1
Jacques Villeneuve,35,56,2006,5,9,0,12
Giancarlo Fisichella,21,56,2006,14,2,1,8
Tiago Monteiro,33,56,2006,0,21,0,16
Rubens Barrichello,22,56,2006,2,12,0,10
Ralf Schumacher,23,56,2006,7,7,0,9
Scott Speed,26,56,2006,0,16,0,15
Nick Heidfeld,2,56,2006,5,8,0,13
Vitantonio Liuzzi,24,56,2006,0,18,0,14
Felipe Massa,13,56,2006,4,10,0,4
Nico Rosberg,3,56,2006,2,13,0,11
Mark Webber,17,56,2006,3,11,0,6
Juan Pablo Montoya,31,56,2006,9,6,0,3
Jenson Button,18,56,2006,11,5,0,7
Kimi Räikkönen,8,56,2006,14,3,0,5
Michael Schumacher,30,56,2006,11,4,0,1
Fernando Alonso,4,56,2006,28,1,2,2
Christijan Albers,27,57,2006,0,19,0,13
Jacques Villeneuve,35,57,2006,5,11,0,8
Giancarlo Fisichella,21,57,2006,15,4,1,6
Tiago Monteiro,33,57,2006,0,21,0,12
Jarno Trulli,15,57,2006,0,17,0,9
Rubens Barrichello,22,57,2006,2,12,0,5
Scott Speed,26,57,2006,0,16,0,11
Nick Heidfeld,2,57,2006,5,10,0,10
Felipe Massa,13,57,2006,9,7,0,3
Nico Rosberg,3,57,2006,2,13,0,7
Kimi Räikkönen,8,57,2006,18,3,0,4
Michael Schumacher,30,57,2006,21,2,1,1
Fernando Alonso,4,57,2006,36,1,2,2
Jacques Villeneuve,35,58,2006,6,11,0,12
Giancarlo Fisichella,21,58,2006,18,4,1,3
Takuma Sato,11,58,2006,0,21,0,17
Tiago Monteiro,33,58,2006,0,20,0,16
Jarno Trulli,15,58,2006,0,16,0,10
Rubens Barrichello,22,58,2006,6,9,0,7
Nick Heidfeld,2,58,2006,5,12,0,8
Vitantonio Liuzzi,24,58,2006,0,18,0,15
David Coulthard,14,58,2006,1,14,0,14
Felipe Massa,13,58,2006,15,5,0,4
Christian Klien,32,58,2006,1,15,0,13
Nico Rosberg,3,58,2006,4,13,0,11
Mark Webber,17,58,2006,6,10,0,9
Jenson Button,18,58,2006,13,7,0,6
Kimi Räikkönen,8,58,2006,23,3,0,5
Michael Schumacher,30,58,2006,31,2,2,2
Fernando Alonso,4,58,2006,44,1,2,1
Christijan Albers,27,59,2006,0,19,0,12
Jacques Villeneuve,35,59,2006,6,12,0,14
Giancarlo Fisichella,21,59,2006,24,4,1,6
Tiago Monteiro,33,59,2006,0,20,0,15
Jarno Trulli,15,59,2006,0,16,0,17
Rubens Barrichello,22,59,2006,8,8,0,4
Ralf Schumacher,23,59,2006,7,9,0,8
Scott Speed,26,59,2006,0,17,0,13
Nick Heidfeld,2,59,2006,6,10,0,7
Vitantonio Liuzzi,24,59,2006,0,18,0,10
David Coulthard,14,59,2006,1,14,0,3
Felipe Massa,13,59,2006,20,5,0,9
Juan Pablo Montoya,31,59,2006,15,7,0,2
Jenson Button,18,59,2006,16,6,0,11
Michael Schumacher,30,59,2006,39,2,2,5
Fernando Alonso,4,59,2006,54,1,3,1
Franck Montagny,36,60,2006,0,23,0,18
Christijan Albers,27,60,2006,0,19,0,15
Jacques Villeneuve,35,60,2006,6,13,0,8
Giancarlo Fisichella,21,60,2006,27,3,1,4
Takuma Sato,11,60,2006,0,21,0,17
Tiago Monteiro,33,60,2006,0,20,0,16
Jarno Trulli,15,60,2006,0,16,0,11
Rubens Barrichello,22,60,2006,13,8,0,10
Nick Heidfeld,2,60,2006,8,10,0,7
Vitantonio Liuzzi,24,60,2006,0,18,0,13
David Coulthard,14,60,2006,7,11,0,12
Felipe Massa,13,60,2006,20,6,0,5
Christian Klien,32,60,2006,1,15,0,14
Nico Rosberg,3,60,2006,4,14,0,9
Juan Pablo Montoya,31,60,2006,23,5,0,6
Kimi Räikkönen,8,60,2006,27,4,0,3
Michael Schumacher,30,60,2006,43,2,2,2
Fernando Alonso,4,60,2006,64,1,4,1
Giancarlo Fisichella,21,61,2006,32,4,1,4
Takuma Sato,11,61,2006,0,21,0,15
Tiago Monteiro,33,61,2006,0,20,0,14
Jarno Trulli,15,61,2006,0,16,0,6
Scott Speed,26,61,2006,0,17,0,10
Nick Heidfeld,2,61,2006,10,9,0,7
Vitantonio Liuzzi,24,61,2006,0,18,0,13
David Coulthard,14,61,2006,7,11,0,8
Felipe Massa,13,61,2006,24,6,0,5
Christian Klien,32,61,2006,1,15,0,11
Mark Webber,17,61,2006,6,13,0,12
Jenson Button,18,61,2006,16,7,0,9
Kimi Räikkönen,8,61,2006,33,3,0,3
Michael Schumacher,30,61,2006,51,2,2,2
Fernando Alonso,4,61,2006,74,1,5,1
Giancarlo Fisichella,21,62,2006,37,4,1,3
Jarno Trulli,15,62,2006,3,15,0,4
Rubens Barrichello,22,62,2006,13,8,0,6
Vitantonio Liuzzi,24,62,2006,0,18,0,8
David Coulthard,14,62,2006,8,11,0,7
Felipe Massa,13,62,2006,28,5,0,2
Nico Rosberg,3,62,2006,4,14,0,9
Michael Schumacher,30,62,2006,59,2,2,1
Fernando Alonso,4,62,2006,84,1,6,5
Franck Montagny,36,63,2006,0,23,0,16
Christijan Albers,27,63,2006,0,19,0,15
Jacques Villeneuve,35,63,2006,7,13,0,11
Giancarlo Fisichella,21,63,2006,43,3,1,6
Ralf Schumacher,23,63,2006,8,11,0,4
Scott Speed,26,63,2006,0,18,0,10
Nick Heidfeld,2,63,2006,12,9,0,8
Vitantonio Liuzzi,24,63,2006,1,16,0,13
David Coulthard,14,63,2006,10,10,0,9
Felipe Massa,13,63,2006,36,5,0,3
Christian Klien,32,63,2006,1,17,0,12
Nico Rosberg,3,63,2006,4,15,0,14
Kimi Räikkönen,8,63,2006,39,4,0,5
Michael Schumacher,30,63,2006,69,2,3,1
Fernando Alonso,4,63,2006,88,1,6,2
Giancarlo Fisichella,21,64,2006,46,3,1,6
Jarno Trulli,15,64,2006,8,12,0,7
Ralf Schumacher,23,64,2006,13,9,0,9
Scott Speed,26,64,2006,0,19,0,12
Vitantonio Liuzzi,24,64,2006,1,17,0,10
David Coulthard,14,64,2006,10,11,0,11
Felipe Massa,13,64,2006,42,5,0,2
Christian Klien,32,64,2006,1,18,0,8
Jenson Button,18,64,2006,16,7,0,4
Kimi Räikkönen,8,64,2006,43,4,0,3
Michael Schumacher,30,64,2006,79,2,4,1
Fernando Alonso,4,64,2006,96,1,6,5
Pedro de la Rosa,37,65,2006,2,16,0,2
Christijan Albers,27,65,2006,0,20,0,10
Takuma Sato,11,65,2006,0,22,0,13
Tiago Monteiro,33,65,2006,0,21,0,9
Jarno Trulli,15,65,2006,10,12,0,12
Rubens Barrichello,22,65,2006,16,8,0,4
Ralf Schumacher,23,65,2006,13,9,0,6
Scott Speed,26,65,2006,0,19,0,11
Nick Heidfeld,2,65,2006,13,10,0,3
David Coulthard,14,65,2006,10,11,0,5
Felipe Massa,13,65,2006,50,3,0,7
Jenson Button,18,65,2006,21,7,0,1
Michael Schumacher,30,65,2006,89,2,5,8
Pedro de la Rosa,37,66,2006,10,12,0,5
Giancarlo Fisichella,21,66,2006,49,4,1,6
Jarno Trulli,15,66,2006,10,13,0,9
Rubens Barrichello,22,66,2006,21,8,0,8
Ralf Schumacher,23,66,2006,16,10,0,7
Scott Speed,26,66,2006,0,19,0,13
Nick Heidfeld,2,66,2006,19,9,0,14
David Coulthard,14,66,2006,14,11,0,15
Felipe Massa,13,66,2006,52,3,0,1
Christian Klien,32,66,2006,2,17,0,11
Mark Webber,17,66,2006,6,15,0,10
Jenson Button,18,66,2006,31,6,1,4
Michael Schumacher,30,66,2006,90,2,5,3
Fernando Alonso,4,66,2006,100,1,6,2
Robert Kubica,9,67,2006,0,23,0,3
Christijan Albers,27,67,2006,0,21,0,17
Giancarlo Fisichella,21,67,2006,52,4,1,4
Takuma Sato,11,67,2006,0,22,0,16
Jarno Trulli,15,67,2006,10,13,0,7
Rubens Barrichello,22,67,2006,22,8,0,6
Ralf Schumacher,23,67,2006,18,10,0,15
Scott Speed,26,67,2006,0,19,0,13
Nick Heidfeld,2,67,2006,19,9,0,8
Vitantonio Liuzzi,24,67,2006,1,18,0,14
David Coulthard,14,67,2006,14,12,0,12
Felipe Massa,13,67,2006,62,3,1,9
Christian Klien,32,67,2006,2,17,0,11
Mark Webber,17,67,2006,6,15,0,10
Jenson Button,18,67,2006,36,6,1,5
Kimi Räikkönen,8,67,2006,49,5,0,2
Michael Schumacher,30,67,2006,96,2,5,1
Robert Kubica,9,68,2006,6,15,0,13
Pedro de la Rosa,37,68,2006,14,11,0,5
Christijan Albers,27,68,2006,0,22,0,15
Giancarlo Fisichella,21,68,2006,57,4,1,3
Rubens Barrichello,22,68,2006,25,8,0,6
Scott Speed,26,68,2006,0,20,0,14
Nick Heidfeld,2,68,2006,20,9,0,7
Vitantonio Liuzzi,24,68,2006,1,19,0,10
David Coulthard,14,68,2006,14,12,0,9
Nico Rosberg,3,68,2006,4,17,0,11
Mark Webber,17,68,2006,6,16,0,8
Jenson Button,18,68,2006,40,6,1,4
Michael Schumacher,30,68,2006,106,2,6,1
Fernando Alonso,4,68,2006,108,1,6,2
Sakon Yamamoto,29,69,2006,0,27,0,17
Robert Doornbos,38,69,2006,0,24,0,13
Robert Kubica,9,69,2006,6,16,0,9
Pedro de la Rosa,37,69,2006,18,10,0,11
Giancarlo Fisichella,21,69,2006,63,3,1,3
Takuma Sato,11,69,2006,0,23,0,15
Tiago Monteiro,33,69,2006,0,21,0,16
Jarno Trulli,15,69,2006,12,13,0,6
Rubens Barrichello,22,69,2006,28,7,0,12
Ralf Schumacher,23,69,2006,18,11,0,7
Scott Speed,26,69,2006,0,20,0,18
Nick Heidfeld,2,69,2006,22,9,0,8
Vitantonio Liuzzi,24,69,2006,1,19,0,14
Felipe Massa,13,69,2006,62,4,1,2
Nico Rosberg,3,69,2006,4,17,0,10
Jenson Button,18,69,2006,45,6,1,4
Kimi Räikkönen,8,69,2006,57,5,0,5
Fernando Alonso,4,69,2006,116,2,6,1
Sakon Yamamoto,29,70,2006,0,27,0,16
Robert Doornbos,38,70,2006,0,24,0,12
Robert Kubica,9,70,2006,6,16,0,9
Pedro de la Rosa,37,70,2006,18,11,0,8
Christijan Albers,27,70,2006,0,22,0,14
Giancarlo Fisichella,21,70,2006,69,4,1,6
Takuma Sato,11,70,2006,0,23,0,10
Tiago Monteiro,33,70,2006,0,21,0,15
Rubens Barrichello,22,70,2006,28,7,0,7
Scott Speed,26,70,2006,0,20,0,11
Nick Heidfeld,2,70,2006,23,9,0,17
Vitantonio Liuzzi,24,70,2006,1,19,0,13
Felipe Massa,13,70,2006,70,3,1,1
Jenson Button,18,70,2006,50,6,1,3
Kimi Räikkönen,8,70,2006,61,5,0,5
Michael Schumacher,30,70,2006,116,2,7,4
Fernando Alonso,4,70,2006,126,1,7,2
Narain Karthikeyan,39,72,2005,0,13,0,11
Ralf Schumacher,23,72,2005,0,11,0,5
Felipe Massa,13,72,2005,0,10,0,10
Jarno Trulli,15,72,2005,0,9,0,2
Kimi Räikkönen,8,72,2005,1,8,0,9
Christian Klien,32,72,2005,2,7,0,8
Juan Pablo Montoya,31,72,2005,3,6,0,4
David Coulthard,14,72,2005,5,4,0,6
Fernando Alonso,4,72,2005,6,3,0,1
Patrick Friesacher,40,73,2005,0,18,0,12
Tiago Monteiro,33,73,2005,0,15,0,10
Jacques Villeneuve,35,73,2005,0,16,0,11
Ralf Schumacher,23,73,2005,4,8,0,4
Felipe Massa,13,73,2005,0,13,0,7
Jarno Trulli,15,73,2005,8,3,0,2
Kimi Räikkönen,8,73,2005,1,12,0,3
Mark Webber,17,73,2005,4,9,0,6
David Coulthard,14,73,2005,8,5,0,8
Fernando Alonso,4,73,2005,16,1,1,1
Rubens Barrichello,22,73,2005,8,4,0,9
Nick Heidfeld,2,74,2005,6,10,0,6
Michael Schumacher,30,74,2005,2,14,0,2
Tiago Monteiro,33,74,2005,0,15,0,13
Narain Karthikeyan,39,74,2005,0,17,0,12
Jacques Villeneuve,35,74,2005,0,16,0,4
Ralf Schumacher,23,74,2005,9,4,0,9
Felipe Massa,13,74,2005,2,13,0,10
Jarno Trulli,15,74,2005,16,2,0,5
Mark Webber,17,74,2005,7,9,0,7
David Coulthard,14,74,2005,9,5,0,11
Fernando Alonso,4,74,2005,26,1,2,1
Nick Heidfeld,2,75,2005,9,5,0,10
Tiago Monteiro,33,75,2005,0,18,0,12
Narain Karthikeyan,39,75,2005,0,19,0,13
Ralf Schumacher,23,75,2005,9,6,0,4
Felipe Massa,13,75,2005,2,16,0,11
Jarno Trulli,15,75,2005,20,2,0,3
Kimi Räikkönen,8,75,2005,7,11,0,1
Juan Pablo Montoya,31,75,2005,8,10,0,7
Mark Webber,17,75,2005,9,8,0,6
David Coulthard,14,75,2005,9,7,0,8
Christijan Albers,27,76,2005,0,21,0,14
Nick Heidfeld,2,76,2005,9,10,0,2
Michael Schumacher,30,76,2005,10,7,0,7
Tiago Monteiro,33,76,2005,0,18,0,13
Jacques Villeneuve,35,76,2005,5,13,0,11
Ralf Schumacher,23,76,2005,14,5,0,6
Felipe Massa,13,76,2005,2,16,0,9
Jarno Trulli,15,76,2005,26,2,0,10
Kimi Räikkönen,8,76,2005,17,3,1,1
Juan Pablo Montoya,31,76,2005,10,8,0,5
Mark Webber,17,76,2005,12,6,0,3
Christijan Albers,27,77,2005,0,21,0,17
Nick Heidfeld,2,77,2005,17,5,0,2
Michael Schumacher,30,77,2005,12,9,0,5
Patrick Friesacher,40,77,2005,0,20,0,18
Tiago Monteiro,33,77,2005,0,18,0,15
Narain Karthikeyan,39,77,2005,0,19,0,16
Takuma Sato,11,77,2005,0,23,0,12
Jacques Villeneuve,35,77,2005,5,13,0,13
Jenson Button,18,77,2005,0,22,0,10
Felipe Massa,13,77,2005,2,16,0,14
Jarno Trulli,15,77,2005,26,3,0,8
Kimi Räikkönen,8,77,2005,27,2,2,11
Juan Pablo Montoya,31,77,2005,14,8,0,7
David Coulthard,14,77,2005,10,10,0,4
Fernando Alonso,4,77,2005,49,1,3,1
Rubens Barrichello,22,77,2005,9,11,0,3
Giancarlo Fisichella,21,77,2005,14,7,1,6
Christijan Albers,27,78,2005,0,23,0,11
Michael Schumacher,30,78,2005,16,8,0,2
Tiago Monteiro,33,78,2005,0,18,0,10
Jacques Villeneuve,35,78,2005,5,13,0,9
Ralf Schumacher,23,78,2005,17,7,0,6
Felipe Massa,13,78,2005,2,16,0,4
Kimi Räikkönen,8,78,2005,27,2,2,1
Christian Klien,32,78,2005,3,15,0,8
Mark Webber,17,78,2005,18,5,0,5
David Coulthard,14,78,2005,15,11,0,7
Rubens Barrichello,22,78,2005,15,10,0,3
Christijan Albers,27,79,2005,0,21,0,5
Michael Schumacher,30,79,2005,24,5,0,1
Patrick Friesacher,40,79,2005,0,22,0,6
Tiago Monteiro,33,79,2005,0,18,0,3
Narain Karthikeyan,39,79,2005,0,20,0,4
Rubens Barrichello,22,79,2005,21,7,0,2
Nick Heidfeld,2,80,2005,25,6,0,14
Michael Schumacher,30,80,2005,34,3,1,3
Tiago Monteiro,33,80,2005,6,13,0,13
Narain Karthikeyan,39,80,2005,5,16,0,15
Takuma Sato,11,80,2005,0,23,0,11
Jacques Villeneuve,35,80,2005,5,15,0,8
Ralf Schumacher,23,80,2005,20,8,0,7
Jenson Button,18,80,2005,0,22,0,4
Jarno Trulli,15,80,2005,27,5,0,5
Kimi Räikkönen,8,80,2005,37,2,3,2
Mark Webber,17,80,2005,22,7,0,12
David Coulthard,14,80,2005,17,10,0,10
Fernando Alonso,4,80,2005,59,1,4,1
Rubens Barrichello,22,80,2005,29,4,0,9
Giancarlo Fisichella,21,80,2005,17,9,1,6
Christijan Albers,27,81,2005,4,18,0,18
Nick Heidfeld,2,81,2005,25,6,0,12
Michael Schumacher,30,81,2005,40,3,1,6
Patrick Friesacher,40,81,2005,3,21,0,19
Tiago Monteiro,33,81,2005,6,13,0,17
Takuma Sato,11,81,2005,0,23,0,16
Jacques Villeneuve,35,81,2005,6,15,0,14
Ralf Schumacher,23,81,2005,22,8,0,8
Jenson Button,18,81,2005,5,16,0,5
Felipe Massa,13,81,2005,7,12,0,10
Jarno Trulli,15,81,2005,31,4,0,9
Kimi Räikkönen,8,81,2005,45,2,3,3
Christian Klien,32,81,2005,4,20,0,15
Juan Pablo Montoya,31,81,2005,16,11,0,1
Mark Webber,17,81,2005,22,7,0,11
David Coulthard,14,81,2005,17,10,0,13
Fernando Alonso,4,81,2005,69,1,5,2
Rubens Barrichello,22,81,2005,29,5,0,7
Giancarlo Fisichella,21,81,2005,20,9,1,4
Christijan Albers,27,82,2005,4,18,0,13
Nick Heidfeld,2,82,2005,25,8,0,11
Michael Schumacher,30,82,2005,43,3,1,5
Tiago Monteiro,33,82,2005,6,14,0,17
Narain Karthikeyan,39,82,2005,5,17,0,16
Takuma Sato,11,82,2005,0,23,0,12
Jacques Villeneuve,35,82,2005,6,16,0,15
Ralf Schumacher,23,82,2005,23,9,0,6
Jenson Button,18,82,2005,9,12,0,3
Felipe Massa,13,82,2005,7,13,0,8
Jarno Trulli,15,82,2005,31,5,0,14
Christian Klien,32,82,2005,4,20,0,9
Juan Pablo Montoya,31,82,2005,26,6,1,2
David Coulthard,14,82,2005,17,11,0,7
Fernando Alonso,4,82,2005,77,1,5,1
Rubens Barrichello,22,82,2005,31,4,0,10
Giancarlo Fisichella,21,82,2005,25,7,1,4
Nick Heidfeld,2,83,2005,25,9,0,6
Michael Schumacher,30,83,2005,47,3,1,2
Tiago Monteiro,33,83,2005,6,14,0,13
Narain Karthikeyan,39,83,2005,5,17,0,12
Takuma Sato,11,83,2005,0,23,0,8
Ralf Schumacher,23,83,2005,26,8,0,3
Jenson Button,18,83,2005,15,12,0,5
Felipe Massa,13,83,2005,8,13,0,14
Jarno Trulli,15,83,2005,31,6,0,4
Kimi Räikkönen,8,83,2005,51,2,3,1
Mark Webber,17,83,2005,22,10,0,7
Fernando Alonso,4,83,2005,87,1,6,11
Rubens Barrichello,22,83,2005,31,5,0,10
Giancarlo Fisichella,21,83,2005,30,7,1,9
Tiago Monteiro,33,84,2005,6,14,0,15
Narain Karthikeyan,39,84,2005,5,17,0,14
Takuma Sato,11,84,2005,1,23,0,9
Jacques Villeneuve,35,84,2005,6,16,0,11
Ralf Schumacher,23,84,2005,32,6,0,12
Jenson Button,18,84,2005,19,11,0,5
Jarno Trulli,15,84,2005,36,4,0,6
Kimi Räikkönen,8,84,2005,61,2,4,1
Christian Klien,32,84,2005,4,20,0,8
Juan Pablo Montoya,31,84,2005,34,5,1,3
David Coulthard,14,84,2005,19,12,0,7
Fernando Alonso,4,84,2005,87,1,6,2
Rubens Barrichello,22,84,2005,31,7,0,10
Giancarlo Fisichella,21,84,2005,30,8,1,4
Christijan Albers,27,85,2005,4,19,0,19
Michael Schumacher,30,85,2005,55,3,1,10
Tiago Monteiro,33,85,2005,6,14,0,17
Narain Karthikeyan,39,85,2005,5,17,0,20
Takuma Sato,11,85,2005,1,22,0,16
Jacques Villeneuve,35,85,2005,6,16,0,11
Ralf Schumacher,23,85,2005,32,7,0,6
Jenson Button,18,85,2005,23,11,0,8
Felipe Massa,13,85,2005,8,13,0,9
Jarno Trulli,15,85,2005,39,5,0,5
Kimi Räikkönen,8,85,2005,71,2,5,4
Christian Klien,32,85,2005,5,18,0,13
Juan Pablo Montoya,31,85,2005,40,4,1,1
Mark Webber,17,85,2005,24,10,0,14
David Coulthard,14,85,2005,21,12,0,15
Fernando Alonso,4,85,2005,95,1,6,2
Rubens Barrichello,22,85,2005,31,8,0,12
Giancarlo Fisichella,21,85,2005,35,6,1,3
Christijan Albers,27,86,2005,4,19,0,12
Tiago Monteiro,33,86,2005,6,14,0,8
Narain Karthikeyan,39,86,2005,5,17,0,11
Jacques Villeneuve,35,86,2005,6,16,0,6
Ralf Schumacher,23,86,2005,35,7,0,7
Jenson Button,18,86,2005,24,10,0,3
Felipe Massa,13,86,2005,8,13,0,10
Kimi Räikkönen,8,86,2005,76,2,5,1
Christian Klien,32,86,2005,5,18,0,9
Juan Pablo Montoya,31,86,2005,50,4,2,14
Mark Webber,17,86,2005,24,11,0,4
Fernando Alonso,4,86,2005,103,1,6,2
Rubens Barrichello,22,86,2005,31,8,0,5
Christijan Albers,27,87,2005,4,19,0,14
Michael Schumacher,30,87,2005,55,3,1,4
Narain Karthikeyan,39,87,2005,5,17,0,15
Takuma Sato,11,87,2005,1,23,0,10
Jacques Villeneuve,35,87,2005,9,13,0,12
Ralf Schumacher,23,87,2005,37,7,0,8
Jenson Button,18,87,2005,30,9,0,7
Felipe Massa,13,87,2005,8,14,0,11
Jarno Trulli,15,87,2005,43,5,0,13
Kimi Räikkönen,8,87,2005,86,2,6,2
Christian Klien,32,87,2005,5,18,0,9
Juan Pablo Montoya,31,87,2005,50,4,2,1
Fernando Alonso,4,87,2005,111,1,6,3
Rubens Barrichello,22,87,2005,35,8,0,6
Giancarlo Fisichella,21,87,2005,41,6,1,5
Christijan Albers,27,88,2005,4,19,0,16
Michael Schumacher,30,88,2005,60,4,1,7
Tiago Monteiro,33,88,2005,7,15,0,13
Narain Karthikeyan,39,88,2005,5,17,0,15
Jacques Villeneuve,35,88,2005,9,13,0,12
Ralf Schumacher,23,88,2005,38,8,0,8
Jenson Button,18,88,2005,32,9,0,5
Felipe Massa,13,88,2005,8,14,0,10
Kimi Räikkönen,8,88,2005,94,2,6,1
Christian Klien,32,88,2005,5,18,0,9
Mark Webber,17,88,2005,29,10,0,4
David Coulthard,14,88,2005,21,12,0,6
Fernando Alonso,4,88,2005,117,1,6,3
Rubens Barrichello,22,88,2005,38,7,0,11
Giancarlo Fisichella,21,88,2005,45,5,1,2
Christijan Albers,27,89,2005,4,19,0,16
Tiago Monteiro,33,89,2005,7,15,0,11
Jacques Villeneuve,35,89,2005,9,13,0,10
Ralf Schumacher,23,89,2005,39,7,0,3
Jenson Button,18,89,2005,36,9,0,8
Felipe Massa,13,89,2005,8,14,0,6
Jarno Trulli,15,89,2005,43,6,0,15
Kimi Räikkönen,8,89,2005,104,2,7,2
Christian Klien,32,89,2005,5,18,0,5
Mark Webber,17,89,2005,34,10,0,7
David Coulthard,14,89,2005,24,12,0,9
Fernando Alonso,4,89,2005,123,1,6,1
Rubens Barrichello,22,89,2005,38,8,0,12
Giancarlo Fisichella,21,89,2005,53,5,1,4
Giorgio Pantano,45,91,2004,0,14,0,13
Olivier Panis,44,91,2004,0,13,0,12
Cristiano da Matta,43,91,2004,0,12,0,9
Christian Klien,32,91,2004,0,11,0,10
Giancarlo Fisichella,21,91,2004,0,10,0,11
Takuma Sato,11,91,2004,0,9,0,15
David Coulthard,14,91,2004,1,8,0,6
Jarno Trulli,15,91,2004,2,7,0,5
Jenson Button,18,91,2004,3,6,0,3
Juan Pablo Montoya,31,91,2004,4,5,0,2
Fernando Alonso,4,91,2004,6,3,0,7
Rubens Barrichello,22,91,2004,8,2,0,4
Michael Schumacher,30,91,2004,10,1,1,1
Gianmaria Bruni,46,92,2004,0,16,0,17
Felipe Massa,13,92,2004,1,9,0,12
Giorgio Pantano,45,92,2004,0,15,0,16
Olivier Panis,44,92,2004,0,14,0,9
Cristiano da Matta,43,92,2004,0,10,0,10
Christian Klien,32,92,2004,0,13,0,14
Giancarlo Fisichella,21,92,2004,0,12,0,11
Takuma Sato,11,92,2004,0,11,0,5
Jarno Trulli,15,92,2004,6,6,0,4
Jenson Button,18,92,2004,9,4,0,3
Juan Pablo Montoya,31,92,2004,12,3,0,13
Ralf Schumacher,23,92,2004,5,7,0,7
Fernando Alonso,4,92,2004,8,5,0,6
Rubens Barrichello,22,92,2004,13,2,0,2
Michael Schumacher,30,92,2004,20,1,2,1
Mark Webber,17,93,2004,1,11,0,13
Zsolt Baumgartner,47,93,2004,0,19,0,15
Felipe Massa,13,93,2004,1,10,0,10
Olivier Panis,44,93,2004,0,13,0,11
Christian Klien,32,93,2004,0,15,0,14
Giancarlo Fisichella,21,93,2004,0,14,0,9
Takuma Sato,11,93,2004,4,8,0,16
David Coulthard,14,93,2004,4,9,0,12
Jarno Trulli,15,93,2004,11,6,0,5
Jenson Button,18,93,2004,15,3,0,2
Juan Pablo Montoya,31,93,2004,12,4,0,3
Ralf Schumacher,23,93,2004,7,7,0,7
Fernando Alonso,4,93,2004,11,5,0,4
Rubens Barrichello,22,93,2004,21,2,0,6
Michael Schumacher,30,93,2004,30,1,3,1
Kimi Räikkönen,8,94,2004,1,12,0,11
Mark Webber,17,94,2004,1,11,0,12
Felipe Massa,13,94,2004,1,10,0,9
Cristiano da Matta,43,94,2004,0,14,0,13
Giancarlo Fisichella,21,94,2004,0,13,0,7
Takuma Sato,11,94,2004,4,8,0,5
David Coulthard,14,94,2004,4,9,0,10
Jarno Trulli,15,94,2004,15,6,0,3
Jenson Button,18,94,2004,23,3,0,8
Ralf Schumacher,23,94,2004,9,7,0,6
Fernando Alonso,4,94,2004,16,5,0,4
Rubens Barrichello,22,94,2004,24,2,0,2
Michael Schumacher,30,94,2004,40,1,4,1
Nick Heidfeld,2,95,2004,0,20,0,7
Zsolt Baumgartner,47,95,2004,0,19,0,9
Felipe Massa,13,95,2004,1,11,0,5
Olivier Panis,44,95,2004,0,15,0,8
Cristiano da Matta,43,95,2004,0,14,0,6
Jarno Trulli,15,95,2004,21,5,0,1
Jenson Button,18,95,2004,24,3,0,2
Juan Pablo Montoya,31,95,2004,18,6,0,4
Ralf Schumacher,23,95,2004,12,7,0,10
Rubens Barrichello,22,95,2004,32,2,0,3
Nick Heidfeld,2,96,2004,2,13,0,10
Mark Webber,17,96,2004,1,16,0,7
Zsolt Baumgartner,47,96,2004,0,17,0,15
Gianmaria Bruni,46,96,2004,0,20,0,14
Felipe Massa,13,96,2004,5,9,0,9
Giorgio Pantano,45,96,2004,0,19,0,13
Olivier Panis,44,96,2004,1,14,0,11
Christian Klien,32,96,2004,0,18,0,12
Giancarlo Fisichella,21,96,2004,2,12,0,6
Jarno Trulli,15,96,2004,31,4,1,4
Jenson Button,18,96,2004,32,3,0,3
Juan Pablo Montoya,31,96,2004,23,5,0,8
Fernando Alonso,4,96,2004,21,6,0,5
Rubens Barrichello,22,96,2004,38,2,0,2
Michael Schumacher,30,96,2004,50,1,5,1
Kimi Räikkönen,8,97,2004,1,16,0,5
Nick Heidfeld,2,97,2004,2,14,0,8
Zsolt Baumgartner,47,97,2004,0,17,0,10
Christian Klien,32,97,2004,0,18,0,9
Giancarlo Fisichella,21,97,2004,5,10,0,4
David Coulthard,14,97,2004,4,11,0,6
Jenson Button,18,97,2004,38,3,0,3
Rubens Barrichello,22,97,2004,46,2,0,2
Michael Schumacher,30,97,2004,60,1,6,1
Kimi Räikkönen,8,98,2004,5,12,0,6
Zsolt Baumgartner,47,98,2004,0,19,0,8
Olivier Panis,44,98,2004,1,17,0,5
Giancarlo Fisichella,21,98,2004,10,8,0,9
Takuma Sato,11,98,2004,8,9,0,3
David Coulthard,14,98,2004,7,10,0,7
Jarno Trulli,15,98,2004,36,4,1,4
Rubens Barrichello,22,98,2004,54,2,0,2
Michael Schumacher,30,98,2004,70,1,7,1
Kimi Räikkönen,8,99,2004,8,11,0,7
Nick Heidfeld,2,99,2004,3,15,0,16
Mark Webber,17,99,2004,3,16,0,9
Gianmaria Bruni,46,99,2004,0,21,0,18
Felipe Massa,13,99,2004,5,12,0,13
Giorgio Pantano,45,99,2004,0,20,0,17
Olivier Panis,44,99,2004,5,13,0,15
Cristiano da Matta,43,99,2004,3,14,0,14
Christian Klien,32,99,2004,0,19,0,11
Giancarlo Fisichella,21,99,2004,10,9,0,12
David Coulthard,14,99,2004,9,10,0,6
Jarno Trulli,15,99,2004,41,4,1,4
Jenson Button,18,99,2004,44,3,0,5
Juan Pablo Montoya,31,99,2004,24,6,0,8
Fernando Alonso,4,99,2004,25,5,0,2
Rubens Barrichello,22,99,2004,62,2,0,3
Michael Schumacher,30,99,2004,80,1,8,1
Marc Gené,48,100,2004,0,20,0,12
Kimi Räikkönen,8,100,2004,10,11,0,2
Nick Heidfeld,2,100,2004,3,16,0,15
Mark Webber,17,100,2004,3,15,0,8
Gianmaria Bruni,46,100,2004,0,22,0,16
Felipe Massa,13,100,2004,5,12,0,9
Cristiano da Matta,43,100,2004,3,14,0,13
Christian Klien,32,100,2004,0,19,0,14
Giancarlo Fisichella,21,100,2004,10,10,0,6
Takuma Sato,11,100,2004,14,7,0,11
David Coulthard,14,100,2004,12,9,0,7
Jenson Button,18,100,2004,48,3,0,4
Juan Pablo Montoya,31,100,2004,25,6,0,5
Fernando Alonso,4,100,2004,33,5,0,10
Rubens Barrichello,22,100,2004,68,2,0,3
Michael Schumacher,30,100,2004,90,1,9,1
Mark Webber,17,101,2004,4,14,0,6
Zsolt Baumgartner,47,101,2004,1,18,0,16
Gianmaria Bruni,46,101,2004,0,22,0,17
Felipe Massa,13,101,2004,5,12,0,13
Giorgio Pantano,45,101,2004,0,21,0,15
Olivier Panis,44,101,2004,5,13,0,14
Christian Klien,32,101,2004,0,19,0,10
Giancarlo Fisichella,21,101,2004,13,10,0,9
Takuma Sato,11,101,2004,14,8,0,8
David Coulthard,14,101,2004,14,9,0,4
Jarno Trulli,15,101,2004,46,4,1,11
Jenson Button,18,101,2004,53,3,0,2
Juan Pablo Montoya,31,101,2004,29,6,0,5
Fernando Alonso,4,101,2004,33,5,0,3
Rubens Barrichello,22,101,2004,74,2,0,12
Michael Schumacher,30,101,2004,100,1,10,1
Antônio Pizzonia,42,102,2004,2,18,0,7
Nick Heidfeld,2,102,2004,3,16,0,12
Mark Webber,17,102,2004,7,12,0,10
Zsolt Baumgartner,47,102,2004,1,19,0,15
Gianmaria Bruni,46,102,2004,0,23,0,14
Olivier Panis,44,102,2004,5,14,0,11
Christian Klien,32,102,2004,0,20,0,13
Giancarlo Fisichella,21,102,2004,13,10,0,8
Takuma Sato,11,102,2004,15,9,0,6
David Coulthard,14,102,2004,19,7,0,9
Jenson Button,18,102,2004,61,3,0,5
Juan Pablo Montoya,31,102,2004,33,6,0,4
Fernando Alonso,4,102,2004,39,5,0,3
Rubens Barrichello,22,102,2004,74,2,0,2
Michael Schumacher,30,102,2004,110,1,11,1
Kimi Räikkönen,8,103,2004,18,8,0,1
Nick Heidfeld,2,103,2004,3,17,0,11
Felipe Massa,13,103,2004,5,13,0,4
Olivier Panis,44,103,2004,5,14,0,8
Christian Klien,32,103,2004,0,20,0,6
Giancarlo Fisichella,21,103,2004,14,10,0,5
David Coulthard,14,103,2004,19,7,0,7
Jarno Trulli,15,103,2004,46,4,1,9
Rubens Barrichello,22,103,2004,82,2,0,3
Michael Schumacher,30,103,2004,120,1,12,2
Ricardo Zonta,41,104,2004,0,22,0,11
Antônio Pizzonia,42,104,2004,4,15,0,7
Nick Heidfeld,2,104,2004,3,18,0,14
Mark Webber,17,104,2004,7,13,0,9
Zsolt Baumgartner,47,104,2004,1,20,0,15
Felipe Massa,13,104,2004,10,12,0,12
Christian Klien,32,104,2004,3,16,0,13
Giancarlo Fisichella,21,104,2004,18,10,0,8
Takuma Sato,11,104,2004,18,9,0,4
David Coulthard,14,104,2004,21,8,0,6
Jarno Trulli,15,104,2004,46,4,1,10
Jenson Button,18,104,2004,65,3,0,3
Juan Pablo Montoya,31,104,2004,38,6,0,5
Rubens Barrichello,22,104,2004,88,2,0,1
Michael Schumacher,30,104,2004,128,1,12,2
Timo Glock,10,105,2004,2,19,0,15
Kimi Räikkönen,8,105,2004,28,7,1,3
Nick Heidfeld,2,105,2004,3,18,0,13
Mark Webber,17,105,2004,7,13,0,10
Zsolt Baumgartner,47,105,2004,1,20,0,16
Felipe Massa,13,105,2004,10,12,0,8
Olivier Panis,44,105,2004,6,14,0,14
Giancarlo Fisichella,21,105,2004,19,10,0,7
Takuma Sato,11,105,2004,23,9,0,6
David Coulthard,14,105,2004,24,8,0,9
Jenson Button,18,105,2004,71,3,0,2
Juan Pablo Montoya,31,105,2004,42,6,0,5
Fernando Alonso,4,105,2004,45,5,0,4
Rubens Barrichello,22,105,2004,98,2,1,1
Michael Schumacher,30,105,2004,136,1,12,12
Jacques Villeneuve,35,106,2004,0,23,0,10
Timo Glock,10,106,2004,2,19,0,15
Kimi Räikkönen,8,106,2004,34,7,1,6
Nick Heidfeld,2,106,2004,3,18,0,13
Gianmaria Bruni,46,106,2004,0,25,0,16
Felipe Massa,13,106,2004,11,12,0,9
Olivier Panis,44,106,2004,6,14,0,14
Christian Klien,32,106,2004,3,16,0,12
Giancarlo Fisichella,21,106,2004,21,10,0,8
Takuma Sato,11,106,2004,26,8,0,4
Jarno Trulli,15,106,2004,46,5,1,11
Jenson Button,18,106,2004,79,3,0,3
Juan Pablo Montoya,31,106,2004,46,6,0,7
Ralf Schumacher,23,106,2004,12,11,0,2
Fernando Alonso,4,106,2004,50,4,0,5
Michael Schumacher,30,106,2004,136,1,12,1
Jacques Villeneuve,35,107,2004,0,21,0,10
Ricardo Zonta,41,107,2004,0,22,0,13
Timo Glock,10,107,2004,2,19,0,15
Kimi Räikkönen,8,107,2004,37,7,1,2
Zsolt Baumgartner,47,107,2004,1,20,0,16
Gianmaria Bruni,46,107,2004,0,25,0,17
Felipe Massa,13,107,2004,11,12,0,8
Christian Klien,32,107,2004,3,16,0,14
Giancarlo Fisichella,21,107,2004,22,10,0,9
Takuma Sato,11,107,2004,31,8,0,6
David Coulthard,14,107,2004,24,9,0,11
Jarno Trulli,15,107,2004,46,6,1,12
Juan Pablo Montoya,31,107,2004,48,5,0,1
Ralf Schumacher,23,107,2004,20,11,0,5
Fernando Alonso,4,107,2004,54,4,0,4
Rubens Barrichello,22,107,2004,108,2,2,3
Michael Schumacher,30,107,2004,146,1,13,7
Jos Verstappen,50,109,2003,0,11,0,13
Jenson Button,18,109,2003,0,10,0,7
Ralf Schumacher,23,109,2003,1,8,0,4
Fernando Alonso,4,109,2003,2,7,0,3
Heinz-Harald Frentzen,49,109,2003,3,6,0,9
Jarno Trulli,15,109,2003,4,5,0,5
Michael Schumacher,30,109,2003,5,4,0,6
Kimi Räikkönen,8,109,2003,6,3,0,1
Juan Pablo Montoya,31,109,2003,8,2,0,12
Cristiano da Matta,43,110,2003,0,15,0,10
Jacques Villeneuve,35,110,2003,0,12,0,6
Ralf Schumacher,23,110,2003,6,8,0,7
Fernando Alonso,4,110,2003,8,5,0,3
Heinz-Harald Frentzen,49,110,2003,3,9,0,5
Jarno Trulli,15,110,2003,8,7,0,8
Kimi Räikkönen,8,110,2003,16,1,1,2
David Coulthard,14,110,2003,10,2,1,4
Giancarlo Fisichella,21,111,2003,10,4,1,15
Cristiano da Matta,43,111,2003,0,15,0,12
Nick Heidfeld,2,111,2003,1,13,0,10
Rubens Barrichello,22,111,2003,8,7,0,3
Jenson Button,18,111,2003,2,12,0,8
Ralf Schumacher,23,111,2003,8,9,0,4
Fernando Alonso,4,111,2003,14,3,0,6
Heinz-Harald Frentzen,49,111,2003,7,10,0,11
Jarno Trulli,15,111,2003,9,5,0,13
Michael Schumacher,30,111,2003,8,8,0,1
Kimi Räikkönen,8,111,2003,24,1,1,2
Juan Pablo Montoya,31,111,2003,8,6,0,7
David Coulthard,14,111,2003,15,2,1,5
Mark Webber,17,112,2003,0,15,0,7
Cristiano da Matta,43,112,2003,0,16,0,6
Ralph Firman,52,112,2003,0,17,0,8
Nick Heidfeld,2,112,2003,1,13,0,10
Rubens Barrichello,22,112,2003,14,5,0,3
Jos Verstappen,50,112,2003,0,18,0,12
Jenson Button,18,112,2003,3,12,0,9
Ralf Schumacher,23,112,2003,13,6,0,5
Fernando Alonso,4,112,2003,17,4,0,2
Michael Schumacher,30,112,2003,18,3,1,1
Juan Pablo Montoya,31,112,2003,10,8,0,4
Justin Wilson,51,113,2003,0,19,0,13
Antônio Pizzonia,42,113,2003,0,20,0,9
Mark Webber,17,113,2003,2,14,0,7
Cristiano da Matta,43,113,2003,3,12,0,10
Ralph Firman,52,113,2003,1,16,0,11
Rubens Barrichello,22,113,2003,20,4,0,3
Jenson Button,18,113,2003,3,13,0,4
Jacques Villeneuve,35,113,2003,3,11,0,12
Ralf Schumacher,23,113,2003,17,6,0,6
Jarno Trulli,15,113,2003,9,9,0,8
Michael Schumacher,30,113,2003,28,2,2,1
Kimi Räikkönen,8,113,2003,32,1,1,2
David Coulthard,14,113,2003,19,5,1,5
Olivier Panis,44,114,2003,0,18,0,13
Giancarlo Fisichella,21,114,2003,10,8,1,10
Cristiano da Matta,43,114,2003,3,14,0,9
Ralph Firman,52,114,2003,1,16,0,12
Nick Heidfeld,2,114,2003,1,15,0,11
Rubens Barrichello,22,114,2003,26,3,0,8
Ralf Schumacher,23,114,2003,20,6,0,4
Fernando Alonso,4,114,2003,25,4,0,5
Jarno Trulli,15,114,2003,10,9,0,6
Michael Schumacher,30,114,2003,38,2,3,3
Kimi Räikkönen,8,114,2003,40,1,1,2
Juan Pablo Montoya,31,114,2003,15,7,0,1
David Coulthard,14,114,2003,23,5,1,7
Antônio Pizzonia,42,115,2003,0,18,0,10
Olivier Panis,44,115,2003,0,17,0,8
Mark Webber,17,115,2003,4,12,0,7
Cristiano da Matta,43,115,2003,3,13,0,11
Rubens Barrichello,22,115,2003,27,4,0,5
Jos Verstappen,50,115,2003,0,19,0,9
Ralf Schumacher,23,115,2003,25,7,0,2
Fernando Alonso,4,115,2003,29,3,0,4
Michael Schumacher,30,115,2003,44,2,3,1
Kimi Räikkönen,8,115,2003,48,1,1,6
Juan Pablo Montoya,31,115,2003,25,5,1,3
Justin Wilson,51,116,2003,0,20,0,13
Antônio Pizzonia,42,116,2003,0,18,0,10
Mark Webber,17,116,2003,6,12,0,6
Giancarlo Fisichella,21,116,2003,10,9,1,12
Ralph Firman,52,116,2003,1,17,0,11
Nick Heidfeld,2,116,2003,1,16,0,8
Rubens Barrichello,22,116,2003,31,6,0,3
Jos Verstappen,50,116,2003,0,19,0,14
Jenson Button,18,116,2003,8,10,0,7
Ralf Schumacher,23,116,2003,33,4,0,1
Fernando Alonso,4,116,2003,34,3,0,4
Heinz-Harald Frentzen,49,116,2003,7,11,0,9
Michael Schumacher,30,116,2003,54,1,4,5
Juan Pablo Montoya,31,116,2003,31,5,1,2
David Coulthard,14,116,2003,25,7,1,15
Justin Wilson,51,117,2003,0,20,0,14
Antônio Pizzonia,42,117,2003,0,18,0,10
Olivier Panis,44,117,2003,1,16,0,8
Mark Webber,17,117,2003,9,11,0,6
Cristiano da Matta,43,117,2003,3,13,0,11
Ralph Firman,52,117,2003,1,17,0,15
Nick Heidfeld,2,117,2003,2,15,0,13
Rubens Barrichello,22,117,2003,37,6,0,7
Jos Verstappen,50,117,2003,0,19,0,16
Jacques Villeneuve,35,117,2003,3,14,0,9
Ralf Schumacher,23,117,2003,43,3,1,1
Heinz-Harald Frentzen,49,117,2003,7,12,0,12
Michael Schumacher,30,117,2003,58,1,4,3
Kimi Räikkönen,8,117,2003,51,2,1,4
Juan Pablo Montoya,31,117,2003,39,4,1,2
David Coulthard,14,117,2003,25,7,1,5
Justin Wilson,51,118,2003,0,20,0,16
Olivier Panis,44,118,2003,2,15,0,11
Mark Webber,17,118,2003,12,9,0,14
Cristiano da Matta,43,118,2003,3,14,0,7
Ralph Firman,52,118,2003,1,17,0,13
Nick Heidfeld,2,118,2003,2,16,0,17
Rubens Barrichello,22,118,2003,39,5,0,1
Jos Verstappen,50,118,2003,0,19,0,15
Jenson Button,18,118,2003,10,11,0,8
Jacques Villeneuve,35,118,2003,3,13,0,10
Ralf Schumacher,23,118,2003,53,3,2,9
Heinz-Harald Frentzen,49,118,2003,7,12,0,12
Jarno Trulli,15,118,2003,13,8,0,6
Michael Schumacher,30,118,2003,64,1,4,4
Kimi Räikkönen,8,118,2003,56,2,1,3
Juan Pablo Montoya,31,118,2003,47,4,1,2
David Coulthard,14,118,2003,29,7,1,5
Olivier Panis,44,119,2003,2,15,0,5
Mark Webber,17,119,2003,12,9,0,11
Giancarlo Fisichella,21,119,2003,10,11,1,13
Cristiano da Matta,43,119,2003,5,13,0,6
Nick Heidfeld,2,119,2003,2,16,0,10
Jenson Button,18,119,2003,11,10,0,8
Jacques Villeneuve,35,119,2003,3,14,0,9
Fernando Alonso,4,119,2003,39,6,0,4
Jarno Trulli,15,119,2003,16,8,0,3
Michael Schumacher,30,119,2003,69,1,4,7
Juan Pablo Montoya,31,119,2003,55,3,1,1
David Coulthard,14,119,2003,33,7,1,2
Nicolas Kiesa,53,120,2003,0,21,0,13
Mark Webber,17,120,2003,12,10,0,6
Cristiano da Matta,43,120,2003,8,12,0,11
Nick Heidfeld,2,120,2003,2,16,0,9
Jos Verstappen,50,120,2003,0,19,0,12
Jenson Button,18,120,2003,12,9,0,10
Ralf Schumacher,23,120,2003,53,4,2,4
Fernando Alonso,4,120,2003,44,6,0,1
Jarno Trulli,15,120,2003,22,8,0,7
Michael Schumacher,30,120,2003,71,1,4,8
Kimi Räikkönen,8,120,2003,62,3,1,2
Juan Pablo Montoya,31,120,2003,65,2,2,3
David Coulthard,14,120,2003,41,7,1,5
Nicolas Kiesa,53,121,2003,0,21,0,12
Mark Webber,17,121,2003,15,9,0,7
Giancarlo Fisichella,21,121,2003,10,11,1,10
Nick Heidfeld,2,121,2003,2,16,0,9
Rubens Barrichello,22,121,2003,49,6,1,3
Jacques Villeneuve,35,121,2003,3,15,0,6
Fernando Alonso,4,121,2003,54,5,1,8
Heinz-Harald Frentzen,49,121,2003,7,13,0,13
Michael Schumacher,30,121,2003,72,1,4,1
Kimi Räikkönen,8,121,2003,70,3,1,4
Juan Pablo Montoya,31,121,2003,71,2,2,2
Nicolas Kiesa,53,122,2003,0,23,0,11
Justin Wilson,51,122,2003,0,21,0,8
Giancarlo Fisichella,21,122,2003,10,11,1,7
Cristiano da Matta,43,122,2003,8,12,0,9
Nick Heidfeld,2,122,2003,2,17,0,5
Jos Verstappen,50,122,2003,0,20,0,10
Heinz-Harald Frentzen,49,122,2003,7,13,0,3
Jarno Trulli,15,122,2003,24,8,0,4
Michael Schumacher,30,122,2003,82,1,5,1
Kimi Räikkönen,8,122,2003,75,3,1,2
Juan Pablo Montoya,31,122,2003,79,2,2,6
Nicolas Kiesa,53,123,2003,0,22,0,16
Justin Wilson,51,123,2003,1,19,0,13
Olivier Panis,44,123,2003,6,15,0,10
Mark Webber,17,123,2003,17,9,0,11
Cristiano da Matta,43,123,2003,8,13,0,7
Ralph Firman,52,123,2003,1,18,0,14
Nick Heidfeld,2,123,2003,6,14,0,9
Rubens Barrichello,22,123,2003,55,5,1,1
Jos Verstappen,50,123,2003,0,21,0,15
Jenson Button,18,123,2003,12,12,0,4
Ralf Schumacher,23,123,2003,58,4,2,12
Jarno Trulli,15,123,2003,29,8,0,5
Michael Schumacher,30,123,2003,92,1,6,8
Kimi Räikkönen,8,123,2003,83,2,1,2
David Coulthard,14,123,2003,45,7,1,3
Pedro de la Rosa,37,125,2002,0,8,0,10
Mika Salo,63,125,2002,1,6,0,12
Juan Pablo Montoya,31,125,2002,6,2,0,2
Michael Schumacher,30,125,2002,10,1,1,3
Takuma Sato,11,126,2002,0,15,0,9
Jacques Villeneuve,35,126,2002,0,14,0,10
Jenson Button,18,126,2002,3,5,0,4
Ralf Schumacher,23,126,2002,10,3,1,2
Pedro de la Rosa,37,126,2002,0,13,0,8
Alex Yoong,62,126,2002,0,12,0,13
Mika Salo,63,126,2002,1,9,0,6
Mark Webber,17,126,2002,2,8,0,11
Eddie Irvine,56,126,2002,3,6,0,7
Kimi Räikkönen,8,126,2002,4,4,0,12
Juan Pablo Montoya,31,126,2002,12,2,0,5
Michael Schumacher,30,126,2002,14,1,1,1
David Coulthard,14,127,2002,4,6,0,6
Jacques Villeneuve,35,127,2002,0,15,0,7
Felipe Massa,13,127,2002,1,11,0,8
Nick Heidfeld,2,127,2002,2,9,0,10
Jenson Button,18,127,2002,6,4,0,5
Ralf Schumacher,23,127,2002,16,2,1,3
Mark Webber,17,127,2002,2,8,0,11
Juan Pablo Montoya,31,127,2002,14,3,0,4
Michael Schumacher,30,127,2002,24,1,2,1
Jarno Trulli,15,128,2002,0,18,0,10
David Coulthard,14,128,2002,5,6,0,3
Heinz-Harald Frentzen,49,128,2002,0,19,0,6
Jacques Villeneuve,35,128,2002,0,13,0,7
Allan McNish,66,128,2002,0,15,0,8
Felipe Massa,13,128,2002,1,12,0,5
Nick Heidfeld,2,128,2002,2,9,0,4
Jenson Button,18,128,2002,8,4,0,12
Ralf Schumacher,23,128,2002,20,2,1,11
Mika Salo,63,128,2002,2,11,0,9
Juan Pablo Montoya,31,128,2002,17,3,0,2
Michael Schumacher,30,128,2002,34,1,3,1
Rubens Barrichello,22,129,2002,6,6,0,2
David Coulthard,14,129,2002,9,4,0,6
Giancarlo Fisichella,21,129,2002,0,20,0,5
Heinz-Harald Frentzen,49,129,2002,1,13,0,11
Jacques Villeneuve,35,129,2002,0,14,0,10
Allan McNish,66,129,2002,0,15,0,9
Jenson Button,18,129,2002,8,5,0,7
Ralf Schumacher,23,129,2002,20,3,1,4
Mika Salo,63,129,2002,2,12,0,8
Mark Webber,17,129,2002,2,11,0,12
Juan Pablo Montoya,31,129,2002,23,2,0,3
Michael Schumacher,30,129,2002,44,1,4,1
Jarno Trulli,15,130,2002,0,20,0,4
Rubens Barrichello,22,130,2002,12,4,0,7
David Coulthard,14,130,2002,10,5,0,1
Giancarlo Fisichella,21,130,2002,2,12,0,5
Heinz-Harald Frentzen,49,130,2002,1,14,0,6
Nick Heidfeld,2,130,2002,5,7,0,8
Ralf Schumacher,23,130,2002,23,3,1,3
Pedro de la Rosa,37,130,2002,0,18,0,10
Mark Webber,17,130,2002,2,11,0,11
Eddie Irvine,56,130,2002,3,9,0,9
Michael Schumacher,30,130,2002,54,1,5,2
Jarno Trulli,15,131,2002,3,11,0,6
Rubens Barrichello,22,131,2002,12,5,0,3
David Coulthard,14,131,2002,20,4,1,2
Giancarlo Fisichella,21,131,2002,4,9,0,5
Heinz-Harald Frentzen,49,131,2002,2,15,0,13
Takuma Sato,11,131,2002,0,20,0,10
Felipe Massa,13,131,2002,3,12,0,9
Nick Heidfeld,2,131,2002,5,7,0,12
Jenson Button,18,131,2002,8,6,0,15
Ralf Schumacher,23,131,2002,27,2,1,7
Alex Yoong,62,131,2002,0,18,0,14
Mark Webber,17,131,2002,2,13,0,11
Kimi Räikkönen,8,131,2002,4,8,0,4
Michael Schumacher,30,131,2002,60,1,5,1
Olivier Panis,44,132,2002,0,20,0,9
Enrique Bernoldi,59,132,2002,0,22,0,11
Jarno Trulli,15,132,2002,4,10,0,8
Rubens Barrichello,22,132,2002,16,5,0,1
Heinz-Harald Frentzen,49,132,2002,2,15,0,13
Takuma Sato,11,132,2002,0,21,0,16
Jacques Villeneuve,35,132,2002,0,16,0,12
Allan McNish,66,132,2002,0,17,0,14
Felipe Massa,13,132,2002,3,12,0,6
Nick Heidfeld,2,132,2002,5,9,0,7
Jenson Button,18,132,2002,8,6,0,5
Ralf Schumacher,23,132,2002,27,2,1,4
Pedro de la Rosa,37,132,2002,0,19,0,10
Mark Webber,17,132,2002,2,13,0,15
Kimi Räikkönen,8,132,2002,7,7,0,3
Michael Schumacher,30,132,2002,70,1,6,2
Olivier Panis,44,133,2002,0,20,0,5
Rubens Barrichello,22,133,2002,26,4,1,2
David Coulthard,14,133,2002,26,5,1,10
Giancarlo Fisichella,21,133,2002,6,8,0,7
Jacques Villeneuve,35,133,2002,0,16,0,4
Felipe Massa,13,133,2002,4,11,0,9
Nick Heidfeld,2,133,2002,5,9,0,6
Jenson Button,18,133,2002,10,7,0,12
Ralf Schumacher,23,133,2002,30,2,1,8
Pedro de la Rosa,37,133,2002,0,19,0,11
Juan Pablo Montoya,31,133,2002,27,3,0,3
Michael Schumacher,30,133,2002,76,1,6,1
David Coulthard,14,134,2002,26,5,1,3
Allan McNish,66,134,2002,0,18,0,11
Nick Heidfeld,2,134,2002,6,8,0,7
Jenson Button,18,134,2002,10,7,0,6
Ralf Schumacher,23,134,2002,30,4,1,5
Pedro de la Rosa,37,134,2002,0,20,0,9
Alex Yoong,62,134,2002,0,19,0,10
Mark Webber,17,134,2002,2,15,0,8
Kimi Räikkönen,8,134,2002,11,6,0,2
Juan Pablo Montoya,31,134,2002,31,3,0,4
Michael Schumacher,30,134,2002,86,1,7,1
Rubens Barrichello,22,135,2002,32,3,1,4
David Coulthard,14,135,2002,30,5,1,5
Takuma Sato,11,135,2002,0,21,0,8
Felipe Massa,13,135,2002,4,11,0,7
Nick Heidfeld,2,135,2002,6,8,0,6
Ralf Schumacher,23,135,2002,32,4,1,3
Mika Salo,63,135,2002,2,16,0,9
Juan Pablo Montoya,31,135,2002,34,2,0,2
Michael Schumacher,30,135,2002,96,1,8,1
Olivier Panis,44,136,2002,2,14,0,12
Jarno Trulli,15,136,2002,4,10,0,8
Rubens Barrichello,22,136,2002,35,4,1,1
David Coulthard,14,136,2002,32,5,1,5
Giancarlo Fisichella,21,136,2002,6,9,0,6
Takuma Sato,11,136,2002,0,21,0,10
Allan McNish,66,136,2002,0,18,0,14
Felipe Massa,13,136,2002,4,11,0,7
Nick Heidfeld,2,136,2002,7,8,0,9
Ralf Schumacher,23,136,2002,36,3,1,3
Pedro de la Rosa,37,136,2002,0,20,0,13
Mika Salo,63,136,2002,2,16,0,15
Mark Webber,17,136,2002,2,15,0,16
Kimi Räikkönen,8,136,2002,17,6,0,4
Juan Pablo Montoya,31,136,2002,40,2,0,11
Michael Schumacher,30,136,2002,106,1,9,2
Olivier Panis,44,137,2002,2,14,0,12
Rubens Barrichello,22,137,2002,45,2,2,2
David Coulthard,14,137,2002,34,5,1,4
Takuma Sato,11,137,2002,0,21,0,11
Jacques Villeneuve,35,137,2002,3,12,0,8
Allan McNish,66,137,2002,0,18,0,9
Nick Heidfeld,2,137,2002,7,8,0,10
Ralf Schumacher,23,137,2002,40,3,1,5
Mika Salo,63,137,2002,2,16,0,7
Eddie Irvine,56,137,2002,3,13,0,6
Juan Pablo Montoya,31,137,2002,40,4,0,3
Michael Schumacher,30,137,2002,112,1,9,1
Olivier Panis,44,138,2002,2,14,0,6
Jarno Trulli,15,138,2002,4,11,0,4
Rubens Barrichello,22,138,2002,51,2,2,1
David Coulthard,14,138,2002,37,5,1,7
Giancarlo Fisichella,21,138,2002,7,9,0,8
Takuma Sato,11,138,2002,0,21,0,12
Jacques Villeneuve,35,138,2002,3,13,0,9
Nick Heidfeld,2,138,2002,7,8,0,10
Jenson Button,18,138,2002,11,7,0,5
Alex Yoong,62,138,2002,0,19,0,13
Mika Salo,63,138,2002,2,16,0,11
Eddie Irvine,56,138,2002,4,10,0,3
Michael Schumacher,30,138,2002,122,1,10,2
Olivier Panis,44,139,2002,3,14,0,12
Jarno Trulli,15,139,2002,7,9,0,5
Rubens Barrichello,22,139,2002,61,2,3,1
David Coulthard,14,139,2002,37,5,1,3
Giancarlo Fisichella,21,139,2002,7,11,0,7
Heinz-Harald Frentzen,49,139,2002,2,17,0,13
Takuma Sato,11,139,2002,0,21,0,11
Jacques Villeneuve,35,139,2002,3,13,0,6
Allan McNish,66,139,2002,0,18,0,15
Nick Heidfeld,2,139,2002,7,10,0,9
Jenson Button,18,139,2002,13,7,0,8
Ralf Schumacher,23,139,2002,42,4,1,16
Mika Salo,63,139,2002,2,16,0,14
Eddie Irvine,56,139,2002,8,8,0,10
Juan Pablo Montoya,31,139,2002,44,3,0,4
Michael Schumacher,30,139,2002,128,1,10,2
Rubens Barrichello,22,140,2002,71,2,4,2
Takuma Sato,11,140,2002,0,21,0,5
Nick Heidfeld,2,140,2002,7,10,0,7
Jenson Button,18,140,2002,13,7,0,6
Ralf Schumacher,23,140,2002,42,4,1,11
Mika Salo,63,140,2002,2,16,0,8
Mark Webber,17,140,2002,2,15,0,10
Eddie Irvine,56,140,2002,8,9,0,9
Kimi Räikkönen,8,140,2002,20,6,0,3
Juan Pablo Montoya,31,140,2002,47,3,0,4
Michael Schumacher,30,140,2002,134,1,10,1
Fernando Alonso,4,142,2001,0,12,0,13
Jos Verstappen,50,142,2001,0,10,0,7
Jean Alesi,55,142,2001,0,9,0,9
Luciano Burti,54,142,2001,0,8,0,10
Heinz-Harald Frentzen,49,142,2001,2,5,0,4
Rubens Barrichello,22,142,2001,4,3,0,2
David Coulthard,14,142,2001,6,2,0,3
Michael Schumacher,30,142,2001,10,1,1,1
Tarso Marques,58,143,2001,0,19,0,9
Jenson Button,18,143,2001,0,14,0,10
Jarno Trulli,15,143,2001,0,12,0,5
Giancarlo Fisichella,21,143,2001,0,18,0,6
Jean Alesi,55,143,2001,0,13,0,8
Olivier Panis,44,143,2001,0,10,0,4
Heinz-Harald Frentzen,49,143,2001,5,4,0,11
Nick Heidfeld,2,143,2001,3,5,0,3
David Coulthard,14,143,2001,10,3,0,1
Michael Schumacher,30,143,2001,20,1,2,2
Jenson Button,18,144,2001,0,17,0,12
Jarno Trulli,15,144,2001,2,7,0,5
Mika Häkkinen,57,144,2001,1,10,0,4
Ralf Schumacher,23,144,2001,2,8,0,1
Jean Alesi,55,144,2001,0,14,0,9
Luciano Burti,54,144,2001,0,15,0,11
Olivier Panis,44,144,2001,3,6,0,8
Heinz-Harald Frentzen,49,144,2001,5,5,0,6
Nick Heidfeld,2,144,2001,7,4,0,7
Rubens Barrichello,22,144,2001,10,3,0,3
David Coulthard,14,144,2001,20,2,1,2
Jacques Villeneuve,35,145,2001,0,13,0,3
Tarso Marques,58,145,2001,0,16,0,16
Jenson Button,18,145,2001,0,17,0,15
Jarno Trulli,15,145,2001,4,8,0,4
Mika Häkkinen,57,145,2001,4,7,0,9
Giancarlo Fisichella,21,145,2001,1,10,0,14
Fernando Alonso,4,145,2001,0,20,0,13
Jos Verstappen,50,145,2001,0,12,0,12
Jean Alesi,55,145,2001,0,14,0,10
Luciano Burti,54,145,2001,0,15,0,11
Olivier Panis,44,145,2001,3,9,0,7
Kimi Räikkönen,8,145,2001,1,11,0,8
Nick Heidfeld,2,145,2001,7,5,0,6
David Coulthard,14,145,2001,26,2,1,5
Michael Schumacher,30,145,2001,26,1,2,1
Jacques Villeneuve,35,146,2001,4,9,0,8
Eddie Irvine,56,146,2001,0,20,0,7
Jos Verstappen,50,146,2001,0,14,0,6
Jean Alesi,55,146,2001,0,15,0,10
Luciano Burti,54,146,2001,0,16,0,11
Olivier Panis,44,146,2001,3,11,0,5
Kimi Räikkönen,8,146,2001,1,12,0,4
Nick Heidfeld,2,146,2001,8,5,0,9
Rubens Barrichello,22,146,2001,14,3,0,3
David Coulthard,14,146,2001,28,2,1,1
Michael Schumacher,30,146,2001,36,1,3,2
Enrique Bernoldi,59,147,2001,0,20,0,9
Jacques Villeneuve,35,147,2001,4,10,0,4
Jenson Button,18,147,2001,0,19,0,7
Eddie Irvine,56,147,2001,0,15,0,3
Jos Verstappen,50,147,2001,1,13,0,8
Jean Alesi,55,147,2001,0,16,0,6
Kimi Räikkönen,8,147,2001,4,11,0,10
Rubens Barrichello,22,147,2001,18,3,0,2
David Coulthard,14,147,2001,38,2,2,5
Michael Schumacher,30,147,2001,42,1,3,1
Tarso Marques,58,148,2001,0,20,0,9
Jarno Trulli,15,148,2001,7,7,0,11
Mika Häkkinen,57,148,2001,4,13,0,3
Ralf Schumacher,23,148,2001,12,4,1,1
Jos Verstappen,50,148,2001,1,14,0,10
Jean Alesi,55,148,2001,1,15,0,5
Luciano Burti,54,148,2001,0,18,0,8
Kimi Räikkönen,8,148,2001,4,12,0,4
Michael Schumacher,30,148,2001,52,1,4,2
Pedro de la Rosa,37,149,2001,1,17,0,8
Juan Pablo Montoya,31,149,2001,6,10,0,2
Jacques Villeneuve,35,149,2001,7,7,0,9
Jenson Button,18,149,2001,0,18,0,13
Mika Häkkinen,57,149,2001,8,6,0,6
Ralf Schumacher,23,149,2001,22,4,2,4
Giancarlo Fisichella,21,149,2001,1,16,0,11
Fernando Alonso,4,149,2001,0,23,0,14
Eddie Irvine,56,149,2001,4,13,0,7
Jean Alesi,55,149,2001,3,14,0,15
Luciano Burti,54,149,2001,0,20,0,12
Kimi Räikkönen,8,149,2001,7,8,0,10
Rubens Barrichello,22,149,2001,24,3,0,5
David Coulthard,14,149,2001,40,2,2,3
Michael Schumacher,30,149,2001,58,1,4,1
Pedro de la Rosa,37,150,2001,1,16,0,14
Tarso Marques,58,150,2001,0,21,0,15
Jenson Button,18,150,2001,0,18,0,16
Jarno Trulli,15,150,2001,7,10,0,5
Ralf Schumacher,23,150,2001,25,4,2,2
Giancarlo Fisichella,21,150,2001,1,17,0,11
Fernando Alonso,4,150,2001,0,23,0,17
Jos Verstappen,50,150,2001,1,15,0,13
Jean Alesi,55,150,2001,3,14,0,12
Luciano Burti,54,150,2001,0,20,0,10
Olivier Panis,44,150,2001,5,12,0,9
Kimi Räikkönen,8,150,2001,7,9,0,7
Heinz-Harald Frentzen,49,150,2001,6,11,0,8
Nick Heidfeld,2,150,2001,8,7,0,6
Rubens Barrichello,22,150,2001,26,3,0,3
David Coulthard,14,150,2001,44,2,2,4
Michael Schumacher,30,150,2001,68,1,5,1
Pedro de la Rosa,37,151,2001,1,16,0,12
Juan Pablo Montoya,31,151,2001,12,5,0,4
Enrique Bernoldi,59,151,2001,0,22,0,14
Jacques Villeneuve,35,151,2001,7,9,0,8
Jenson Button,18,151,2001,0,18,0,15
Mika Häkkinen,57,151,2001,9,7,0,1
Giancarlo Fisichella,21,151,2001,1,17,0,13
Fernando Alonso,4,151,2001,0,23,0,16
Eddie Irvine,56,151,2001,4,13,0,9
Jos Verstappen,50,151,2001,1,15,0,10
Jean Alesi,55,151,2001,3,14,0,11
Kimi Räikkönen,8,151,2001,7,10,0,5
Heinz-Harald Frentzen,49,151,2001,6,11,0,7
Nick Heidfeld,2,151,2001,9,6,0,6
Rubens Barrichello,22,151,2001,30,4,0,3
Michael Schumacher,30,151,2001,78,1,6,2
Enrique Bernoldi,59,152,2001,0,22,0,8
Jacques Villeneuve,35,152,2001,7,10,0,3
Jenson Button,18,152,2001,0,18,0,5
Ralf Schumacher,23,152,2001,31,4,2,1
Giancarlo Fisichella,21,152,2001,1,17,0,4
Fernando Alonso,4,152,2001,0,23,0,10
Jos Verstappen,50,152,2001,1,15,0,9
Jean Alesi,55,152,2001,3,14,0,6
Olivier Panis,44,152,2001,5,12,0,7
Rubens Barrichello,22,152,2001,34,3,0,2
Pedro de la Rosa,37,153,2001,1,18,0,11
Juan Pablo Montoya,31,153,2001,15,6,0,8
Jacques Villeneuve,35,153,2001,11,7,0,9
Mika Häkkinen,57,153,2001,19,5,1,5
Ralf Schumacher,23,153,2001,41,3,3,4
Jos Verstappen,50,153,2001,1,17,0,12
Jean Alesi,55,153,2001,4,15,0,10
Kimi Räikkönen,8,153,2001,9,9,0,7
Nick Heidfeld,2,153,2001,10,8,0,6
Rubens Barrichello,22,153,2001,40,4,0,2
David Coulthard,14,153,2001,47,2,2,3
Michael Schumacher,30,153,2001,84,1,6,1
Enrique Bernoldi,59,154,2001,0,21,0,12
Jacques Villeneuve,35,154,2001,11,7,0,8
Tarso Marques,58,154,2001,0,22,0,13
Mika Häkkinen,57,154,2001,21,5,1,4
Ralf Schumacher,23,154,2001,44,4,3,7
Giancarlo Fisichella,21,154,2001,4,14,0,3
Jos Verstappen,50,154,2001,1,17,0,10
Jean Alesi,55,154,2001,4,15,0,6
Olivier Panis,44,154,2001,5,12,0,11
Heinz-Harald Frentzen,49,154,2001,6,11,0,9
Rubens Barrichello,22,154,2001,46,3,0,5
David Coulthard,14,154,2001,51,2,2,2
Michael Schumacher,30,154,2001,94,1,7,1
Pedro de la Rosa,37,155,2001,1,18,0,5
Juan Pablo Montoya,31,155,2001,15,6,0,1
Jacques Villeneuve,35,155,2001,11,7,0,6
Ralf Schumacher,23,155,2001,44,4,3,3
Giancarlo Fisichella,21,155,2001,8,11,0,10
Fernando Alonso,4,155,2001,0,23,0,13
Jean Alesi,55,155,2001,5,14,0,8
Olivier Panis,44,155,2001,5,13,0,9
Kimi Räikkönen,8,155,2001,9,9,0,7
Nick Heidfeld,2,155,2001,11,8,0,11
Rubens Barrichello,22,155,2001,48,3,0,2
Michael Schumacher,30,155,2001,104,1,8,4
Tomáš Enge,61,156,2001,0,24,0,14
Pedro de la Rosa,37,156,2001,3,16,0,12
Enrique Bernoldi,59,156,2001,0,21,0,13
Jenson Button,18,156,2001,2,17,0,9
Jarno Trulli,15,156,2001,9,10,0,4
Mika Häkkinen,57,156,2001,24,6,1,1
Giancarlo Fisichella,21,156,2001,8,11,0,8
Eddie Irvine,56,156,2001,4,15,0,5
Jean Alesi,55,156,2001,5,14,0,7
Olivier Panis,44,156,2001,5,13,0,11
Heinz-Harald Frentzen,49,156,2001,6,12,0,10
Nick Heidfeld,2,156,2001,11,8,0,6
Rubens Barrichello,22,156,2001,54,3,0,15
David Coulthard,14,156,2001,57,2,2,3
Michael Schumacher,30,156,2001,107,1,8,2
Juan Pablo Montoya,31,157,2001,25,6,1,2
Enrique Bernoldi,59,157,2001,0,21,0,14
Jacques Villeneuve,35,157,2001,12,7,0,10
Jenson Button,18,157,2001,2,17,0,7
Jarno Trulli,15,157,2001,12,9,0,8
Mika Häkkinen,57,157,2001,34,5,2,4
Ralf Schumacher,23,157,2001,48,4,3,6
Giancarlo Fisichella,21,157,2001,8,11,0,17
Fernando Alonso,4,157,2001,0,23,0,11
Jos Verstappen,50,157,2001,1,18,0,15
Olivier Panis,44,157,2001,5,14,0,13
Heinz-Harald Frentzen,49,157,2001,6,13,0,12
Nick Heidfeld,2,157,2001,12,8,0,9
Rubens Barrichello,22,157,2001,54,3,0,5
David Coulthard,14,157,2001,61,2,2,3
Michael Schumacher,30,157,2001,113,1,8,1
Michael Schumacher,30,159,2000,10,1,1,1
Ralf Schumacher,23,159,2000,4,3,0,5
Giancarlo Fisichella,21,159,2000,2,5,0,2
Ricardo Zonta,41,159,2000,1,6,0,9
Michael Schumacher,30,160,2000,20,1,2,1
Rubens Barrichello,22,160,2000,6,3,0,4
Jacques Villeneuve,35,160,2000,3,7,0,5
Giancarlo Fisichella,21,160,2000,8,2,0,11
Ricardo Zonta,41,160,2000,1,8,0,12
Alexander Wurz,25,160,2000,0,11,0,9
Jarno Trulli,15,160,2000,3,6,0,15
Jos Verstappen,50,160,2000,0,10,0,14
Gastón Mazzacane,60,160,2000,0,15,0,13
Michael Schumacher,30,161,2000,30,1,3,3
Ralf Schumacher,23,161,2000,6,5,0,4
Jacques Villeneuve,35,161,2000,5,6,0,16
Giancarlo Fisichella,21,161,2000,8,3,0,7
Alexander Wurz,25,161,2000,0,13,0,9
Marc Gené,48,161,2000,0,18,0,14
Heinz-Harald Frentzen,49,161,2000,4,8,0,17
Jarno Trulli,15,161,2000,3,9,0,6
Jenson Button,18,161,2000,1,11,0,5
Gastón Mazzacane,60,161,2000,0,20,0,15
Mika Häkkinen,57,161,2000,6,4,0,2
David Coulthard,14,161,2000,4,7,0,1
Mika Salo,63,161,2000,1,12,0,8
Eddie Irvine,56,161,2000,0,15,0,13
Pedro Diniz,64,161,2000,0,17,0,11
Johnny Herbert,65,161,2000,0,21,0,12
Michael Schumacher,30,162,2000,34,1,3,5
Rubens Barrichello,22,162,2000,9,4,0,3
Ralf Schumacher,23,162,2000,9,5,0,4
Giancarlo Fisichella,21,162,2000,8,6,0,9
Ricardo Zonta,41,162,2000,1,12,0,8
Alexander Wurz,25,162,2000,0,13,0,10
Marc Gené,48,162,2000,0,17,0,14
Nick Heidfeld,2,162,2000,0,19,0,16
Heinz-Harald Frentzen,49,162,2000,4,8,0,6
Jarno Trulli,15,162,2000,4,9,0,12
Jenson Button,18,162,2000,3,10,0,17
Gastón Mazzacane,60,162,2000,0,21,0,15
Mika Häkkinen,57,162,2000,12,3,0,1
David Coulthard,14,162,2000,14,2,1,2
Mika Salo,63,162,2000,1,11,0,7
Eddie Irvine,56,162,2000,0,14,0,11
Johnny Herbert,65,162,2000,0,20,0,13
Michael Schumacher,30,163,2000,36,1,3,1
Rubens Barrichello,22,163,2000,13,4,0,4
Giancarlo Fisichella,21,163,2000,8,6,0,5
Alexander Wurz,25,163,2000,0,13,0,12
Jenson Button,18,163,2000,3,10,0,10
Pedro de la Rosa,37,163,2000,0,18,0,6
Gastón Mazzacane,60,163,2000,0,21,0,8
Mika Häkkinen,57,163,2000,22,2,1,2
David Coulthard,14,163,2000,20,3,1,3
Pedro Diniz,64,163,2000,0,16,0,7
Johnny Herbert,65,163,2000,0,20,0,11
Jean Alesi,55,163,2000,0,22,0,9
Rubens Barrichello,22,164,2000,16,4,0,2
Jacques Villeneuve,35,164,2000,5,8,0,7
Giancarlo Fisichella,21,164,2000,10,6,0,3
Nick Heidfeld,2,164,2000,0,21,0,8
Heinz-Harald Frentzen,49,164,2000,5,7,0,10
Mika Häkkinen,57,164,2000,28,2,1,6
David Coulthard,14,164,2000,24,3,1,1
Mika Salo,63,164,2000,1,11,0,5
Eddie Irvine,56,164,2000,0,16,0,4
Johnny Herbert,65,164,2000,0,22,0,9
Michael Schumacher,30,165,2000,46,1,4,1
Rubens Barrichello,22,165,2000,22,4,0,2
Ralf Schumacher,23,165,2000,12,6,0,14
Jacques Villeneuve,35,165,2000,5,8,0,15
Giancarlo Fisichella,21,165,2000,14,5,0,3
Ricardo Zonta,41,165,2000,1,13,0,8
Alexander Wurz,25,165,2000,0,16,0,9
Marc Gené,48,165,2000,0,20,0,16
Jarno Trulli,15,165,2000,4,9,0,6
Jenson Button,18,165,2000,3,12,0,11
Jos Verstappen,50,165,2000,0,17,0,5
Gastón Mazzacane,60,165,2000,0,19,0,12
Mika Häkkinen,57,165,2000,29,3,1,4
David Coulthard,14,165,2000,34,2,2,7
Eddie Irvine,56,165,2000,3,10,0,13
Pedro Diniz,64,165,2000,0,15,0,10
Rubens Barrichello,22,166,2000,28,4,0,3
Ralf Schumacher,23,166,2000,12,6,0,5
Jacques Villeneuve,35,166,2000,5,8,0,4
Giancarlo Fisichella,21,166,2000,18,5,0,9
Marc Gené,48,166,2000,0,20,0,15
Nick Heidfeld,2,166,2000,0,18,0,12
Heinz-Harald Frentzen,49,166,2000,5,7,0,7
Jarno Trulli,15,166,2000,5,9,0,6
Jenson Button,18,166,2000,3,12,0,8
Mika Häkkinen,57,166,2000,32,3,1,2
David Coulthard,14,166,2000,34,2,2,1
Mika Salo,63,166,2000,3,11,0,10
Eddie Irvine,56,166,2000,3,10,0,13
Pedro Diniz,64,166,2000,0,16,0,11
Jean Alesi,55,166,2000,0,22,0,14
Rubens Barrichello,22,167,2000,32,4,0,3
Jacques Villeneuve,35,167,2000,8,7,0,4
Alexander Wurz,25,167,2000,0,17,0,10
Marc Gené,48,167,2000,0,20,0,8
Jenson Button,18,167,2000,3,12,0,5
Gastón Mazzacane,60,167,2000,0,19,0,12
Mika Häkkinen,57,167,2000,38,3,1,1
David Coulthard,14,167,2000,44,2,3,2
Mika Salo,63,167,2000,3,11,0,6
Pedro Diniz,64,167,2000,0,16,0,9
Johnny Herbert,65,167,2000,0,21,0,7
Rubens Barrichello,22,168,2000,36,4,0,1
Ralf Schumacher,23,168,2000,14,6,0,7
Jacques Villeneuve,35,168,2000,11,7,0,8
Nick Heidfeld,2,168,2000,0,20,0,12
Jarno Trulli,15,168,2000,6,8,0,9
Jenson Button,18,168,2000,5,10,0,4
Pedro de la Rosa,37,168,2000,1,15,0,6
Gastón Mazzacane,60,168,2000,0,21,0,11
Mika Häkkinen,57,168,2000,48,3,2,2
David Coulthard,14,168,2000,50,2,3,3
Mika Salo,63,168,2000,4,11,0,5
Eddie Irvine,56,168,2000,3,12,0,10
Michael Schumacher,30,169,2000,56,1,5,2
Rubens Barrichello,22,169,2000,46,4,1,4
Ralf Schumacher,23,169,2000,14,6,0,5
Jacques Villeneuve,35,169,2000,11,7,0,12
Ricardo Zonta,41,169,2000,1,15,0,14
Alexander Wurz,25,169,2000,0,17,0,11
Marc Gené,48,169,2000,0,19,0,15
Heinz-Harald Frentzen,49,169,2000,5,11,0,6
Jarno Trulli,15,169,2000,6,9,0,7
Jenson Button,18,169,2000,8,8,0,9
Jos Verstappen,50,169,2000,2,13,0,13
Pedro de la Rosa,37,169,2000,2,14,0,16
Mika Häkkinen,57,169,2000,54,3,2,1
David Coulthard,14,169,2000,54,2,3,3
Mika Salo,63,169,2000,6,10,0,10
Eddie Irvine,56,169,2000,3,12,0,8
Michael Schumacher,30,170,2000,62,2,5,2
Ralf Schumacher,23,170,2000,16,6,0,3
Jacques Villeneuve,35,170,2000,11,7,0,7
Ricardo Zonta,41,170,2000,1,15,0,12
Alexander Wurz,25,170,2000,0,17,0,13
Marc Gené,48,170,2000,0,19,0,14
Heinz-Harald Frentzen,49,170,2000,6,9,0,6
Jenson Button,18,170,2000,8,8,0,5
Jos Verstappen,50,170,2000,2,13,0,15
Pedro de la Rosa,37,170,2000,2,14,0,16
Gastón Mazzacane,60,170,2000,0,21,0,17
Mika Häkkinen,57,170,2000,64,1,3,1
David Coulthard,14,170,2000,58,3,3,4
Mika Salo,63,170,2000,6,11,0,9
Eddie Irvine,56,170,2000,3,12,0,10
Pedro Diniz,64,170,2000,0,16,0,11
Johnny Herbert,65,170,2000,0,18,0,8
Michael Schumacher,30,171,2000,68,2,5,1
Ralf Schumacher,23,171,2000,20,5,0,3
Giancarlo Fisichella,21,171,2000,18,6,0,11
Ricardo Zonta,41,171,2000,1,15,0,6
Alexander Wurz,25,171,2000,0,18,0,5
Marc Gené,48,171,2000,0,19,0,9
Jos Verstappen,50,171,2000,2,13,0,4
Gastón Mazzacane,60,171,2000,0,21,0,10
Mika Häkkinen,57,171,2000,74,1,4,2
Mika Salo,63,171,2000,6,11,0,7
Pedro Diniz,64,171,2000,0,16,0,8
Jean Alesi,55,171,2000,0,22,0,12
Michael Schumacher,30,172,2000,78,2,6,1
Rubens Barrichello,22,172,2000,49,4,1,2
Jacques Villeneuve,35,172,2000,11,7,0,4
Ricardo Zonta,41,172,2000,2,15,0,6
Alexander Wurz,25,172,2000,2,14,0,10
Marc Gené,48,172,2000,0,19,0,12
Nick Heidfeld,2,172,2000,0,20,0,9
Heinz-Harald Frentzen,49,172,2000,7,9,0,3
David Coulthard,14,172,2000,61,3,3,5
Eddie Irvine,56,172,2000,3,13,0,7
Pedro Diniz,64,172,2000,0,17,0,8
Johnny Herbert,65,172,2000,0,18,0,11
Michael Schumacher,30,173,2000,88,1,7,1
Rubens Barrichello,22,173,2000,55,4,1,4
Jacques Villeneuve,35,173,2000,14,7,0,6
Giancarlo Fisichella,21,173,2000,18,6,0,14
Ricardo Zonta,41,173,2000,3,14,0,9
Jarno Trulli,15,173,2000,6,10,0,13
Jenson Button,18,173,2000,10,9,0,5
Pedro de la Rosa,37,173,2000,2,16,0,12
Gastón Mazzacane,60,173,2000,0,21,0,15
Mika Häkkinen,57,173,2000,80,2,4,2
David Coulthard,14,173,2000,63,3,3,3
Mika Salo,63,173,2000,6,11,0,10
Eddie Irvine,56,173,2000,3,13,0,8
Pedro Diniz,64,173,2000,0,17,0,11
Johnny Herbert,65,173,2000,0,18,0,7
Michael Schumacher,30,174,2000,98,1,8,1
Rubens Barrichello,22,174,2000,58,4,1,3
Jacques Villeneuve,35,174,2000,15,7,0,5
Giancarlo Fisichella,21,174,2000,18,6,0,9
Alexander Wurz,25,174,2000,2,15,0,7
Jarno Trulli,15,174,2000,6,10,0,12
Jos Verstappen,50,174,2000,5,12,0,10
Gastón Mazzacane,60,174,2000,0,21,0,13
Mika Häkkinen,57,174,2000,86,2,4,4
David Coulthard,14,174,2000,67,3,3,2
Mika Salo,63,174,2000,6,11,0,8
Eddie Irvine,56,174,2000,3,13,0,6
Jean Alesi,55,174,2000,0,22,0,11
Fernando Alonso,4,75,2005,36,1,3,2
Rubens Barrichello,22,75,2005,8,9,0,9
Giancarlo Fisichella,21,75,2005,10,3,1,5
Michael Schumacher,30,176,1999,0,8,0,2
Toranosuke Takagi,68,176,1999,0,7,0,8
Ralf Schumacher,23,176,1999,4,3,0,4
Heinz-Harald Frentzen,49,176,1999,6,2,0,3
Eddie Irvine,56,176,1999,10,1,1,5
Marc Gené,48,177,1999,0,12,0,9
Michael Schumacher,30,177,1999,6,5,0,1
Rubens Barrichello,22,177,1999,2,7,0,3
Giancarlo Fisichella,21,177,1999,3,6,0,5
Alessandro Zanardi,70,178,1999,0,19,0,8
Alexander Wurz,25,178,1999,0,15,0,6
Mika Häkkinen,57,178,1999,10,3,1,3
Michael Schumacher,30,178,1999,16,1,1,1
Rubens Barrichello,22,178,1999,6,7,0,9
Giancarlo Fisichella,21,178,1999,5,8,0,5
Heinz-Harald Frentzen,49,178,1999,10,4,0,4
Eddie Irvine,56,178,1999,12,2,1,2
Jarno Trulli,15,179,1999,0,16,0,6
Mika Salo,63,179,1999,0,15,0,8
Damon Hill,71,179,1999,3,9,0,7
David Coulthard,14,179,1999,6,7,0,2
Alexander Wurz,25,179,1999,1,10,0,10
Mika Häkkinen,57,179,1999,14,3,1,1
Michael Schumacher,30,179,1999,26,1,2,3
Toranosuke Takagi,68,179,1999,0,14,0,12
Pedro de la Rosa,37,179,1999,1,12,0,11
Giancarlo Fisichella,21,179,1999,7,6,0,9
Ralf Schumacher,23,179,1999,7,5,0,5
Eddie Irvine,56,179,1999,18,2,1,4
Johnny Herbert,65,180,1999,0,20,0,5
Luca Badoer,69,180,1999,0,18,0,10
David Coulthard,14,180,1999,12,5,0,7
Marc Gené,48,180,1999,0,19,0,8
Olivier Panis,44,180,1999,1,14,0,9
Mika Häkkinen,57,180,1999,24,2,2,1
Giancarlo Fisichella,21,180,1999,7,7,0,2
Ralf Schumacher,23,180,1999,9,6,0,4
Heinz-Harald Frentzen,49,180,1999,13,4,0,11
Eddie Irvine,56,180,1999,21,3,1,3
Jarno Trulli,15,181,1999,1,12,0,7
Luca Badoer,69,181,1999,0,20,0,10
Olivier Panis,44,181,1999,1,13,0,8
Mika Häkkinen,57,181,1999,34,1,3,2
Michael Schumacher,30,181,1999,30,2,2,5
Pedro de la Rosa,37,181,1999,1,14,0,11
Rubens Barrichello,22,181,1999,6,8,0,3
Ralf Schumacher,23,181,1999,12,7,0,4
Heinz-Harald Frentzen,49,181,1999,13,4,0,1
Eddie Irvine,56,181,1999,25,3,1,6
Pedro Diniz,64,182,1999,1,16,0,6
Jarno Trulli,15,182,1999,1,11,0,9
Alessandro Zanardi,70,182,1999,0,21,0,11
Johnny Herbert,65,182,1999,2,10,0,12
Jean Alesi,55,182,1999,1,15,0,14
Damon Hill,71,182,1999,3,9,0,5
David Coulthard,14,182,1999,12,7,0,1
Marc Gené,48,182,1999,0,19,0,15
Alexander Wurz,25,182,1999,1,12,0,10
Olivier Panis,44,182,1999,1,13,0,13
Toranosuke Takagi,68,182,1999,0,17,0,16
Rubens Barrichello,22,182,1999,10,8,0,8
Giancarlo Fisichella,21,182,1999,13,6,0,7
Ralf Schumacher,23,182,1999,15,5,0,3
Heinz-Harald Frentzen,49,182,1999,23,4,1,4
Eddie Irvine,56,182,1999,26,3,1,2
Ricardo Zonta,41,183,1999,0,22,0,15
Pedro Diniz,64,183,1999,2,11,0,6
Jarno Trulli,15,183,1999,1,12,0,7
Johnny Herbert,65,183,1999,2,10,0,14
Luca Badoer,69,183,1999,0,20,0,13
Mika Salo,63,183,1999,0,18,0,9
Damon Hill,71,183,1999,5,9,0,8
David Coulthard,14,183,1999,22,5,1,2
Marc Gené,48,183,1999,0,19,0,11
Alexander Wurz,25,183,1999,1,13,0,5
Olivier Panis,44,183,1999,1,14,0,10
Mika Häkkinen,57,183,1999,40,1,3,3
Giancarlo Fisichella,21,183,1999,13,7,0,12
Heinz-Harald Frentzen,49,183,1999,26,4,1,4
Eddie Irvine,56,183,1999,32,3,1,1
Johnny Herbert,65,184,1999,2,12,0,11
Luca Badoer,69,184,1999,0,20,0,10
Mika Salo,63,184,1999,0,17,0,2
Jean Alesi,55,184,1999,1,16,0,8
David Coulthard,14,184,1999,28,5,1,5
Marc Gené,48,184,1999,0,19,0,9
Alexander Wurz,25,184,1999,3,10,0,7
Olivier Panis,44,184,1999,1,14,0,6
Ralf Schumacher,23,184,1999,19,6,0,4
Heinz-Harald Frentzen,49,184,1999,29,4,1,3
Eddie Irvine,56,184,1999,42,2,2,1
Ricardo Zonta,41,185,1999,0,22,0,13
Jarno Trulli,15,185,1999,1,15,0,8
Johnny Herbert,65,185,1999,2,13,0,11
Luca Badoer,69,185,1999,0,20,0,14
Mika Salo,63,185,1999,6,9,0,12
Jean Alesi,55,185,1999,1,16,0,16
Damon Hill,71,185,1999,5,10,0,6
David Coulthard,14,185,1999,30,5,1,2
Marc Gené,48,185,1999,0,19,0,17
Alexander Wurz,25,185,1999,3,11,0,7
Olivier Panis,44,185,1999,2,14,0,10
Mika Häkkinen,57,185,1999,44,2,3,1
Pedro de la Rosa,37,185,1999,1,17,0,15
Rubens Barrichello,22,185,1999,10,8,0,5
Ralf Schumacher,23,185,1999,22,6,0,9
Heinz-Harald Frentzen,49,185,1999,33,3,1,4
Eddie Irvine,56,185,1999,52,1,3,3
Jarno Trulli,15,186,1999,1,15,0,12
Alessandro Zanardi,70,186,1999,0,21,0,8
Mika Salo,63,186,1999,6,9,0,7
Jean Alesi,55,186,1999,1,16,0,9
Damon Hill,71,186,1999,6,10,0,6
David Coulthard,14,186,1999,36,3,1,1
Marc Gené,48,186,1999,0,19,0,16
Alexander Wurz,25,186,1999,3,11,0,14
Olivier Panis,44,186,1999,2,14,0,13
Mika Häkkinen,57,186,1999,54,2,4,2
Rubens Barrichello,22,186,1999,12,8,0,10
Giancarlo Fisichella,21,186,1999,13,7,0,11
Ralf Schumacher,23,186,1999,22,6,0,5
Heinz-Harald Frentzen,49,186,1999,36,4,1,3
Eddie Irvine,56,186,1999,56,1,3,4
Jacques Villeneuve,35,187,1999,0,23,0,8
Alessandro Zanardi,70,187,1999,0,19,0,7
Mika Salo,63,187,1999,6,10,0,3
Jean Alesi,55,187,1999,1,16,0,9
Damon Hill,71,187,1999,7,9,0,10
David Coulthard,14,187,1999,46,3,2,5
Olivier Panis,44,187,1999,2,14,0,11
Rubens Barrichello,22,187,1999,12,8,0,4
Ralf Schumacher,23,187,1999,24,6,0,2
Heinz-Harald Frentzen,49,187,1999,40,4,1,1
Eddie Irvine,56,187,1999,59,2,3,6
Jacques Villeneuve,35,188,1999,0,22,0,10
Ricardo Zonta,41,188,1999,0,23,0,8
Jarno Trulli,15,188,1999,1,15,0,2
Johnny Herbert,65,188,1999,2,13,0,1
Marc Gené,48,188,1999,0,20,0,6
Olivier Panis,44,188,1999,2,14,0,9
Mika Häkkinen,57,188,1999,60,1,4,5
Rubens Barrichello,22,188,1999,15,7,0,3
Ralf Schumacher,23,188,1999,30,6,0,4
Eddie Irvine,56,188,1999,60,2,3,7
Alessandro Zanardi,70,189,1999,0,19,0,10
Johnny Herbert,65,189,1999,12,9,1,4
Jean Alesi,55,189,1999,1,17,0,7
Marc Gené,48,189,1999,1,16,0,9
Alexander Wurz,25,189,1999,3,13,0,8
Mika Häkkinen,57,189,1999,62,1,4,3
Michael Schumacher,30,189,1999,32,6,2,2
Rubens Barrichello,22,189,1999,19,7,0,5
Giancarlo Fisichella,21,189,1999,13,8,0,11
Heinz-Harald Frentzen,49,189,1999,50,3,2,6
Eddie Irvine,56,189,1999,60,2,3,1
Jacques Villeneuve,35,190,1999,0,23,0,9
Ricardo Zonta,41,190,1999,0,21,0,12
Pedro Diniz,64,190,1999,3,14,0,11
Johnny Herbert,65,190,1999,15,8,1,7
Jean Alesi,55,190,1999,1,16,0,6
Alexander Wurz,25,190,1999,3,13,0,10
Mika Häkkinen,57,190,1999,66,2,4,1
Michael Schumacher,30,190,1999,38,5,2,2
Pedro de la Rosa,37,190,1999,1,18,0,13
Rubens Barrichello,22,190,1999,21,7,0,8
Giancarlo Fisichella,21,190,1999,13,9,0,14
Ralf Schumacher,23,190,1999,33,6,0,5
Heinz-Harald Frentzen,49,190,1999,51,3,2,4
Eddie Irvine,56,190,1999,70,1,4,3
Mika Häkkinen,57,192,1998,10,1,1,1
David Coulthard,14,192,1998,6,2,0,2
Heinz-Harald Frentzen,49,192,1998,4,3,0,5
Eddie Irvine,56,192,1998,3,4,0,8
Jacques Villeneuve,35,192,1998,2,5,0,7
Johnny Herbert,65,192,1998,1,6,0,11
Alexander Wurz,25,192,1998,0,7,0,4
Mika Häkkinen,57,193,1998,20,1,2,2
David Coulthard,14,193,1998,12,2,0,6
Heinz-Harald Frentzen,49,193,1998,6,3,0,9
Eddie Irvine,56,193,1998,3,6,0,3
Alexander Wurz,25,193,1998,3,5,0,4
Damon Hill,71,193,1998,0,10,0,8
Olivier Panis,44,193,1998,0,12,0,15
Michael Schumacher,30,193,1998,4,4,0,1
Giancarlo Fisichella,21,193,1998,1,9,0,7
Jean Alesi,55,193,1998,0,11,0,5
David Coulthard,14,194,1998,13,3,0,1
Heinz-Harald Frentzen,49,194,1998,6,5,0,5
Eddie Irvine,56,194,1998,7,4,0,3
Jacques Villeneuve,35,194,1998,2,7,0,4
Damon Hill,71,194,1998,0,11,0,10
Olivier Panis,44,194,1998,0,12,0,11
Michael Schumacher,30,194,1998,14,2,1,2
Jean Alesi,55,194,1998,2,8,0,6
Mika Häkkinen,57,195,1998,26,1,2,1
David Coulthard,14,195,1998,23,2,1,2
Heinz-Harald Frentzen,49,195,1998,8,5,0,8
Jacques Villeneuve,35,195,1998,5,7,0,6
Johnny Herbert,65,195,1998,1,10,0,7
Alexander Wurz,25,195,1998,6,6,0,4
Olivier Panis,44,195,1998,0,14,0,16
Michael Schumacher,30,195,1998,20,3,1,3
Jean Alesi,55,195,1998,3,8,0,10
Jan Magnussen,76,195,1998,0,17,0,12
Rubens Barrichello,22,195,1998,0,16,0,5
Jarno Trulli,15,195,1998,0,18,0,9
Toranosuke Takagi,68,195,1998,0,19,0,13
Shinji Nakano,75,195,1998,0,20,0,14
Ralf Schumacher,23,195,1998,0,11,0,11
Esteban Tuero,74,195,1998,0,13,0,15
Mika Häkkinen,57,196,1998,36,1,3,1
Eddie Irvine,56,196,1998,11,4,0,3
Jacques Villeneuve,35,196,1998,6,7,0,5
Johnny Herbert,65,196,1998,1,10,0,7
Damon Hill,71,196,1998,0,13,0,8
Michael Schumacher,30,196,1998,24,3,1,10
Giancarlo Fisichella,21,196,1998,1,11,0,2
Jean Alesi,55,196,1998,3,8,0,12
Toranosuke Takagi,68,196,1998,0,19,0,11
Shinji Nakano,75,196,1998,0,20,0,9
Mika Salo,63,196,1998,0,17,0,4
Eddie Irvine,56,197,1998,15,4,0,3
Jacques Villeneuve,35,197,1998,8,7,0,10
Alexander Wurz,25,197,1998,9,5,0,4
Michael Schumacher,30,197,1998,24,3,1,1
Giancarlo Fisichella,21,197,1998,7,8,0,2
Jan Magnussen,76,197,1998,0,20,0,6
Rubens Barrichello,22,197,1998,2,11,0,5
Shinji Nakano,75,197,1998,0,19,0,7
Ricardo Rosset,73,197,1998,0,22,0,8
Pedro Diniz,64,197,1998,1,13,0,9
Mika Häkkinen,57,198,1998,46,1,4,3
David Coulthard,14,198,1998,29,3,1,6
Heinz-Harald Frentzen,49,198,1998,8,7,0,15
Eddie Irvine,56,198,1998,19,4,0,2
Jacques Villeneuve,35,198,1998,8,8,0,4
Johnny Herbert,65,198,1998,1,12,0,8
Alexander Wurz,25,198,1998,12,6,0,5
Olivier Panis,44,198,1998,0,20,0,11
Michael Schumacher,30,198,1998,34,2,2,1
Giancarlo Fisichella,21,198,1998,13,5,0,9
Jean Alesi,55,198,1998,3,11,0,7
Rubens Barrichello,22,198,1998,4,9,0,10
Shinji Nakano,75,198,1998,0,15,0,17
Ralf Schumacher,23,198,1998,0,16,0,16
Mika Salo,63,198,1998,3,10,0,13
Pedro Diniz,64,198,1998,1,13,0,14
Mika Häkkinen,57,199,1998,50,1,4,2
Eddie Irvine,56,199,1998,25,4,0,3
Jacques Villeneuve,35,199,1998,11,7,0,7
Alexander Wurz,25,199,1998,14,5,0,4
Michael Schumacher,30,199,1998,44,2,3,1
Giancarlo Fisichella,21,199,1998,13,6,0,5
Toranosuke Takagi,68,199,1998,0,22,0,9
Shinji Nakano,75,199,1998,0,15,0,8
Ralf Schumacher,23,199,1998,0,16,0,6
Mika Häkkinen,57,200,1998,56,1,4,1
David Coulthard,14,200,1998,30,3,1,2
Eddie Irvine,56,200,1998,29,4,0,4
Jacques Villeneuve,35,200,1998,11,7,0,6
Johnny Herbert,65,200,1998,1,12,0,8
Alexander Wurz,25,200,1998,17,5,0,9
Damon Hill,71,200,1998,0,17,0,7
Michael Schumacher,30,200,1998,54,2,4,3
Jarno Trulli,15,200,1998,0,22,0,10
Shinji Nakano,75,200,1998,0,16,0,11
Ricardo Rosset,73,200,1998,0,18,0,12
Ralf Schumacher,23,200,1998,1,13,0,5
Mika Häkkinen,57,201,1998,66,1,5,1
David Coulthard,14,201,1998,36,3,1,2
Heinz-Harald Frentzen,49,201,1998,8,8,0,9
Eddie Irvine,56,201,1998,32,4,0,8
Jacques Villeneuve,35,201,1998,12,7,0,3
Alexander Wurz,25,201,1998,17,5,0,11
Damon Hill,71,201,1998,0,16,0,4
Olivier Panis,44,201,1998,0,21,0,15
Michael Schumacher,30,201,1998,58,2,4,5
Giancarlo Fisichella,21,201,1998,15,6,0,7
Jean Alesi,55,201,1998,3,11,0,10
Jarno Trulli,15,201,1998,0,20,0,12
Toranosuke Takagi,68,201,1998,0,22,0,13
Ralf Schumacher,23,201,1998,3,12,0,6
Esteban Tuero,74,201,1998,0,19,0,16
Mika Salo,63,201,1998,3,10,0,14
Mika Häkkinen,57,202,1998,76,1,6,6
David Coulthard,14,202,1998,42,3,1,2
Heinz-Harald Frentzen,49,202,1998,8,8,0,5
Jacques Villeneuve,35,202,1998,16,6,0,3
Johnny Herbert,65,202,1998,1,14,0,10
Damon Hill,71,202,1998,3,11,0,4
Olivier Panis,44,202,1998,0,21,0,12
Michael Schumacher,30,202,1998,60,2,4,1
Giancarlo Fisichella,21,202,1998,15,7,0,8
Jean Alesi,55,202,1998,3,13,0,7
Toranosuke Takagi,68,202,1998,0,22,0,14
Shinji Nakano,75,202,1998,0,17,0,15
Ralf Schumacher,23,202,1998,4,10,0,9
Pedro Diniz,64,202,1998,1,15,0,11
Jos Verstappen,50,202,1998,0,23,0,13
David Coulthard,14,203,1998,48,3,1,7
Heinz-Harald Frentzen,49,203,1998,10,8,0,4
Damon Hill,71,203,1998,6,9,0,1
Jean Alesi,55,203,1998,3,13,0,3
Jarno Trulli,15,203,1998,0,20,0,6
Shinji Nakano,75,203,1998,0,17,0,8
Ralf Schumacher,23,203,1998,4,11,0,2
Pedro Diniz,64,203,1998,1,15,0,5
Mika Häkkinen,57,204,1998,77,1,6,4
Heinz-Harald Frentzen,49,204,1998,13,9,0,7
Eddie Irvine,56,204,1998,32,4,0,2
Damon Hill,71,204,1998,16,7,1,6
Michael Schumacher,30,204,1998,70,2,5,1
Giancarlo Fisichella,21,204,1998,15,8,0,8
Jean Alesi,55,204,1998,7,11,0,5
Rubens Barrichello,22,204,1998,4,12,0,10
Jarno Trulli,15,204,1998,1,16,0,13
Toranosuke Takagi,68,204,1998,0,22,0,9
Ricardo Rosset,73,204,1998,0,19,0,12
Ralf Schumacher,23,204,1998,10,10,0,3
Esteban Tuero,74,204,1998,0,20,0,11
Mika Häkkinen,57,205,1998,80,1,6,1
David Coulthard,14,205,1998,48,3,1,3
Heinz-Harald Frentzen,49,205,1998,13,10,0,5
Eddie Irvine,56,205,1998,38,4,0,4
Jacques Villeneuve,35,205,1998,20,5,0,8
Alexander Wurz,25,205,1998,17,7,0,7
Damon Hill,71,205,1998,17,6,1,9
Olivier Panis,44,205,1998,0,22,0,12
Michael Schumacher,30,205,1998,80,2,6,2
Giancarlo Fisichella,21,205,1998,15,8,0,6
Jean Alesi,55,205,1998,9,11,0,10
Rubens Barrichello,22,205,1998,4,12,0,11
Toranosuke Takagi,68,205,1998,0,21,0,16
Shinji Nakano,75,205,1998,0,18,0,15
Mika Salo,63,205,1998,3,13,0,14
Jos Verstappen,50,205,1998,0,23,0,13
Mika Häkkinen,57,206,1998,90,1,7,1
David Coulthard,14,206,1998,52,3,1,3
Heinz-Harald Frentzen,49,206,1998,15,9,0,5
Eddie Irvine,56,206,1998,41,4,0,2
Jacques Villeneuve,35,206,1998,20,5,0,6
Johnny Herbert,65,206,1998,1,15,0,10
Alexander Wurz,25,206,1998,17,7,0,9
Damon Hill,71,206,1998,17,6,1,4
Olivier Panis,44,206,1998,0,22,0,11
Giancarlo Fisichella,21,206,1998,16,8,0,8
Jean Alesi,55,206,1998,9,11,0,7
Jarno Trulli,15,206,1998,1,16,0,12
Jarno Trulli,15,208,1997,0,9,0,12
Heinz-Harald Frentzen,49,208,1997,0,8,0,9
Shinji Nakano,75,208,1997,0,7,0,14
Nicola Larini,78,208,1997,1,6,0,11
Olivier Panis,44,208,1997,2,5,0,3
Gerhard Berger,77,208,1997,3,4,0,2
Mika Häkkinen,57,208,1997,4,3,0,4
Michael Schumacher,30,208,1997,6,2,0,5
David Coulthard,14,208,1997,10,1,1,10
Eddie Irvine,56,209,1997,0,17,0,2
Mika Salo,63,209,1997,0,15,0,8
Johnny Herbert,65,209,1997,0,10,0,4
Jean Alesi,55,209,1997,1,8,0,7
Jacques Villeneuve,35,209,1997,10,2,1,1
Jarno Trulli,15,209,1997,0,13,0,9
Gerhard Berger,77,209,1997,9,3,0,6
Mika Häkkinen,57,209,1997,7,5,0,5
Ukyo Katayama,79,210,1997,0,21,0,11
Eddie Irvine,56,210,1997,6,6,0,3
Jos Verstappen,50,210,1997,0,19,0,10
Mika Salo,63,210,1997,0,14,0,9
Giancarlo Fisichella,21,210,1997,0,15,0,4
Jean Alesi,55,210,1997,1,10,0,5
Heinz-Harald Frentzen,49,210,1997,0,13,0,1
Nicola Larini,78,210,1997,1,11,0,7
Olivier Panis,44,210,1997,6,7,0,8
Mika Häkkinen,57,210,1997,9,4,0,6
Michael Schumacher,30,210,1997,8,5,0,2
Jan Magnussen,76,211,1997,0,19,0,7
Ukyo Katayama,79,211,1997,0,20,0,10
Eddie Irvine,56,211,1997,10,5,0,3
Jos Verstappen,50,211,1997,0,17,0,8
Mika Salo,63,211,1997,0,15,0,5
Giancarlo Fisichella,21,211,1997,3,11,0,6
Olivier Panis,44,211,1997,6,8,0,4
Gerhard Berger,77,211,1997,10,6,0,9
Michael Schumacher,30,211,1997,14,2,0,1
Jan Magnussen,76,212,1997,0,16,0,13
Eddie Irvine,56,212,1997,14,3,0,12
Jos Verstappen,50,212,1997,0,18,0,11
Giancarlo Fisichella,21,212,1997,4,11,0,9
Johnny Herbert,65,212,1997,3,12,0,5
Jean Alesi,55,212,1997,3,13,0,3
Jacques Villeneuve,35,212,1997,20,2,2,1
Jarno Trulli,15,212,1997,0,19,0,15
Heinz-Harald Frentzen,49,212,1997,10,4,1,8
Olivier Panis,44,212,1997,9,8,0,2
Gerhard Berger,77,212,1997,10,6,0,10
Mika Häkkinen,57,212,1997,10,7,0,7
Michael Schumacher,30,212,1997,24,1,1,4
David Coulthard,14,212,1997,10,5,1,6
Gianni Morbidelli,81,213,1997,0,22,0,10
Damon Hill,71,213,1997,0,23,0,9
Giancarlo Fisichella,21,213,1997,4,13,0,3
Johnny Herbert,65,213,1997,5,11,0,5
Jean Alesi,55,213,1997,7,9,0,2
Pedro Diniz,64,213,1997,0,21,0,8
Heinz-Harald Frentzen,49,213,1997,10,6,1,4
Shinji Nakano,75,213,1997,0,17,0,6
Olivier Panis,44,213,1997,15,3,0,11
Michael Schumacher,30,213,1997,27,2,1,1
David Coulthard,14,213,1997,11,5,1,7
Ralf Schumacher,23,214,1997,4,13,0,6
Ukyo Katayama,79,214,1997,0,22,0,11
Damon Hill,71,214,1997,0,21,0,12
Eddie Irvine,56,214,1997,14,4,0,3
Giancarlo Fisichella,21,214,1997,8,10,0,9
Johnny Herbert,65,214,1997,7,11,0,8
Jean Alesi,55,214,1997,13,6,0,5
Jacques Villeneuve,35,214,1997,30,2,3,4
Jarno Trulli,15,214,1997,0,20,0,10
Heinz-Harald Frentzen,49,214,1997,13,5,1,2
Michael Schumacher,30,214,1997,37,1,2,1
David Coulthard,14,214,1997,11,7,1,7
Ralf Schumacher,23,215,1997,5,13,0,5
Damon Hill,71,215,1997,0,21,0,6
Giancarlo Fisichella,21,215,1997,8,10,0,7
Jean Alesi,55,215,1997,15,6,0,2
Jacques Villeneuve,35,215,1997,33,2,3,1
Jarno Trulli,15,215,1997,0,20,0,8
Shinji Nakano,75,215,1997,1,16,0,11
David Coulthard,14,215,1997,11,7,1,4
Norberto Fontana,82,216,1997,0,23,0,9
Ralf Schumacher,23,216,1997,7,11,0,5
Damon Hill,71,216,1997,1,18,0,8
Jos Verstappen,50,216,1997,0,21,0,10
Giancarlo Fisichella,21,216,1997,8,10,0,11
Jean Alesi,55,216,1997,21,3,0,6
Jarno Trulli,15,216,1997,0,20,0,4
Shinji Nakano,75,216,1997,1,16,0,7
Gerhard Berger,77,216,1997,10,8,0,1
Mika Häkkinen,57,216,1997,10,9,0,3
Michael Schumacher,30,216,1997,47,1,3,2
Tarso Marques,58,217,1997,0,26,0,12
Ralf Schumacher,23,217,1997,9,10,0,5
Ukyo Katayama,79,217,1997,0,24,0,10
Damon Hill,71,217,1997,1,19,0,2
Eddie Irvine,56,217,1997,18,6,0,9
Mika Salo,63,217,1997,2,16,0,13
Johnny Herbert,65,217,1997,7,12,0,3
Jean Alesi,55,217,1997,22,3,0,11
Jacques Villeneuve,35,217,1997,43,2,4,1
Jarno Trulli,15,217,1997,3,15,0,7
Shinji Nakano,75,217,1997,1,17,0,6
Gerhard Berger,77,217,1997,20,4,1,8
Michael Schumacher,30,217,1997,53,1,3,4
Gianni Morbidelli,81,218,1997,0,26,0,9
Jan Magnussen,76,218,1997,0,20,0,12
Ukyo Katayama,79,218,1997,0,24,0,14
Damon Hill,71,218,1997,7,13,0,13
Eddie Irvine,56,218,1997,18,6,0,10
Mika Salo,63,218,1997,2,17,0,11
Giancarlo Fisichella,21,218,1997,8,12,0,2
Johnny Herbert,65,218,1997,11,10,0,4
Jean Alesi,55,218,1997,22,3,0,8
Jacques Villeneuve,35,218,1997,53,2,5,5
Pedro Diniz,64,218,1997,0,22,0,7
Jarno Trulli,15,218,1997,3,16,0,15
Heinz-Harald Frentzen,49,218,1997,19,5,1,3
Gerhard Berger,77,218,1997,20,4,1,6
Michael Schumacher,30,218,1997,56,1,3,1
Tarso Marques,58,219,1997,0,26,0,14
Gianni Morbidelli,81,219,1997,0,24,0,12
Rubens Barrichello,22,219,1997,6,14,0,13
Eddie Irvine,56,219,1997,18,6,0,8
Giancarlo Fisichella,21,219,1997,14,9,0,4
Jean Alesi,55,219,1997,22,4,0,2
Jacques Villeneuve,35,219,1997,55,2,5,5
Jarno Trulli,15,219,1997,3,16,0,10
Heinz-Harald Frentzen,49,219,1997,23,3,1,3
Shinji Nakano,75,219,1997,2,18,0,11
Gerhard Berger,77,219,1997,21,5,1,7
Mika Häkkinen,57,219,1997,14,10,0,9
Michael Schumacher,30,219,1997,66,1,4,6
David Coulthard,14,219,1997,14,8,1,1
Gianni Morbidelli,81,220,1997,0,24,0,9
Rubens Barrichello,22,220,1997,6,14,0,14
Ralf Schumacher,23,220,1997,11,12,0,5
Ukyo Katayama,79,220,1997,0,25,0,11
Damon Hill,71,220,1997,7,13,0,7
Jos Verstappen,50,220,1997,0,22,0,12
Giancarlo Fisichella,21,220,1997,17,8,0,4
Johnny Herbert,65,220,1997,14,11,0,8
Jacques Villeneuve,35,220,1997,57,2,5,1
Pedro Diniz,64,220,1997,0,20,0,13
Heinz-Harald Frentzen,49,220,1997,27,4,1,3
Gerhard Berger,77,220,1997,21,6,1,10
Michael Schumacher,30,220,1997,67,1,4,6
David Coulthard,14,220,1997,24,5,2,2
Gianni Morbidelli,81,221,1997,0,23,0,9
Damon Hill,71,221,1997,7,13,0,8
Mika Salo,63,221,1997,2,17,0,10
Johnny Herbert,65,221,1997,14,11,0,7
Jean Alesi,55,221,1997,28,5,0,2
Jacques Villeneuve,35,221,1997,67,2,6,1
Pedro Diniz,64,221,1997,0,20,0,5
Heinz-Harald Frentzen,49,221,1997,31,3,1,3
Olivier Panis,44,221,1997,15,9,0,6
Gerhard Berger,77,221,1997,21,6,1,4
Ralf Schumacher,23,222,1997,13,12,0,9
Damon Hill,71,222,1997,7,13,0,11
Eddie Irvine,56,222,1997,18,8,0,3
Jos Verstappen,50,222,1997,0,22,0,13
Giancarlo Fisichella,21,222,1997,20,7,0,7
Johnny Herbert,65,222,1997,14,11,0,6
Jean Alesi,55,222,1997,34,4,0,5
Pedro Diniz,64,222,1997,2,17,0,12
Heinz-Harald Frentzen,49,222,1997,35,3,1,2
Gerhard Berger,77,222,1997,24,6,1,8
Mika Häkkinen,57,222,1997,14,10,0,4
Michael Schumacher,30,222,1997,68,2,4,1
David Coulthard,14,222,1997,30,5,2,10
Tarso Marques,58,223,1997,0,26,0,15
Norberto Fontana,82,223,1997,0,24,0,14
Jan Magnussen,76,223,1997,0,21,0,9
Ukyo Katayama,79,223,1997,0,25,0,17
Eddie Irvine,56,223,1997,22,7,0,5
Jos Verstappen,50,223,1997,0,22,0,16
Mika Salo,63,223,1997,2,18,0,12
Giancarlo Fisichella,21,223,1997,20,8,0,11
Johnny Herbert,65,223,1997,15,11,0,8
Jean Alesi,55,223,1997,36,4,0,13
Jacques Villeneuve,35,223,1997,77,2,7,3
Heinz-Harald Frentzen,49,223,1997,41,3,1,6
Shinji Nakano,75,223,1997,2,19,0,10
Olivier Panis,44,223,1997,16,10,0,7
Gerhard Berger,77,223,1997,24,6,1,4
Mika Häkkinen,57,223,1997,17,9,0,1
David Coulthard,14,223,1997,30,5,2,2
Damon Hill,71,225,1996,10,1,1,1
Eddie Irvine,56,225,1996,4,3,0,7
Mika Häkkinen,57,225,1996,2,5,0,4
Mika Salo,63,225,1996,1,6,0,5
Olivier Panis,44,225,1996,0,7,0,6
Pedro Diniz,64,225,1996,0,10,0,8
Ukyo Katayama,79,225,1996,0,11,0,9
Damon Hill,71,226,1996,20,1,2,1
Jacques Villeneuve,35,226,1996,6,3,0,2
Eddie Irvine,56,226,1996,4,5,0,5
Olivier Panis,44,226,1996,1,9,0,8
Jean Alesi,55,226,1996,6,2,0,3
Damon Hill,71,227,1996,30,1,3,4
Jacques Villeneuve,35,227,1996,12,2,0,1
Gerhard Berger,77,227,1996,3,8,0,9
Mika Häkkinen,57,227,1996,5,5,0,8
Ricardo Rosset,73,227,1996,0,17,0,11
Pedro Diniz,64,227,1996,0,13,0,10
Michael Schumacher,30,227,1996,4,6,0,2
Pedro Lamy,83,227,1996,0,18,0,12
Martin Brundle,84,227,1996,0,21,0,6
Rubens Barrichello,22,227,1996,3,7,0,5
David Coulthard,14,227,1996,0,12,0,3
Johnny Herbert,65,227,1996,0,16,0,7
Damon Hill,71,228,1996,33,1,3,1
Jacques Villeneuve,35,228,1996,22,2,1,11
Eddie Irvine,56,228,1996,6,5,0,4
Gerhard Berger,77,228,1996,3,9,0,3
Mika Häkkinen,57,228,1996,5,6,0,8
Pedro Diniz,64,228,1996,0,15,0,7
Jean Alesi,55,228,1996,10,3,0,6
Michael Schumacher,30,228,1996,10,4,0,2
Pedro Lamy,83,228,1996,0,19,0,9
Luca Badoer,69,228,1996,0,21,0,10
Rubens Barrichello,22,228,1996,5,7,0,5
Eddie Irvine,56,229,1996,9,5,0,7
Mika Häkkinen,57,229,1996,5,8,0,6
Mika Salo,63,229,1996,3,10,0,5
Olivier Panis,44,229,1996,1,11,0,1
Heinz-Harald Frentzen,49,229,1996,0,16,0,4
David Coulthard,14,229,1996,4,9,0,2
Johnny Herbert,65,229,1996,0,15,0,3
Jacques Villeneuve,35,230,1996,22,2,1,3
Mika Häkkinen,57,230,1996,6,10,0,5
Heinz-Harald Frentzen,49,230,1996,3,13,0,4
Pedro Diniz,64,230,1996,0,16,0,6
Jean Alesi,55,230,1996,11,5,0,2
Michael Schumacher,30,230,1996,16,3,0,1
Damon Hill,71,231,1996,43,1,4,1
Jacques Villeneuve,35,231,1996,26,2,1,2
Mika Häkkinen,57,231,1996,8,8,0,5
Jean Alesi,55,231,1996,17,4,0,3
Martin Brundle,84,231,1996,1,15,0,6
David Coulthard,14,231,1996,10,6,0,4
Johnny Herbert,65,231,1996,4,13,0,7
Giancarlo Fisichella,21,231,1996,0,22,0,8
Damon Hill,71,232,1996,53,1,5,1
Jacques Villeneuve,35,232,1996,32,2,1,2
Gerhard Berger,77,232,1996,7,9,0,4
Mika Häkkinen,57,232,1996,10,7,0,5
Mika Salo,63,232,1996,5,12,0,10
Olivier Panis,44,232,1996,11,6,1,7
Ricardo Rosset,73,232,1996,0,20,0,11
Jean Alesi,55,232,1996,21,4,0,3
Pedro Lamy,83,232,1996,0,18,0,12
Martin Brundle,84,232,1996,2,14,0,8
Rubens Barrichello,22,232,1996,7,10,0,9
David Coulthard,14,232,1996,13,5,0,6
Jacques Villeneuve,35,233,1996,38,2,1,1
Gerhard Berger,77,233,1996,10,8,0,2
Mika Häkkinen,57,233,1996,12,6,0,3
Mika Salo,63,233,1996,5,12,0,7
Heinz-Harald Frentzen,49,233,1996,6,11,0,8
Martin Brundle,84,233,1996,2,14,0,6
Rubens Barrichello,22,233,1996,7,10,0,4
Jos Verstappen,50,233,1996,1,16,0,10
David Coulthard,14,233,1996,14,5,0,5
Johnny Herbert,65,233,1996,4,13,0,9
Giancarlo Fisichella,21,233,1996,0,17,0,11
Damon Hill,71,234,1996,63,1,6,1
Jacques Villeneuve,35,234,1996,48,2,2,3
Gerhard Berger,77,234,1996,16,5,0,13
Mika Salo,63,234,1996,5,12,0,9
Olivier Panis,44,234,1996,11,8,1,7
Heinz-Harald Frentzen,49,234,1996,6,11,0,8
Ricardo Rosset,73,234,1996,0,19,0,11
Jean Alesi,55,234,1996,25,4,0,2
Michael Schumacher,30,234,1996,26,3,1,4
Pedro Lamy,83,234,1996,0,18,0,12
Martin Brundle,84,234,1996,3,14,0,10
Rubens Barrichello,22,234,1996,10,9,0,6
David Coulthard,14,234,1996,16,6,0,5
Damon Hill,71,235,1996,73,1,7,2
Jacques Villeneuve,35,235,1996,52,2,2,1
Mika Häkkinen,57,235,1996,16,7,0,4
Olivier Panis,44,235,1996,11,8,1,5
Ricardo Rosset,73,235,1996,0,19,0,8
Ukyo Katayama,79,235,1996,0,20,0,7
Jean Alesi,55,235,1996,31,3,0,3
Michael Schumacher,30,235,1996,29,4,1,9
Rubens Barrichello,22,235,1996,11,9,0,6
Damon Hill,71,236,1996,79,1,7,5
Jacques Villeneuve,35,236,1996,62,2,3,2
Gerhard Berger,77,236,1996,16,7,0,6
Mika Häkkinen,57,236,1996,19,5,0,3
Mika Salo,63,236,1996,5,12,0,7
Ricardo Rosset,73,236,1996,0,18,0,9
Ukyo Katayama,79,236,1996,0,17,0,8
Jean Alesi,55,236,1996,35,3,0,4
Michael Schumacher,30,236,1996,29,4,1,1
Pedro Lamy,83,236,1996,0,20,0,10
Jacques Villeneuve,35,237,1996,68,2,3,7
Mika Häkkinen,57,237,1996,23,5,0,3
Pedro Diniz,64,237,1996,1,15,0,6
Ukyo Katayama,79,237,1996,0,17,0,10
Jean Alesi,55,237,1996,38,4,0,2
Michael Schumacher,30,237,1996,39,3,2,1
Martin Brundle,84,237,1996,3,14,0,4
Rubens Barrichello,22,237,1996,12,9,0,5
Jos Verstappen,50,237,1996,1,16,0,8
Johnny Herbert,65,237,1996,4,13,0,9
Damon Hill,71,238,1996,81,1,7,2
Jacques Villeneuve,35,238,1996,68,2,3,1
Eddie Irvine,56,238,1996,9,10,0,5
Gerhard Berger,77,238,1996,17,7,0,6
Mika Salo,63,238,1996,5,13,0,11
Olivier Panis,44,238,1996,13,9,1,10
Heinz-Harald Frentzen,49,238,1996,6,11,0,7
Ricardo Rosset,73,238,1996,0,18,0,14
Ukyo Katayama,79,238,1996,0,17,0,12
Jean Alesi,55,238,1996,44,4,0,4
Michael Schumacher,30,238,1996,49,3,3,3
Pedro Lamy,83,238,1996,0,20,0,16
Martin Brundle,84,238,1996,6,12,0,9
David Coulthard,14,238,1996,18,6,0,13
Johnny Herbert,65,238,1996,4,14,0,8
Giovanni Lavaggi,86,238,1996,0,22,0,15
Damon Hill,71,239,1996,87,1,7,1
Gerhard Berger,77,239,1996,18,6,0,4
Mika Häkkinen,57,239,1996,27,5,0,3
Olivier Panis,44,239,1996,13,9,1,7
Heinz-Harald Frentzen,49,239,1996,6,11,0,6
Ricardo Rosset,73,239,1996,0,18,0,13
Michael Schumacher,30,239,1996,53,3,3,2
Pedro Lamy,83,239,1996,0,20,0,12
Martin Brundle,84,239,1996,6,12,0,5
Rubens Barrichello,22,239,1996,14,8,0,9
Jos Verstappen,50,239,1996,1,16,0,11
David Coulthard,14,239,1996,18,7,0,8
Johnny Herbert,65,239,1996,4,14,0,10
Jean Alesi,55,241,1995,2,5,0,2
Gerhard Berger,77,241,1995,4,3,0,6
Michael Schumacher,30,241,1995,10,1,1,3
Olivier Panis,44,242,1995,0,10,0,9
Heinz-Harald Frentzen,49,242,1995,2,8,0,6
Johnny Herbert,65,242,1995,3,7,0,7
Damon Hill,71,242,1995,10,2,1,1
Aguri Suzuki,88,242,1995,0,13,0,11
Jean Alesi,55,242,1995,8,3,0,2
Mika Häkkinen,57,242,1995,3,6,0,5
Gerhard Berger,77,242,1995,5,5,0,3
David Coulthard,14,242,1995,6,4,0,4
Gianni Morbidelli,81,243,1995,0,20,0,11
Pierluigi Martini,94,243,1995,0,19,0,14
Eddie Irvine,56,243,1995,0,13,0,5
Domenico Schiattarella,93,243,1995,0,16,0,15
Olivier Panis,44,243,1995,0,10,0,6
Heinz-Harald Frentzen,49,243,1995,3,8,0,8
Johnny Herbert,65,243,1995,3,7,0,2
Damon Hill,71,243,1995,20,1,2,4
Mika Salo,63,243,1995,0,11,0,10
Gerhard Berger,77,243,1995,9,5,0,3
Michael Schumacher,30,243,1995,14,2,1,1
Gianni Morbidelli,81,244,1995,0,21,0,9
Pierluigi Martini,94,244,1995,0,22,0,7
Heinz-Harald Frentzen,49,244,1995,3,8,0,6
Johnny Herbert,65,244,1995,9,5,0,4
Damon Hill,71,244,1995,23,2,2,2
Pedro Diniz,64,244,1995,0,19,0,10
Mark Blundell,87,244,1995,1,11,0,5
Gerhard Berger,77,244,1995,13,4,0,3
Michael Schumacher,30,244,1995,24,1,2,1
Martin Brundle,84,245,1995,0,20,0,10
Rubens Barrichello,22,245,1995,0,14,0,2
Luca Badoer,69,245,1995,0,26,0,8
Gianni Morbidelli,81,245,1995,0,18,0,6
Eddie Irvine,56,245,1995,2,10,0,3
Olivier Panis,44,245,1995,1,11,0,4
Mika Salo,63,245,1995,0,12,0,7
Jean Alesi,55,245,1995,14,4,0,1
Gerhard Berger,77,245,1995,17,3,0,11
Michael Schumacher,30,245,1995,34,1,3,5
Martin Brundle,84,246,1995,0,20,0,4
Rubens Barrichello,22,246,1995,6,7,0,6
Luca Badoer,69,246,1995,0,17,0,13
Gianni Morbidelli,81,246,1995,1,13,0,14
Eddie Irvine,56,246,1995,6,8,0,9
Olivier Panis,44,246,1995,4,10,0,8
Heinz-Harald Frentzen,49,246,1995,4,11,0,10
Damon Hill,71,246,1995,29,2,2,2
Mika Salo,63,246,1995,0,14,0,15
Mark Blundell,87,246,1995,3,12,0,11
Jean Alesi,55,246,1995,24,3,1,5
Mika Häkkinen,57,246,1995,5,9,0,7
Gerhard Berger,77,246,1995,17,4,0,12
David Coulthard,14,246,1995,9,6,0,3
Michael Schumacher,30,246,1995,36,1,3,1
Jean-Christophe Boullion,96,247,1995,0,19,0,9
Rubens Barrichello,22,247,1995,7,7,0,11
Luca Badoer,69,247,1995,0,18,0,10
Pierluigi Martini,94,247,1995,0,16,0,7
Olivier Panis,44,247,1995,4,10,0,4
Heinz-Harald Frentzen,49,247,1995,4,11,0,6
Johnny Herbert,65,247,1995,12,6,0,1
Mika Salo,63,247,1995,0,15,0,8
Mark Blundell,87,247,1995,3,13,0,5
Jean Alesi,55,247,1995,26,3,1,2
David Coulthard,14,247,1995,13,5,0,3
Jean-Christophe Boullion,96,248,1995,0,17,0,5
Eddie Irvine,56,248,1995,6,9,0,9
Ukyo Katayama,79,248,1995,0,20,0,7
Johnny Herbert,65,248,1995,22,4,1,4
Andrea Montermini,85,248,1995,0,23,0,8
Aguri Suzuki,88,248,1995,0,19,0,6
Gerhard Berger,77,248,1995,17,6,0,3
David Coulthard,14,248,1995,17,5,0,2
Michael Schumacher,30,248,1995,46,1,4,1
Jean-Christophe Boullion,96,249,1995,2,14,0,10
Rubens Barrichello,22,249,1995,7,7,0,7
Luca Badoer,69,249,1995,0,21,0,8
Olivier Panis,44,249,1995,7,8,0,6
Heinz-Harald Frentzen,49,249,1995,5,12,0,5
Johnny Herbert,65,249,1995,25,4,1,4
Damon Hill,71,249,1995,35,2,2,1
Andrea Montermini,85,249,1995,0,20,0,12
Gerhard Berger,77,249,1995,21,6,0,3
David Coulthard,14,249,1995,23,5,0,2
Michael Schumacher,30,249,1995,56,1,5,11
Pedro Lamy,83,250,1995,0,24,0,10
Roberto Moreno,90,250,1995,0,30,0,14
Taki Inoue,89,250,1995,0,23,0,12
Jean-Christophe Boullion,96,250,1995,2,14,0,11
Martin Brundle,84,250,1995,3,13,0,3
Rubens Barrichello,22,250,1995,7,8,0,6
Olivier Panis,44,250,1995,8,7,0,9
Heinz-Harald Frentzen,49,250,1995,7,9,0,4
Johnny Herbert,65,250,1995,28,5,1,7
Damon Hill,71,250,1995,45,2,3,2
Pedro Diniz,64,250,1995,0,25,0,13
Mika Salo,63,250,1995,0,17,0,8
Mark Blundell,87,250,1995,5,12,0,5
Michael Schumacher,30,250,1995,56,1,5,1
Taki Inoue,89,251,1995,0,23,0,8
Jean-Christophe Boullion,96,251,1995,2,14,0,6
Ukyo Katayama,79,251,1995,0,19,0,10
Heinz-Harald Frentzen,49,251,1995,10,7,0,3
Johnny Herbert,65,251,1995,28,5,1,1
Pedro Diniz,64,251,1995,0,25,0,9
Mika Salo,63,251,1995,0,17,0,5
Mark Blundell,87,251,1995,7,11,0,4
Mika Häkkinen,57,251,1995,5,13,0,2
Roberto Moreno,90,252,1995,0,31,0,17
Taki Inoue,89,252,1995,0,22,0,15
Jean-Christophe Boullion,96,252,1995,3,14,0,12
Martin Brundle,84,252,1995,7,12,0,8
Rubens Barrichello,22,252,1995,8,10,0,11
Luca Badoer,69,252,1995,0,21,0,14
Eddie Irvine,56,252,1995,6,13,0,10
Heinz-Harald Frentzen,49,252,1995,14,7,0,6
Johnny Herbert,65,252,1995,38,3,2,7
Damon Hill,71,252,1995,51,2,3,3
Pedro Diniz,64,252,1995,0,24,0,16
Mika Salo,63,252,1995,2,15,0,13
Mark Blundell,87,252,1995,10,9,0,9
Jean Alesi,55,252,1995,32,4,1,5
Gerhard Berger,77,252,1995,25,6,0,4
David Coulthard,14,252,1995,29,5,0,1
Michael Schumacher,30,252,1995,66,1,6,2
Massimiliano Papis,97,253,1995,0,20,0,12
Pedro Lamy,83,253,1995,0,25,0,9
Martin Brundle,84,253,1995,7,12,0,7
Rubens Barrichello,22,253,1995,8,10,0,4
Luca Badoer,69,253,1995,0,21,0,11
Eddie Irvine,56,253,1995,6,13,0,6
Johnny Herbert,65,253,1995,38,4,2,5
Pedro Diniz,64,253,1995,0,24,0,13
Mika Salo,63,253,1995,2,15,0,10
Jean Alesi,55,253,1995,34,5,1,2
Mika Häkkinen,57,253,1995,11,8,0,8
David Coulthard,14,253,1995,39,3,1,3
Michael Schumacher,30,253,1995,72,1,6,1
Pedro Lamy,83,254,1995,0,24,0,13
Roberto Moreno,90,254,1995,0,31,0,16
Luca Badoer,69,254,1995,0,21,0,15
Eddie Irvine,56,254,1995,7,13,0,11
Ukyo Katayama,79,254,1995,0,19,0,14
Olivier Panis,44,254,1995,8,11,0,8
Heinz-Harald Frentzen,49,254,1995,15,7,0,7
Johnny Herbert,65,254,1995,40,4,2,6
Damon Hill,71,254,1995,55,2,3,3
Pedro Diniz,64,254,1995,0,25,0,17
Mika Salo,63,254,1995,2,15,0,12
Mark Blundell,87,254,1995,10,10,0,9
Jean Alesi,55,254,1995,40,5,1,5
Gerhard Berger,77,254,1995,28,6,0,4
David Coulthard,14,254,1995,43,3,1,2
Michael Schumacher,30,254,1995,82,1,7,1
Pedro Lamy,83,255,1995,0,24,0,11
Taki Inoue,89,255,1995,0,22,0,12
Karl Wendlinger,91,255,1995,0,31,0,10
Luca Badoer,69,255,1995,0,21,0,9
Eddie Irvine,56,255,1995,7,13,0,4
Olivier Panis,44,255,1995,8,11,0,5
Heinz-Harald Frentzen,49,255,1995,15,7,0,8
Johnny Herbert,65,255,1995,41,5,2,3
Mika Salo,63,255,1995,2,15,0,6
Mark Blundell,87,255,1995,10,10,0,7
Mika Häkkinen,57,255,1995,11,8,0,2
Michael Schumacher,30,255,1995,92,1,8,1
Pedro Lamy,83,256,1995,0,24,0,6
Bertrand Gachot,92,256,1995,0,30,0,8
Gianni Morbidelli,81,256,1995,1,17,0,3
Olivier Panis,44,256,1995,10,11,0,2
Damon Hill,71,256,1995,59,2,3,1
Pedro Diniz,64,256,1995,0,25,0,7
Mika Salo,63,256,1995,3,14,0,5
Mark Blundell,87,256,1995,10,12,0,4
Olivier Panis,44,258,1994,0,11,0,9
Pedro Lamy,83,258,1994,0,10,0,8
Érik Comas,100,258,1994,0,9,0,6
Johnny Herbert,65,258,1994,0,7,0,7
Rubens Barrichello,22,258,1994,3,4,0,3
Michael Schumacher,30,258,1994,10,1,1,1
Éric Bernard,103,259,1994,0,15,0,12
Martin Brundle,84,259,1994,0,20,0,8
Olivier Panis,44,259,1994,0,14,0,11
Johnny Herbert,65,259,1994,0,11,0,10
Karl Wendlinger,91,259,1994,1,10,0,4
Ukyo Katayama,79,259,1994,2,8,0,5
Damon Hill,71,259,1994,6,3,0,6
Michael Schumacher,30,259,1994,20,1,2,1
Martin Brundle,84,260,1994,0,15,0,2
Olivier Panis,44,260,1994,0,17,0,9
Pedro Lamy,83,260,1994,0,14,0,11
Érik Comas,100,260,1994,1,12,0,10
Jean Alesi,55,260,1994,4,7,0,5
Michael Schumacher,30,260,1994,30,1,3,1
Mark Blundell,87,261,1994,0,22,0,3
Éric Bernard,103,261,1994,0,23,0,8
Eddie Irvine,56,261,1994,0,30,0,6
Martin Brundle,84,261,1994,6,5,0,11
David Brabham,101,261,1994,0,25,0,10
Olivier Panis,44,261,1994,0,21,0,7
Pierluigi Martini,94,261,1994,0,19,0,5
Jean Alesi,55,261,1994,6,7,0,4
Damon Hill,71,261,1994,7,3,0,1
Michael Schumacher,30,261,1994,40,1,4,2
Gerhard Berger,77,262,1994,10,3,0,4
Michele Alboreto,105,262,1994,1,17,0,11
Mark Blundell,87,262,1994,4,8,0,10
Éric Bernard,103,262,1994,0,23,0,13
David Brabham,101,262,1994,0,26,0,14
Olivier Panis,44,262,1994,0,20,0,12
Pierluigi Martini,94,262,1994,2,15,0,9
Johnny Herbert,65,262,1994,0,19,0,8
Rubens Barrichello,22,262,1994,7,5,0,7
Jean Alesi,55,262,1994,9,4,0,3
Damon Hill,71,262,1994,17,2,1,2
Michael Schumacher,30,262,1994,46,1,4,1
Gerhard Berger,77,263,1994,13,3,0,3
Heinz-Harald Frentzen,49,263,1994,2,14,0,4
Christian Fittipaldi,104,263,1994,3,12,0,8
Mark Blundell,87,263,1994,4,8,0,10
Érik Comas,100,263,1994,1,18,0,11
Pierluigi Martini,94,263,1994,2,15,0,5
Johnny Herbert,65,263,1994,0,21,0,7
Damon Hill,71,263,1994,23,2,1,2
Michael Schumacher,30,263,1994,56,1,5,1
Olivier Beretta,106,264,1994,0,25,0,14
Mika Häkkinen,57,264,1994,4,10,0,3
Heinz-Harald Frentzen,49,264,1994,5,8,0,7
Christian Fittipaldi,104,264,1994,3,15,0,9
Éric Bernard,103,264,1994,0,24,0,13
Jos Verstappen,50,264,1994,0,35,0,8
David Brabham,101,264,1994,0,28,0,15
Olivier Panis,44,264,1994,0,22,0,12
Pierluigi Martini,94,264,1994,4,13,0,10
Johnny Herbert,65,264,1994,0,21,0,11
Ukyo Katayama,79,264,1994,4,14,0,6
Rubens Barrichello,22,264,1994,7,5,0,4
Jean Alesi,55,264,1994,13,4,0,2
Damon Hill,71,264,1994,29,2,1,1
Olivier Beretta,106,265,1994,0,25,0,7
Gerhard Berger,77,265,1994,17,4,0,1
Gianni Morbidelli,81,265,1994,0,31,0,5
Christian Fittipaldi,104,265,1994,3,16,0,4
Éric Bernard,103,265,1994,0,24,0,3
Olivier Panis,44,265,1994,0,22,0,2
Érik Comas,100,265,1994,1,18,0,6
Damon Hill,71,265,1994,39,2,2,8
Olivier Beretta,106,266,1994,0,25,0,9
Gerhard Berger,77,266,1994,27,3,1,12
Michele Alboreto,105,266,1994,1,22,0,7
Christian Fittipaldi,104,266,1994,6,10,0,14
Mark Blundell,87,266,1994,4,14,0,5
Éric Bernard,103,266,1994,4,13,0,10
Jos Verstappen,50,266,1994,0,27,0,3
Martin Brundle,84,266,1994,6,8,0,4
David Brabham,101,266,1994,0,30,0,11
Olivier Panis,44,266,1994,6,7,0,6
Érik Comas,100,266,1994,2,20,0,8
Damon Hill,71,266,1994,39,2,2,2
Michael Schumacher,30,266,1994,66,1,6,1
Gianni Morbidelli,81,267,1994,2,20,0,6
Michele Alboreto,105,267,1994,1,22,0,9
Mika Häkkinen,57,267,1994,8,7,0,2
Mark Blundell,87,267,1994,6,10,0,5
Éric Bernard,103,267,1994,4,14,0,10
Jos Verstappen,50,267,1994,4,15,0,3
Eddie Irvine,56,267,1994,1,24,0,13
Olivier Panis,44,267,1994,7,8,0,7
Pierluigi Martini,94,267,1994,4,18,0,8
Johnny Herbert,65,267,1994,0,25,0,12
Damon Hill,71,267,1994,45,2,2,1
Gerhard Berger,77,268,1994,27,3,1,2
Mika Häkkinen,57,268,1994,14,5,0,3
Éric Bernard,103,268,1994,4,16,0,7
Martin Brundle,84,268,1994,9,7,0,5
Olivier Panis,44,268,1994,7,10,0,10
Érik Comas,100,268,1994,2,21,0,8
Rubens Barrichello,22,268,1994,10,6,0,4
Damon Hill,71,268,1994,55,2,3,1
Gianni Morbidelli,81,269,1994,3,20,0,9
Michele Alboreto,105,269,1994,1,22,0,13
Mika Häkkinen,57,269,1994,18,5,0,3
Christian Fittipaldi,104,269,1994,6,13,0,8
Éric Bernard,103,269,1994,4,16,0,10
Jos Verstappen,50,269,1994,8,8,0,5
Eddie Irvine,56,269,1994,1,24,0,7
Martin Brundle,84,269,1994,11,7,0,6
Pierluigi Martini,94,269,1994,4,19,0,12
Johnny Herbert,65,269,1994,0,25,0,11
Rubens Barrichello,22,269,1994,13,6,0,4
Damon Hill,71,269,1994,65,2,4,1
Alessandro Zanardi,70,270,1994,0,29,0,16
Gerhard Berger,77,270,1994,33,3,1,5
Gianni Morbidelli,81,270,1994,3,20,0,11
Michele Alboreto,105,270,1994,1,22,0,14
Mika Häkkinen,57,270,1994,22,4,0,3
Heinz-Harald Frentzen,49,270,1994,5,14,0,6
Christian Fittipaldi,104,270,1994,6,13,0,17
Mark Blundell,87,270,1994,8,10,0,13
Éric Bernard,103,270,1994,4,16,0,18
Eddie Irvine,56,270,1994,1,24,0,4
Olivier Panis,44,270,1994,7,11,0,9
Pierluigi Martini,94,270,1994,4,19,0,15
Johnny Herbert,65,270,1994,0,25,0,8
Ukyo Katayama,79,270,1994,5,15,0,7
Rubens Barrichello,22,270,1994,16,6,0,12
Jean Alesi,55,270,1994,19,5,0,10
Damon Hill,71,270,1994,75,2,5,2
Michael Schumacher,30,270,1994,76,1,7,1
Alessandro Zanardi,70,271,1994,0,29,0,13
Mika Häkkinen,57,271,1994,26,4,0,7
Heinz-Harald Frentzen,49,271,1994,6,14,0,6
Christian Fittipaldi,104,271,1994,6,13,0,8
Eddie Irvine,56,271,1994,4,17,0,5
David Brabham,101,271,1994,0,30,0,12
Olivier Panis,44,271,1994,7,11,0,11
Érik Comas,100,271,1994,2,22,0,9
Jean Alesi,55,271,1994,19,5,0,3
Damon Hill,71,271,1994,81,2,5,1
Michael Schumacher,30,271,1994,86,1,8,2
Jyrki Järvilehto,109,272,1994,1,25,0,10
Gerhard Berger,77,272,1994,35,3,1,2
Mika Häkkinen,57,272,1994,26,4,0,12
Heinz-Harald Frentzen,49,272,1994,7,12,0,7
Christian Fittipaldi,104,272,1994,6,14,0,8
Martin Brundle,84,272,1994,12,8,0,3
Olivier Panis,44,272,1994,7,11,0,5
Pierluigi Martini,94,272,1994,4,20,0,9
Rubens Barrichello,22,272,1994,16,6,0,4
Jean Alesi,55,272,1994,23,5,0,6
Derek Warwick,118,274,1993,0,7,0,9
Mark Blundell,87,274,1993,4,3,0,5
Ayrton Senna,102,274,1993,6,2,0,1
Michele Alboreto,105,275,1993,0,15,0,11
Érik Comas,100,275,1993,0,14,0,9
Alessandro Zanardi,70,275,1993,1,10,0,8
Johnny Herbert,65,275,1993,3,7,0,4
Damon Hill,71,275,1993,6,3,0,2
Christian Fittipaldi,104,275,1993,3,6,0,7
Ayrton Senna,102,275,1993,16,1,1,1
Alain Prost,117,275,1993,10,2,1,3
Fabrizio Barbazza,120,276,1993,1,11,0,6
Luca Badoer,69,276,1993,0,19,0,7
Philippe Alliot,112,276,1993,0,14,0,5
Johnny Herbert,65,276,1993,6,5,0,8
Michael Schumacher,30,276,1993,4,6,0,2
Jyrki Järvilehto,109,276,1993,2,8,0,4
Alain Prost,117,276,1993,14,2,1,1
Aguri Suzuki,88,277,1993,0,19,0,10
Rubens Barrichello,22,277,1993,0,20,0,12
Riccardo Patrese,119,277,1993,2,11,0,4
Érik Comas,100,277,1993,0,18,0,9
Alessandro Zanardi,70,277,1993,1,13,0,14
Michael Schumacher,30,277,1993,10,4,0,3
Derek Warwick,118,277,1993,0,15,0,13
Gerhard Berger,77,277,1993,1,14,0,6
Christian Fittipaldi,104,277,1993,3,9,0,8
Mark Blundell,87,277,1993,6,5,0,7
Ayrton Senna,102,277,1993,26,1,2,2
Alain Prost,117,277,1993,24,2,2,1
Michael Andretti,121,278,1993,2,12,0,8
Martin Brundle,84,278,1993,4,9,0,6
Rubens Barrichello,22,278,1993,0,21,0,9
Fabrizio Barbazza,120,278,1993,2,13,0,11
Jean Alesi,55,278,1993,0,18,0,3
Philippe Alliot,112,278,1993,2,11,0,12
Alessandro Zanardi,70,278,1993,1,15,0,7
Damon Hill,71,278,1993,12,4,0,2
Gerhard Berger,77,278,1993,2,14,0,14
Christian Fittipaldi,104,278,1993,3,10,0,5
Ayrton Senna,102,278,1993,32,2,2,1
Alain Prost,117,278,1993,34,1,3,4
Karl Wendlinger,91,279,1993,0,25,0,6
Thierry Boutsen,123,279,1993,0,24,0,12
Michael Andretti,121,279,1993,2,13,0,14
Aguri Suzuki,88,279,1993,0,21,0,13
Martin Brundle,84,279,1993,5,7,0,5
Luca Badoer,69,279,1993,0,18,0,15
Érik Comas,100,279,1993,0,19,0,8
Alessandro Zanardi,70,279,1993,1,16,0,11
Johnny Herbert,65,279,1993,6,6,0,10
Michael Schumacher,30,279,1993,14,4,0,2
Damon Hill,71,279,1993,18,3,0,3
Derek Warwick,118,279,1993,0,17,0,16
Gerhard Berger,77,279,1993,2,15,0,4
Jyrki Järvilehto,109,279,1993,5,9,0,7
Christian Fittipaldi,104,279,1993,5,8,0,9
Ayrton Senna,102,279,1993,42,1,3,18
Alain Prost,117,279,1993,37,2,3,1
Ukyo Katayama,79,281,1993,0,26,0,13
Andrea de Cesaris,110,280,1993,0,23,0,15
Thierry Boutsen,123,280,1993,0,25,0,11
Michael Andretti,121,280,1993,2,14,0,6
Aguri Suzuki,88,280,1993,0,22,0,12
Martin Brundle,84,280,1993,7,5,0,5
Rubens Barrichello,22,280,1993,0,21,0,7
Riccardo Patrese,119,280,1993,5,10,0,10
Érik Comas,100,280,1993,0,20,0,16
Philippe Alliot,112,280,1993,2,13,0,9
Michael Schumacher,30,280,1993,20,4,0,3
Damon Hill,71,280,1993,22,3,0,2
Derek Warwick,118,280,1993,0,18,0,13
Gerhard Berger,77,280,1993,5,11,0,14
Christian Fittipaldi,104,280,1993,5,8,0,8
Ayrton Senna,102,280,1993,42,2,3,4
Alain Prost,117,280,1993,47,1,4,1
Martin Brundle,84,281,1993,9,5,0,14
Rubens Barrichello,22,281,1993,0,18,0,10
Riccardo Patrese,119,281,1993,5,10,0,3
Jean Alesi,55,281,1993,4,12,0,9
Philippe Alliot,112,281,1993,2,14,0,11
Johnny Herbert,65,281,1993,6,7,0,4
Michael Schumacher,30,281,1993,24,4,0,2
Derek Warwick,118,281,1993,0,19,0,6
Jyrki Järvilehto,109,281,1993,5,9,0,8
Christian Fittipaldi,104,281,1993,5,8,0,12
Mark Blundell,87,281,1993,6,6,0,7
Ayrton Senna,102,281,1993,45,2,3,5
Alain Prost,117,281,1993,57,1,5,1
Karl Wendlinger,91,282,1993,1,18,0,9
Thierry Boutsen,123,282,1993,0,24,0,13
Martin Brundle,84,282,1993,9,6,0,8
Riccardo Patrese,119,282,1993,9,5,0,5
Michele Alboreto,105,282,1993,0,25,0,16
Jean Alesi,55,282,1993,4,12,0,7
Philippe Alliot,112,282,1993,2,14,0,12
Johnny Herbert,65,282,1993,9,7,0,10
Michael Schumacher,30,282,1993,30,3,0,2
Damon Hill,71,282,1993,28,4,0,15
Derek Warwick,118,282,1993,1,17,0,17
Gerhard Berger,77,282,1993,5,11,0,6
Christian Fittipaldi,104,282,1993,5,9,0,11
Mark Blundell,87,282,1993,6,8,0,3
Ayrton Senna,102,282,1993,47,2,3,4
Alain Prost,117,282,1993,67,1,6,1
Ukyo Katayama,79,283,1993,0,26,0,10
Karl Wendlinger,91,283,1993,1,18,0,6
Andrea de Cesaris,110,283,1993,0,23,0,11
Thierry Boutsen,123,283,1993,0,24,0,9
Martin Brundle,84,283,1993,9,7,0,5
Riccardo Patrese,119,283,1993,11,5,0,2
Philippe Alliot,112,283,1993,2,14,0,8
Damon Hill,71,283,1993,28,4,0,1
Derek Warwick,118,283,1993,1,17,0,4
Gerhard Berger,77,283,1993,6,9,0,3
Mark Blundell,87,283,1993,10,6,0,7
Alain Prost,117,283,1993,77,1,7,12
Ukyo Katayama,79,284,1993,0,25,0,15
Michael Andretti,121,284,1993,3,14,0,8
Martin Brundle,84,284,1993,11,6,0,7
Riccardo Patrese,119,284,1993,17,5,0,6
Luca Badoer,69,284,1993,0,20,0,13
Michele Alboreto,105,284,1993,0,26,0,14
Philippe Alliot,112,284,1993,2,15,0,12
Johnny Herbert,65,284,1993,9,9,0,5
Michael Schumacher,30,284,1993,36,4,0,2
Damon Hill,71,284,1993,38,3,1,1
Gerhard Berger,77,284,1993,10,8,0,10
Jyrki Järvilehto,109,284,1993,5,11,0,9
Mark Blundell,87,284,1993,10,7,0,11
Ayrton Senna,102,284,1993,50,2,3,4
Alain Prost,117,284,1993,77,1,7,3
Pierluigi Martini,94,285,1993,0,27,0,7
Ukyo Katayama,79,285,1993,0,25,0,14
Karl Wendlinger,91,285,1993,2,16,0,4
Andrea de Cesaris,110,285,1993,0,24,0,13
Michael Andretti,121,285,1993,3,14,0,3
Riccardo Patrese,119,285,1993,18,5,0,5
Luca Badoer,69,285,1993,0,20,0,10
Érik Comas,100,285,1993,0,21,0,6
Jean Alesi,55,285,1993,4,12,0,2
Philippe Alliot,112,285,1993,2,15,0,9
Damon Hill,71,285,1993,48,3,2,1
Christian Fittipaldi,104,285,1993,5,10,0,8
Alain Prost,117,285,1993,81,1,7,12
Pierluigi Martini,94,286,1993,0,22,0,8
Karl Wendlinger,91,286,1993,5,14,0,5
Andrea de Cesaris,110,286,1993,0,25,0,12
Martin Brundle,84,286,1993,11,6,0,6
Rubens Barrichello,22,286,1993,0,20,0,13
Riccardo Patrese,119,286,1993,20,5,0,16
Luca Badoer,69,286,1993,0,21,0,14
Érik Comas,100,286,1993,1,19,0,11
Jean Alesi,55,286,1993,10,8,0,4
Philippe Alliot,112,286,1993,2,16,0,10
Michael Schumacher,30,286,1993,42,4,0,1
Damon Hill,71,286,1993,58,2,3,3
Derek Warwick,118,286,1993,4,15,0,15
Jyrki Järvilehto,109,286,1993,5,13,0,7
Christian Fittipaldi,104,286,1993,5,12,0,9
Alain Prost,117,286,1993,81,1,7,2
Pedro Lamy,83,287,1993,0,28,0,13
Pierluigi Martini,94,287,1993,0,20,0,10
Martin Brundle,84,287,1993,12,7,0,9
Rubens Barrichello,22,287,1993,0,21,0,5
Johnny Herbert,65,287,1993,11,8,0,11
Damon Hill,71,287,1993,62,2,3,4
Derek Warwick,118,287,1993,4,15,0,14
Jyrki Järvilehto,109,287,1993,5,13,0,8
Mark Blundell,87,287,1993,10,9,0,7
Ayrton Senna,102,287,1993,53,3,3,1
Alain Prost,117,287,1993,87,1,7,2
Toshio Suzuki,126,288,1993,0,31,0,14
Karl Wendlinger,91,288,1993,7,12,0,15
Andrea de Cesaris,110,288,1993,0,27,0,13
Aguri Suzuki,88,288,1993,0,25,0,7
Martin Brundle,84,288,1993,12,7,0,6
Rubens Barrichello,22,288,1993,2,18,0,11
Riccardo Patrese,119,288,1993,20,5,0,8
Érik Comas,100,288,1993,1,21,0,12
Jean Alesi,55,288,1993,13,6,0,4
Damon Hill,71,288,1993,65,2,3,3
Derek Warwick,118,288,1993,4,16,0,10
Gerhard Berger,77,288,1993,10,10,0,5
Mark Blundell,87,288,1993,10,9,0,9
Ayrton Senna,102,288,1993,63,3,4,1
Alain Prost,117,288,1993,93,1,7,2
Ukyo Katayama,79,290,1992,0,12,0,12
Michele Alboreto,105,290,1992,0,10,0,13
Mika Häkkinen,57,290,1992,0,9,0,6
Érik Comas,100,290,1992,0,7,0,9
Johnny Herbert,65,290,1992,1,6,0,7
Gerhard Berger,77,290,1992,2,5,0,4
Michael Schumacher,30,290,1992,3,4,0,3
Riccardo Patrese,119,290,1992,6,2,0,2
Nigel Mansell,95,290,1992,10,1,1,1
Nigel Mansell,95,291,1992,20,1,2,1
Riccardo Patrese,119,291,1992,12,2,0,2
Michael Schumacher,30,291,1992,7,3,0,3
Mika Häkkinen,57,291,1992,1,8,0,10
Michele Alboreto,105,291,1992,0,12,0,6
Ukyo Katayama,79,291,1992,0,16,0,9
Jyrki Järvilehto,109,291,1992,0,10,0,8
Nigel Mansell,95,292,1992,30,1,3,1
Ayrton Senna,102,292,1992,4,5,0,9
Michael Schumacher,30,292,1992,11,3,0,2
Gerhard Berger,77,292,1992,5,4,0,4
Aguri Suzuki,88,292,1992,0,15,0,7
Michele Alboreto,105,292,1992,1,11,0,5
Jean Alesi,55,292,1992,3,6,0,3
Ivan Capelli,122,292,1992,2,7,0,10
Andrea de Cesaris,110,293,1992,2,9,0,14
Paul Belmondo,108,293,1992,0,23,0,13
Érik Comas,100,293,1992,0,14,0,9
Aguri Suzuki,88,293,1992,0,13,0,10
Ayrton Senna,102,293,1992,4,6,0,3
Karl Wendlinger,91,293,1992,0,17,0,12
Pierluigi Martini,94,293,1992,1,12,0,6
Jyrki Järvilehto,109,293,1992,0,16,0,11
Michele Alboreto,105,293,1992,3,7,0,5
Maurício Gugelmin,127,293,1992,0,22,0,7
Riccardo Patrese,119,293,1992,18,2,0,2
Nigel Mansell,95,293,1992,40,1,4,1
Nigel Mansell,95,294,1992,50,1,5,2
Riccardo Patrese,119,294,1992,24,2,0,3
Ayrton Senna,102,294,1992,8,4,0,1
Michael Schumacher,30,294,1992,17,3,0,4
Érik Comas,100,294,1992,0,15,0,10
Aguri Suzuki,88,294,1992,0,14,0,11
Michele Alboreto,105,294,1992,5,7,0,7
Jyrki Järvilehto,109,294,1992,0,18,0,9
Thierry Boutsen,123,294,1992,0,22,0,12
Bertrand Gachot,92,294,1992,0,24,0,6
Christian Fittipaldi,104,294,1992,0,23,0,8
Martin Brundle,84,294,1992,3,8,0,5
Michael Schumacher,30,295,1992,20,3,0,2
Gerhard Berger,77,295,1992,8,5,0,1
Érik Comas,100,295,1992,0,16,0,6
Michele Alboreto,105,295,1992,5,8,0,7
Andrea de Cesaris,110,295,1992,2,10,0,5
Jyrki Järvilehto,109,295,1992,0,19,0,9
Thierry Boutsen,123,295,1992,0,24,0,10
Jean Alesi,55,295,1992,7,6,0,3
Gianni Morbidelli,81,295,1992,0,18,0,11
Pierluigi Martini,94,295,1992,2,11,0,8
Karl Wendlinger,91,295,1992,0,21,0,4
Christian Fittipaldi,104,295,1992,0,20,0,13
Paul Belmondo,108,295,1992,0,25,0,14
Olivier Grouillard,129,295,1992,0,22,0,12
Nigel Mansell,95,296,1992,56,1,5,1
Riccardo Patrese,119,296,1992,28,2,0,2
Johnny Herbert,65,296,1992,1,14,0,6
Érik Comas,100,296,1992,1,13,0,5
Mika Häkkinen,57,296,1992,1,15,0,4
Michele Alboreto,105,296,1992,5,8,0,7
Jyrki Järvilehto,109,296,1992,0,20,0,9
Gianni Morbidelli,81,296,1992,0,19,0,8
Pierluigi Martini,94,296,1992,2,12,0,10
Martin Brundle,84,296,1992,5,7,0,3
Olivier Grouillard,129,296,1992,0,22,0,11
Nigel Mansell,95,297,1992,66,1,6,1
Riccardo Patrese,119,297,1992,34,2,0,2
Michael Schumacher,30,297,1992,26,3,0,4
Gerhard Berger,77,297,1992,18,5,1,5
Érik Comas,100,297,1992,3,12,0,8
Aguri Suzuki,88,297,1992,0,17,0,12
Mika Häkkinen,57,297,1992,4,9,0,6
Michele Alboreto,105,297,1992,5,8,0,7
Jyrki Järvilehto,109,297,1992,0,20,0,13
Thierry Boutsen,123,297,1992,0,24,0,10
Ivan Capelli,122,297,1992,2,13,0,9
Gianni Morbidelli,81,297,1992,0,18,0,17
Pierluigi Martini,94,297,1992,2,15,0,15
Martin Brundle,84,297,1992,9,7,0,3
Olivier Grouillard,129,297,1992,0,21,0,11
Nigel Mansell,95,298,1992,76,1,7,1
Riccardo Patrese,119,298,1992,40,2,0,8
Ayrton Senna,102,298,1992,18,5,1,2
Michael Schumacher,30,298,1992,29,3,0,3
Érik Comas,100,298,1992,3,12,0,6
Michele Alboreto,105,298,1992,5,9,0,9
Maurício Gugelmin,127,298,1992,0,19,0,15
Jyrki Järvilehto,109,298,1992,0,20,0,10
Thierry Boutsen,123,298,1992,0,24,0,7
Bertrand Gachot,92,298,1992,1,16,0,14
Jean Alesi,55,298,1992,11,7,0,5
Gianni Morbidelli,81,298,1992,0,18,0,12
Pierluigi Martini,94,298,1992,2,15,0,11
Karl Wendlinger,91,298,1992,3,11,0,16
Paul Belmondo,108,298,1992,0,25,0,13
Martin Brundle,84,298,1992,13,6,0,4
Nigel Mansell,95,299,1992,86,1,8,2
Ayrton Senna,102,299,1992,24,4,1,1
Gerhard Berger,77,299,1992,20,5,1,3
Mika Häkkinen,57,299,1992,5,8,0,4
Michele Alboreto,105,299,1992,5,9,0,7
Maurício Gugelmin,127,299,1992,0,20,0,10
Andrea de Cesaris,110,299,1992,4,10,0,8
Ivan Capelli,122,299,1992,2,13,0,6
Paul Belmondo,108,299,1992,0,25,0,9
Martin Brundle,84,299,1992,16,6,0,5
Damon Hill,71,299,1992,0,28,0,11
Nigel Mansell,95,300,1992,92,1,8,2
Riccardo Patrese,119,300,1992,40,2,0,3
Ayrton Senna,102,300,1992,34,3,2,5
Michael Schumacher,30,300,1992,33,4,0,1
Johnny Herbert,65,300,1992,2,14,0,13
Aguri Suzuki,88,300,1992,0,17,0,9
Mika Häkkinen,57,300,1992,8,8,0,6
Maurício Gugelmin,127,300,1992,0,20,0,14
Ukyo Katayama,79,300,1992,0,24,0,17
Eric van de Poele,128,300,1992,0,27,0,10
Andrea de Cesaris,110,300,1992,4,10,0,8
Jyrki Järvilehto,109,300,1992,0,21,0,7
Bertrand Gachot,92,300,1992,1,16,0,18
Gianni Morbidelli,81,300,1992,0,18,0,16
Karl Wendlinger,91,300,1992,3,12,0,11
Martin Brundle,84,300,1992,18,6,0,4
Riccardo Patrese,119,301,1992,44,2,0,5
Ayrton Senna,102,301,1992,36,4,2,1
Michael Schumacher,30,301,1992,43,3,1,3
Gerhard Berger,77,301,1992,24,5,1,4
Michele Alboreto,105,301,1992,5,9,0,7
Ukyo Katayama,79,301,1992,0,24,0,9
Andrea de Cesaris,110,301,1992,4,10,0,6
Jyrki Järvilehto,109,301,1992,0,17,0,11
Pierluigi Martini,94,301,1992,2,15,0,8
Karl Wendlinger,91,301,1992,3,12,0,10
Martin Brundle,84,301,1992,21,6,0,2
Max Verstappen,829,958,2017,10,5,0,3
Nigel Mansell,95,302,1992,98,1,8,1
Ayrton Senna,102,302,1992,46,3,3,3
Michael Schumacher,30,302,1992,47,2,1,7
Gerhard Berger,77,302,1992,27,5,1,2
Aguri Suzuki,88,302,1992,0,18,0,10
Mika Häkkinen,57,302,1992,9,8,0,5
Michele Alboreto,105,302,1992,5,9,0,6
Andrea de Cesaris,110,302,1992,5,10,0,9
Thierry Boutsen,123,302,1992,0,20,0,8
Gianni Morbidelli,81,302,1992,0,19,0,14
Christian Fittipaldi,104,302,1992,0,23,0,12
Martin Brundle,84,302,1992,27,6,0,4
Kimi Räikkönen,8,958,2017,12,4,0,5
Emanuele Naspetti,125,302,1992,0,28,0,11
Stefano Modena,131,302,1992,0,30,0,13
Riccardo Patrese,119,303,1992,46,4,0,1
Gerhard Berger,77,303,1992,33,5,1,2
Aguri Suzuki,88,303,1992,0,18,0,8
Michele Alboreto,105,303,1992,6,9,0,15
Ukyo Katayama,79,303,1992,0,24,0,11
Andrea de Cesaris,110,303,1992,5,10,0,4
Jyrki Järvilehto,109,303,1992,0,17,0,9
Jean Alesi,55,303,1992,13,7,0,5
Gianni Morbidelli,81,303,1992,0,20,0,14
Pierluigi Martini,94,303,1992,2,15,0,10
Christian Fittipaldi,104,303,1992,0,23,0,6
Martin Brundle,84,303,1992,30,6,0,3
Valtteri Bottas,821,958,2017,15,3,0,6
Emanuele Naspetti,125,303,1992,0,27,0,13
Stefano Modena,131,303,1992,0,29,0,7
Michael Schumacher,30,304,1992,47,4,1,2
Gerhard Berger,77,304,1992,39,5,1,1
Johnny Herbert,65,304,1992,2,14,0,13
Aguri Suzuki,88,304,1992,0,19,0,8
Mika Häkkinen,57,304,1992,11,8,0,7
Thierry Boutsen,123,304,1992,0,20,0,5
Jean Alesi,55,304,1992,15,7,0,4
Gianni Morbidelli,81,304,1992,0,21,0,10
Christian Fittipaldi,104,304,1992,1,16,0,9
Martin Brundle,84,304,1992,34,6,0,3
Lewis Hamilton,1,958,2017,18,2,0,1
Stefano Modena,131,304,1992,0,23,0,6
Nicola Larini,78,304,1992,0,30,0,11
Sebastian Vettel,20,958,2017,25,1,1,2
Eric van de Poele,128,307,1991,0,34,0,9
Julian Bailey,141,307,1991,0,31,0,6
Érik Comas,100,307,1991,0,21,0,10
Jyrki Järvilehto,109,307,1991,0,26,0,3
Mark Blundell,87,307,1991,0,23,0,8
Maurício Gugelmin,127,307,1991,0,28,0,12
Érik Comas,100,308,1991,0,22,0,10
Éric Bernard,103,308,1991,0,30,0,9
Jyrki Järvilehto,109,308,1991,4,6,0,11
Emanuele Pirro,139,308,1991,0,24,0,6
Nigel Mansell,95,308,1991,0,26,0,2
Thierry Boutsen,123,308,1991,0,14,0,7
Roberto Moreno,90,308,1991,0,15,0,4
Andrea de Cesaris,110,309,1991,0,28,0,4
Érik Comas,100,309,1991,0,25,0,8
Emanuele Pirro,139,309,1991,1,14,0,9
Nigel Mansell,95,309,1991,6,5,0,6
Riccardo Patrese,119,309,1991,6,4,0,3
Bertrand Gachot,92,309,1991,0,19,0,5
Johnny Herbert,65,310,1991,0,34,0,10
Andrea de Cesaris,110,310,1991,3,12,0,4
Éric Bernard,103,310,1991,0,25,0,6
Gianni Morbidelli,81,310,1991,0,22,0,7
Nigel Mansell,95,310,1991,7,7,0,2
Thierry Boutsen,123,310,1991,0,19,0,8
Roberto Moreno,90,310,1991,3,11,0,5
Riccardo Patrese,119,310,1991,10,4,0,1
Mika Häkkinen,57,310,1991,2,14,0,9
Johnny Herbert,65,311,1991,0,27,0,10
Érik Comas,100,311,1991,0,23,0,11
Maurício Gugelmin,127,311,1991,0,29,0,7
Nigel Mansell,95,311,1991,13,4,0,1
Thierry Boutsen,123,311,1991,0,20,0,12
Riccardo Patrese,119,311,1991,20,2,1,5
Jean Alesi,55,311,1991,5,9,0,4
Pierluigi Martini,94,311,1991,3,12,0,9
Johnny Herbert,65,312,1991,0,28,0,14
Jyrki Järvilehto,109,312,1991,4,11,0,13
Gianni Morbidelli,81,312,1991,0,21,0,11
Emanuele Pirro,139,312,1991,1,16,0,10
Nigel Mansell,95,312,1991,23,2,1,1
Gerhard Berger,77,312,1991,10,6,0,2
Mika Häkkinen,57,312,1991,2,14,0,12
Bertrand Gachot,92,312,1991,2,13,0,6
Andrea de Cesaris,110,313,1991,7,9,0,5
Emanuele Pirro,139,313,1991,1,16,0,10
Mark Blundell,87,313,1991,0,25,0,12
Nigel Mansell,95,313,1991,33,2,2,1
Gerhard Berger,77,313,1991,16,6,0,4
Thierry Boutsen,123,313,1991,0,20,0,9
Roberto Moreno,90,313,1991,5,10,0,8
Riccardo Patrese,119,313,1991,22,3,1,2
Jean Alesi,55,313,1991,8,8,0,3
Martin Brundle,84,313,1991,0,29,0,11
Bertrand Gachot,92,313,1991,3,13,0,6
Andrea de Cesaris,110,314,1991,9,9,0,7
Érik Comas,100,314,1991,0,24,0,10
Gianni Morbidelli,81,314,1991,0,21,0,13
Maurício Gugelmin,127,314,1991,0,22,0,11
Nigel Mansell,95,314,1991,43,2,3,2
Gerhard Berger,77,314,1991,19,5,0,4
Thierry Boutsen,123,314,1991,0,20,0,17
Ivan Capelli,122,314,1991,0,31,0,6
Roberto Moreno,90,314,1991,5,10,0,8
Riccardo Patrese,119,314,1991,28,3,1,3
Mika Häkkinen,57,314,1991,2,15,0,14
Jean Alesi,55,314,1991,12,7,0,5
Johnny Herbert,65,315,1991,0,29,0,7
Olivier Grouillard,129,315,1991,0,32,0,10
Andrea de Cesaris,110,315,1991,9,9,0,13
Emanuele Pirro,139,315,1991,1,16,0,8
Mark Blundell,87,315,1991,0,26,0,6
Gerhard Berger,77,315,1991,22,4,0,2
Thierry Boutsen,123,315,1991,0,21,0,11
Roberto Moreno,90,315,1991,5,10,0,4
Riccardo Patrese,119,315,1991,32,3,1,5
Martin Brundle,84,315,1991,0,30,0,9
Michael Schumacher,30,316,1991,0,34,0,5
Érik Comas,100,316,1991,0,27,0,11
Emanuele Pirro,139,316,1991,1,16,0,10
Mark Blundell,87,316,1991,1,17,0,12
Maurício Gugelmin,127,316,1991,0,25,0,15
Nigel Mansell,95,316,1991,49,2,3,1
Gerhard Berger,77,316,1991,28,4,0,4
Ivan Capelli,122,316,1991,1,19,0,8
Mika Häkkinen,57,316,1991,2,15,0,14
Martin Brundle,84,316,1991,0,29,0,13
Michael Schumacher,30,317,1991,2,16,0,6
Andrea de Cesaris,110,317,1991,9,9,0,8
Érik Comas,100,317,1991,0,28,0,11
Maurício Gugelmin,127,317,1991,0,26,0,7
Thierry Boutsen,123,317,1991,0,23,0,16
Ivan Capelli,122,317,1991,1,19,0,17
Michele Alboreto,105,317,1991,0,34,0,15
Roberto Moreno,90,317,1991,8,10,0,10
Riccardo Patrese,119,317,1991,34,3,1,1
Mika Häkkinen,57,317,1991,2,15,0,14
Jean Alesi,55,317,1991,14,7,0,3
Martin Brundle,84,317,1991,0,30,0,12
Pierluigi Martini,94,317,1991,3,13,0,4
Michael Schumacher,30,318,1991,3,14,0,6
Jyrki Järvilehto,109,318,1991,4,12,0,8
Gianni Morbidelli,81,318,1991,0,25,0,14
Maurício Gugelmin,127,318,1991,0,24,0,7
Nigel Mansell,95,318,1991,59,2,4,1
Riccardo Patrese,119,318,1991,44,3,2,3
Jean Alesi,55,318,1991,18,7,0,4
Martin Brundle,84,318,1991,0,30,0,10
Pierluigi Martini,94,318,1991,6,11,0,13
Gabriele Tarquini,99,318,1991,0,29,0,12
Alex Caffi,133,319,1991,0,36,0,10
Maurício Gugelmin,127,319,1991,0,23,0,8
Gerhard Berger,77,319,1991,31,5,0,1
Thierry Boutsen,123,319,1991,0,24,0,9
Riccardo Patrese,119,319,1991,48,3,2,3
Martin Brundle,84,319,1991,0,30,0,5
Gabriele Tarquini,99,319,1991,0,29,0,11
Karl Wendlinger,91,320,1991,0,37,0,20
Alessandro Zanardi,70,320,1991,0,31,0,9
Johnny Herbert,65,320,1991,0,27,0,11
Andrea de Cesaris,110,320,1991,9,9,0,8
Érik Comas,100,320,1991,0,29,0,18
Jyrki Järvilehto,109,320,1991,4,12,0,12
Emanuele Pirro,139,320,1991,1,18,0,7
Mark Blundell,87,320,1991,1,19,0,17
Maurício Gugelmin,127,320,1991,0,24,0,14
Nigel Mansell,95,320,1991,69,2,5,2
Gerhard Berger,77,320,1991,41,4,1,3
Michele Alboreto,105,320,1991,0,35,0,13
Roberto Moreno,90,320,1991,8,10,0,16
Riccardo Patrese,119,320,1991,52,3,2,5
Mika Häkkinen,57,320,1991,2,16,0,19
Éric Bernard,103,323,1990,0,11,0,13
Philippe Alliot,112,323,1990,0,16,0,9
Ayrton Senna,102,324,1990,13,1,1,1
Alex Caffi,133,324,1990,0,26,0,5
Aguri Suzuki,88,325,1990,0,29,0,12
Nigel Mansell,95,325,1990,3,9,0,3
Gerhard Berger,77,325,1990,16,2,0,4
Olivier Grouillard,129,325,1990,0,28,0,13
Alain Prost,117,325,1990,12,4,1,5
Ivan Capelli,122,325,1990,0,31,0,10
Derek Warwick,118,325,1990,0,15,0,6
Jean Alesi,55,326,1990,13,4,0,7
Thierry Boutsen,123,326,1990,9,7,0,5
Paolo Barilla,147,326,1990,0,22,0,14
Philippe Alliot,112,326,1990,0,18,0,18
Martin Donnelly,151,326,1990,0,17,0,8
Nicola Larini,78,326,1990,0,19,0,16
Derek Warwick,118,326,1990,1,12,0,10
David Brabham,101,327,1990,0,31,0,15
Alessandro Nannini,145,327,1990,7,9,0,16
Éric Bernard,103,327,1990,1,13,0,8
Philippe Alliot,112,327,1990,0,18,0,9
Yannick Dalmas,114,327,1990,0,32,0,17
Martin Donnelly,151,327,1990,0,17,0,12
Nicola Larini,78,327,1990,0,19,0,14
Derek Warwick,118,327,1990,1,12,0,11
Ivan Capelli,122,327,1990,0,21,0,2
Alain Prost,117,327,1990,23,2,2,1
Gerhard Berger,77,327,1990,23,3,0,5
Nigel Mansell,95,327,1990,13,5,0,18
Aguri Suzuki,88,327,1990,0,24,0,7
Emanuele Pirro,139,328,1990,0,33,0,11
Alex Caffi,133,328,1990,2,12,0,7
Philippe Alliot,112,328,1990,0,20,0,13
Nicola Larini,78,328,1990,0,22,0,10
Alain Prost,117,328,1990,32,2,3,1
Gerhard Berger,77,328,1990,25,3,0,14
Aguri Suzuki,88,328,1990,0,17,0,6
Paolo Barilla,147,328,1990,0,23,0,12
Alain Prost,117,329,1990,41,1,4,4
Riccardo Patrese,119,329,1990,10,8,1,5
Nicola Larini,78,329,1990,0,21,0,10
Derek Warwick,118,329,1990,1,14,0,8
Ivan Capelli,122,329,1990,6,10,0,7
Gerhard Berger,77,329,1990,25,3,0,3
Riccardo Patrese,119,330,1990,12,9,1,4
Emanuele Pirro,139,330,1990,0,24,0,10
Philippe Alliot,112,330,1990,0,20,0,14
Gabriele Tarquini,99,330,1990,0,34,0,13
Martin Donnelly,151,330,1990,0,19,0,7
Nicola Larini,78,330,1990,0,21,0,11
Derek Warwick,118,330,1990,1,14,0,5
Gerhard Berger,77,330,1990,29,3,0,16
Nigel Mansell,95,330,1990,13,8,0,17
Paolo Barilla,147,330,1990,0,23,0,15
Maurício Gugelmin,127,330,1990,0,30,0,8
Gerhard Berger,77,331,1990,29,3,0,3
Derek Warwick,118,331,1990,3,12,0,11
Alex Caffi,133,331,1990,2,13,0,10
Martin Donnelly,151,331,1990,0,17,0,12
Nicola Larini,78,331,1990,0,22,0,14
Ivan Capelli,122,331,1990,6,10,0,7
Alain Prost,117,331,1990,44,2,4,2
Olivier Grouillard,129,331,1990,0,28,0,16
Maurício Gugelmin,127,331,1990,0,20,0,6
Thierry Boutsen,123,335,1990,30,5,1,5
Gerhard Berger,77,332,1990,33,3,0,3
Alex Caffi,133,332,1990,2,13,0,9
Philippe Alliot,112,332,1990,0,21,0,13
Nicola Larini,78,332,1990,0,22,0,11
Alain Prost,117,332,1990,50,2,4,2
Andrea de Cesaris,110,332,1990,0,29,0,10
Nigel Mansell,95,332,1990,13,9,0,4
Michele Alboreto,105,334,1990,0,22,0,10
Gerhard Berger,77,333,1990,37,3,0,4
Emanuele Pirro,139,333,1990,0,24,0,15
Alex Caffi,133,333,1990,2,13,0,13
Nicola Larini,78,333,1990,0,22,0,10
Alain Prost,117,333,1990,56,2,4,3
Nigel Mansell,95,333,1990,16,8,0,1
Aguri Suzuki,88,333,1990,1,16,0,14
Maurício Gugelmin,127,333,1990,1,17,0,12
Nigel Mansell,95,334,1990,25,6,1,2
Yannick Dalmas,114,334,1990,0,34,0,9
Nicola Larini,78,334,1990,0,23,0,7
Alain Prost,117,334,1990,60,2,4,1
Aguri Suzuki,88,334,1990,1,16,0,6
Maurício Gugelmin,127,334,1990,1,17,0,8
Alex Caffi,133,335,1990,2,13,0,9
Philippe Alliot,112,335,1990,0,22,0,10
Nicola Larini,78,335,1990,0,20,0,7
Aguri Suzuki,88,335,1990,2,15,0,3
Nigel Mansell,95,336,1990,31,6,1,2
Gerhard Berger,77,336,1990,40,3,0,4
Philippe Alliot,112,336,1990,0,23,0,11
Nicola Larini,78,336,1990,0,19,0,10
Alain Prost,117,336,1990,69,2,5,3
Olivier Grouillard,129,336,1990,0,31,0,13
Roberto Moreno,90,336,1990,6,11,0,7
Thierry Boutsen,123,336,1990,32,5,1,5
Kimi Räikkönen,8,2,2009,0,15,0,14
Sebastian Vettel,20,2,2009,0,13,0,15
Mark Webber,17,2,2009,0,12,0,6
Giancarlo Fisichella,21,2,2009,0,11,0,18
Nick Heidfeld,2,2,2009,0,10,0,2
Adrian Sutil,16,2,2009,0,9,0,17
Sébastien Bourdais,7,2,2009,1,8,0,10
Sébastien Buemi,67,2,2009,2,7,0,16
Nico Rosberg,3,2,2009,3,6,0,8
Fernando Alonso,4,2,2009,4,5,0,11
Timo Glock,10,2,2009,5,4,0,3
Jarno Trulli,15,2,2009,6,3,0,4
Rubens Barrichello,22,2,2009,8,2,0,5
Jenson Button,18,2,2009,10,1,1,1
Heikki Kovalainen,5,3,2009,0,20,0,5
Nelson Piquet Jr.,12,3,2009,0,17,0,16
Kimi Räikkönen,8,3,2009,0,18,0,10
Robert Kubica,9,3,2009,0,19,0,13
Sebastian Vettel,20,3,2009,0,16,0,1
Mark Webber,17,3,2009,2,9,0,2
Giancarlo Fisichella,21,3,2009,0,14,0,14
Nick Heidfeld,2,3,2009,4,5,0,12
Adrian Sutil,16,3,2009,0,12,0,17
Sébastien Bourdais,7,3,2009,1,11,0,11
Sébastien Buemi,67,3,2009,2,8,0,8
Nico Rosberg,3,3,2009,4,7,0,15
Fernando Alonso,4,3,2009,4,6,0,9
Timo Glock,10,3,2009,8,4,0,7
Rubens Barrichello,22,3,2009,10,2,0,4
Jenson Button,18,3,2009,15,1,2,3
Kimi Räikkönen,8,37,2007,10,1,1,3
Fernando Alonso,4,37,2007,8,2,0,1
Lewis Hamilton,1,37,2007,6,3,0,2
Nick Heidfeld,2,37,2007,5,4,0,4
Nico Rosberg,3,38,2007,2,8,0,10
Kimi Räikkönen,8,38,2007,16,2,1,3
Fernando Alonso,4,38,2007,18,1,1,5
Lewis Hamilton,1,38,2007,14,3,0,2
Nick Heidfeld,2,38,2007,10,4,0,4
Giancarlo Fisichella,21,38,2007,7,5,0,8
Felipe Massa,13,40,2007,27,3,2,3
Kimi Räikkönen,8,40,2007,22,4,1,8
Fernando Alonso,4,40,2007,28,2,1,1
Lewis Hamilton,1,40,2007,30,1,0,2
Nick Heidfeld,2,40,2007,15,5,0,6
Kimi Räikkönen,8,41,2007,23,4,1,5
Fernando Alonso,4,41,2007,38,1,2,7
Lewis Hamilton,1,41,2007,38,2,0,1
Nick Heidfeld,2,41,2007,18,5,0,2
Giancarlo Fisichella,21,42,2007,13,6,0,9
Lewis Hamilton,1,42,2007,48,1,1,1
Kimi Räikkönen,8,42,2007,27,4,1,4
Jarno Trulli,15,42,2007,4,13,0,6
Mark Webber,17,42,2007,0,15,0,7
Giancarlo Fisichella,21,43,2007,13,6,0,6
Lewis Hamilton,1,43,2007,58,1,2,3
Kimi Räikkönen,8,43,2007,32,4,1,1
Mark Webber,17,43,2007,2,14,0,12
Rubens Barrichello,22,43,2007,0,18,0,11
Giancarlo Fisichella,21,44,2007,16,7,0,8
Lewis Hamilton,1,44,2007,64,1,2,3
Kimi Räikkönen,8,44,2007,42,4,2,1
Rubens Barrichello,22,44,2007,0,19,0,9
Nick Heidfeld,2,45,2007,33,5,0,6
Lewis Hamilton,1,45,2007,70,1,2,9
Felipe Massa,13,45,2007,51,4,2,2
Jarno Trulli,15,45,2007,7,10,0,13
Rubens Barrichello,22,45,2007,0,18,0,11
Nico Rosberg,3,46,2007,5,13,0,7
Giancarlo Fisichella,21,46,2007,17,7,0,12
Kimi Räikkönen,8,46,2007,52,4,3,2
Fernando Alonso,4,46,2007,68,2,3,4
Lewis Hamilton,1,46,2007,70,1,2,1
Lewis Hamilton,1,47,2007,80,1,3,5
Kimi Räikkönen,8,47,2007,60,3,3,2
Felipe Massa,13,47,2007,59,4,2,1
Rubens Barrichello,22,47,2007,0,18,0,17
Lewis Hamilton,1,48,2007,84,1,3,2
Kimi Räikkönen,8,48,2007,68,4,3,3
Ralf Schumacher,23,48,2007,5,14,0,15
Jarno Trulli,15,48,2007,7,13,0,11
Lewis Hamilton,1,49,2007,92,1,3,4
Kimi Räikkönen,8,49,2007,74,3,3,1
Nico Rosberg,3,49,2007,12,10,0,6
Ralf Schumacher,23,49,2007,5,14,0,10
Lewis Hamilton,1,50,2007,97,1,3,1
Kimi Räikkönen,8,50,2007,84,3,4,3
Kimi Räikkönen,8,51,2007,90,3,4,1
Nico Rosberg,3,51,2007,15,9,0,16
Lewis Hamilton,1,52,2007,107,1,4,7
Kimi Räikkönen,8,52,2007,100,3,5,1
Nico Rosberg,3,52,2007,15,9,0,4
Nicola Larini,78,322,1990,0,25,0,11
Nigel Mansell,95,322,1990,0,17,0,4
Alessandro Nannini,145,322,1990,0,11,0,10
Pierluigi Martini,94,322,1990,0,7,0,9
Riccardo Patrese,119,322,1990,0,9,0,13
Gianni Morbidelli,81,322,1990,0,28,0,14
Alain Prost,117,322,1990,0,22,0,1
Gerhard Berger,77,322,1990,0,18,0,2
Jyrki Järvilehto,109,323,1990,0,32,0,12
Martin Donnelly,151,323,1990,0,24,0,8
Derek Warwick,118,323,1990,0,27,0,7
Alain Prost,117,323,1990,9,2,1,4
Gerhard Berger,77,323,1990,6,4,0,2
Paolo Barilla,147,323,1990,0,21,0,11
Alessandro Nannini,145,323,1990,0,13,0,3
Riccardo Patrese,119,323,1990,0,12,0,1
Nelson Piquet,137,323,1990,4,6,0,5
Gregor Foitek,148,324,1990,0,27,0,7
Gerhard Berger,77,324,1990,12,3,0,3
Éric Bernard,103,324,1990,0,14,0,6
Alex Caffi,133,325,1990,2,10,0,8
Éric Bernard,103,325,1990,1,12,0,9
Satoru Nakajima,138,325,1990,1,13,0,11
Stefano Modena,131,325,1990,2,11,0,7
Nelson Piquet,137,325,1990,6,7,0,2
Alain Prost,117,326,1990,14,3,1,1
Andrea de Cesaris,110,326,1990,0,30,0,13
Gregor Foitek,148,326,1990,0,16,0,15
Nigel Mansell,95,326,1990,7,8,0,2
Michele Alboreto,105,326,1990,0,21,0,17
Alessandro Nannini,145,326,1990,4,9,0,4
Riccardo Patrese,119,326,1990,9,6,1,9
Pierluigi Martini,94,326,1990,0,15,0,12
Michele Alboreto,105,327,1990,0,20,0,10
Riccardo Patrese,119,327,1990,9,8,1,6
Stefano Modena,131,327,1990,2,10,0,13
Stefano Modena,131,328,1990,2,11,0,9
Éric Bernard,103,328,1990,1,14,0,4
Ayrton Senna,102,328,1990,35,1,3,3
Jean Alesi,55,328,1990,13,5,0,8
Thierry Boutsen,123,328,1990,11,7,0,2
Alessandro Nannini,145,329,1990,7,9,0,2
Thierry Boutsen,123,329,1990,17,5,0,6
Michele Alboreto,105,330,1990,0,22,0,12
Éric Bernard,103,330,1990,4,11,0,6
Nelson Piquet,137,330,1990,18,5,0,3
Thierry Boutsen,123,330,1990,18,4,0,1
Alessandro Nannini,145,331,1990,13,8,0,4
Michele Alboreto,105,331,1990,0,23,0,13
Éric Bernard,103,331,1990,5,11,0,9
Pierluigi Martini,94,331,1990,0,18,0,15
Stefano Modena,131,331,1990,2,14,0,17
Alessandro Nannini,145,332,1990,16,6,0,8
Michele Alboreto,105,332,1990,0,23,0,12
Riccardo Patrese,119,332,1990,15,7,1,5
Satoru Nakajima,138,332,1990,1,16,0,6
Alessandro Nannini,145,333,1990,16,7,0,6
Michele Alboreto,105,333,1990,0,23,0,9
Riccardo Patrese,119,333,1990,17,6,1,7
Pierluigi Martini,94,333,1990,0,19,0,11
Alessandro Nannini,145,334,1990,17,8,0,3
Riccardo Patrese,119,334,1990,17,7,1,5
Thierry Boutsen,123,334,1990,27,4,1,4
Roberto Moreno,90,335,1990,0,32,0,2
Riccardo Patrese,119,335,1990,19,8,1,4
Pierluigi Martini,94,335,1990,0,19,0,8
Satoru Nakajima,138,335,1990,2,16,0,6
Riccardo Patrese,119,336,1990,22,7,1,6
Pierluigi Martini,94,336,1990,0,21,0,9
Satoru Nakajima,138,322,1990,1,6,0,8
Nelson Piquet,137,322,1990,3,4,0,6
Thierry Boutsen,123,322,1990,4,3,0,5
Jean Alesi,55,322,1990,6,2,0,7
Ayrton Senna,102,322,1990,9,1,1,3
Jean Alesi,55,323,1990,6,3,0,6
Thierry Boutsen,123,324,1990,6,6,0,4
Jean Alesi,55,324,1990,7,5,0,2
Ayrton Senna,102,325,1990,22,1,2,1
Nelson Piquet,137,326,1990,12,5,0,6
Ayrton Senna,102,326,1990,31,1,3,20
Nelson Piquet,137,327,1990,13,6,0,4
Ayrton Senna,102,327,1990,31,1,3,3
Nelson Piquet,137,328,1990,16,4,0,5
Ayrton Senna,102,329,1990,39,2,3,1
Ayrton Senna,102,330,1990,48,1,4,2
Nelson Piquet,137,331,1990,22,5,0,5
Jean Alesi,55,331,1990,13,7,0,8
Ayrton Senna,102,331,1990,54,1,4,1
Nelson Piquet,137,332,1990,24,5,0,7
Ayrton Senna,102,332,1990,63,1,5,1
Nelson Piquet,137,333,1990,24,5,0,5
Jean Alesi,55,333,1990,13,9,0,8
Ayrton Senna,102,333,1990,72,1,6,2
Nelson Piquet,137,335,1990,26,6,0,1
Stefano Modena,131,336,1990,2,17,0,12
Nelson Piquet,137,336,1990,35,4,1,1
Jean Alesi,55,336,1990,13,9,0,8
Nicola Larini,78,323,1990,0,15,0,10
Olivier Grouillard,129,326,1990,0,26,0,19
Gerhard Berger,77,326,1990,19,2,0,3
Stefano Modena,131,326,1990,2,10,0,11
Alex Caffi,133,329,1990,2,12,0,9
Jean Alesi,55,329,1990,13,6,0,11
Alex Caffi,133,330,1990,2,12,0,9
Gianni Morbidelli,81,306,1991,0,24,0,8
Thierry Boutsen,123,306,1991,0,18,0,10
Riccardo Patrese,119,306,1991,0,14,0,2
Jean Alesi,55,306,1991,0,12,0,6
Bertrand Gachot,92,306,1991,0,10,0,13
Emanuele Pirro,139,306,1991,0,23,0,11
Gerhard Berger,77,306,1991,0,19,0,3
Roberto Moreno,90,306,1991,0,15,0,7
Mika Häkkinen,57,306,1991,0,13,0,9
Martin Brundle,84,306,1991,0,11,0,12
Nelson Piquet,137,306,1991,4,3,0,5
Alain Prost,117,306,1991,6,2,0,4
Ayrton Senna,102,306,1991,10,1,1,1
Gerhard Berger,77,307,1991,4,5,0,2
Thierry Boutsen,123,307,1991,0,17,0,7
Roberto Moreno,90,307,1991,0,10,0,13
Mika Häkkinen,57,307,1991,0,14,0,5
Martin Brundle,84,307,1991,0,18,0,11
Pierluigi Martini,94,307,1991,0,15,0,4
Ayrton Senna,102,307,1991,20,1,2,1
Jean Alesi,55,308,1991,1,11,0,3
Alain Prost,117,308,1991,9,3,0,5
Bertrand Gachot,92,308,1991,0,21,0,8
Pierluigi Martini,94,308,1991,3,7,0,12
Ayrton Senna,102,308,1991,30,1,3,1
Pierluigi Martini,94,309,1991,3,10,0,7
Satoru Nakajima,138,309,1991,2,13,0,10
Stefano Modena,131,309,1991,3,11,0,2
Nelson Piquet,137,309,1991,6,6,0,1
Satoru Nakajima,138,310,1991,2,15,0,12
Stefano Modena,131,310,1991,9,6,0,11
Ayrton Senna,102,310,1991,40,1,4,3
Alain Prost,117,311,1991,11,5,0,2
Andrea de Cesaris,110,311,1991,6,8,0,6
Ayrton Senna,102,311,1991,44,1,4,3
Nelson Piquet,137,311,1991,16,3,1,8
Pierluigi Martini,94,312,1991,3,12,0,9
Satoru Nakajima,138,312,1991,2,15,0,8
Stefano Modena,131,312,1991,9,7,0,7
Alain Prost,117,312,1991,17,4,0,3
Ayrton Senna,102,312,1991,48,1,4,4
Nelson Piquet,137,312,1991,16,5,1,5
Stefano Modena,131,313,1991,9,7,0,13
Ayrton Senna,102,313,1991,51,1,4,7
Nicola Larini,78,314,1991,0,23,0,16
Satoru Nakajima,138,314,1991,2,14,0,15
Stefano Modena,131,314,1991,9,8,0,12
Bertrand Gachot,92,314,1991,4,12,0,9
Ayrton Senna,102,314,1991,51,1,4,1
Pierluigi Martini,94,315,1991,3,13,0,12
Nelson Piquet,137,315,1991,18,6,1,3
Ayrton Senna,102,315,1991,61,1,5,1
Nicola Larini,78,316,1991,0,26,0,16
Alain Prost,117,316,1991,21,6,0,3
Andrea de Cesaris,110,316,1991,9,9,0,7
Gianni Morbidelli,81,316,1991,0,23,0,9
Ayrton Senna,102,316,1991,71,1,6,2
Nelson Piquet,137,316,1991,22,5,1,6
Satoru Nakajima,138,317,1991,2,14,0,13
Ayrton Senna,102,317,1991,77,1,6,2
Gianni Morbidelli,81,317,1991,0,24,0,9
Nelson Piquet,137,317,1991,23,6,1,5
Satoru Nakajima,138,318,1991,2,15,0,17
Alain Prost,117,318,1991,25,6,0,2
Ayrton Senna,102,318,1991,83,1,6,5
Emanuele Pirro,139,318,1991,1,17,0,15
Stefano Modena,131,318,1991,9,8,0,16
Nelson Piquet,137,318,1991,25,5,1,11
Stefano Modena,131,319,1991,9,8,0,6
Alain Prost,117,319,1991,31,4,0,4
Nelson Piquet,137,319,1991,25,6,1,7
Ayrton Senna,102,319,1991,85,1,6,2
Stefano Modena,131,320,1991,10,8,0,10
Nelson Piquet,137,320,1991,25,6,1,4
Alex Caffi,133,320,1991,0,34,0,15
Gianni Morbidelli,81,320,1991,0,26,0,6
Ayrton Senna,102,320,1991,91,1,6,1
Lewis Hamilton,1,3,2009,1,10,0,6
Timo Glock,10,4,2009,10,4,0,7
Heikki Kovalainen,5,4,2009,4,9,0,12
Lewis Hamilton,1,4,2009,4,10,0,4
Nelson Piquet Jr.,12,4,2009,0,20,0,10
Felipe Massa,13,4,2009,0,15,0,14
Kimi Räikkönen,8,4,2009,0,16,0,6
Robert Kubica,9,4,2009,0,19,0,18
Sebastian Vettel,20,4,2009,10,3,1,2
Sébastien Buemi,67,4,2009,3,12,0,17
Sébastien Bourdais,7,4,2009,1,13,0,13
Adrian Sutil,16,4,2009,0,14,0,16
Nick Heidfeld,2,4,2009,4,7,0,19
Giancarlo Fisichella,21,4,2009,0,17,0,15
Mark Webber,17,4,2009,10,5,0,11
Nico Rosberg,3,4,2009,4,11,0,9
Fernando Alonso,4,4,2009,4,8,0,8
Jarno Trulli,15,4,2009,9,6,0,3
Jenson Button,18,4,2009,21,1,2,1
Rubens Barrichello,22,4,2009,15,2,0,5
Kazuki Nakajima,6,5,2009,0,19,0,13
Nelson Piquet Jr.,12,5,2009,0,17,0,12
Felipe Massa,13,5,2009,0,15,0,6
Robert Kubica,9,5,2009,0,20,0,11
Sebastian Vettel,20,5,2009,18,3,1,4
Giancarlo Fisichella,21,5,2009,0,18,0,14
Nick Heidfeld,2,5,2009,4,9,0,7
Nico Rosberg,3,5,2009,4,11,0,8
Timo Glock,10,5,2009,12,5,0,10
Rubens Barrichello,22,5,2009,19,2,0,2
Lewis Hamilton,1,5,2009,9,7,0,9
Mark Webber,17,5,2009,10,6,0,3
Jenson Button,18,5,2009,31,1,3,1
Fernando Alonso,4,5,2009,5,8,0,5
Jenson Button,18,6,2009,41,1,4,1
Rubens Barrichello,22,6,2009,27,2,0,2
Jarno Trulli,15,6,2009,15,5,0,13
Timo Glock,10,6,2009,12,6,0,10
Fernando Alonso,4,6,2009,9,8,0,7
Nico Rosberg,3,6,2009,5,10,0,6
Sébastien Bourdais,7,6,2009,1,15,0,8
Adrian Sutil,16,6,2009,0,16,0,14
Nick Heidfeld,2,6,2009,6,9,0,11
Giancarlo Fisichella,21,6,2009,0,19,0,9
Mark Webber,17,6,2009,16,4,0,5
Kimi Räikkönen,8,6,2009,3,13,0,3
Felipe Massa,13,6,2009,3,12,0,4
Kazuki Nakajima,6,6,2009,0,20,0,15
Lewis Hamilton,1,6,2009,9,7,0,12
Felipe Massa,13,7,2009,8,10,0,6
Nelson Piquet Jr.,12,7,2009,0,18,0,16
Lewis Hamilton,1,7,2009,9,9,0,13
Jenson Button,18,7,2009,51,1,5,1
Heikki Kovalainen,5,7,2009,4,13,0,14
Kazuki Nakajima,6,7,2009,0,20,0,12
Kimi Räikkönen,8,7,2009,9,8,0,9
Robert Kubica,9,7,2009,0,19,0,7
Sebastian Vettel,20,7,2009,23,3,1,3
Mark Webber,17,7,2009,20,4,0,2
Nick Heidfeld,2,7,2009,6,12,0,11
Adrian Sutil,16,7,2009,0,17,0,17
Sébastien Bourdais,7,7,2009,2,15,0,18
Nico Rosberg,3,7,2009,8,11,0,5
Sébastien Buemi,67,7,2009,3,14,0,15
Fernando Alonso,4,7,2009,11,7,0,10
Timo Glock,10,7,2009,12,6,0,8
Jarno Trulli,15,7,2009,15,5,0,4
Lewis Hamilton,1,8,2009,9,11,0,16
Kazuki Nakajima,6,8,2009,0,20,0,11
Nelson Piquet Jr.,12,8,2009,0,19,0,12
Kimi Räikkönen,8,8,2009,9,10,0,8
Robert Kubica,9,8,2009,2,15,0,13
Mark Webber,17,8,2009,28,4,0,2
Nick Heidfeld,2,8,2009,6,12,0,15
Timo Glock,10,8,2009,13,6,0,9
Rubens Barrichello,22,8,2009,35,2,0,3
Sebastian Vettel,20,8,2009,29,3,1,1
Sébastien Buemi,67,8,2009,3,14,0,18
Adrian Sutil,16,8,2009,0,18,0,17
Jenson Button,18,8,2009,61,1,6,6
Jarno Trulli,15,8,2009,20,5,0,7
Giancarlo Fisichella,21,8,2009,0,17,0,10
Felipe Massa,13,8,2009,11,8,0,4
Nico Rosberg,3,8,2009,12,7,0,5
Fernando Alonso,4,8,2009,11,9,0,14
Lewis Hamilton,1,9,2009,9,11,0,18
Heikki Kovalainen,5,9,2009,4,13,0,8
Kazuki Nakajima,6,9,2009,0,20,0,12
Nelson Piquet Jr.,12,9,2009,0,19,0,13
Robert Kubica,9,9,2009,2,15,0,14
Mark Webber,17,9,2009,36,4,0,1
Nick Heidfeld,2,9,2009,6,12,0,10
Timo Glock,10,9,2009,13,8,0,9
Rubens Barrichello,22,9,2009,41,2,0,6
Sebastian Vettel,20,9,2009,39,3,2,2
Sébastien Buemi,67,9,2009,3,14,0,16
Adrian Sutil,16,9,2009,0,18,0,15
Jenson Button,18,9,2009,64,1,6,5
Jarno Trulli,15,9,2009,22,5,0,17
Giancarlo Fisichella,21,9,2009,0,17,0,11
Felipe Massa,13,9,2009,16,6,0,3
Nico Rosberg,3,9,2009,16,7,0,4
Fernando Alonso,4,9,2009,11,9,0,7
Jenson Button,18,10,2009,68,1,6,7
Rubens Barrichello,22,10,2009,44,4,0,10
Jarno Trulli,15,10,2009,22,6,0,8
Timo Glock,10,10,2009,13,8,0,6
Nico Rosberg,3,10,2009,21,7,0,4
Sébastien Buemi,67,10,2009,3,14,0,16
Nick Heidfeld,2,10,2009,6,12,0,11
Giancarlo Fisichella,21,10,2009,0,17,0,14
Mark Webber,17,10,2009,46,3,1,3
Robert Kubica,9,10,2009,2,15,0,13
Kimi Räikkönen,8,10,2009,10,10,0,2
Nelson Piquet Jr.,12,10,2009,0,19,0,12
Kazuki Nakajima,6,10,2009,0,20,0,9
Heikki Kovalainen,5,10,2009,5,13,0,5
Lewis Hamilton,1,10,2009,9,11,0,1
Jenson Button,18,11,2009,70,1,6,7
Rubens Barrichello,22,11,2009,44,4,0,1
Jarno Trulli,15,11,2009,23,6,0,13
Timo Glock,10,11,2009,16,10,0,14
Fernando Alonso,4,11,2009,13,11,0,6
Nico Rosberg,3,11,2009,26,5,0,5
Adrian Sutil,16,11,2009,0,19,0,10
Nick Heidfeld,2,11,2009,6,13,0,11
Giancarlo Fisichella,21,11,2009,0,17,0,12
Mark Webber,17,11,2009,52,2,1,9
Robert Kubica,9,11,2009,2,15,0,8
Kimi Räikkönen,8,11,2009,18,9,0,3
Kazuki Nakajima,6,11,2009,0,18,0,18
Heikki Kovalainen,5,11,2009,9,12,0,4
Lewis Hamilton,1,11,2009,19,8,1,2
Jaime Alguersuari,153,11,2009,0,21,0,16
Rubens Barrichello,22,12,2009,54,2,1,7
Timo Glock,10,12,2009,16,10,0,10
Nico Rosberg,3,12,2009,30,5,0,8
Sébastien Buemi,67,12,2009,3,15,0,12
Adrian Sutil,16,12,2009,0,18,0,11
Nick Heidfeld,2,12,2009,6,13,0,5
Giancarlo Fisichella,21,12,2009,0,17,0,2
Mark Webber,17,12,2009,52,3,1,9
Sebastian Vettel,20,12,2009,47,4,2,3
Robert Kubica,9,12,2009,3,14,0,4
Kimi Räikkönen,8,12,2009,24,7,0,1
Kazuki Nakajima,6,12,2009,0,19,0,13
Heikki Kovalainen,5,12,2009,14,12,0,6
Luca Badoer,69,12,2009,0,23,0,14
Jenson Button,18,13,2009,72,1,6,2
Rubens Barrichello,22,13,2009,56,2,1,1
Jarno Trulli,15,13,2009,23,8,0,14
Timo Glock,10,13,2009,16,11,0,11
Fernando Alonso,4,13,2009,16,12,0,5
Nico Rosberg,3,13,2009,31,6,0,16
Sébastien Buemi,67,13,2009,3,16,0,13
Adrian Sutil,16,13,2009,0,18,0,4
Nick Heidfeld,2,13,2009,10,13,0,7
Giancarlo Fisichella,21,13,2009,8,14,0,9
Sebastian Vettel,20,13,2009,53,3,2,8
Kimi Räikkönen,8,13,2009,34,5,1,3
Kazuki Nakajima,6,13,2009,0,19,0,10
Heikki Kovalainen,5,13,2009,17,10,0,6
Lewis Hamilton,1,13,2009,27,7,1,12
Romain Grosjean,154,13,2009,0,23,0,15
Jenson Button,18,14,2009,80,1,6,5
Rubens Barrichello,22,14,2009,66,2,2,6
Jarno Trulli,15,14,2009,23,8,0,12
Timo Glock,10,14,2009,16,12,0,2
Fernando Alonso,4,14,2009,20,11,0,3
Nico Rosberg,3,14,2009,31,6,0,11
Giancarlo Fisichella,21,14,2009,8,14,0,13
Sebastian Vettel,20,14,2009,54,3,2,4
Robert Kubica,9,14,2009,8,15,0,8
Kimi Räikkönen,8,14,2009,40,5,1,10
Kazuki Nakajima,6,14,2009,0,19,0,9
Heikki Kovalainen,5,14,2009,20,10,0,7
Lewis Hamilton,1,14,2009,27,7,1,1
Vitantonio Liuzzi,24,14,2009,0,24,0,14
Jenson Button,18,15,2009,84,1,6,8
Rubens Barrichello,22,15,2009,69,2,2,7
Jarno Trulli,15,15,2009,23,10,0,2
Fernando Alonso,4,15,2009,26,8,0,10
Nico Rosberg,3,15,2009,31,7,0,5
Adrian Sutil,16,15,2009,5,16,0,13
Nick Heidfeld,2,15,2009,12,13,0,6
Giancarlo Fisichella,21,15,2009,8,15,0,12
Mark Webber,17,15,2009,52,4,1,17
Sebastian Vettel,20,15,2009,59,3,2,1
Robert Kubica,9,15,2009,9,14,0,9
Kimi Räikkönen,8,15,2009,40,5,1,4
Kazuki Nakajima,6,15,2009,0,19,0,15
Heikki Kovalainen,5,15,2009,22,12,0,11
Lewis Hamilton,1,15,2009,37,6,2,3
Romain Grosjean,154,15,2009,0,23,0,16
Vitantonio Liuzzi,24,15,2009,0,22,0,14
Vitantonio Liuzzi,24,16,2009,0,21,0,12
Romain Grosjean,154,16,2009,0,23,0,13
Jaime Alguersuari,153,16,2009,0,24,0,14
Lewis Hamilton,1,16,2009,43,6,2,3
Heikki Kovalainen,5,16,2009,22,12,0,9
Kimi Räikkönen,8,16,2009,45,5,1,6
Mark Webber,17,16,2009,52,4,1,1
Giancarlo Fisichella,21,16,2009,8,15,0,11
Sébastien Buemi,67,16,2009,3,17,0,7
Sebastian Vettel,20,16,2009,69,3,3,4
Robert Kubica,9,16,2009,9,14,0,2
Jenson Button,18,16,2009,85,1,6,5
Rubens Barrichello,22,16,2009,71,2,2,8
Jenson Button,18,17,2009,89,1,6,3
Rubens Barrichello,22,17,2009,72,3,2,4
Jarno Trulli,15,17,2009,31,8,0,7
Fernando Alonso,4,17,2009,26,9,0,14
Nico Rosberg,3,17,2009,35,7,0,9
Sébastien Buemi,67,17,2009,5,17,0,8
Adrian Sutil,16,17,2009,5,16,0,17
Nick Heidfeld,2,17,2009,15,14,0,5
Giancarlo Fisichella,21,17,2009,8,15,0,16
Mark Webber,17,17,2009,62,4,2,2
Sebastian Vettel,20,17,2009,74,2,3,1
Robert Kubica,9,17,2009,17,13,0,10
Kimi Räikkönen,8,17,2009,48,6,1,12
Kazuki Nakajima,6,17,2009,0,19,0,13
Heikki Kovalainen,5,17,2009,22,12,0,11
Romain Grosjean,154,17,2009,0,23,0,18
Vitantonio Liuzzi,24,17,2009,0,22,0,15
Kamui Kobayashi,155,17,2009,0,21,0,6
Alain Prost,117,357,1989,6,2,0,2
Johnny Herbert,65,357,1989,3,4,0,11
Derek Warwick,118,357,1989,2,5,0,5
Alessandro Nannini,145,357,1989,1,6,0,3
Jonathan Palmer,156,357,1989,0,7,0,6
Ayrton Senna,102,357,1989,0,11,0,1
Andrea de Cesaris,110,357,1989,0,13,0,10
Eddie Cheever,158,357,1989,0,16,0,9
Thierry Boutsen,123,357,1989,0,22,0,4
Alex Caffi,133,357,1989,0,30,0,7
Alain Prost,117,358,1989,12,1,0,2
Johnny Herbert,65,358,1989,3,7,0,14
Alessandro Nannini,145,358,1989,5,4,0,8
Jonathan Palmer,156,358,1989,1,9,0,9
Michele Alboreto,105,358,1989,0,16,0,5
Ayrton Senna,102,358,1989,9,2,1,1
Andrea de Cesaris,110,358,1989,0,15,0,13
Riccardo Patrese,119,358,1989,0,20,0,15
Eddie Cheever,158,358,1989,0,13,0,7
Martin Brundle,84,358,1989,0,21,0,6
Ivan Capelli,122,358,1989,0,25,0,11
Stefano Modena,131,358,1989,0,26,0,3
Thierry Boutsen,123,358,1989,3,8,0,10
René Arnoux,163,358,1989,0,30,0,12
Alex Caffi,133,358,1989,0,10,0,4
Alain Prost,117,359,1989,18,2,0,5
Johnny Herbert,65,359,1989,3,10,0,15
Alessandro Nannini,145,359,1989,5,4,0,4
Olivier Grouillard,129,359,1989,0,17,0,8
Michele Alboreto,105,359,1989,2,11,0,3
Ayrton Senna,102,359,1989,18,1,2,1
Christian Danner,157,359,1989,0,23,0,12
Riccardo Patrese,119,359,1989,0,24,0,2
Eddie Cheever,158,359,1989,0,14,0,7
Martin Brundle,84,359,1989,1,13,0,9
Nelson Piquet,137,359,1989,0,26,0,11
Stefano Modena,131,359,1989,4,6,0,10
René Arnoux,163,359,1989,0,21,0,14
Alex Caffi,133,359,1989,3,8,0,13
Gabriele Tarquini,99,359,1989,0,16,0,6
Alain Prost,117,360,1989,20,2,0,1
Johnny Herbert,65,360,1989,3,12,0,5
Jonathan Palmer,156,360,1989,1,13,0,9
Andrea de Cesaris,110,360,1989,0,19,0,8
Christian Danner,157,360,1989,0,22,0,4
Riccardo Patrese,119,360,1989,6,5,0,2
Eddie Cheever,158,360,1989,0,16,0,3
Thierry Boutsen,123,360,1989,3,11,0,6
Gabriele Tarquini,99,360,1989,1,14,0,7
Ayrton Senna,102,361,1989,27,2,3,7
Andrea de Cesaris,110,361,1989,0,19,0,3
Christian Danner,157,361,1989,3,14,0,8
Riccardo Patrese,119,361,1989,12,3,0,2
Nelson Piquet,137,361,1989,0,21,0,4
Thierry Boutsen,123,361,1989,4,11,0,1
René Arnoux,163,361,1989,0,23,0,5
Alex Caffi,133,361,1989,3,13,0,6
Nigel Mansell,95,362,1989,9,5,1,2
Alain Prost,117,362,1989,29,1,1,1
Jonathan Palmer,156,362,1989,1,19,0,10
Olivier Grouillard,129,362,1989,0,21,0,6
Riccardo Patrese,119,362,1989,18,3,0,3
Eddie Cheever,158,362,1989,4,9,0,7
Nelson Piquet,137,362,1989,3,16,0,8
Stefan Johansson,140,362,1989,0,28,0,5
Bertrand Gachot,92,362,1989,0,36,0,13
Nigel Mansell,95,363,1989,15,4,1,2
Alain Prost,117,363,1989,38,1,2,1
Derek Warwick,118,363,1989,4,14,0,9
Alessandro Nannini,145,363,1989,8,6,0,3
Satoru Nakajima,138,363,1989,0,24,0,8
Olivier Grouillard,129,363,1989,1,22,0,7
Nelson Piquet,137,363,1989,3,15,0,4
Thierry Boutsen,123,363,1989,13,5,1,10
Pierluigi Martini,94,363,1989,0,35,0,5
Luis Pérez-Sala,159,363,1989,0,34,0,6
Bertrand Gachot,92,363,1989,0,31,0,12
Emanuele Pirro,139,363,1989,0,25,0,11
Nigel Mansell,95,364,1989,21,4,1,3
Alain Prost,117,364,1989,47,1,3,2
Derek Warwick,118,364,1989,4,15,0,6
Ayrton Senna,102,364,1989,27,2,3,1
Andrea de Cesaris,110,364,1989,4,11,0,7
Riccardo Patrese,119,364,1989,22,3,0,4
Eddie Cheever,158,364,1989,4,10,0,12
Martin Brundle,84,364,1989,1,24,0,8
Nelson Piquet,137,364,1989,6,8,0,5
Pierluigi Martini,94,364,1989,2,20,0,9
René Arnoux,163,364,1989,2,18,0,11
Jean Alesi,55,364,1989,3,17,0,10
Nigel Mansell,95,365,1989,25,3,1,1
Alain Prost,117,365,1989,53,1,3,4
Derek Warwick,118,365,1989,5,10,0,10
Jonathan Palmer,156,365,1989,1,23,0,13
Ayrton Senna,102,365,1989,36,2,4,2
Eddie Cheever,158,365,1989,4,11,0,5
Martin Brundle,84,365,1989,1,24,0,12
Nelson Piquet,137,365,1989,8,7,0,6
Stefano Modena,131,365,1989,4,13,0,11
Thierry Boutsen,123,365,1989,13,5,1,3
Alex Caffi,133,365,1989,4,15,0,7
Jean Alesi,55,365,1989,3,17,0,9
Emanuele Pirro,139,365,1989,0,27,0,8
Nigel Mansell,95,366,1989,34,3,2,3
Alain Prost,117,366,1989,56,1,3,2
Maurício Gugelmin,127,366,1989,4,14,0,7
Derek Warwick,118,366,1989,5,11,0,6
Alessandro Nannini,145,366,1989,12,6,0,5
Jonathan Palmer,156,366,1989,1,23,0,14
Olivier Grouillard,129,366,1989,1,21,0,13
Ayrton Senna,102,366,1989,42,2,4,1
Philippe Alliot,112,366,1989,0,32,0,16
Andrea de Cesaris,110,366,1989,4,12,0,11
Ivan Capelli,122,366,1989,0,28,0,12
Thierry Boutsen,123,366,1989,17,5,1,4
Pierluigi Martini,94,366,1989,2,18,0,9
Luis Pérez-Sala,159,366,1989,1,25,0,15
Stefan Johansson,140,366,1989,2,20,0,8
Emanuele Pirro,139,366,1989,0,27,0,10
Alain Prost,117,367,1989,62,1,3,1
Satoru Nakajima,138,367,1989,0,26,0,10
Riccardo Patrese,119,367,1989,25,4,0,4
Martin Brundle,84,367,1989,1,24,0,6
Thierry Boutsen,123,367,1989,20,5,1,3
Pierluigi Martini,94,367,1989,2,19,0,7
Gerhard Berger,77,367,1989,0,35,0,2
Luis Pérez-Sala,159,367,1989,1,25,0,8
René Arnoux,163,367,1989,2,20,0,9
Alex Caffi,133,367,1989,4,15,0,11
Jean Alesi,55,367,1989,3,17,0,5
Alain Prost,117,368,1989,71,1,4,2
Maurício Gugelmin,127,368,1989,4,15,0,10
Alessandro Nannini,145,368,1989,14,6,0,4
Jonathan Palmer,156,368,1989,1,25,0,6
Satoru Nakajima,138,368,1989,0,27,0,7
Michele Alboreto,105,368,1989,6,10,0,11
Philippe Alliot,112,368,1989,0,32,0,9
Martin Brundle,84,368,1989,2,22,0,8
Stefano Modena,131,368,1989,4,16,0,14
Pierluigi Martini,94,368,1989,2,19,0,5
Gerhard Berger,77,368,1989,6,8,0,1
Luis Pérez-Sala,159,368,1989,1,26,0,12
René Arnoux,163,368,1989,2,21,0,13
Stefan Johansson,140,368,1989,2,20,0,3
Alain Prost,117,369,1989,75,1,4,3
Derek Warwick,118,369,1989,6,12,0,9
Jonathan Palmer,156,369,1989,2,22,0,10
Ayrton Senna,102,369,1989,51,2,5,1
Philippe Alliot,112,369,1989,0,29,0,6
Andrea de Cesaris,110,369,1989,4,15,0,7
Riccardo Patrese,119,369,1989,28,4,0,5
Nelson Piquet,137,369,1989,9,8,0,8
Gerhard Berger,77,369,1989,15,7,1,2
Jean Alesi,55,369,1989,5,13,0,4
Maurício Gugelmin,127,370,1989,4,16,0,7
Derek Warwick,118,370,1989,6,13,0,6
Alessandro Nannini,145,370,1989,17,7,0,1
Andrea de Cesaris,110,370,1989,4,15,0,10
Riccardo Patrese,119,370,1989,30,4,0,2
Eddie Cheever,158,370,1989,6,10,0,8
Martin Brundle,84,370,1989,2,23,0,5
Nelson Piquet,137,370,1989,9,8,0,4
Thierry Boutsen,123,370,1989,24,5,1,3
Alex Caffi,133,370,1989,4,18,0,9
Emanuele Pirro,139,371,1989,0,29,0,5
Pierluigi Martini,94,371,1989,4,19,0,6
Thierry Boutsen,123,371,1989,28,5,1,1
Stefano Modena,131,371,1989,4,17,0,8
Riccardo Patrese,119,371,1989,36,4,0,3
Satoru Nakajima,138,371,1989,0,28,0,4
Alessandro Nannini,145,371,1989,26,6,1,2
Maurício Gugelmin,127,371,1989,4,16,0,7
Alain Prost,117,373,1988,9,1,1,2
Gerhard Berger,77,373,1988,6,2,0,5
Nelson Piquet,137,373,1988,4,3,0,3
Derek Warwick,118,373,1988,3,4,0,9
Michele Alboreto,105,373,1988,2,5,0,18
Satoru Nakajima,138,373,1988,1,6,0,8
Thierry Boutsen,123,373,1988,0,7,0,4
Eddie Cheever,158,373,1988,0,8,0,7
Jonathan Palmer,156,373,1988,0,11,0,14
Luis Pérez-Sala,159,373,1988,0,12,0,11
Philippe Alliot,112,373,1988,0,13,0,17
Philippe Streiff,166,373,1988,0,15,0,10
Yannick Dalmas,114,373,1988,0,16,0,12
Alessandro Nannini,145,373,1988,0,20,0,6
Riccardo Patrese,119,373,1988,0,21,0,13
Adrián Campos,167,373,1988,0,23,0,16
Maurício Gugelmin,127,373,1988,0,24,0,15
Alain Prost,117,374,1988,15,1,1,1
Gerhard Berger,77,374,1988,8,3,0,2
Derek Warwick,118,374,1988,3,6,0,4
Michele Alboreto,105,374,1988,2,7,0,3
Thierry Boutsen,123,374,1988,3,5,0,8
Jonathan Palmer,156,374,1988,0,16,0,5
Yannick Dalmas,114,374,1988,0,14,0,7
Riccardo Patrese,119,374,1988,0,15,0,6
Ivan Capelli,122,374,1988,0,26,0,10
Nicola Larini,78,374,1988,0,30,0,9
Alain Prost,117,375,1988,24,1,2,1
Gerhard Berger,77,375,1988,14,2,0,3
Derek Warwick,118,375,1988,6,6,0,5
Michele Alboreto,105,375,1988,6,5,0,4
Thierry Boutsen,123,375,1988,3,7,0,8
Eddie Cheever,158,375,1988,0,12,0,6
Stefan Johansson,140,375,1988,0,14,0,10
Luis Pérez-Sala,159,375,1988,0,18,0,11
Gabriele Tarquini,99,375,1988,0,23,0,14
Philippe Streiff,166,375,1988,0,16,0,12
Yannick Dalmas,114,375,1988,0,13,0,9
Alessandro Nannini,145,375,1988,1,11,0,7
Ivan Capelli,122,375,1988,0,17,0,16
Oscar Larrauri,165,375,1988,0,28,0,13
Piercarlo Ghinzani,160,375,1988,0,24,0,15
Ayrton Senna,102,375,1988,9,3,1,2
Alain Prost,117,376,1988,33,1,3,2
Nelson Piquet,137,376,1988,8,5,0,4
Derek Warwick,118,376,1988,8,6,0,7
Satoru Nakajima,138,376,1988,1,11,0,11
Thierry Boutsen,123,376,1988,3,7,0,3
Andrea de Cesaris,110,376,1988,0,25,0,9
Jonathan Palmer,156,376,1988,2,8,0,6
Luis Pérez-Sala,159,376,1988,0,18,0,13
Philippe Alliot,112,376,1988,0,24,0,10
Gabriele Tarquini,99,376,1988,0,20,0,8
Stefano Modena,131,376,1988,0,28,0,12
Ivan Capelli,122,376,1988,0,17,0,5
Piercarlo Ghinzani,160,376,1988,0,22,0,14
Ayrton Senna,102,376,1988,15,3,1,1
Alain Prost,117,377,1988,39,1,3,2
Thierry Boutsen,123,377,1988,7,7,0,3
Andrea de Cesaris,110,377,1988,0,17,0,4
Jonathan Palmer,156,377,1988,3,8,0,5
Yannick Dalmas,114,377,1988,0,14,0,7
Julian Bailey,141,377,1988,0,29,0,9
Alex Caffi,133,377,1988,0,31,0,8
Ayrton Senna,102,377,1988,24,2,2,1
Alain Prost,117,378,1988,45,1,3,1
Gerhard Berger,77,378,1988,18,3,0,4
Nelson Piquet,137,378,1988,11,5,0,5
Michele Alboreto,105,378,1988,9,6,0,3
Satoru Nakajima,138,378,1988,1,13,0,7
Eddie Cheever,158,378,1988,1,11,0,11
Andrea de Cesaris,110,378,1988,3,9,0,10
Yannick Dalmas,114,378,1988,0,16,0,13
Stefano Modena,131,378,1988,0,25,0,14
Alessandro Nannini,145,378,1988,1,12,0,6
Ivan Capelli,122,378,1988,2,10,0,9
Maurício Gugelmin,127,378,1988,0,28,0,8
Alex Caffi,133,378,1988,0,18,0,12
Ayrton Senna,102,378,1988,33,2,3,2
Pierluigi Martini,94,378,1988,1,15,0,15
Gerhard Berger,77,379,1988,21,3,0,9
Nelson Piquet,137,379,1988,13,5,0,5
Derek Warwick,118,379,1988,8,7,0,6
Michele Alboreto,105,379,1988,13,4,0,17
Satoru Nakajima,138,379,1988,1,12,0,10
Eddie Cheever,158,379,1988,1,13,0,7
Philippe Alliot,112,379,1988,0,24,0,14
Yannick Dalmas,114,379,1988,0,16,0,13
René Arnoux,163,379,1988,0,30,0,18
Stefano Modena,131,379,1988,0,26,0,12
Nigel Mansell,95,379,1988,0,31,0,2
Alessandro Nannini,145,379,1988,2,11,0,3
Riccardo Patrese,119,379,1988,1,14,0,8
Maurício Gugelmin,127,379,1988,0,19,0,4
Julian Bailey,141,379,1988,0,22,0,16
Nicola Larini,78,379,1988,0,21,0,19
Alex Caffi,133,379,1988,0,17,0,11
Ayrton Senna,102,379,1988,39,2,3,1
Pierluigi Martini,94,379,1988,1,15,0,15
Alain Prost,117,380,1988,54,1,4,2
Gerhard Berger,77,380,1988,21,3,0,3
Derek Warwick,118,380,1988,9,7,0,7
Michele Alboreto,105,380,1988,13,5,0,4
Satoru Nakajima,138,380,1988,1,15,0,9
Thierry Boutsen,123,380,1988,11,6,0,6
Eddie Cheever,158,380,1988,1,14,0,10
Andrea de Cesaris,110,380,1988,3,12,0,13
Jonathan Palmer,156,380,1988,5,10,0,11
Yannick Dalmas,114,380,1988,0,18,0,19
René Arnoux,163,380,1988,0,31,0,17
Alessandro Nannini,145,380,1988,6,9,0,18
Ivan Capelli,122,380,1988,2,13,0,5
Maurício Gugelmin,127,380,1988,3,11,0,8
Oscar Larrauri,165,380,1988,0,28,0,16
Piercarlo Ghinzani,160,380,1988,0,29,0,14
Bernd Schneider,146,380,1988,0,32,0,12
Alex Caffi,133,380,1988,0,19,0,15
Ayrton Senna,102,380,1988,48,2,4,1
Alain Prost,117,381,1988,60,1,4,2
Gerhard Berger,77,381,1988,25,3,0,4
Nelson Piquet,137,381,1988,15,5,0,8
Satoru Nakajima,138,381,1988,1,15,0,7
Thierry Boutsen,123,381,1988,12,6,0,3
Luis Pérez-Sala,159,381,1988,0,26,0,10
Philippe Alliot,112,381,1988,0,25,0,12
Gabriele Tarquini,99,381,1988,0,20,0,13
Yannick Dalmas,114,381,1988,0,18,0,9
Stefano Modena,131,381,1988,0,27,0,11
Riccardo Patrese,119,381,1988,1,16,0,6
Maurício Gugelmin,127,381,1988,3,12,0,5
Ayrton Senna,102,381,1988,57,2,5,1
Alain Prost,117,382,1988,66,2,4,2
Nelson Piquet,137,382,1988,15,6,0,4
Derek Warwick,118,382,1988,9,7,0,5
Eddie Cheever,158,382,1988,1,16,0,6
Stefan Johansson,140,382,1988,0,21,0,11
Jonathan Palmer,156,382,1988,5,11,0,12
Philippe Alliot,112,382,1988,0,25,0,9
Philippe Streiff,166,382,1988,0,26,0,10
Ivan Capelli,122,382,1988,4,12,0,3
Bernd Schneider,146,382,1988,0,28,0,13
Alex Caffi,133,382,1988,0,19,0,8
Ayrton Senna,102,382,1988,66,1,6,1
Gerhard Berger,77,383,1988,28,3,0,1
Derek Warwick,118,383,1988,11,7,0,4
Michele Alboreto,105,383,1988,16,6,0,2
Thierry Boutsen,123,383,1988,16,5,0,6
Eddie Cheever,158,383,1988,2,14,0,3
René Arnoux,163,383,1988,0,33,0,13
Alessandro Nannini,145,383,1988,6,10,0,9
Riccardo Patrese,119,383,1988,2,15,0,7
Ivan Capelli,122,383,1988,8,8,0,5
Maurício Gugelmin,127,383,1988,5,11,0,8
Julian Bailey,141,383,1988,0,24,0,12
Ayrton Senna,102,383,1988,75,1,7,10
Alain Prost,117,384,1988,72,2,4,1
Derek Warwick,118,384,1988,14,7,0,4
Michele Alboreto,105,384,1988,22,4,0,5
Thierry Boutsen,123,384,1988,17,6,0,3
Luis Pérez-Sala,159,384,1988,0,27,0,8
Gabriele Tarquini,99,384,1988,0,21,0,11
Philippe Streiff,166,384,1988,0,26,0,9
René Arnoux,163,384,1988,0,32,0,10
Ivan Capelli,122,384,1988,10,8,0,2
Nicola Larini,78,384,1988,0,25,0,12
Alex Caffi,133,384,1988,0,20,0,7
Ayrton Senna,102,384,1988,75,1,7,6
Alain Prost,117,385,1988,81,1,5,1
Gerhard Berger,77,385,1988,37,3,1,6
Nelson Piquet,137,385,1988,18,6,0,8
Thierry Boutsen,123,385,1988,21,5,0,9
Luis Pérez-Sala,159,385,1988,0,21,0,12
Philippe Alliot,112,385,1988,0,25,0,14
Yannick Dalmas,114,385,1988,0,18,0,11
Stefano Modena,131,385,1988,0,29,0,13
Nigel Mansell,95,385,1988,6,9,0,2
Alessandro Nannini,145,385,1988,6,11,0,3
Riccardo Patrese,119,385,1988,2,15,0,5
Maurício Gugelmin,127,385,1988,5,12,0,7
Alex Caffi,133,385,1988,0,19,0,10
Ayrton Senna,102,385,1988,76,2,7,4
Alain Prost,117,386,1988,84,1,6,2
Gerhard Berger,77,386,1988,38,3,1,4
Michele Alboreto,105,386,1988,24,4,0,11
Satoru Nakajima,138,386,1988,1,16,0,7
Thierry Boutsen,123,386,1988,21,5,0,3
Jonathan Palmer,156,386,1988,5,13,0,12
Luis Pérez-Sala,159,386,1988,0,21,0,15
Philippe Alliot,112,386,1988,0,25,0,9
Philippe Streiff,166,386,1988,0,23,0,8
René Arnoux,163,386,1988,0,28,0,17
Alessandro Nannini,145,386,1988,10,10,0,5
Riccardo Patrese,119,386,1988,4,14,0,6
Maurício Gugelmin,127,386,1988,5,12,0,10
Julian Bailey,141,386,1988,0,26,0,14
Ayrton Senna,102,386,1988,79,2,7,1
Pierluigi Martini,94,386,1988,1,17,0,13
Alain Prost,117,387,1988,84,2,6,1
Nelson Piquet,137,387,1988,18,6,0,3
Thierry Boutsen,123,387,1988,25,4,0,5
Stefan Johansson,140,387,1988,0,25,0,9
Andrea de Cesaris,110,387,1988,3,15,0,8
Philippe Alliot,112,387,1988,0,24,0,10
Philippe Streiff,166,387,1988,0,21,0,11
Riccardo Patrese,119,387,1988,5,14,0,4
Ivan Capelli,122,387,1988,16,8,0,6
Ayrton Senna,102,387,1988,87,1,8,2
Pierluigi Martini,94,387,1988,1,17,0,7
Stefan Johansson,140,389,1987,4,3,0,4
Nigel Mansell,95,389,1987,1,6,0,1
Satoru Nakajima,138,389,1987,0,7,0,6
Michele Alboreto,105,389,1987,0,8,0,3
Christian Danner,157,389,1987,0,9,0,7
Philippe Streiff,166,389,1987,0,11,0,8
Pascal Fabre,169,389,1987,0,12,0,13
Ayrton Senna,102,389,1987,0,14,0,2
Riccardo Patrese,119,389,1987,0,15,0,9
Derek Warwick,118,389,1987,0,17,0,11
Alex Caffi,133,389,1987,0,18,0,12
Martin Brundle,84,389,1987,0,20,0,5
Alain Prost,117,390,1987,9,2,1,1
Stefan Johansson,140,390,1987,7,3,0,2
Satoru Nakajima,138,390,1987,1,10,0,5
Philippe Streiff,166,390,1987,0,12,0,9
Pascal Fabre,169,390,1987,0,17,0,10
Eddie Cheever,158,390,1987,0,19,0,4
Andrea de Cesaris,110,390,1987,0,21,0,3
Philippe Alliot,112,390,1987,0,15,0,8
Piercarlo Ghinzani,160,390,1987,0,26,0,7
René Arnoux,163,390,1987,0,27,0,6
Alain Prost,117,391,1987,18,1,2,9
Nelson Piquet,137,391,1987,6,5,0,2
Gerhard Berger,77,391,1987,3,9,0,4
Satoru Nakajima,138,391,1987,3,10,0,10
Michele Alboreto,105,391,1987,4,6,0,3
Jonathan Palmer,156,391,1987,0,20,0,5
Pascal Fabre,169,391,1987,0,19,0,13
Ayrton Senna,102,391,1987,6,4,0,1
Martin Brundle,84,391,1987,2,11,0,7
Teo Fabi,170,391,1987,0,23,0,8
Ivan Capelli,122,391,1987,0,24,0,6
Piercarlo Ghinzani,160,391,1987,0,15,0,12
René Arnoux,163,391,1987,1,13,0,11
Alain Prost,117,392,1987,18,1,2,3
Nelson Piquet,137,392,1987,12,4,0,2
Stefan Johansson,140,392,1987,13,3,0,7
Gerhard Berger,77,392,1987,6,7,0,4
Nigel Mansell,95,392,1987,10,5,1,5
Christian Danner,157,392,1987,0,16,0,8
Jonathan Palmer,156,392,1987,2,12,0,11
Pascal Fabre,169,392,1987,0,22,0,12
Eddie Cheever,158,392,1987,3,9,0,6
Ayrton Senna,102,392,1987,15,2,1,1
Riccardo Patrese,119,392,1987,0,21,0,9
René Arnoux,163,392,1987,1,14,0,10
Alain Prost,117,393,1987,22,2,2,3
Nelson Piquet,137,393,1987,18,3,0,2
Stefan Johansson,140,393,1987,13,4,0,8
Nigel Mansell,95,393,1987,12,5,1,1
Jonathan Palmer,156,393,1987,2,12,0,7
Philippe Streiff,166,393,1987,0,18,0,6
Pascal Fabre,169,393,1987,0,22,0,9
Ayrton Senna,102,393,1987,24,1,2,4
Teo Fabi,170,393,1987,0,20,0,5
Nelson Piquet,137,394,1987,24,3,0,2
Thierry Boutsen,123,394,1987,2,14,0,7
Nigel Mansell,95,394,1987,21,4,2,1
Satoru Nakajima,138,394,1987,3,10,0,4
Jonathan Palmer,156,394,1987,2,11,0,8
Pascal Fabre,169,394,1987,0,22,0,9
Ayrton Senna,102,394,1987,27,1,2,3
Derek Warwick,118,394,1987,0,23,0,5
Teo Fabi,170,394,1987,2,13,0,6
Alain Prost,117,395,1987,26,4,2,7
Nelson Piquet,137,395,1987,30,3,0,1
Stefan Johansson,140,395,1987,13,5,0,2
Jonathan Palmer,156,395,1987,2,12,0,5
Philippe Streiff,166,395,1987,1,16,0,4
Ayrton Senna,102,395,1987,31,1,2,3
Philippe Alliot,112,395,1987,0,21,0,6
Alain Prost,117,396,1987,26,4,2,3
Nelson Piquet,137,396,1987,39,1,1,1
Thierry Boutsen,123,396,1987,2,15,0,4
Nigel Mansell,95,396,1987,30,3,3,14
Jonathan Palmer,156,396,1987,4,12,0,7
Philippe Streiff,166,396,1987,4,10,0,9
Pascal Fabre,169,396,1987,0,22,0,13
Eddie Cheever,158,396,1987,4,11,0,8
Ayrton Senna,102,396,1987,35,2,2,2
Riccardo Patrese,119,396,1987,0,23,0,5
Derek Warwick,118,396,1987,2,16,0,6
Alessandro Nannini,145,396,1987,0,26,0,11
Ivan Capelli,122,396,1987,1,19,0,10
Piercarlo Ghinzani,160,396,1987,0,21,0,12
Alain Prost,117,397,1987,30,4,2,6
Nelson Piquet,137,397,1987,48,1,2,2
Stefan Johansson,140,397,1987,19,5,0,7
Thierry Boutsen,123,397,1987,5,9,0,4
Nigel Mansell,95,397,1987,30,3,3,1
Satoru Nakajima,138,397,1987,6,8,0,13
Christian Danner,157,397,1987,0,21,0,9
Jonathan Palmer,156,397,1987,4,13,0,14
Ayrton Senna,102,397,1987,41,2,2,5
Teo Fabi,170,397,1987,3,14,0,3
Ivan Capelli,122,397,1987,1,20,0,11
Philippe Alliot,112,397,1987,1,18,0,12
Piercarlo Ghinzani,160,397,1987,0,22,0,8
René Arnoux,163,397,1987,1,19,0,10
Alain Prost,117,398,1987,31,4,2,15
Nelson Piquet,137,398,1987,54,1,2,1
Stefan Johansson,140,398,1987,19,5,0,6
Gerhard Berger,77,398,1987,9,6,0,4
Thierry Boutsen,123,398,1987,8,8,0,5
Nigel Mansell,95,398,1987,39,3,4,3
Satoru Nakajima,138,398,1987,6,10,0,11
Christian Danner,157,398,1987,0,21,0,9
Jonathan Palmer,156,398,1987,4,14,0,14
Philippe Streiff,166,398,1987,4,12,0,12
Ayrton Senna,102,398,1987,43,2,2,2
Alessandro Nannini,145,398,1987,0,24,0,16
Teo Fabi,170,398,1987,7,9,0,7
Ivan Capelli,122,398,1987,1,20,0,13
Piercarlo Ghinzani,160,398,1987,0,22,0,8
René Arnoux,163,398,1987,1,19,0,10
Alain Prost,117,399,1987,31,4,2,1
Nelson Piquet,137,399,1987,63,1,3,3
Stefan Johansson,140,399,1987,20,5,0,5
Gerhard Berger,77,399,1987,12,6,0,2
Thierry Boutsen,123,399,1987,10,7,0,14
Satoru Nakajima,138,399,1987,6,10,0,8
Jonathan Palmer,156,399,1987,4,14,0,10
Philippe Streiff,166,399,1987,4,12,0,12
Eddie Cheever,158,399,1987,4,13,0,6
Ayrton Senna,102,399,1987,49,2,2,7
Derek Warwick,118,399,1987,3,15,0,13
Alessandro Nannini,145,399,1987,0,24,0,11
Teo Fabi,170,399,1987,7,9,0,4
Ivan Capelli,122,399,1987,1,20,0,9
Alain Prost,117,400,1987,40,4,3,2
Nelson Piquet,137,400,1987,67,1,3,4
Stefan Johansson,140,400,1987,22,5,0,3
Thierry Boutsen,123,400,1987,10,8,0,16
Nigel Mansell,95,400,1987,43,3,4,1
Satoru Nakajima,138,400,1987,6,10,0,9
Michele Alboreto,105,400,1987,8,9,0,15
Philippe Streiff,166,400,1987,4,13,0,7
Eddie Cheever,158,400,1987,5,11,0,8
Ayrton Senna,102,400,1987,49,2,2,5
Riccardo Patrese,119,400,1987,2,17,0,13
Derek Warwick,118,400,1987,3,15,0,10
Martin Brundle,84,400,1987,2,16,0,11
Ivan Capelli,122,400,1987,1,19,0,12
Philippe Alliot,112,400,1987,1,18,0,6
Adrián Campos,167,400,1987,0,26,0,14
Nelson Piquet,137,401,1987,70,1,3,2
Nigel Mansell,95,401,1987,52,2,5,1
Jonathan Palmer,156,401,1987,4,14,0,7
Philippe Streiff,166,401,1987,4,13,0,8
Eddie Cheever,158,401,1987,5,11,0,4
Riccardo Patrese,119,401,1987,2,17,0,3
Teo Fabi,170,401,1987,10,7,0,5
Philippe Alliot,112,401,1987,2,18,0,6
Alain Prost,117,402,1987,46,4,3,7
Nelson Piquet,137,402,1987,73,1,3,15
Stefan Johansson,140,402,1987,26,5,0,3
Gerhard Berger,77,402,1987,18,6,0,1
Thierry Boutsen,123,402,1987,10,8,0,5
Satoru Nakajima,138,402,1987,6,12,0,6
Michele Alboreto,105,402,1987,8,9,0,4
Jonathan Palmer,156,402,1987,4,15,0,8
Philippe Streiff,166,402,1987,4,14,0,12
Eddie Cheever,158,402,1987,8,10,0,9
Ayrton Senna,102,402,1987,51,3,2,2
Riccardo Patrese,119,402,1987,6,11,0,11
Derek Warwick,118,402,1987,3,16,0,10
Piercarlo Ghinzani,160,402,1987,0,21,0,13
Yannick Dalmas,114,402,1987,0,24,0,14
Gerhard Berger,77,403,1987,27,6,1,1
Thierry Boutsen,123,403,1987,12,8,0,3
Michele Alboreto,105,403,1987,11,9,0,2
Christian Danner,157,403,1987,0,22,0,7
Jonathan Palmer,156,403,1987,4,15,0,4
Riccardo Patrese,119,403,1987,6,12,0,9
Andrea de Cesaris,110,403,1987,4,13,0,8
Yannick Dalmas,114,403,1987,0,24,0,5
Roberto Moreno,90,403,1987,0,29,0,6
Ayrton Senna,102,405,1986,6,2,0,1
Gerhard Berger,77,405,1986,1,6,0,6
Teo Fabi,170,405,1986,0,10,0,5
Thierry Boutsen,123,405,1986,0,11,0,7
Alain Prost,117,405,1986,0,13,0,3
Patrick Tambay,175,405,1986,0,16,0,8
Keke Rosberg,177,405,1986,0,23,0,4
Nigel Mansell,95,405,1986,0,25,0,2
Nelson Piquet,137,406,1986,9,2,1,2
Martin Brundle,84,406,1986,2,9,0,8
Gerhard Berger,77,406,1986,2,10,0,3
Thierry Boutsen,123,406,1986,0,11,0,7
Michele Alboreto,105,406,1986,0,16,0,10
Alain Prost,117,406,1986,4,5,0,1
Stefan Johansson,140,406,1986,0,19,0,4
Riccardo Patrese,119,406,1986,0,20,0,6
Marc Surer,176,406,1986,0,17,0,9
Keke Rosberg,177,406,1986,3,7,0,5
Nelson Piquet,137,407,1986,15,1,1,7
Ayrton Senna,102,407,1986,15,2,1,3
Jacques Laffite,172,407,1986,4,7,0,6
René Arnoux,163,407,1986,3,8,0,5
Philippe Streiff,166,407,1986,0,14,0,11
Thierry Boutsen,123,407,1986,0,13,0,8
Alain Prost,117,407,1986,13,3,1,1
Stefan Johansson,140,407,1986,3,9,0,10
Jonathan Palmer,156,407,1986,0,22,0,12
Marc Surer,176,407,1986,0,18,0,9
Keke Rosberg,177,407,1986,5,6,0,2
Nigel Mansell,95,407,1986,6,4,0,4
Ayrton Senna,102,408,1986,19,2,1,2
Jacques Laffite,172,408,1986,5,7,0,5
Gerhard Berger,77,408,1986,6,6,0,10
Philippe Streiff,166,408,1986,0,14,0,12
Teo Fabi,170,408,1986,2,11,0,7
Michele Alboreto,105,408,1986,0,19,0,4
Alain Prost,117,408,1986,22,1,2,6
Stefan Johansson,140,408,1986,3,9,0,3
Riccardo Patrese,119,408,1986,1,12,0,8
Jonathan Palmer,156,408,1986,0,20,0,13
Marc Surer,176,408,1986,0,17,0,9
Alan Jones,178,408,1986,0,23,0,11
Nigel Mansell,95,408,1986,9,5,0,1
Nelson Piquet,137,409,1986,15,4,1,3
Ayrton Senna,102,409,1986,25,1,1,5
Jacques Laffite,172,409,1986,7,7,0,7
René Arnoux,163,409,1986,5,9,0,6
Martin Brundle,84,409,1986,2,12,0,9
Philippe Streiff,166,409,1986,0,15,0,11
Michele Alboreto,105,409,1986,3,10,0,8
Alain Prost,117,409,1986,23,2,2,2
Keke Rosberg,177,409,1986,11,5,0,4
Alan Jones,178,409,1986,0,20,0,10
Nigel Mansell,95,409,1986,18,3,1,1
Huub Rothengatter,179,409,1986,0,25,0,12
Ayrton Senna,102,410,1986,27,3,1,1
Jacques Laffite,172,410,1986,7,7,0,2
Philippe Streiff,166,410,1986,0,15,0,9
Johnny Dumfries,174,410,1986,0,19,0,7
Michele Alboreto,105,410,1986,3,10,0,4
Alain Prost,117,410,1986,29,1,2,3
Riccardo Patrese,119,410,1986,1,13,0,6
Jonathan Palmer,156,410,1986,0,21,0,8
Nigel Mansell,95,410,1986,27,2,2,5
Derek Warwick,118,410,1986,0,27,0,10
Nigel Mansell,95,411,1986,29,3,2,1
Christian Danner,157,411,1986,0,24,0,11
Alain Prost,117,411,1986,33,2,2,2
Michele Alboreto,105,411,1986,6,9,0,8
René Arnoux,163,411,1986,6,10,0,5
Keke Rosberg,177,411,1986,14,5,0,4
Martin Brundle,84,411,1986,2,12,0,10
Derek Warwick,118,411,1986,0,22,0,9
Riccardo Patrese,119,411,1986,2,13,0,7
Jacques Laffite,172,411,1986,13,6,0,6
Nelson Piquet,137,411,1986,19,4,1,3
Nelson Piquet,137,412,1986,23,4,1,2
René Arnoux,163,412,1986,8,7,0,4
Martin Brundle,84,412,1986,2,12,0,5
Philippe Streiff,166,412,1986,0,15,0,6
Johnny Dumfries,174,412,1986,0,16,0,7
Alain Prost,117,412,1986,39,1,2,3
Jonathan Palmer,156,412,1986,0,17,0,9
Nigel Mansell,95,412,1986,38,2,3,1
Derek Warwick,118,412,1986,0,21,0,8
Nelson Piquet,137,413,1986,29,4,1,1
Ayrton Senna,102,413,1986,36,3,2,2
René Arnoux,163,413,1986,11,7,0,4
Gerhard Berger,77,413,1986,6,9,0,10
Alain Prost,117,413,1986,43,2,2,6
Stefan Johansson,140,413,1986,7,8,0,11
Patrick Tambay,175,413,1986,0,19,0,8
Keke Rosberg,177,413,1986,17,5,0,5
Alan Jones,178,413,1986,0,22,0,9
Nigel Mansell,95,413,1986,47,1,4,3
Derek Warwick,118,413,1986,0,17,0,7
Allen Berg,180,413,1986,0,28,0,12
Nelson Piquet,137,414,1986,38,4,2,1
Ayrton Senna,102,414,1986,42,3,2,2
Martin Brundle,84,414,1986,4,11,0,6
Philippe Streiff,166,414,1986,1,14,0,8
Johnny Dumfries,174,414,1986,0,16,0,5
Stefan Johansson,140,414,1986,7,8,0,4
Patrick Tambay,175,414,1986,0,18,0,7
Jonathan Palmer,156,414,1986,0,19,0,10
Nigel Mansell,95,414,1986,51,1,4,3
Philippe Alliot,112,414,1986,0,30,0,9
René Arnoux,163,415,1986,14,7,0,10
Gerhard Berger,77,415,1986,6,9,0,7
Michele Alboreto,105,415,1986,6,10,0,2
Alain Prost,117,415,1986,44,4,2,1
Christian Danner,157,415,1986,0,24,0,6
Stefan Johansson,140,415,1986,10,8,0,3
Patrick Tambay,175,415,1986,0,17,0,5
Piercarlo Ghinzani,160,415,1986,0,27,0,11
Keke Rosberg,177,415,1986,19,5,0,9
Alan Jones,178,415,1986,0,22,0,4
Huub Rothengatter,179,415,1986,0,25,0,8
Nelson Piquet,137,416,1986,47,4,3,1
Martin Brundle,84,416,1986,5,11,0,10
Gerhard Berger,77,416,1986,6,10,0,5
Philippe Streiff,166,416,1986,1,17,0,9
Thierry Boutsen,123,416,1986,0,19,0,7
Christian Danner,157,416,1986,1,18,0,8
Stefan Johansson,140,416,1986,14,7,0,3
Keke Rosberg,177,416,1986,19,5,0,4
Alan Jones,178,416,1986,3,12,0,6
Nigel Mansell,95,416,1986,55,1,4,2
Nelson Piquet,137,417,1986,56,2,4,3
Ayrton Senna,102,417,1986,48,4,2,4
René Arnoux,163,417,1986,14,8,0,7
Johnny Dumfries,174,417,1986,2,13,0,9
Teo Fabi,170,417,1986,2,15,0,8
Thierry Boutsen,123,417,1986,0,19,0,10
Michele Alboreto,105,417,1986,12,9,0,5
Alain Prost,117,417,1986,53,3,3,2
Christian Danner,157,417,1986,1,18,0,11
Stefan Johansson,140,417,1986,18,6,0,6
Jonathan Palmer,156,417,1986,0,21,0,12
Nigel Mansell,95,417,1986,61,1,4,1
Allen Berg,180,417,1986,0,27,0,13
Nelson Piquet,137,418,1986,60,2,4,4
Ayrton Senna,102,418,1986,51,4,2,3
René Arnoux,163,418,1986,14,9,0,15
Martin Brundle,84,418,1986,5,11,0,11
Gerhard Berger,77,418,1986,8,10,0,1
Thierry Boutsen,123,418,1986,0,19,0,7
Alain Prost,117,418,1986,59,3,3,2
Christian Danner,157,418,1986,1,18,0,9
Stefan Johansson,140,418,1986,19,6,0,12
Riccardo Patrese,119,418,1986,2,16,0,13
Jonathan Palmer,156,418,1986,0,21,0,10
Alessandro Nannini,145,418,1986,0,29,0,14
Andrea de Cesaris,110,418,1986,0,30,0,8
Nigel Mansell,95,418,1986,70,1,5,5
Allen Berg,180,418,1986,0,27,0,16
Philippe Alliot,112,418,1986,0,25,0,6
Nelson Piquet,137,419,1986,63,3,4,2
René Arnoux,163,419,1986,14,10,0,7
Martin Brundle,84,419,1986,5,11,0,4
Philippe Streiff,166,419,1986,1,17,0,5
Johnny Dumfries,174,419,1986,2,13,0,6
Teo Fabi,170,419,1986,2,15,0,10
Alain Prost,117,419,1986,64,2,3,1
Stefan Johansson,140,419,1986,19,6,0,3
Jonathan Palmer,156,419,1986,0,22,0,9
Philippe Alliot,112,419,1986,1,19,0,8
Michele Alboreto,105,421,1985,6,2,0,2
Elio de Angelis,173,421,1985,4,3,0,4
Patrick Tambay,175,421,1985,2,5,0,3
Stefan Johansson,140,421,1985,0,7,0,8
Derek Warwick,118,421,1985,0,10,0,7
Piercarlo Ghinzani,160,421,1985,0,12,0,9
Ayrton Senna,102,421,1985,0,15,0,1
Nigel Mansell,95,421,1985,0,23,0,5
Elio de Angelis,173,422,1985,7,4,0,1
Patrick Tambay,175,422,1985,6,5,0,3
Stefan Johansson,140,422,1985,0,10,0,6
Martin Brundle,84,422,1985,0,12,0,9
Derek Warwick,118,422,1985,0,11,0,10
Thierry Boutsen,123,422,1985,0,15,0,2
Ayrton Senna,102,422,1985,9,3,1,7
Niki Lauda,182,422,1985,0,17,0,4
Nigel Mansell,95,422,1985,2,7,0,5
Nelson Piquet,137,422,1985,0,21,0,8
Alain Prost,117,423,1985,9,5,1,1
Michele Alboreto,105,423,1985,12,2,0,2
Elio de Angelis,173,423,1985,16,1,1,3
Jacques Laffite,172,423,1985,1,11,0,6
Martin Brundle,84,423,1985,0,14,0,10
Derek Warwick,118,423,1985,0,13,0,5
Thierry Boutsen,123,423,1985,6,6,0,9
Andrea de Cesaris,110,423,1985,0,20,0,4
Keke Rosberg,177,423,1985,0,22,0,8
Nigel Mansell,95,423,1985,4,7,0,7
Jonathan Palmer,156,423,1985,0,27,0,11
Alain Prost,117,424,1985,18,2,2,3
Michele Alboreto,105,424,1985,18,3,0,1
Elio de Angelis,173,424,1985,20,1,1,5
Patrick Tambay,175,424,1985,10,4,0,7
Jacques Laffite,172,424,1985,2,12,0,8
Stefan Johansson,140,424,1985,1,13,0,2
Martin Brundle,84,424,1985,0,15,0,12
Thierry Boutsen,123,424,1985,6,6,0,9
Gerhard Berger,77,424,1985,0,24,0,13
Ayrton Senna,102,424,1985,9,5,1,16
Eddie Cheever,158,424,1985,0,22,0,17
Andrea de Cesaris,110,424,1985,3,9,0,14
Riccardo Patrese,119,424,1985,0,23,0,10
Keke Rosberg,177,424,1985,0,17,0,4
Nigel Mansell,95,424,1985,4,7,0,6
Stefan Bellof,185,424,1985,1,14,0,11
Michele Alboreto,105,425,1985,27,1,1,3
Elio de Angelis,173,425,1985,22,3,1,5
Jacques Laffite,172,425,1985,2,14,0,12
Stefan Johansson,140,425,1985,7,6,0,2
Thierry Boutsen,123,425,1985,6,7,0,7
Gerhard Berger,77,425,1985,0,23,0,11
Eddie Cheever,158,425,1985,0,25,0,9
Andrea de Cesaris,110,425,1985,3,10,0,10
Keke Rosberg,177,425,1985,3,9,0,1
Nelson Piquet,137,425,1985,0,17,0,6
Stefan Bellof,185,425,1985,1,15,0,4
Marc Surer,176,425,1985,0,24,0,8
Marc Surer,176,426,1985,0,18,0,8
Derek Warwick,118,426,1985,2,14,0,7
Thierry Boutsen,123,426,1985,6,8,0,9
Riccardo Patrese,119,426,1985,0,22,0,11
Teo Fabi,170,426,1985,0,26,0,14
Stefan Bellof,185,426,1985,4,10,0,13
Nelson Piquet,137,426,1985,1,16,0,1
Keke Rosberg,177,426,1985,12,5,1,2
Eddie Cheever,158,426,1985,0,20,0,10
Manfred Winkelhock,181,426,1985,0,25,0,12
Piercarlo Ghinzani,160,426,1985,0,19,0,15
Stefan Johansson,140,426,1985,13,4,0,4
Patrick Tambay,175,426,1985,10,6,0,6
Elio de Angelis,173,426,1985,24,2,1,5
Alain Prost,117,426,1985,22,3,2,3
Marc Surer,176,427,1985,0,17,0,6
Stefan Bellof,185,427,1985,4,11,0,11
Nelson Piquet,137,427,1985,10,7,1,4
Riccardo Patrese,119,427,1985,0,22,0,9
Ayrton Senna,102,427,1985,9,8,1,10
Gerhard Berger,77,427,1985,0,23,0,8
Derek Warwick,118,427,1985,2,15,0,5
Martin Brundle,84,427,1985,0,18,0,7
Michele Alboreto,105,427,1985,31,1,1,2
Jacques Laffite,172,427,1985,2,16,0,3
Alain Prost,117,427,1985,26,2,2,1
Alain Prost,117,428,1985,35,2,3,2
Michele Alboreto,105,428,1985,37,1,1,1
Jacques Laffite,172,428,1985,6,10,0,3
Stefan Johansson,140,428,1985,16,5,0,9
Martin Brundle,84,428,1985,0,18,0,10
Thierry Boutsen,123,428,1985,6,9,0,4
Gerhard Berger,77,428,1985,0,19,0,7
Pierluigi Martini,94,428,1985,0,27,0,11
Niki Lauda,182,428,1985,3,15,0,5
Keke Rosberg,177,428,1985,18,4,1,12
Nigel Mansell,95,428,1985,5,11,0,6
Stefan Bellof,185,428,1985,4,12,0,8
Alain Prost,117,429,1985,41,2,3,1
Michele Alboreto,105,429,1985,46,1,2,3
Elio de Angelis,173,429,1985,26,3,1,5
Patrick Tambay,175,429,1985,11,7,0,10
Stefan Johansson,140,429,1985,16,5,0,4
Thierry Boutsen,123,429,1985,9,10,0,8
Ayrton Senna,102,429,1985,9,9,1,2
Stefan Bellof,185,429,1985,4,13,0,7
Marc Surer,176,429,1985,1,17,0,6
Huub Rothengatter,179,429,1985,0,28,0,9
Alain Prost,117,430,1985,50,1,4,2
Michele Alboreto,105,430,1985,50,2,2,4
Elio de Angelis,173,430,1985,28,3,1,5
Martin Brundle,84,430,1985,0,18,0,7
Gerhard Berger,77,430,1985,0,19,0,9
Ayrton Senna,102,430,1985,15,6,1,3
Niki Lauda,182,430,1985,5,12,0,1
Nigel Mansell,95,430,1985,6,11,0,6
Nelson Piquet,137,430,1985,13,7,1,8
Marc Surer,176,430,1985,2,17,0,10
Alain Prost,117,431,1985,56,1,4,1
Michele Alboreto,105,431,1985,53,2,2,13
Elio de Angelis,173,431,1985,30,3,1,6
Patrick Tambay,175,431,1985,11,9,0,7
Stefan Johansson,140,431,1985,19,5,0,5
Martin Brundle,84,431,1985,0,18,0,8
Thierry Boutsen,123,431,1985,9,11,0,9
Ayrton Senna,102,431,1985,19,4,1,3
Nigel Mansell,95,431,1985,7,12,0,11
Nelson Piquet,137,431,1985,13,8,1,2
Teo Fabi,170,431,1985,0,28,0,12
Marc Surer,176,431,1985,2,17,0,4
Alain Prost,117,432,1985,65,1,5,3
Jacques Laffite,172,432,1985,10,10,0,11
Martin Brundle,84,432,1985,0,18,0,13
Derek Warwick,118,432,1985,4,15,0,6
Thierry Boutsen,123,432,1985,9,11,0,10
Gerhard Berger,77,432,1985,0,19,0,7
Ayrton Senna,102,432,1985,23,4,1,1
Pierluigi Martini,94,432,1985,0,26,0,12
Keke Rosberg,177,432,1985,18,7,1,4
Nigel Mansell,95,432,1985,7,12,0,2
Nelson Piquet,137,432,1985,19,6,1,5
Marc Surer,176,432,1985,5,13,0,8
Philippe Streiff,166,432,1985,0,25,0,9
Alain Prost,117,433,1985,69,1,5,4
Elio de Angelis,173,433,1985,31,4,1,5
Patrick Tambay,175,433,1985,11,10,0,12
Thierry Boutsen,123,433,1985,9,12,0,6
Gerhard Berger,77,433,1985,0,19,0,10
Ayrton Senna,102,433,1985,32,3,2,2
Eddie Cheever,158,433,1985,0,21,0,11
Riccardo Patrese,119,433,1985,0,20,0,9
Keke Rosberg,177,433,1985,21,5,1,3
Nigel Mansell,95,433,1985,13,9,0,1
Marc Surer,176,433,1985,5,13,0,13
Philippe Streiff,166,433,1985,0,22,0,8
Alain Prost,117,434,1985,72,1,5,3
Stefan Johansson,140,434,1985,21,8,0,4
Martin Brundle,84,434,1985,0,18,0,7
Thierry Boutsen,123,434,1985,10,11,0,6
Gerhard Berger,77,434,1985,0,19,0,5
Keke Rosberg,177,434,1985,25,5,1,2
Nigel Mansell,95,434,1985,22,6,1,1
Jacques Laffite,172,435,1985,10,12,0,2
Stefan Johansson,140,435,1985,24,7,0,5
Gerhard Berger,77,435,1985,2,18,0,6
Pierluigi Martini,94,435,1985,0,27,0,8
Keke Rosberg,177,435,1985,31,6,1,1
Huub Rothengatter,179,435,1985,0,25,0,7
Philippe Streiff,166,435,1985,0,21,0,3
Ivan Capelli,122,435,1985,0,33,0,4
Alain Prost,117,437,1984,9,1,1,2
Elio de Angelis,173,437,1984,4,3,0,7
Thierry Boutsen,123,437,1984,1,6,0,12
Marc Surer,176,437,1984,0,7,0,9
Derek Warwick,118,437,1984,0,9,0,3
Andrea de Cesaris,110,437,1984,0,10,0,5
Riccardo Patrese,119,437,1984,0,11,0,4
Niki Lauda,182,437,1984,0,12,0,1
François Hesnault,183,437,1984,0,18,0,10
Michele Alboreto,105,437,1984,0,22,0,11
Mauro Baldi,184,437,1984,0,23,0,8
Ayrton Senna,102,437,1984,0,24,0,6
Keke Rosberg,177,438,1984,6,3,0,4
Elio de Angelis,173,438,1984,4,4,0,5
Patrick Tambay,175,438,1984,2,9,0,7
Marc Surer,176,438,1984,0,12,0,8
Jonathan Palmer,156,438,1984,0,14,0,10
Derek Warwick,118,438,1984,4,5,0,2
Nelson Piquet,137,438,1984,0,19,0,9
René Arnoux,163,438,1984,0,23,0,3
Michele Alboreto,105,438,1984,0,16,0,1
Ayrton Senna,102,438,1984,1,11,0,6
Alain Prost,117,439,1984,15,1,1,1
Elio de Angelis,173,439,1984,6,6,0,3
Eddie Cheever,158,439,1984,3,9,0,7
Thierry Boutsen,123,439,1984,1,13,0,5
Jonathan Palmer,156,439,1984,0,15,0,9
Derek Warwick,118,439,1984,10,2,0,4
Andrea de Cesaris,110,439,1984,2,11,0,6
René Arnoux,163,439,1984,4,7,0,2
Mauro Baldi,184,439,1984,0,16,0,8
Jacques Laffite,172,440,1984,0,26,0,8
Piercarlo Ghinzani,160,440,1984,0,28,0,12
René Arnoux,163,440,1984,10,3,0,4
Teo Fabi,170,440,1984,0,23,0,9
Nigel Mansell,95,440,1984,0,22,0,3
Niki Lauda,182,440,1984,9,6,1,1
Andrea de Cesaris,110,440,1984,3,11,0,10
Thierry Boutsen,123,440,1984,3,10,0,11
Patrick Tambay,175,440,1984,2,12,0,2
Keke Rosberg,177,440,1984,9,7,0,6
Jonathan Palmer,156,440,1984,0,16,0,13
Elio de Angelis,173,440,1984,10,4,0,5
Alain Prost,117,440,1984,24,1,2,7
Alain Prost,117,441,1984,24,1,2,1
Keke Rosberg,177,441,1984,10,6,0,4
Elio de Angelis,173,441,1984,12,5,0,5
René Arnoux,163,441,1984,13,4,0,3
Piercarlo Ghinzani,160,441,1984,0,22,0,7
Jacques Laffite,172,441,1984,0,18,0,8
Michele Alboreto,105,441,1984,9,7,1,6
Ayrton Senna,102,441,1984,2,14,0,2
Alain Prost,117,442,1984,29,1,3,3
Elio de Angelis,173,442,1984,13,5,0,4
Eddie Cheever,158,442,1984,3,11,0,11
Niki Lauda,182,442,1984,18,2,2,2
Nigel Mansell,95,442,1984,4,10,0,6
Nelson Piquet,137,442,1984,0,20,0,1
René Arnoux,163,442,1984,15,3,0,5
Philippe Alliot,112,442,1984,0,24,0,10
Johnny Cecotto,188,442,1984,0,25,0,9
Ayrton Senna,102,442,1984,5,9,0,7
Manfred Winkelhock,181,442,1984,0,23,0,8
Alain Prost,117,443,1984,33,1,3,4
Elio de Angelis,173,443,1984,16,4,0,2
Nelson Piquet,137,443,1984,9,8,1,1
Teo Fabi,170,443,1984,0,23,0,3
Jacques Laffite,172,443,1984,0,19,0,5
Keke Rosberg,177,444,1984,12,7,0,1
Elio de Angelis,173,444,1984,22,3,0,3
Nigel Mansell,95,444,1984,5,11,0,6
René Arnoux,163,444,1984,17,5,0,2
Piercarlo Ghinzani,160,444,1984,0,19,0,5
Jacques Laffite,172,444,1984,2,17,0,4
Manfred Winkelhock,181,444,1984,0,22,0,8
Corrado Fabi,190,444,1984,0,29,0,7
Elio de Angelis,173,445,1984,26,2,0,4
Patrick Tambay,175,445,1984,8,9,0,8
Marc Surer,176,445,1984,0,19,0,11
Derek Warwick,118,445,1984,13,7,0,2
Andrea de Cesaris,110,445,1984,3,16,0,10
Riccardo Patrese,119,445,1984,3,15,0,12
Niki Lauda,182,445,1984,24,3,2,1
Nelson Piquet,137,445,1984,18,6,2,7
René Arnoux,163,445,1984,23,4,0,6
Piercarlo Ghinzani,160,445,1984,2,18,0,9
Michele Alboreto,105,445,1984,10,8,1,5
Ayrton Senna,102,445,1984,5,11,0,3
Alain Prost,117,446,1984,36,1,3,1
Patrick Tambay,175,446,1984,8,10,0,5
Derek Warwick,118,446,1984,19,6,0,3
Andrea de Cesaris,110,446,1984,3,16,0,7
Niki Lauda,182,446,1984,33,2,3,2
Nigel Mansell,95,446,1984,6,11,0,4
René Arnoux,163,446,1984,24,4,0,6
François Hesnault,183,446,1984,0,26,0,8
Huub Rothengatter,179,446,1984,0,28,0,9
Thierry Boutsen,123,447,1984,3,17,0,5
Marc Surer,176,447,1984,0,19,0,6
Jonathan Palmer,156,447,1984,0,23,0,9
Riccardo Patrese,119,447,1984,3,15,0,10
Niki Lauda,182,447,1984,39,2,3,1
Nelson Piquet,137,447,1984,18,7,2,2
Teo Fabi,170,447,1984,4,13,0,4
René Arnoux,163,447,1984,25,4,0,7
François Hesnault,183,447,1984,0,24,0,8
Philippe Alliot,112,447,1984,0,27,0,11
Michele Alboreto,105,447,1984,12,8,1,3
Alain Prost,117,448,1984,45,2,4,1
Keke Rosberg,177,448,1984,21,7,1,8
Elio de Angelis,173,448,1984,29,3,0,4
Eddie Cheever,158,448,1984,3,15,0,13
Patrick Tambay,175,448,1984,10,9,0,6
Jonathan Palmer,156,448,1984,0,24,0,9
Niki Lauda,182,448,1984,48,1,4,2
Nigel Mansell,95,448,1984,9,11,0,3
Teo Fabi,170,448,1984,7,12,0,5
René Arnoux,163,448,1984,25,4,0,11
François Hesnault,183,448,1984,0,21,0,7
Philippe Alliot,112,448,1984,0,27,0,10
Jo Gartner,189,448,1984,0,31,0,12
Eddie Cheever,158,449,1984,3,15,0,9
Thierry Boutsen,123,449,1984,5,14,0,10
Riccardo Patrese,119,449,1984,3,16,0,3
Niki Lauda,182,449,1984,54,1,4,1
Piercarlo Ghinzani,160,449,1984,2,18,0,7
Michele Alboreto,105,449,1984,16,8,1,2
Jo Gartner,189,449,1984,0,28,0,5
Huub Rothengatter,179,449,1984,0,26,0,8
Gerhard Berger,77,449,1984,0,29,0,6
Stefan Johansson,140,449,1984,0,33,0,4
Michele Alboreto,105,450,1984,22,7,1,2
François Hesnault,183,450,1984,0,23,0,10
René Arnoux,163,450,1984,25,4,0,5
Nelson Piquet,137,450,1984,24,5,2,3
Andrea de Cesaris,110,450,1984,3,18,0,7
Derek Warwick,118,450,1984,23,6,0,11
Thierry Boutsen,123,450,1984,5,15,0,9
Mauro Baldi,184,450,1984,0,26,0,8
Niki Lauda,182,450,1984,63,1,5,4
Riccardo Patrese,119,450,1984,7,13,0,6
Alain Prost,117,450,1984,54,2,5,1
Alain Prost,117,451,1984,63,2,6,1
Elio de Angelis,173,451,1984,32,3,0,5
Eddie Cheever,158,451,1984,3,16,0,17
Patrick Tambay,175,451,1984,11,10,0,7
Andrea de Cesaris,110,451,1984,3,18,0,12
Riccardo Patrese,119,451,1984,8,13,0,8
Niki Lauda,182,451,1984,66,1,5,2
Nelson Piquet,137,451,1984,28,4,2,6
René Arnoux,163,451,1984,27,6,0,9
Jacques Laffite,172,451,1984,5,14,0,14
Michele Alboreto,105,451,1984,28,5,1,4
Mauro Baldi,184,451,1984,0,25,0,15
Ayrton Senna,102,451,1984,9,11,0,3
Manfred Winkelhock,181,451,1984,0,26,0,10
Jo Gartner,189,451,1984,0,21,0,16
Gerhard Berger,77,451,1984,0,22,0,13
Stefan Johansson,140,451,1984,3,17,0,11
Niki Lauda,182,453,1983,4,2,0,2
Jacques Laffite,172,453,1983,3,3,0,4
Marc Surer,176,453,1983,1,5,0,5
Alain Prost,117,453,1983,0,6,0,11
René Arnoux,163,453,1983,0,9,0,3
Danny Sullivan,193,453,1983,0,10,0,8
Nigel Mansell,95,453,1983,0,11,0,12
Johnny Cecotto,188,453,1983,0,12,0,6
Eddie Cheever,158,453,1983,0,16,0,13
John Watson,187,453,1983,0,17,0,1
Raul Boesel,196,453,1983,0,18,0,7
Riccardo Patrese,119,453,1983,0,21,0,10
Michele Alboreto,105,453,1983,0,24,0,9
Nelson Piquet,137,454,1983,9,2,1,2
Jacques Laffite,172,454,1983,6,4,0,6
Patrick Tambay,175,454,1983,2,7,0,4
Marc Surer,176,454,1983,3,6,0,10
Alain Prost,117,454,1983,0,9,0,1
René Arnoux,163,454,1983,4,5,0,7
Johnny Cecotto,188,454,1983,1,8,0,11
Eddie Cheever,158,454,1983,0,17,0,3
Jean-Pierre Jarier,197,454,1983,0,24,0,9
Bruno Giacomelli,152,454,1983,0,25,0,13
Michele Alboreto,105,454,1983,0,13,0,8
Andrea de Cesaris,110,454,1983,0,21,0,12
Keke Rosberg,177,454,1983,0,27,0,5
Jacques Laffite,172,455,1983,7,5,0,7
Patrick Tambay,175,455,1983,5,6,0,1
Marc Surer,176,455,1983,3,9,0,6
Alain Prost,117,455,1983,9,3,1,2
Chico Serra,192,455,1983,0,17,0,8
René Arnoux,163,455,1983,4,7,0,3
Nigel Mansell,95,455,1983,0,19,0,12
Manfred Winkelhock,181,455,1983,0,23,0,11
John Watson,187,455,1983,9,4,1,5
Raul Boesel,196,455,1983,0,12,0,9
Mauro Baldi,184,455,1983,0,28,0,10
Keke Rosberg,177,455,1983,2,10,0,4
Nelson Piquet,137,456,1983,15,2,1,2
Patrick Tambay,175,456,1983,14,3,1,4
Alain Prost,117,456,1983,15,1,1,3
Chico Serra,192,456,1983,0,13,0,7
Danny Sullivan,193,456,1983,0,15,0,5
Mauro Baldi,184,456,1983,0,19,0,6
Keke Rosberg,177,456,1983,5,8,0,1
Nelson Piquet,137,457,1983,21,1,1,4
Jacques Laffite,172,457,1983,7,8,0,6
Patrick Tambay,175,457,1983,17,3,1,2
Marc Surer,176,457,1983,4,10,0,11
Alain Prost,117,457,1983,19,2,1,1
Derek Warwick,118,457,1983,0,17,0,7
Danny Sullivan,193,457,1983,2,11,0,12
Johnny Cecotto,188,457,1983,1,13,0,10
Eddie Cheever,158,457,1983,4,9,0,3
Raul Boesel,196,457,1983,0,15,0,13
Bruno Giacomelli,152,457,1983,0,23,0,8
Michele Alboreto,105,457,1983,0,16,0,14
Elio de Angelis,173,457,1983,0,25,0,9
Keke Rosberg,177,457,1983,14,4,1,5
Nelson Piquet,137,458,1983,24,2,1,4
Niki Lauda,182,458,1983,10,6,0,13
Jacques Laffite,172,458,1983,8,9,0,5
Marc Surer,176,458,1983,4,10,0,11
Alain Prost,117,458,1983,28,1,2,8
Nigel Mansell,95,458,1983,0,23,0,6
John Watson,187,458,1983,11,5,1,3
Raul Boesel,196,458,1983,0,16,0,10
Mauro Baldi,184,458,1983,1,13,0,12
Bruno Giacomelli,152,458,1983,0,18,0,9
Michele Alboreto,105,458,1983,0,17,0,1
Keke Rosberg,177,458,1983,16,4,1,2
Thierry Boutsen,123,458,1983,0,29,0,7
Patrick Tambay,175,459,1983,23,3,1,3
Alain Prost,117,459,1983,28,1,2,5
René Arnoux,163,459,1983,8,9,0,1
Manfred Winkelhock,181,459,1983,0,24,0,9
Eddie Cheever,158,459,1983,8,10,0,2
John Watson,187,459,1983,15,5,1,6
Mauro Baldi,184,459,1983,1,14,0,10
Michele Alboreto,105,459,1983,9,8,1,8
Keke Rosberg,177,459,1983,22,4,1,4
Thierry Boutsen,123,459,1983,0,19,0,7
Nelson Piquet,137,460,1983,27,2,1,2
Niki Lauda,182,460,1983,10,8,0,6
Jacques Laffite,172,460,1983,10,9,0,12
Patrick Tambay,175,460,1983,27,3,1,3
Marc Surer,176,460,1983,4,11,0,17
Alain Prost,117,460,1983,30,1,2,1
René Arnoux,163,460,1983,17,5,1,5
Danny Sullivan,193,460,1983,2,12,0,14
Nigel Mansell,95,460,1983,1,15,0,4
Roberto Guerrero,195,460,1983,0,27,0,16
John Watson,187,460,1983,16,6,1,9
Mauro Baldi,184,460,1983,1,13,0,7
Jean-Pierre Jarier,197,460,1983,0,23,0,10
Michele Alboreto,105,460,1983,9,10,1,13
Andrea de Cesaris,110,460,1983,0,25,0,8
Keke Rosberg,177,460,1983,25,4,1,11
Thierry Boutsen,123,460,1983,0,16,0,15
Nelson Piquet,137,461,1983,33,2,1,13
Jacques Laffite,172,461,1983,10,9,0,6
Marc Surer,176,461,1983,4,12,0,7
Alain Prost,117,461,1983,39,1,3,4
René Arnoux,163,461,1983,19,5,1,1
Danny Sullivan,193,461,1983,2,13,0,12
Johnny Cecotto,188,461,1983,1,15,0,11
John Watson,187,461,1983,16,6,1,5
Jean-Pierre Jarier,197,461,1983,0,22,0,8
Riccardo Patrese,119,461,1983,0,25,0,3
Andrea de Cesaris,110,461,1983,0,21,0,2
Keke Rosberg,177,461,1983,25,4,1,10
Thierry Boutsen,123,461,1983,0,16,0,9
Nelson Piquet,137,462,1983,33,2,1,3
Niki Lauda,182,462,1983,11,8,0,6
Alain Prost,117,462,1983,42,1,3,1
René Arnoux,163,462,1983,28,4,2,2
Nigel Mansell,95,462,1983,4,13,0,5
Eddie Cheever,158,462,1983,14,7,0,4
John Watson,187,462,1983,18,6,1,9
Jean-Pierre Jarier,197,462,1983,0,22,0,7
Corrado Fabi,190,462,1983,0,29,0,10
Piercarlo Ghinzani,160,462,1983,0,30,0,11
Keke Rosberg,177,462,1983,25,5,1,8
Thierry Boutsen,123,462,1983,0,18,0,13
Stefan Johansson,140,462,1983,0,31,0,12
Patrick Tambay,175,463,1983,31,4,1,2
Marc Surer,176,463,1983,4,14,0,8
Derek Warwick,118,463,1983,0,21,0,4
René Arnoux,163,463,1983,34,3,2,1
Roberto Guerrero,195,463,1983,0,30,0,12
John Watson,187,463,1983,18,6,1,3
Raul Boesel,196,463,1983,0,22,0,10
Mauro Baldi,184,463,1983,1,16,0,5
Riccardo Patrese,119,463,1983,4,13,0,9
Corrado Fabi,190,463,1983,0,26,0,11
Bruno Giacomelli,152,463,1983,0,23,0,13
Michele Alboreto,105,463,1983,9,10,1,6
Thierry Boutsen,123,463,1983,0,18,0,14
Stefan Johansson,140,463,1983,0,28,0,7
Nelson Piquet,137,464,1983,37,3,1,1
Patrick Tambay,175,464,1983,37,4,1,4
Marc Surer,176,464,1983,4,14,0,10
Derek Warwick,118,464,1983,3,15,0,6
René Arnoux,163,464,1983,43,2,3,2
Nigel Mansell,95,464,1983,6,12,0,8
Johnny Cecotto,188,464,1983,1,18,0,12
Roberto Guerrero,195,464,1983,0,29,0,13
Eddie Cheever,158,464,1983,17,7,0,3
Jean-Pierre Jarier,197,464,1983,0,20,0,9
Bruno Giacomelli,152,464,1983,0,24,0,7
Elio de Angelis,173,464,1983,0,26,0,5
Keke Rosberg,177,464,1983,25,5,1,11
Nelson Piquet,137,465,1983,46,3,2,1
Alain Prost,117,465,1983,51,1,4,2
Derek Warwick,118,465,1983,4,14,0,5
René Arnoux,163,465,1983,49,2,3,9
Nigel Mansell,95,465,1983,6,12,0,3
Manfred Winkelhock,181,465,1983,0,26,0,8
Roberto Guerrero,195,465,1983,0,29,0,12
Eddie Cheever,158,465,1983,21,7,0,10
Raul Boesel,196,465,1983,0,24,0,15
Riccardo Patrese,119,465,1983,4,13,0,7
Bruno Giacomelli,152,465,1983,0,22,0,6
Andrea de Cesaris,110,465,1983,6,11,0,4
Thierry Boutsen,123,465,1983,0,20,0,11
Stefan Johansson,140,465,1983,0,25,0,14
Kenny Acheson,186,466,1983,0,33,0,12
Thierry Boutsen,123,466,1983,0,21,0,9
Keke Rosberg,177,466,1983,25,5,1,5
Andrea de Cesaris,110,466,1983,9,12,0,2
Riccardo Patrese,119,466,1983,4,14,0,1
Derek Warwick,118,466,1983,6,13,0,4
Marc Surer,176,466,1983,4,15,0,8
Niki Lauda,182,466,1983,12,8,0,11
Danny Sullivan,193,466,1983,2,17,0,7
Eddie Cheever,158,466,1983,21,7,0,6
Jean-Pierre Jarier,197,466,1983,0,22,0,10
Nelson Piquet,137,466,1983,55,2,3,3
Alain Prost,117,468,1982,9,1,1,1
John Watson,187,468,1982,1,6,0,2
Michele Alboreto,105,468,1982,0,7,0,4
Manfred Winkelhock,181,468,1982,0,10,0,5
Jochen Mass,200,468,1982,0,12,0,8
Slim Borgudd,201,468,1982,0,16,0,7
Didier Pironi,202,468,1982,0,18,0,6
Nigel Mansell,95,468,1982,0,25,0,3
Jean-Pierre Jarier,197,468,1982,0,26,0,9
Mauro Baldi,184,468,1982,0,27,0,10
Niki Lauda,182,469,1982,3,7,0,1
Keke Rosberg,177,469,1982,2,9,0,2
John Watson,187,469,1982,7,2,0,6
Michele Alboreto,105,469,1982,3,6,0,4
Elio de Angelis,173,469,1982,0,13,0,5
Jochen Mass,200,469,1982,0,12,0,8
Raul Boesel,196,469,1982,0,20,0,9
Slim Borgudd,201,469,1982,0,11,0,10
Riccardo Patrese,119,469,1982,0,22,0,3
Nigel Mansell,95,469,1982,4,5,0,7
Michele Alboreto,105,470,1982,6,6,0,3
Eliseo Salazar,194,470,1982,0,16,0,5
Didier Pironi,202,470,1982,1,12,0,1
Gilles Villeneuve,203,470,1982,0,27,0,2
Jean-Pierre Jarier,197,470,1982,0,17,0,4
Keke Rosberg,177,471,1982,8,5,0,2
John Watson,187,471,1982,8,6,0,1
Elio de Angelis,173,471,1982,2,13,0,4
Raul Boesel,196,471,1982,0,18,0,8
Chico Serra,192,471,1982,0,23,0,6
Jacques Laffite,172,471,1982,0,30,0,9
Eddie Cheever,158,471,1982,0,26,0,3
Nelson Piquet,137,471,1982,0,31,0,5
Alain Prost,117,472,1982,18,1,2,7
Michele Alboreto,105,472,1982,10,6,0,10
Elio de Angelis,173,472,1982,5,9,0,5
Andrea de Cesaris,110,472,1982,0,26,0,3
Derek Daly,206,472,1982,0,27,0,6
Didier Pironi,202,472,1982,10,5,1,2
Riccardo Patrese,119,472,1982,4,13,0,1
Nigel Mansell,95,472,1982,4,10,0,4
Brian Henton,205,472,1982,0,30,0,8
Marc Surer,176,472,1982,0,20,0,9
René Arnoux,163,473,1982,4,13,0,10
Keke Rosberg,177,473,1982,14,4,0,4
John Watson,187,473,1982,17,2,1,1
Jochen Mass,200,473,1982,0,23,0,7
Derek Daly,206,473,1982,1,19,0,5
Chico Serra,192,473,1982,1,20,0,11
Didier Pironi,202,473,1982,16,3,1,3
Jacques Laffite,172,473,1982,0,26,0,6
Eddie Cheever,158,473,1982,4,14,0,2
Brian Henton,205,473,1982,0,25,0,9
Marc Surer,176,473,1982,0,21,0,8
John Watson,187,474,1982,26,1,2,3
Elio de Angelis,173,474,1982,7,10,0,4
Jochen Mass,200,474,1982,0,22,0,11
Andrea de Cesaris,110,474,1982,4,14,0,6
Derek Daly,206,474,1982,3,16,0,7
Didier Pironi,202,474,1982,20,2,1,9
Riccardo Patrese,119,474,1982,13,5,1,2
Eddie Cheever,158,474,1982,10,7,0,10
Nelson Piquet,137,474,1982,2,19,0,1
Mauro Baldi,184,474,1982,0,27,0,8
Marc Surer,176,474,1982,0,23,0,5
Niki Lauda,182,475,1982,12,6,1,4
Keke Rosberg,177,475,1982,17,5,0,3
John Watson,187,475,1982,30,1,2,9
Michele Alboreto,105,475,1982,10,9,0,7
Eliseo Salazar,194,475,1982,2,19,0,13
Manfred Winkelhock,181,475,1982,2,20,0,12
Bruno Giacomelli,152,475,1982,0,28,0,11
Derek Daly,206,475,1982,3,17,0,5
Didier Pironi,202,475,1982,20,2,1,1
Riccardo Patrese,119,475,1982,19,3,1,15
Nelson Piquet,137,475,1982,11,7,1,2
Jean-Pierre Jarier,197,475,1982,3,16,0,14
Mauro Baldi,184,475,1982,0,27,0,6
Marc Surer,176,475,1982,2,18,0,10
Alain Prost,117,476,1982,18,5,2,6
Niki Lauda,182,476,1982,15,7,1,1
Elio de Angelis,173,476,1982,10,10,0,4
Bruno Giacomelli,152,476,1982,0,29,0,7
Jochen Mass,200,476,1982,0,24,0,10
Derek Daly,206,476,1982,5,15,0,5
Didier Pironi,202,476,1982,29,2,2,2
Mauro Baldi,184,476,1982,1,21,0,9
Brian Henton,205,476,1982,0,27,0,8
Patrick Tambay,175,476,1982,0,28,0,3
Alain Prost,117,477,1982,19,5,2,2
René Arnoux,163,477,1982,4,17,0,1
Niki Lauda,182,477,1982,24,3,2,8
Keke Rosberg,177,477,1982,21,4,0,5
Michele Alboreto,105,477,1982,10,10,0,6
Manfred Winkelhock,181,477,1982,2,21,0,11
Bruno Giacomelli,152,477,1982,0,27,0,9
Derek Daly,206,477,1982,7,12,0,7
Didier Pironi,202,477,1982,35,1,2,3
Jacques Laffite,172,477,1982,1,23,0,14
Derek Warwick,118,477,1982,0,32,0,15
Eddie Cheever,158,477,1982,10,9,0,16
Brian Henton,205,477,1982,0,28,0,10
Marc Surer,176,477,1982,2,19,0,13
Geoff Lees,209,477,1982,0,36,0,12
Patrick Tambay,175,477,1982,4,16,0,4
René Arnoux,163,478,1982,13,8,1,2
Keke Rosberg,177,478,1982,23,5,0,3
Michele Alboreto,105,478,1982,11,10,0,4
Bruno Giacomelli,152,478,1982,0,26,0,5
Chico Serra,192,478,1982,1,24,0,11
Derek Warwick,118,478,1982,0,31,0,10
Nigel Mansell,95,478,1982,7,12,0,9
Brian Henton,205,478,1982,0,28,0,7
Roberto Guerrero,195,478,1982,0,34,0,8
Marc Surer,176,478,1982,2,19,0,6
Patrick Tambay,175,478,1982,7,13,0,1
Alain Prost,117,479,1982,25,4,2,8
Niki Lauda,182,479,1982,24,5,2,5
Keke Rosberg,177,479,1982,27,3,0,2
John Watson,187,479,1982,30,2,2,9
Elio de Angelis,173,479,1982,13,11,0,1
Chico Serra,192,479,1982,1,25,0,7
Jacques Laffite,172,479,1982,1,24,0,3
Mauro Baldi,184,479,1982,1,23,0,6
Patrick Tambay,175,479,1982,16,9,1,4
Alain Prost,117,480,1982,25,5,2,2
René Arnoux,163,480,1982,19,7,1,16
Niki Lauda,182,480,1982,26,4,2,3
Keke Rosberg,177,480,1982,33,2,0,1
John Watson,187,480,1982,30,3,2,13
Michele Alboreto,105,480,1982,14,11,0,7
Elio de Angelis,173,480,1982,22,6,1,6
Eliseo Salazar,194,480,1982,2,22,0,14
Bruno Giacomelli,152,480,1982,2,21,0,12
Andrea de Cesaris,110,480,1982,5,18,0,10
Derek Daly,206,480,1982,7,14,0,9
Riccardo Patrese,119,480,1982,19,8,1,5
Nelson Piquet,137,480,1982,17,10,1,4
Nigel Mansell,95,480,1982,7,13,0,8
Brian Henton,205,480,1982,0,26,0,11
Marc Surer,176,480,1982,3,20,0,15
René Arnoux,163,481,1982,19,9,1,1
Keke Rosberg,177,481,1982,42,1,1,8
John Watson,187,481,1982,30,4,2,4
Michele Alboreto,105,481,1982,14,11,0,5
Eliseo Salazar,194,481,1982,2,22,0,9
Andrea de Cesaris,110,481,1982,5,18,0,10
Chico Serra,192,481,1982,1,25,0,11
Eddie Cheever,158,481,1982,10,12,0,6
Nigel Mansell,95,481,1982,7,13,0,7
Mauro Baldi,184,481,1982,2,24,0,12
Mario Andretti,207,481,1982,0,37,0,3
Patrick Tambay,175,481,1982,19,10,1,2
Alain Prost,117,482,1982,31,4,2,4
Keke Rosberg,177,482,1982,42,1,1,5
John Watson,187,482,1982,33,3,2,2
Michele Alboreto,105,482,1982,16,11,0,1
Bruno Giacomelli,152,482,1982,2,22,0,10
Andrea de Cesaris,110,482,1982,5,18,0,9
Derek Daly,206,482,1982,7,14,0,6
Raul Boesel,196,482,1982,0,30,0,13
Eddie Cheever,158,482,1982,11,12,0,3
Mauro Baldi,184,482,1982,2,25,0,11
Brian Henton,205,482,1982,0,27,0,8
Marc Surer,176,482,1982,3,21,0,7
Rupert Keegan,211,482,1982,0,38,0,12
Alan Jones,178,484,1981,9,1,1,2
Patrick Tambay,175,484,1981,1,6,0,10
Nelson Piquet,137,484,1981,4,3,0,12
Carlos Reutemann,199,484,1981,6,2,0,1
Marc Surer,176,484,1981,0,9,0,4
Jean-Pierre Jarier,197,484,1981,0,11,0,7
Jacques Laffite,172,484,1981,0,14,0,6
Keke Rosberg,177,484,1981,0,15,0,9
Riccardo Patrese,119,484,1981,0,17,0,3
Nigel Mansell,95,484,1981,0,19,0,11
John Watson,187,484,1981,0,21,0,8
Elio de Angelis,173,484,1981,0,22,0,5
Alan Jones,178,485,1981,15,1,1,4
Carlos Reutemann,199,485,1981,15,2,1,2
Nelson Piquet,137,485,1981,4,3,0,1
Mario Andretti,207,485,1981,3,6,0,8
René Arnoux,163,485,1981,0,14,0,5
Bruno Giacomelli,152,485,1981,0,20,0,10
Jan Lammers,136,485,1981,0,22,0,12
Riccardo Patrese,119,485,1981,4,4,0,7
Elio de Angelis,173,485,1981,2,8,0,6
Alain Prost,117,485,1981,0,23,0,3
Andrea de Cesaris,110,485,1981,0,26,0,11
Siegfried Stohr,216,485,1981,0,25,0,9
Ricardo Zunino,217,485,1981,0,17,0,13
Alan Jones,178,486,1981,18,2,1,12
Carlos Reutemann,199,486,1981,21,1,1,3
Nelson Piquet,137,486,1981,13,3,1,1
Patrick Tambay,175,486,1981,1,11,0,11
René Arnoux,163,486,1981,2,9,0,8
Marc Surer,176,486,1981,3,7,0,9
Didier Pironi,202,486,1981,0,23,0,5
Hector Rebaque,212,486,1981,0,24,0,4
Riccardo Patrese,119,486,1981,4,4,0,2
Gilles Villeneuve,203,486,1981,0,25,0,7
John Watson,187,486,1981,0,15,0,10
Andrea de Cesaris,110,486,1981,0,20,0,6
Carlos Reutemann,199,487,1981,25,1,1,1
Mario Andretti,207,487,1981,3,6,0,10
Eddie Cheever,158,487,1981,2,12,0,6
Marc Surer,176,487,1981,3,7,0,11
Didier Pironi,202,487,1981,2,11,0,8
Bruno Giacomelli,152,487,1981,0,22,0,9
Jacques Laffite,172,487,1981,1,15,0,2
Nigel Mansell,95,487,1981,0,23,0,3
Gilles Villeneuve,203,487,1981,0,17,0,4
John Watson,187,487,1981,0,19,0,7
Elio de Angelis,173,487,1981,3,9,0,5
Michele Alboreto,105,487,1981,0,29,0,12
Alan Jones,178,488,1981,18,3,1,2
Eddie Cheever,158,488,1981,3,13,0,5
Patrick Tambay,175,488,1981,1,16,0,7
Marc Surer,176,488,1981,3,11,0,6
Didier Pironi,202,488,1981,2,15,0,4
Jacques Laffite,172,488,1981,7,5,0,3
Gilles Villeneuve,203,488,1981,3,9,0,1
Alan Jones,178,489,1981,24,2,1,7
Carlos Reutemann,199,489,1981,34,1,2,4
Mario Andretti,207,489,1981,3,13,0,8
Patrick Tambay,175,489,1981,1,16,0,13
Chico Serra,192,489,1981,0,20,0,11
René Arnoux,163,489,1981,2,15,0,9
Didier Pironi,202,489,1981,5,7,0,15
Bruno Giacomelli,152,489,1981,0,21,0,10
Jacques Laffite,172,489,1981,11,5,0,2
Keke Rosberg,177,489,1981,0,22,0,12
Nigel Mansell,95,489,1981,4,10,0,6
Gilles Villeneuve,203,489,1981,12,4,1,1
John Watson,187,489,1981,0,18,0,3
Elio de Angelis,173,489,1981,5,9,0,5
Derek Daly,206,489,1981,0,33,0,16
Eliseo Salazar,194,489,1981,0,30,0,14
Alan Jones,178,490,1981,24,2,1,17
Carlos Reutemann,199,490,1981,37,1,2,10
Nelson Piquet,137,490,1981,22,3,2,3
Mario Andretti,207,490,1981,3,14,0,8
Eddie Cheever,158,490,1981,5,10,0,13
René Arnoux,163,490,1981,2,16,0,4
Marc Surer,176,490,1981,4,13,0,12
Didier Pironi,202,490,1981,5,9,0,5
Hector Rebaque,212,490,1981,3,15,0,9
Bruno Giacomelli,152,490,1981,0,21,0,15
Riccardo Patrese,119,490,1981,10,6,0,14
Nigel Mansell,95,490,1981,5,8,0,7
John Watson,187,490,1981,4,11,0,2
Elio de Angelis,173,490,1981,7,7,0,6
Alain Prost,117,490,1981,4,12,0,1
Andrea de Cesaris,110,490,1981,1,18,0,11
Michele Alboreto,105,490,1981,0,24,0,16
Carlos Reutemann,199,491,1981,37,1,2,2
Eddie Cheever,158,491,1981,5,13,0,4
René Arnoux,163,491,1981,5,12,0,9
Marc Surer,176,491,1981,4,14,0,11
Jean-Pierre Jarier,197,491,1981,0,20,0,8
Hector Rebaque,212,491,1981,3,16,0,5
Jacques Laffite,172,491,1981,17,5,0,3
Riccardo Patrese,119,491,1981,10,8,0,10
John Watson,187,491,1981,10,7,0,1
Derek Daly,206,491,1981,0,30,0,7
Slim Borgudd,201,491,1981,0,28,0,6
Alan Jones,178,492,1981,24,3,1,11
Nelson Piquet,137,492,1981,26,2,2,1
Mario Andretti,207,492,1981,3,16,0,9
Eddie Cheever,158,492,1981,8,9,0,5
René Arnoux,163,492,1981,5,13,0,13
Marc Surer,176,492,1981,4,15,0,14
Jean-Pierre Jarier,197,492,1981,0,20,0,8
Hector Rebaque,212,492,1981,5,14,0,4
Bruno Giacomelli,152,492,1981,0,23,0,15
Jacques Laffite,172,492,1981,21,5,0,3
Gilles Villeneuve,203,492,1981,21,4,2,10
John Watson,187,492,1981,19,6,1,6
Elio de Angelis,173,492,1981,8,10,0,7
Alain Prost,117,492,1981,13,7,1,2
Siegfried Stohr,216,492,1981,0,25,0,12
Derek Daly,206,493,1981,0,22,0,11
Andrea de Cesaris,110,493,1981,1,18,0,8
Elio de Angelis,173,493,1981,8,11,0,7
Jacques Laffite,172,493,1981,25,3,0,1
Jean-Pierre Jarier,197,493,1981,0,20,0,10
Carlos Reutemann,199,493,1981,43,1,2,5
John Watson,187,493,1981,20,6,1,6
René Arnoux,163,493,1981,5,14,0,2
Nelson Piquet,137,493,1981,35,2,3,3
Didier Pironi,202,493,1981,7,12,0,9
Alan Jones,178,493,1981,24,4,1,4
Alan Jones,178,494,1981,27,4,1,3
Nelson Piquet,137,494,1981,39,2,3,2
Marc Surer,176,494,1981,4,15,0,8
Hector Rebaque,212,494,1981,8,11,0,4
Elio de Angelis,173,494,1981,8,12,0,5
Alain Prost,117,494,1981,19,7,1,1
Siegfried Stohr,216,494,1981,0,25,0,7
Eliseo Salazar,194,494,1981,0,30,0,6
Slim Borgudd,201,494,1981,1,19,0,10
Michele Alboreto,105,494,1981,0,26,0,9
Alan Jones,178,495,1981,31,4,1,2
Carlos Reutemann,199,495,1981,45,2,2,3
Nelson Piquet,137,495,1981,45,1,3,6
Didier Pironi,202,495,1981,7,13,0,5
Jean-Pierre Jarier,197,495,1981,0,21,0,9
Bruno Giacomelli,152,495,1981,0,25,0,8
Elio de Angelis,173,495,1981,10,12,0,4
Alain Prost,117,495,1981,28,5,2,1
Andrea de Cesaris,110,495,1981,1,18,0,7
Brian Henton,205,495,1981,0,35,0,10
Carlos Reutemann,199,496,1981,49,1,2,10
Nelson Piquet,137,496,1981,46,2,3,5
Mario Andretti,207,496,1981,3,16,0,7
Eddie Cheever,158,496,1981,10,12,0,12
Marc Surer,176,496,1981,4,15,0,9
Bruno Giacomelli,152,496,1981,0,25,0,4
Jacques Laffite,172,496,1981,34,5,1,1
Gilles Villeneuve,203,496,1981,21,6,2,3
John Watson,187,496,1981,21,7,1,2
Elio de Angelis,173,496,1981,13,8,0,6
Derek Daly,206,496,1981,0,23,0,8
Michele Alboreto,105,496,1981,0,26,0,11
Alan Jones,178,497,1981,37,5,1,1
Carlos Reutemann,199,497,1981,49,1,2,8
Nelson Piquet,137,497,1981,48,2,3,5
Didier Pironi,202,497,1981,9,13,0,9
Bruno Giacomelli,152,497,1981,3,17,0,3
Jacques Laffite,172,497,1981,43,3,2,6
Keke Rosberg,177,497,1981,0,27,0,10
Riccardo Patrese,119,497,1981,10,11,0,11
Nigel Mansell,95,497,1981,5,14,0,4
John Watson,187,497,1981,27,6,1,7
Alain Prost,117,497,1981,37,4,3,2
Andrea de Cesaris,110,497,1981,1,18,0,12
Michele Alboreto,105,497,1981,0,26,0,13
Jean-Pierre Jarier,197,499,1980,0,24,0,12
Didier Pironi,202,499,1980,0,23,0,4
René Arnoux,163,499,1980,0,22,0,1
John Watson,187,499,1980,0,20,0,11
Elio de Angelis,173,499,1980,0,19,0,2
Jochen Mass,200,499,1980,0,17,0,10
Marc Surer,176,499,1980,0,15,0,7
Riccardo Patrese,119,499,1980,0,14,0,6
Gilles Villeneuve,203,499,1980,0,12,0,16
Emerson Fittipaldi,224,499,1980,0,11,0,15
Ricardo Zunino,217,499,1980,0,7,0,8
Alain Prost,117,499,1980,1,6,0,5
Bruno Giacomelli,152,499,1980,2,5,0,13
Derek Daly,206,499,1980,3,4,0,14
Keke Rosberg,177,499,1980,4,3,0,9
Alan Jones,178,499,1980,9,1,1,3
Jean-Pierre Jarier,197,500,1980,0,15,0,7
Didier Pironi,202,500,1980,3,7,0,3
René Arnoux,163,500,1980,9,2,1,1
John Watson,187,500,1980,0,14,0,11
Carlos Reutemann,199,500,1980,0,24,0,5
Jochen Mass,200,500,1980,0,13,0,6
Mario Andretti,207,500,1980,0,22,0,12
Jacques Laffite,172,500,1980,0,21,0,2
Emerson Fittipaldi,224,500,1980,0,16,0,8
Clay Regazzoni,223,500,1980,0,20,0,9
Ricardo Zunino,217,500,1980,0,11,0,10
Nelson Piquet,137,500,1980,6,4,0,4
Didier Pironi,202,501,1980,7,4,0,6
René Arnoux,163,501,1980,18,1,2,9
Jean-Pierre Jabouille,219,501,1980,0,25,0,10
John Watson,187,501,1980,0,19,0,4
Jochen Mass,200,501,1980,1,12,0,7
Riccardo Patrese,119,501,1980,1,13,0,2
Emerson Fittipaldi,224,501,1980,0,17,0,3
Jody Scheckter,222,501,1980,0,24,0,5
Derek Daly,206,501,1980,3,8,0,8
Nelson Piquet,137,501,1980,9,3,0,1
Jan Lammers,136,502,1980,0,27,0,12
Jean-Pierre Jarier,197,502,1980,0,18,0,5
Didier Pironi,202,502,1980,8,4,0,1
René Arnoux,163,502,1980,18,1,2,4
Elio de Angelis,173,502,1980,6,7,0,10
Carlos Reutemann,199,502,1980,2,15,0,3
Jacques Laffite,172,502,1980,6,6,0,11
Gilles Villeneuve,203,502,1980,0,24,0,6
Jody Scheckter,222,502,1980,2,14,0,8
Derek Daly,206,502,1980,3,10,0,9
Keke Rosberg,177,502,1980,4,9,0,7
Alan Jones,178,502,1980,13,3,1,2
Elio de Angelis,173,503,1980,6,6,0,9
Carlos Reutemann,199,503,1980,6,8,0,1
Jochen Mass,200,503,1980,1,17,0,4
Mario Andretti,207,503,1980,0,23,0,7
Riccardo Patrese,119,503,1980,7,5,0,8
Jacques Laffite,172,503,1980,6,7,0,2
Gilles Villeneuve,203,503,1980,1,18,0,5
Emerson Fittipaldi,224,503,1980,4,10,0,6
Nelson Piquet,137,503,1980,18,3,1,3
Didier Pironi,202,504,1980,17,4,1,2
René Arnoux,163,504,1980,21,2,2,5
John Watson,187,504,1980,3,13,0,7
Carlos Reutemann,199,504,1980,15,5,1,6
Jochen Mass,200,504,1980,4,11,0,10
Riccardo Patrese,119,504,1980,7,7,0,9
Jacques Laffite,172,504,1980,12,6,0,3
Gilles Villeneuve,203,504,1980,3,14,0,8
Jody Scheckter,222,504,1980,2,17,0,12
Derek Daly,206,504,1980,3,12,0,11
Nelson Piquet,137,504,1980,22,1,1,4
Alan Jones,178,504,1980,19,3,1,1
Jean-Pierre Jarier,197,505,1980,2,16,0,5
John Watson,187,505,1980,3,12,0,8
Carlos Reutemann,199,505,1980,16,5,1,3
Jochen Mass,200,505,1980,4,11,0,13
Riccardo Patrese,119,505,1980,7,7,0,9
Emerson Fittipaldi,224,505,1980,5,9,0,12
Jody Scheckter,222,505,1980,2,17,0,10
Alain Prost,117,505,1980,3,15,0,6
Derek Daly,206,505,1980,3,13,0,4
Nelson Piquet,137,505,1980,25,2,1,2
Alan Jones,178,505,1980,28,1,2,1
Jan Lammers,136,506,1980,0,26,0,14
Jean-Pierre Jarier,197,506,1980,4,13,0,15
Elio de Angelis,173,506,1980,6,8,0,16
Carlos Reutemann,199,506,1980,20,5,1,2
Jochen Mass,200,506,1980,4,12,0,8
Mario Andretti,207,506,1980,0,20,0,7
Marc Surer,176,506,1980,0,21,0,12
Riccardo Patrese,119,506,1980,7,7,0,9
Jacques Laffite,172,506,1980,16,6,0,1
Gilles Villeneuve,203,506,1980,3,16,0,6
Jody Scheckter,222,506,1980,2,17,0,13
Alain Prost,117,506,1980,4,14,0,11
Bruno Giacomelli,152,506,1980,2,18,0,5
Derek Daly,206,506,1980,6,9,0,10
Nelson Piquet,137,506,1980,31,2,1,4
Alan Jones,178,506,1980,37,1,3,3
Rupert Keegan,211,507,1980,0,25,0,15
Hector Rebaque,212,507,1980,0,22,0,10
René Arnoux,163,507,1980,23,5,2,9
Jean-Pierre Jabouille,219,507,1980,0,24,0,1
Elio de Angelis,173,507,1980,6,8,0,6
Carlos Reutemann,199,507,1980,26,3,1,3
Marc Surer,176,507,1980,0,21,0,12
Riccardo Patrese,119,507,1980,7,7,0,14
Jacques Laffite,172,507,1980,25,4,1,4
Gilles Villeneuve,203,507,1980,4,15,0,8
Emerson Fittipaldi,224,507,1980,5,10,0,11
Jody Scheckter,222,507,1980,2,18,0,13
Alain Prost,117,507,1980,4,16,0,7
Keke Rosberg,177,507,1980,4,11,0,16
Nelson Piquet,137,507,1980,34,2,1,5
Alan Jones,178,507,1980,41,1,3,2
Jean-Pierre Jarier,197,508,1980,4,14,0,5
René Arnoux,163,508,1980,23,5,2,2
Carlos Reutemann,199,508,1980,30,3,1,4
Mario Andretti,207,508,1980,0,20,0,8
Marc Surer,176,508,1980,0,23,0,10
Jacques Laffite,172,508,1980,28,4,1,3
Gilles Villeneuve,203,508,1980,4,17,0,7
Jody Scheckter,222,508,1980,2,19,0,9
Alain Prost,117,508,1980,4,16,0,6
Nelson Piquet,137,508,1980,36,2,1,1
Alan Jones,178,508,1980,47,1,3,11
Rupert Keegan,211,509,1980,0,25,0,11
Eddie Cheever,158,509,1980,0,29,0,12
Jean-Pierre Jarier,197,509,1980,6,11,0,13
Didier Pironi,202,509,1980,23,6,1,6
René Arnoux,163,509,1980,29,5,2,10
Elio de Angelis,173,509,1980,7,9,0,4
Carlos Reutemann,199,509,1980,33,3,1,3
Jacques Laffite,172,509,1980,32,4,1,9
Jody Scheckter,222,509,1980,2,19,0,8
Alain Prost,117,509,1980,5,13,0,7
Keke Rosberg,177,509,1980,4,14,0,5
Nelson Piquet,137,509,1980,45,2,2,1
Alan Jones,178,509,1980,47,1,3,2
Hector Rebaque,212,510,1980,0,23,0,6
Jan Lammers,136,510,1980,0,26,0,12
Jean-Pierre Jarier,197,510,1980,6,12,0,7
Didier Pironi,202,510,1980,24,6,1,3
John Watson,187,510,1980,3,18,0,4
Elio de Angelis,173,510,1980,10,7,0,10
Carlos Reutemann,199,510,1980,37,3,1,2
Jochen Mass,200,510,1980,4,15,0,11
Jacques Laffite,172,510,1980,32,4,1,8
Gilles Villeneuve,203,510,1980,4,17,0,5
Keke Rosberg,177,510,1980,6,10,0,9
Alan Jones,178,510,1980,53,2,3,1
Rupert Keegan,211,511,1980,0,25,0,9
Didier Pironi,202,511,1980,28,6,1,3
René Arnoux,163,511,1980,29,5,2,7
Elio de Angelis,173,511,1980,10,7,0,4
Carlos Reutemann,199,511,1980,40,3,1,2
Mario Andretti,207,511,1980,0,21,0,6
Marc Surer,176,511,1980,0,23,0,8
Jacques Laffite,172,511,1980,32,4,1,5
Jody Scheckter,222,511,1980,2,19,0,11
Keke Rosberg,177,511,1980,6,10,0,10
Alan Jones,178,511,1980,62,1,4,1
Riccardo Patrese,119,513,1979,0,25,0,9
Didier Pironi,202,513,1979,0,21,0,4
Jody Scheckter,222,513,1979,0,20,0,6
Jean-Pierre Jabouille,219,513,1979,0,17,0,10
Jan Lammers,136,513,1979,0,14,0,14
Gilles Villeneuve,203,513,1979,0,12,0,5
Derek Daly,206,513,1979,0,11,0,13
Clay Regazzoni,223,513,1979,0,10,0,15
Jochen Mass,200,513,1979,0,8,0,7
Elio de Angelis,173,513,1979,0,7,0,12
Emerson Fittipaldi,224,513,1979,1,6,0,11
Patrick Depailler,221,513,1979,3,4,0,2
John Watson,187,513,1979,4,3,0,8
Carlos Reutemann,199,513,1979,6,2,0,3
Jacques Laffite,172,513,1979,9,1,1,1
Riccardo Patrese,119,514,1979,0,13,0,11
Nelson Piquet,137,514,1979,0,25,0,7
Patrick Tambay,175,514,1979,0,24,0,10
Jody Scheckter,222,514,1979,1,9,0,2
Niki Lauda,182,514,1979,0,23,0,6
Jean-Pierre Jarier,197,514,1979,0,20,0,3
James Hunt,231,514,1979,0,19,0,8
Gilles Villeneuve,203,514,1979,2,6,0,1
Clay Regazzoni,223,514,1979,0,14,0,9
Jochen Mass,200,514,1979,0,10,0,12
Emerson Fittipaldi,224,514,1979,1,8,0,13
Mario Andretti,207,514,1979,2,7,0,4
Carlos Reutemann,199,514,1979,10,2,0,5
Nelson Piquet,137,515,1979,0,14,0,8
Jody Scheckter,222,515,1979,7,5,0,2
Jean-Pierre Jarier,197,515,1979,4,8,0,6
Gilles Villeneuve,203,515,1979,11,3,1,1
Alan Jones,178,515,1979,0,18,0,3
Jochen Mass,200,515,1979,0,12,0,9
Elio de Angelis,173,515,1979,0,13,0,7
Mario Andretti,207,515,1979,5,6,0,4
Patrick Depailler,221,515,1979,9,4,0,5
Hans-Joachim Stuck,233,516,1979,0,25,0,14
Riccardo Patrese,119,516,1979,0,18,0,10
Patrick Tambay,175,516,1979,0,20,0,13
Didier Pironi,202,516,1979,3,10,0,6
Jody Scheckter,222,516,1979,13,3,0,4
René Arnoux,163,516,1979,0,24,0,9
Jean-Pierre Jarier,197,516,1979,5,7,0,5
Jan Lammers,136,516,1979,0,22,0,12
Gilles Villeneuve,203,516,1979,20,1,2,7
Jochen Mass,200,516,1979,0,14,0,8
Emerson Fittipaldi,224,516,1979,1,11,0,11
Mario Andretti,207,516,1979,8,6,0,3
Patrick Depailler,221,516,1979,11,5,0,1
Carlos Reutemann,199,516,1979,12,4,0,2
Hans-Joachim Stuck,233,517,1979,0,24,0,8
Riccardo Patrese,119,517,1979,0,17,0,5
Didier Pironi,202,517,1979,4,10,0,3
Jody Scheckter,222,517,1979,16,5,0,1
Jean-Pierre Jarier,197,517,1979,7,7,0,11
Jan Lammers,136,517,1979,0,23,0,10
Gilles Villeneuve,203,517,1979,20,1,2,7
Emerson Fittipaldi,224,517,1979,1,11,0,9
John Watson,187,517,1979,4,8,0,6
Carlos Reutemann,199,517,1979,18,4,0,4
Jacques Laffite,172,517,1979,18,3,2,2
Jody Scheckter,222,518,1979,24,2,1,1
Clay Regazzoni,223,518,1979,0,19,0,2
Jochen Mass,200,518,1979,0,15,0,6
Patrick Depailler,221,518,1979,20,4,1,5
John Watson,187,518,1979,5,9,0,4
Carlos Reutemann,199,518,1979,19,5,0,3
Bruno Giacomelli,152,519,1979,0,26,0,17
Riccardo Patrese,119,519,1979,2,12,0,14
Patrick Tambay,175,519,1979,0,22,0,10
Jody Scheckter,222,519,1979,30,1,2,7
René Arnoux,163,519,1979,0,20,0,3
Jean-Pierre Jabouille,219,519,1979,0,23,0,1
Jean-Pierre Jarier,197,519,1979,7,9,0,5
Jan Lammers,136,519,1979,0,21,0,18
Hector Rebaque,212,519,1979,0,25,0,12
Gilles Villeneuve,203,519,1979,20,3,2,2
Clay Regazzoni,223,519,1979,6,10,0,6
Alan Jones,178,519,1979,4,11,0,4
Jochen Mass,200,519,1979,1,13,0,15
Elio de Angelis,173,519,1979,0,16,0,16
John Watson,187,519,1979,8,7,0,11
Carlos Reutemann,199,519,1979,20,5,0,13
Jacques Laffite,172,519,1979,24,2,2,8
Patrick Gaillard,236,520,1979,0,31,0,13
Jacky Ickx,235,520,1979,0,29,0,6
Patrick Tambay,175,520,1979,0,23,0,7
Didier Pironi,202,520,1979,8,10,0,10
Jody Scheckter,222,520,1979,30,1,2,5
René Arnoux,163,520,1979,4,13,0,2
Jean-Pierre Jarier,197,520,1979,9,8,0,3
Jan Lammers,136,520,1979,0,24,0,11
Hector Rebaque,212,520,1979,0,26,0,9
Gilles Villeneuve,203,520,1979,26,2,2,14
Clay Regazzoni,223,520,1979,7,11,0,1
Elio de Angelis,173,520,1979,0,18,0,12
John Watson,187,520,1979,8,9,0,4
Carlos Reutemann,199,520,1979,20,5,0,8
Nelson Piquet,137,521,1979,0,20,0,12
Didier Pironi,202,521,1979,8,12,0,9
Jody Scheckter,222,521,1979,32,1,2,4
Jan Lammers,136,521,1979,0,26,0,10
Gilles Villeneuve,203,521,1979,26,2,2,8
Clay Regazzoni,223,521,1979,16,6,1,2
Alan Jones,178,521,1979,7,13,0,1
Jochen Mass,200,521,1979,1,15,0,6
Elio de Angelis,173,521,1979,0,19,0,11
John Watson,187,521,1979,11,9,0,5
Jacques Laffite,172,521,1979,24,3,2,3
Patrick Tambay,175,522,1979,0,21,0,10
Didier Pironi,202,522,1979,8,13,0,7
Jody Scheckter,222,522,1979,35,1,2,4
René Arnoux,163,522,1979,10,11,0,6
Gilles Villeneuve,203,522,1979,26,3,2,2
Derek Daly,206,522,1979,0,28,0,8
Clay Regazzoni,223,522,1979,22,4,1,5
Alan Jones,178,522,1979,16,7,1,1
John Watson,187,522,1979,13,9,0,9
Jacques Laffite,172,522,1979,28,2,2,3
Jacky Ickx,235,523,1979,1,18,0,5
Nelson Piquet,137,523,1979,0,20,0,4
Jody Scheckter,222,523,1979,38,1,2,2
Hector Rebaque,212,523,1979,0,26,0,7
Alan Jones,178,523,1979,25,4,2,1
Jochen Mass,200,523,1979,2,15,0,6
Jacques Laffite,172,523,1979,32,3,2,3
Hans-Joachim Stuck,233,524,1979,0,25,0,11
Riccardo Patrese,119,524,1979,2,17,0,13
Didier Pironi,202,524,1979,8,13,0,10
Jody Scheckter,222,524,1979,44,1,2,1
Niki Lauda,182,524,1979,1,19,0,4
Jean-Pierre Jabouille,219,524,1979,9,12,1,14
Jean-Pierre Jarier,197,524,1979,13,8,0,6
Gilles Villeneuve,203,524,1979,32,4,2,2
Clay Regazzoni,223,524,1979,24,5,1,3
Alan Jones,178,524,1979,34,3,3,9
Emerson Fittipaldi,224,524,1979,1,18,0,8
Mario Andretti,207,524,1979,12,10,0,5
Carlos Reutemann,199,524,1979,20,7,0,7
Didier Pironi,202,525,1979,8,13,0,5
Jody Scheckter,222,525,1979,51,1,3,4
Jan Lammers,136,525,1979,0,28,0,9
Gilles Villeneuve,203,525,1979,38,2,2,2
Clay Regazzoni,223,525,1979,27,5,1,3
Alan Jones,178,525,1979,34,4,3,1
Emerson Fittipaldi,224,525,1979,1,19,0,8
Mario Andretti,207,525,1979,14,9,0,10
John Watson,187,525,1979,13,10,0,6
Hans-Joachim Stuck,233,526,1979,0,26,0,5
Didier Pironi,202,526,1979,10,12,0,3
René Arnoux,163,526,1979,11,11,0,2
Gilles Villeneuve,203,526,1979,44,2,2,1
Elio de Angelis,173,526,1979,0,20,0,4
Emerson Fittipaldi,224,526,1979,1,19,0,7
John Watson,187,526,1979,14,10,0,6
Alan Jones,178,528,1978,0,20,0,11
John Watson,187,528,1978,0,19,0,8
Jacques Laffite,172,528,1978,0,16,0,9
Clay Regazzoni,223,528,1978,0,15,0,5
Didier Pironi,202,528,1978,0,14,0,6
Jochen Mass,200,528,1978,0,11,0,7
Emerson Fittipaldi,224,528,1978,0,9,0,2
Carlos Reutemann,199,528,1978,0,7,0,1
Niki Lauda,182,528,1978,6,2,0,3
Mario Andretti,207,528,1978,9,1,1,4
Hector Rebaque,212,529,1978,0,22,0,10
Alan Jones,178,529,1978,0,17,0,4
John Watson,187,529,1978,0,13,0,3
Vittorio Brambilla,230,529,1978,0,21,0,12
Jacques Laffite,172,529,1978,0,14,0,5
Didier Pironi,202,529,1978,1,9,0,6
Brett Lunger,239,529,1978,0,19,0,11
Jean-Pierre Jarier,197,529,1978,0,18,0,8
Ronnie Peterson,238,529,1978,2,8,0,1
Patrick Depailler,221,529,1978,4,5,0,2
Mario Andretti,207,529,1978,12,1,1,7
Rolf Stommelen,243,530,1978,0,17,0,9
Riccardo Patrese,119,530,1978,0,19,0,6
Alan Jones,178,530,1978,3,8,0,7
Jacques Laffite,172,530,1978,2,10,0,5
Clay Regazzoni,223,530,1978,2,11,0,10
Jean-Pierre Jarier,197,530,1978,0,15,0,11
Emerson Fittipaldi,224,530,1978,6,6,0,8
Carlos Reutemann,199,530,1978,9,5,1,1
Patrick Tambay,175,530,1978,1,13,0,12
Ronnie Peterson,238,530,1978,11,2,1,4
Patrick Depailler,221,530,1978,10,4,0,3
Mario Andretti,207,530,1978,12,1,1,2
Jean-Pierre Jabouille,219,531,1978,0,24,0,10
Riccardo Patrese,119,531,1978,1,13,0,6
John Watson,187,531,1978,4,7,0,4
Didier Pironi,202,531,1978,2,12,0,5
Jody Scheckter,222,531,1978,0,20,0,3
Emerson Fittipaldi,224,531,1978,6,6,0,9
Carlos Reutemann,199,531,1978,18,1,2,8
Patrick Tambay,175,531,1978,1,14,0,7
Patrick Depailler,221,531,1978,14,4,0,1
Niki Lauda,182,531,1978,10,5,0,2
Mario Andretti,207,531,1978,18,2,1,11
Jacky Ickx,235,532,1978,0,25,0,12
René Arnoux,163,532,1978,0,33,0,9
Alan Jones,178,532,1978,3,11,0,10
Vittorio Brambilla,230,532,1978,0,23,0,13
Jacques Laffite,172,532,1978,4,9,0,5
Didier Pironi,202,532,1978,4,10,0,6
Brett Lunger,239,532,1978,0,22,0,7
Jochen Mass,200,532,1978,0,16,0,11
Gilles Villeneuve,203,532,1978,0,18,0,4
Carlos Reutemann,199,532,1978,18,2,2,3
Ronnie Peterson,238,532,1978,14,5,1,2
Mario Andretti,207,532,1978,18,3,1,1
Jean-Pierre Jabouille,219,533,1978,0,24,0,13
Rolf Stommelen,243,533,1978,0,21,0,14
Rupert Keegan,211,533,1978,0,28,0,11
Alan Jones,178,533,1978,3,11,0,8
John Watson,187,533,1978,7,6,0,5
Vittorio Brambilla,230,533,1978,0,25,0,7
Jacques Laffite,172,533,1978,6,8,0,3
Clay Regazzoni,223,533,1978,2,14,0,15
Didier Pironi,202,533,1978,5,9,0,12
Jochen Mass,200,533,1978,0,17,0,9
Jody Scheckter,222,533,1978,4,10,0,4
Gilles Villeneuve,203,533,1978,3,12,0,10
Ronnie Peterson,238,533,1978,20,4,1,2
James Hunt,231,533,1978,3,13,0,6
Mario Andretti,207,533,1978,27,1,2,1
Keke Rosberg,177,534,1978,0,32,0,15
Rolf Stommelen,243,534,1978,0,22,0,14
Riccardo Patrese,119,534,1978,2,15,0,2
Hector Rebaque,212,534,1978,0,25,0,12
Hans-Joachim Stuck,233,534,1978,0,28,0,11
Jacques Laffite,172,534,1978,10,6,0,7
Clay Regazzoni,223,534,1978,2,14,0,5
Jochen Mass,200,534,1978,0,17,0,13
Emerson Fittipaldi,224,534,1978,6,9,0,6
Gilles Villeneuve,203,534,1978,3,13,0,9
Carlos Reutemann,199,534,1978,22,4,2,10
Patrick Tambay,175,534,1978,1,16,0,4
Ronnie Peterson,238,534,1978,26,2,1,3
James Hunt,231,534,1978,4,11,0,8
Niki Lauda,182,534,1978,16,5,0,1
René Arnoux,163,535,1978,0,23,0,14
Keke Rosberg,177,535,1978,0,29,0,16
Rolf Stommelen,243,535,1978,0,22,0,15
Riccardo Patrese,119,535,1978,8,8,0,8
Alan Jones,178,535,1978,3,15,0,5
John Watson,187,535,1978,9,7,0,4
Vittorio Brambilla,230,535,1978,0,19,0,17
Hans-Joachim Stuck,233,535,1978,0,26,0,11
Jacques Laffite,172,535,1978,10,6,0,7
Didier Pironi,202,535,1978,5,11,0,10
Jochen Mass,200,535,1978,0,17,0,13
Jody Scheckter,222,535,1978,7,10,0,6
Gilles Villeneuve,203,535,1978,3,16,0,12
Carlos Reutemann,199,535,1978,22,5,2,18
Patrick Tambay,175,535,1978,4,12,0,9
Ronnie Peterson,238,535,1978,30,2,1,2
James Hunt,231,535,1978,4,13,0,3
Mario Andretti,207,535,1978,36,1,3,1
Bruno Giacomelli,152,536,1978,0,21,0,7
John Watson,187,536,1978,12,6,0,3
Vittorio Brambilla,230,536,1978,0,19,0,9
Hans-Joachim Stuck,233,536,1978,0,26,0,5
Jacques Laffite,172,536,1978,10,7,0,10
Brett Lunger,239,536,1978,0,18,0,8
Carlos Reutemann,199,536,1978,22,5,2,1
Patrick Tambay,175,536,1978,4,14,0,6
Patrick Depailler,221,536,1978,23,4,1,4
Niki Lauda,182,536,1978,25,3,1,2
Keke Rosberg,177,537,1978,0,29,0,10
Riccardo Patrese,119,537,1978,8,8,0,9
Hector Rebaque,212,537,1978,0,25,0,6
John Watson,187,537,1978,16,6,0,7
Jacques Laffite,172,537,1978,10,7,0,3
Didier Pironi,202,537,1978,5,14,0,5
Jody Scheckter,222,537,1978,8,10,0,2
Emerson Fittipaldi,224,537,1978,7,11,0,4
Gilles Villeneuve,203,537,1978,3,16,0,8
Mario Andretti,207,537,1978,45,1,4,1
René Arnoux,163,538,1978,0,25,0,9
John Watson,187,538,1978,16,6,0,7
Vittorio Brambilla,230,538,1978,0,22,0,6
Jacques Laffite,172,538,1978,14,8,0,5
Brett Lunger,239,538,1978,0,19,0,8
Emerson Fittipaldi,224,538,1978,10,9,0,4
Gilles Villeneuve,203,538,1978,3,16,0,3
Ronnie Peterson,238,538,1978,36,2,1,1
Patrick Depailler,221,538,1978,26,5,1,2
Hector Rebaque,212,539,1978,1,19,0,11
John Watson,187,539,1978,16,6,0,4
Jacques Laffite,172,539,1978,16,7,0,8
Jody Scheckter,222,539,1978,14,8,0,12
Emerson Fittipaldi,224,539,1978,13,9,0,5
Gilles Villeneuve,203,539,1978,7,12,0,6
Carlos Reutemann,199,539,1978,31,4,3,7
Patrick Tambay,175,539,1978,5,15,0,9
Ronnie Peterson,238,539,1978,45,2,2,2
James Hunt,231,539,1978,8,11,0,10
Niki Lauda,182,539,1978,31,5,1,3
Mario Andretti,207,539,1978,54,1,5,1
Nelson Piquet,137,540,1978,0,32,0,9
Bruno Giacomelli,152,540,1978,0,21,0,14
Derek Daly,206,540,1978,0,34,0,10
Alan Jones,178,540,1978,5,14,0,13
John Watson,187,540,1978,19,6,0,2
Jacques Laffite,172,540,1978,16,7,0,4
Jody Scheckter,222,540,1978,14,9,0,12
Emerson Fittipaldi,224,540,1978,15,8,0,8
Gilles Villeneuve,203,540,1978,8,11,0,7
Carlos Reutemann,199,540,1978,31,5,3,3
Patrick Tambay,175,540,1978,5,15,0,5
Patrick Depailler,221,540,1978,32,4,1,11
Niki Lauda,182,540,1978,35,3,1,1
Mario Andretti,207,540,1978,63,1,6,6
Derek Daly,206,541,1978,0,29,0,8
René Arnoux,163,541,1978,0,25,0,9
Jean-Pierre Jabouille,219,541,1978,0,27,0,4
Rolf Stommelen,243,541,1978,0,24,0,16
Alan Jones,178,541,1978,5,15,0,2
Jacques Laffite,172,541,1978,19,7,0,11
Clay Regazzoni,223,541,1978,4,16,0,14
Didier Pironi,202,541,1978,7,14,0,10
Brett Lunger,239,541,1978,0,20,0,13
Jean-Pierre Jarier,197,541,1978,0,23,0,15
Jody Scheckter,222,541,1978,14,9,0,3
Emerson Fittipaldi,224,541,1978,15,8,0,5
Carlos Reutemann,199,541,1978,35,4,3,1
Patrick Tambay,175,541,1978,7,13,0,6
James Hunt,231,541,1978,8,12,0,7
Nelson Piquet,137,542,1978,0,28,0,11
Derek Daly,206,542,1978,0,24,0,6
Jean-Pierre Jabouille,219,542,1978,3,17,0,12
Riccardo Patrese,119,542,1978,8,11,0,4
Alan Jones,178,542,1978,11,10,0,9
Didier Pironi,202,542,1978,7,15,0,7
Jody Scheckter,222,542,1978,18,8,0,2
Gilles Villeneuve,203,542,1978,8,12,0,1
Carlos Reutemann,199,542,1978,44,3,4,3
Patrick Tambay,175,542,1978,8,14,0,8
Patrick Depailler,221,542,1978,32,5,1,5
Mario Andretti,207,542,1978,64,1,6,10
Gunnar Nilsson,255,544,1977,0,21,0,5
Renzo Zorzi,254,544,1977,0,20,0,6
Niki Lauda,182,544,1977,0,18,0,3
Ingo Hoffmann,253,544,1977,0,17,0,7
James Hunt,231,544,1977,0,14,0,2
Emerson Fittipaldi,224,544,1977,3,4,0,4
Carlos Reutemann,199,544,1977,4,3,0,1
Larry Perkins,256,545,1977,0,22,0,15
Gunnar Nilsson,255,545,1977,2,8,0,12
Hans Binder,246,545,1977,0,16,0,11
Niki Lauda,182,545,1977,4,6,0,1
Jochen Mass,200,545,1977,0,20,0,5
James Hunt,231,545,1977,6,4,0,4
Patrick Depailler,221,545,1977,0,19,0,3
John Watson,187,545,1977,0,15,0,6
Vittorio Brambilla,230,545,1977,0,12,0,7
Clay Regazzoni,223,545,1977,1,9,0,9
Emerson Fittipaldi,224,545,1977,6,5,0,10
Carlos Reutemann,199,545,1977,13,1,1,8
Carlos Pace,250,545,1977,6,3,0,13
Jody Scheckter,222,545,1977,9,2,1,2
Gunnar Nilsson,255,546,1977,2,8,0,8
Hans Binder,246,546,1977,0,16,0,11
Niki Lauda,182,546,1977,13,3,1,2
James Hunt,231,546,1977,9,4,0,7
Patrick Depailler,221,546,1977,4,7,0,4
Jacques Laffite,172,546,1977,0,22,0,9
Mario Andretti,207,546,1977,2,9,0,1
Emerson Fittipaldi,224,546,1977,6,6,0,5
Jody Scheckter,222,546,1977,15,1,1,3
Hans-Joachim Stuck,233,547,1977,0,26,0,6
Brett Lunger,239,547,1977,0,20,0,10
Gunnar Nilsson,255,547,1977,2,9,0,5
Hans Binder,246,547,1977,0,19,0,9
Ronnie Peterson,238,547,1977,0,25,0,8
Jochen Mass,200,547,1977,2,10,0,4
Jacques Laffite,172,547,1977,0,17,0,7
Ian Scheckter,251,547,1977,0,22,0,11
Mario Andretti,207,547,1977,11,4,1,1
Emerson Fittipaldi,224,547,1977,8,6,0,14
Carlos Reutemann,199,547,1977,13,3,1,2
Jody Scheckter,222,547,1977,19,2,1,3
Rupert Keegan,211,548,1977,0,30,0,12
Alan Jones,178,548,1977,0,29,0,6
Jean-Pierre Jarier,197,548,1977,1,15,0,11
Niki Lauda,182,548,1977,19,4,1,2
Jochen Mass,200,548,1977,5,9,0,4
Jacques Laffite,172,548,1977,0,17,0,7
Vittorio Brambilla,230,548,1977,0,16,0,8
Mario Andretti,207,548,1977,20,2,2,5
Carlos Reutemann,199,548,1977,19,3,1,3
Jody Scheckter,222,548,1977,23,1,1,1
David Purley,259,549,1977,0,36,0,13
Arturo Merzario,232,549,1977,0,35,0,14
Harald Ertl,229,549,1977,0,33,0,9
Patrick Nève,258,549,1977,0,28,0,10
Alan Jones,178,549,1977,1,15,0,5
Jean-Pierre Jarier,197,549,1977,1,12,0,11
Hans-Joachim Stuck,233,549,1977,1,14,0,6
Larry Perkins,256,549,1977,0,30,0,12
Gunnar Nilsson,255,549,1977,4,10,0,1
Niki Lauda,182,549,1977,25,2,1,2
Ronnie Peterson,238,549,1977,0,20,0,3
James Hunt,231,549,1977,9,5,0,7
Patrick Depailler,221,549,1977,7,8,0,8
Vittorio Brambilla,230,549,1977,0,17,0,4
David Purley,259,550,1977,0,32,0,14
Harald Ertl,229,550,1977,0,22,0,16
Rupert Keegan,211,550,1977,0,30,0,13
Patrick Nève,258,550,1977,0,24,0,15
Alan Jones,178,550,1977,3,13,0,17
Jean-Pierre Jarier,197,550,1977,1,16,0,8
Hans-Joachim Stuck,233,550,1977,2,14,0,10
Brett Lunger,239,550,1977,0,25,0,11
Gunnar Nilsson,255,550,1977,13,5,1,19
Jochen Mass,200,550,1977,8,8,0,2
James Hunt,231,550,1977,9,6,0,12
Patrick Depailler,221,550,1977,7,9,0,4
Jacques Laffite,172,550,1977,0,19,0,1
John Watson,187,550,1977,1,17,0,5
Clay Regazzoni,223,550,1977,1,15,0,7
Mario Andretti,207,550,1977,22,4,2,6
Emerson Fittipaldi,224,550,1977,8,7,0,18
Carlos Reutemann,199,550,1977,23,3,1,3
Rupert Keegan,211,551,1977,0,30,0,10
Gunnar Nilsson,255,551,1977,13,6,1,4
Niki Lauda,182,551,1977,31,2,1,5
Ronnie Peterson,238,551,1977,4,12,0,12
Jochen Mass,200,551,1977,14,5,0,9
James Hunt,231,551,1977,9,9,0,3
Jacques Laffite,172,551,1977,9,8,1,8
John Watson,187,551,1977,3,15,0,2
Vittorio Brambilla,230,551,1977,3,13,0,13
Clay Regazzoni,223,551,1977,1,17,0,7
Mario Andretti,207,551,1977,23,4,2,1
Emerson Fittipaldi,224,551,1977,8,10,0,11
Carlos Reutemann,199,551,1977,27,3,1,6
Patrick Nève,258,552,1977,0,27,0,10
Alan Jones,178,552,1977,3,15,0,7
Jean-Pierre Jarier,197,552,1977,1,18,0,9
Hans-Joachim Stuck,233,552,1977,2,16,0,5
Brett Lunger,239,552,1977,0,25,0,13
Gunnar Nilsson,255,552,1977,16,5,1,3
Niki Lauda,182,552,1977,33,1,1,2
Jochen Mass,200,552,1977,14,6,0,4
James Hunt,231,552,1977,13,7,0,1
Jacques Laffite,172,552,1977,9,9,1,6
Vittorio Brambilla,230,552,1977,3,14,0,8
Mario Andretti,207,552,1977,32,2,3,14
Carlos Reutemann,199,552,1977,28,4,1,15
Vern Schuppan,267,553,1977,0,33,0,7
Patrick Tambay,175,553,1977,0,41,0,6
Riccardo Patrese,119,553,1977,0,23,0,10
Hans-Joachim Stuck,233,553,1977,4,14,0,3
Niki Lauda,182,553,1977,39,1,1,1
Ronnie Peterson,238,553,1977,4,13,0,9
Alex Ribeiro,237,553,1977,0,38,0,8
Vittorio Brambilla,230,553,1977,3,15,0,5
Carlos Reutemann,199,553,1977,28,4,1,4
Jody Scheckter,222,553,1977,32,3,2,2
Vern Schuppan,267,554,1977,0,21,0,16
Rupert Keegan,211,554,1977,0,30,0,7
Emilio de Villota,208,554,1977,0,37,0,17
Patrick Nève,258,554,1977,0,28,0,9
Alan Jones,178,554,1977,3,16,0,1
Jean-Pierre Jarier,197,554,1977,1,18,0,14
Hans-Joachim Stuck,233,554,1977,8,11,0,3
Brett Lunger,239,554,1977,0,29,0,10
Hans Binder,246,554,1977,0,25,0,12
Niki Lauda,182,554,1977,48,1,2,2
Ronnie Peterson,238,554,1977,4,15,0,5
Jochen Mass,200,554,1977,17,7,0,6
Patrick Depailler,221,554,1977,10,9,0,13
John Watson,187,554,1977,9,10,0,8
Vittorio Brambilla,230,554,1977,5,14,0,15
Emerson Fittipaldi,224,554,1977,8,12,0,11
Carlos Reutemann,199,554,1977,31,4,1,4
Patrick Tambay,175,555,1977,1,20,0,5
Riccardo Patrese,119,555,1977,0,26,0,13
Hans-Joachim Stuck,233,555,1977,12,9,0,7
Brett Lunger,239,555,1977,0,30,0,9
Hans Binder,246,555,1977,0,27,0,8
Niki Lauda,182,555,1977,54,1,2,1
Jacques Laffite,172,555,1977,10,10,1,2
Alex Ribeiro,237,555,1977,0,24,0,11
Ian Scheckter,251,555,1977,0,33,0,10
Vittorio Brambilla,230,555,1977,5,16,0,12
Emerson Fittipaldi,224,555,1977,8,13,0,4
Carlos Reutemann,199,555,1977,34,3,1,6
Jody Scheckter,222,555,1977,38,2,2,3
Rupert Keegan,211,556,1977,0,21,0,9
Patrick Nève,258,556,1977,0,27,0,7
Alan Jones,178,556,1977,12,9,1,3
Niki Lauda,182,556,1977,63,1,3,2
Ronnie Peterson,238,556,1977,6,15,0,6
Jochen Mass,200,556,1977,18,7,0,4
Jacques Laffite,172,556,1977,16,8,1,8
Clay Regazzoni,223,556,1977,1,18,0,5
Mario Andretti,207,556,1977,32,4,3,1
Ian Ashley,270,557,1977,0,46,0,17
Rupert Keegan,211,557,1977,0,22,0,8
Patrick Nève,258,557,1977,0,21,0,18
Jean-Pierre Jarier,197,557,1977,1,19,0,9
Brett Lunger,239,557,1977,0,27,0,10
Hans Binder,246,557,1977,0,25,0,11
Niki Lauda,182,557,1977,69,1,3,4
Ronnie Peterson,238,557,1977,7,14,0,16
James Hunt,231,557,1977,22,5,1,1
Patrick Depailler,221,557,1977,10,12,0,14
Jacques Laffite,172,557,1977,16,8,1,7
Alex Ribeiro,237,557,1977,0,26,0,15
John Watson,187,557,1977,9,13,0,12
Vittorio Brambilla,230,557,1977,5,16,0,19
Danny Ongais,240,558,1977,0,46,0,7
Gilles Villeneuve,203,558,1977,0,34,0,12
Patrick Tambay,175,558,1977,3,18,0,5
Riccardo Patrese,119,558,1977,0,28,0,10
Alan Jones,178,558,1977,16,9,1,4
Brett Lunger,239,558,1977,0,27,0,11
Jochen Mass,200,558,1977,21,6,0,3
Patrick Depailler,221,558,1977,10,12,0,2
Alex Ribeiro,237,558,1977,0,26,0,8
Vittorio Brambilla,230,558,1977,5,16,0,6
Mario Andretti,207,558,1977,47,2,4,9
Jody Scheckter,222,558,1977,46,3,2,1
Riccardo Patrese,119,559,1977,0,29,0,6
Alan Jones,178,559,1977,19,8,1,4
Hans-Joachim Stuck,233,559,1977,12,11,0,7
James Hunt,231,559,1977,31,5,2,1
Patrick Depailler,221,559,1977,16,10,0,3
Jacques Laffite,172,559,1977,16,9,1,5
Alex Ribeiro,237,559,1977,0,26,0,12
Vittorio Brambilla,230,559,1977,6,16,0,8
Carlos Reutemann,199,559,1977,36,4,1,2
Jody Scheckter,222,559,1977,55,2,3,10
Clay Regazzoni,223,557,1977,3,17,0,5
Mario Andretti,207,557,1977,41,3,4,2
Emerson Fittipaldi,224,557,1977,11,11,0,13
Carlos Reutemann,199,557,1977,35,4,1,6
Jody Scheckter,222,557,1977,42,2,2,3
John Watson,187,561,1976,0,21,0,5
Mario Andretti,207,561,1976,0,20,0,6
Vittorio Brambilla,230,561,1976,0,17,0,8
James Hunt,231,561,1976,0,16,0,2
Emerson Fittipaldi,224,561,1976,0,13,0,17
Jacky Ickx,235,561,1976,0,8,0,16
Jochen Mass,200,561,1976,1,6,0,3
Jody Scheckter,222,561,1976,2,5,0,4
Hans-Joachim Stuck,233,561,1976,3,4,0,12
Tom Pryce,252,561,1976,4,3,0,7
Patrick Depailler,221,561,1976,6,2,0,9
Niki Lauda,182,561,1976,9,1,1,1
Chris Amon,278,562,1976,0,21,0,8
Ronnie Peterson,238,562,1976,0,26,0,10
Jacques Laffite,172,562,1976,0,25,0,4
Jean-Pierre Jarier,197,562,1976,0,24,0,7
Emerson Fittipaldi,224,562,1976,0,19,0,6
Carlos Pace,250,562,1976,0,14,0,9
Clay Regazzoni,223,562,1976,0,10,0,1
Jochen Mass,200,562,1976,5,4,0,5
Patrick Depailler,221,562,1976,6,2,0,3
Niki Lauda,182,562,1976,18,1,2,2
Alan Jones,178,563,1976,0,27,0,9
Gunnar Nilsson,255,563,1976,0,28,0,3
Chris Amon,278,563,1976,0,14,0,5
Michel Leclère,277,563,1976,0,24,0,10
Jacques Laffite,172,563,1976,3,9,0,12
James Hunt,231,563,1976,6,5,0,1
Carlos Reutemann,199,563,1976,0,23,0,4
Carlos Pace,250,563,1976,0,17,0,6
Jacky Ickx,235,563,1976,0,15,0,7
Clay Regazzoni,223,563,1976,9,3,1,11
Tom Pryce,252,563,1976,4,7,0,8
Niki Lauda,182,563,1976,24,1,2,2
Loris Kessel,271,564,1976,0,33,0,12
Larry Perkins,256,564,1976,0,27,0,8
Alan Jones,178,564,1976,0,20,0,5
Michel Leclère,277,564,1976,0,22,0,11
John Watson,187,564,1976,2,13,0,7
Jacques Laffite,172,564,1976,3,10,0,3
Jean-Pierre Jarier,197,564,1976,0,18,0,9
Clay Regazzoni,223,564,1976,9,4,1,2
Jochen Mass,200,564,1976,7,5,0,6
Jody Scheckter,222,564,1976,5,6,0,4
Tom Pryce,252,564,1976,4,7,0,10
Niki Lauda,182,564,1976,30,1,2,1
Chris Amon,278,565,1976,2,13,0,13
Michel Leclère,277,565,1976,0,23,0,11
John Watson,187,565,1976,2,12,0,10
Jacques Laffite,172,565,1976,7,7,0,12
Jean-Pierre Jarier,197,565,1976,0,19,0,8
Emerson Fittipaldi,224,565,1976,1,16,0,6
Carlos Pace,250,565,1976,1,15,0,9
Clay Regazzoni,223,565,1976,15,2,1,14
Jochen Mass,200,565,1976,8,5,0,5
Jody Scheckter,222,565,1976,8,6,0,2
Hans-Joachim Stuck,233,565,1976,3,10,0,4
Tom Pryce,252,565,1976,4,8,0,7
Patrick Depailler,221,565,1976,10,4,0,3
Niki Lauda,182,565,1976,39,1,3,1
Arturo Merzario,232,566,1976,0,31,0,14
Alan Jones,178,566,1976,2,14,0,13
Brett Lunger,239,566,1976,0,26,0,15
Ronnie Peterson,238,566,1976,0,24,0,7
Jacques Laffite,172,566,1976,7,7,0,4
Vittorio Brambilla,230,566,1976,0,21,0,10
James Hunt,231,566,1976,15,3,1,5
Jean-Pierre Jarier,197,566,1976,0,18,0,12
Carlos Pace,250,566,1976,1,16,0,8
Clay Regazzoni,223,566,1976,15,2,1,6
Jochen Mass,200,566,1976,10,6,0,11
Jody Scheckter,222,566,1976,14,5,0,1
Tom Pryce,252,566,1976,4,9,0,9
Patrick Depailler,221,566,1976,14,4,0,2
Niki Lauda,182,566,1976,48,1,4,3
Guy Edwards,265,567,1976,0,39,0,17
Patrick Nève,258,567,1976,0,32,0,18
Arturo Merzario,232,567,1976,0,29,0,9
Michel Leclère,277,567,1976,0,24,0,13
Brett Lunger,239,567,1976,0,26,0,16
John Watson,187,567,1976,2,12,0,3
Mario Andretti,207,567,1976,1,17,0,5
Ronnie Peterson,238,567,1976,0,20,0,19
Jacques Laffite,172,567,1976,10,6,0,14
James Hunt,231,567,1976,17,4,1,1
Jean-Pierre Jarier,197,567,1976,0,18,0,12
Carlos Reutemann,199,567,1976,3,11,0,11
Carlos Pace,250,567,1976,1,16,0,4
Jacky Ickx,235,567,1976,0,19,0,10
Jochen Mass,200,567,1976,10,7,0,15
Jody Scheckter,222,567,1976,23,2,1,6
Hans-Joachim Stuck,233,567,1976,6,8,0,7
Tom Pryce,252,567,1976,4,9,0,8
Patrick Depailler,221,567,1976,20,3,0,2
Alan Jones,178,568,1976,2,16,0,5
Harald Ertl,229,568,1976,0,31,0,7
John Watson,187,568,1976,6,8,0,3
Jean-Pierre Jarier,197,568,1976,0,18,0,9
Emerson Fittipaldi,224,568,1976,2,17,0,6
Carlos Pace,250,568,1976,4,12,0,8
Jody Scheckter,222,568,1976,24,4,1,2
Tom Pryce,252,568,1976,4,10,0,4
Niki Lauda,182,568,1976,52,1,4,1
Guy Edwards,265,569,1976,0,32,0,15
Alan Jones,178,569,1976,4,13,0,10
Gunnar Nilsson,255,569,1976,4,11,0,5
John Watson,187,569,1976,10,6,0,7
Mario Andretti,207,569,1976,3,15,0,12
James Hunt,231,569,1976,26,3,2,1
Jean-Pierre Jarier,197,569,1976,0,18,0,11
Emerson Fittipaldi,224,569,1976,3,16,0,13
Carlos Pace,250,569,1976,4,12,0,4
Clay Regazzoni,223,569,1976,16,5,1,9
Jochen Mass,200,569,1976,10,8,0,3
Jody Scheckter,222,569,1976,30,2,1,2
Tom Pryce,252,569,1976,7,9,0,8
Alessandro Pesenti-Rossi,284,570,1976,0,33,0,11
Henri Pescarolo,280,570,1976,0,36,0,9
Gunnar Nilsson,255,570,1976,6,11,0,3
Harald Ertl,229,570,1976,0,22,0,8
Brett Lunger,239,570,1976,0,29,0,10
John Watson,187,570,1976,10,7,0,1
Mario Andretti,207,570,1976,3,15,0,5
Ronnie Peterson,238,570,1976,0,21,0,6
Jacques Laffite,172,570,1976,10,8,0,2
James Hunt,231,570,1976,35,3,3,4
Lella Lombardi,275,570,1976,0,32,0,12
Jochen Mass,200,570,1976,14,6,0,7
Rolf Stommelen,243,571,1976,1,19,0,12
Henri Pescarolo,280,571,1976,0,26,0,11
Alan Jones,178,571,1976,4,14,0,8
Mario Andretti,207,571,1976,5,13,0,3
Vittorio Brambilla,230,571,1976,0,23,0,6
James Hunt,231,571,1976,38,2,3,1
Jean-Pierre Jarier,197,571,1976,0,20,0,10
Clay Regazzoni,223,571,1976,16,6,1,2
Jochen Mass,200,571,1976,14,8,0,9
Jody Scheckter,222,571,1976,36,3,1,5
Tom Pryce,252,571,1976,7,10,0,4
Patrick Depailler,221,571,1976,26,4,0,7
Alessandro Pesenti-Rossi,284,572,1976,0,31,0,18
Henri Pescarolo,280,572,1976,0,25,0,17
Alan Jones,178,572,1976,4,14,0,12
Gunnar Nilsson,255,572,1976,10,9,0,13
Harald Ertl,229,572,1976,0,23,0,16
Brett Lunger,239,572,1976,0,29,0,14
John Watson,187,572,1976,19,6,1,11
Ronnie Peterson,238,572,1976,1,18,0,1
Jacques Laffite,172,572,1976,16,7,0,3
Vittorio Brambilla,230,572,1976,1,19,0,7
Jean-Pierre Jarier,197,572,1976,0,21,0,19
Emerson Fittipaldi,224,572,1976,3,16,0,15
Carlos Reutemann,199,572,1976,3,15,0,9
Jacky Ickx,235,572,1976,0,22,0,10
Clay Regazzoni,223,572,1976,22,5,1,2
Jody Scheckter,222,572,1976,38,3,1,5
Tom Pryce,252,572,1976,10,10,0,8
Patrick Depailler,221,572,1976,26,4,0,6
Niki Lauda,182,572,1976,61,1,5,4
Henri Pescarolo,280,573,1976,0,25,0,19
Guy Edwards,265,573,1976,0,35,0,20
Larry Perkins,256,573,1976,0,24,0,17
Alan Jones,178,573,1976,4,15,0,16
Gunnar Nilsson,255,573,1976,10,10,0,12
Brett Lunger,239,573,1976,0,29,0,15
John Watson,187,573,1976,19,7,1,10
Mario Andretti,207,573,1976,9,12,0,3
Ronnie Peterson,238,573,1976,10,9,1,9
Vittorio Brambilla,230,573,1976,1,19,0,14
James Hunt,231,573,1976,47,2,4,1
Jean-Pierre Jarier,197,573,1976,0,21,0,18
Carlos Pace,250,573,1976,7,13,0,7
Jacky Ickx,235,573,1976,0,22,0,13
Clay Regazzoni,223,573,1976,28,4,1,6
Jochen Mass,200,573,1976,14,8,0,5
Jody Scheckter,222,573,1976,40,3,1,4
Tom Pryce,252,573,1976,10,11,0,11
Patrick Depailler,221,573,1976,27,5,0,2
Niki Lauda,182,573,1976,64,1,5,8
Alan Jones,178,574,1976,4,15,0,8
Harald Ertl,229,574,1976,0,23,0,13
Brett Lunger,239,574,1976,0,29,0,11
John Watson,187,574,1976,19,7,1,6
James Hunt,231,574,1976,56,2,5,1
Jean-Pierre Jarier,197,574,1976,0,21,0,10
Emerson Fittipaldi,224,574,1976,3,17,0,9
Clay Regazzoni,223,574,1976,29,5,1,7
Jochen Mass,200,574,1976,16,8,0,4
Jody Scheckter,222,574,1976,43,3,1,2
Hans-Joachim Stuck,233,574,1976,6,14,0,5
Niki Lauda,182,574,1976,64,1,5,3
Alan Jones,178,575,1976,4,15,0,4
Gunnar Nilsson,255,575,1976,10,11,0,6
Harald Ertl,229,575,1976,0,23,0,8
Mario Andretti,207,575,1976,13,9,0,1
Jacques Laffite,172,575,1976,20,7,0,7
James Hunt,231,575,1976,65,2,6,3
Jean-Pierre Jarier,197,575,1976,0,21,0,10
Clay Regazzoni,223,575,1976,29,5,1,5
Patrick Depailler,221,575,1976,33,4,0,2
Wilson Fittipaldi,290,577,1975,0,21,0,13
Jacques Laffite,172,577,1975,0,20,0,11
Ronnie Peterson,238,577,1975,0,19,0,15
Mario Andretti,207,577,1975,0,17,0,7
Carlos Pace,250,577,1975,0,15,0,1
Jochen Mass,200,577,1975,0,14,0,3
Rolf Stommelen,243,577,1975,0,13,0,14
Graham Hill,289,577,1975,0,10,0,12
Jacky Ickx,235,577,1975,0,8,0,9
Niki Lauda,182,577,1975,1,6,0,5
Clay Regazzoni,223,577,1975,3,4,0,4
Carlos Reutemann,199,577,1975,4,3,0,8
James Hunt,231,577,1975,6,2,0,6
Emerson Fittipaldi,224,577,1975,9,1,1,2
Ronnie Peterson,238,578,1975,0,20,0,10
Mario Andretti,207,578,1975,0,9,0,17
Carlos Pace,250,578,1975,9,2,1,4
Jochen Mass,200,578,1975,4,6,0,6
Rolf Stommelen,243,578,1975,0,18,0,7
Tom Pryce,252,578,1975,0,17,0,9
Jody Scheckter,222,578,1975,0,16,0,1
Jacky Ickx,235,578,1975,0,11,0,12
Mark Donohue,288,578,1975,0,10,0,8
Niki Lauda,182,578,1975,3,7,0,5
Patrick Depailler,221,578,1975,2,8,0,3
Clay Regazzoni,223,578,1975,6,4,0,16
Carlos Reutemann,199,578,1975,4,5,0,2
Lella Lombardi,275,579,1975,0,29,0,6
John Watson,187,579,1975,0,18,0,8
Jean-Pierre Jarier,197,579,1975,0,26,0,4
Jochen Mass,200,579,1975,5,8,0,1
Vittorio Brambilla,230,579,1975,0,15,0,5
Jacky Ickx,235,579,1975,0,13,0,2
Carlos Reutemann,199,579,1975,10,3,0,3
Ronnie Peterson,238,580,1975,0,21,0,4
Carlos Pace,250,580,1975,12,2,1,3
Jochen Mass,200,580,1975,10,4,1,6
Jody Scheckter,222,580,1975,9,5,1,7
Jacky Ickx,235,580,1975,3,10,0,8
Niki Lauda,182,580,1975,5,9,0,1
Patrick Depailler,221,580,1975,6,7,0,5
Carlos Reutemann,199,580,1975,12,3,0,9
Emerson Fittipaldi,224,580,1975,15,1,1,2
Bob Evans,276,581,1975,0,27,0,9
John Watson,187,581,1975,0,19,0,10
Wilson Fittipaldi,290,581,1975,0,24,0,12
Carlos Pace,250,581,1975,16,2,1,8
Tom Pryce,252,581,1975,0,20,0,6
Jody Scheckter,222,581,1975,9,6,1,2
Mark Donohue,288,581,1975,0,15,0,11
Niki Lauda,182,581,1975,14,3,1,1
Patrick Depailler,221,581,1975,8,7,0,4
Clay Regazzoni,223,581,1975,6,9,0,5
Carlos Reutemann,199,581,1975,12,4,0,3
Emerson Fittipaldi,224,581,1975,21,1,1,7
Torsten Palm,297,582,1975,0,34,0,10
Alan Jones,178,582,1975,0,28,0,11
Tony Brise,294,582,1975,0,19,0,6
Bob Evans,276,582,1975,0,21,0,13
John Watson,187,582,1975,0,20,0,16
Wilson Fittipaldi,290,582,1975,0,25,0,17
Ronnie Peterson,238,582,1975,3,11,0,9
Mario Andretti,207,582,1975,0,18,0,4
Jody Scheckter,222,582,1975,15,5,1,7
Jacky Ickx,235,582,1975,3,10,0,15
Mark Donohue,288,582,1975,0,16,0,5
Niki Lauda,182,582,1975,23,1,2,1
Patrick Depailler,221,582,1975,11,6,0,12
Clay Regazzoni,223,582,1975,8,8,0,3
Carlos Reutemann,199,582,1975,16,4,0,2
Emerson Fittipaldi,224,582,1975,21,2,1,8
Alan Jones,178,583,1975,0,24,0,13
Tony Brise,294,583,1975,1,16,0,7
Lella Lombardi,275,583,1975,1,18,0,14
Ian Scheckter,251,583,1975,0,35,0,12
Wilson Fittipaldi,290,583,1975,0,27,0,11
Ronnie Peterson,238,583,1975,3,12,0,15
Carlos Pace,250,583,1975,16,4,1,5
Tom Pryce,252,583,1975,1,17,0,6
Jody Scheckter,222,583,1975,15,5,1,16
Mark Donohue,288,583,1975,2,13,0,8
Niki Lauda,182,583,1975,32,1,3,2
Patrick Depailler,221,583,1975,11,7,0,9
Clay Regazzoni,223,583,1975,12,6,0,3
Carlos Reutemann,199,583,1975,22,2,0,4
James Hunt,231,583,1975,7,9,0,1
Gijs van Lennep,298,584,1975,0,24,0,15
Alan Jones,178,584,1975,0,26,0,16
Tony Brise,294,584,1975,1,17,0,7
Lella Lombardi,275,584,1975,1,18,0,18
Bob Evans,276,584,1975,0,21,0,17
John Watson,187,584,1975,0,20,0,13
Jean-Pierre Jarier,197,584,1975,2,15,0,8
Jacques Laffite,172,584,1975,0,27,0,11
Ronnie Peterson,238,584,1975,3,12,0,10
Mario Andretti,207,584,1975,3,11,0,5
Jochen Mass,200,584,1975,11,9,1,3
Jody Scheckter,222,584,1975,15,7,1,9
Niki Lauda,182,584,1975,38,1,3,1
Patrick Depailler,221,584,1975,11,8,0,6
Carlos Reutemann,199,584,1975,25,2,0,14
James Hunt,231,584,1975,16,5,1,2
Emerson Fittipaldi,224,584,1975,21,3,1,4
Alan Jones,178,585,1975,0,27,0,10
Tony Brise,294,585,1975,1,17,0,15
John Watson,187,585,1975,0,20,0,11
Jean-Pierre Jarier,197,585,1975,2,15,0,14
Wilson Fittipaldi,290,585,1975,0,26,0,19
Mario Andretti,207,585,1975,5,10,0,12
Carlos Pace,250,585,1975,18,5,1,2
Jochen Mass,200,585,1975,15,8,1,7
Jody Scheckter,222,585,1975,15,7,1,3
Vittorio Brambilla,230,585,1975,1,16,0,6
Mark Donohue,288,585,1975,2,13,0,5
Niki Lauda,182,585,1975,47,1,4,8
Patrick Depailler,221,585,1975,12,9,0,9
Clay Regazzoni,223,585,1975,16,6,0,13
James Hunt,231,585,1975,22,4,1,4
Emerson Fittipaldi,224,585,1975,24,3,1,1
Gijs van Lennep,298,586,1975,0,24,0,6
Alan Jones,178,586,1975,0,22,0,5
Lella Lombardi,275,586,1975,1,18,0,7
Jacques Laffite,172,586,1975,0,26,0,2
Mario Andretti,207,586,1975,5,10,0,10
Tom Pryce,252,586,1975,2,15,0,4
Niki Lauda,182,586,1975,47,1,4,3
Patrick Depailler,221,586,1975,12,9,0,9
Carlos Reutemann,199,586,1975,25,4,0,1
Tony Brise,294,587,1975,1,19,0,15
Lella Lombardi,275,587,1975,1,21,0,17
John Watson,187,587,1975,0,23,0,10
Ronnie Peterson,238,587,1975,3,15,0,5
Jochen Mass,200,587,1975,15,8,1,4
Rolf Stommelen,243,587,1975,0,22,0,16
Tom Pryce,252,587,1975,5,12,0,3
Jody Scheckter,222,587,1975,19,6,1,8
Vittorio Brambilla,230,587,1975,2,16,0,1
Niki Lauda,182,587,1975,51,1,4,6
Patrick Depailler,221,587,1975,12,9,0,11
Clay Regazzoni,223,587,1975,16,7,0,7
Carlos Reutemann,199,587,1975,34,2,1,14
James Hunt,231,587,1975,25,4,1,2
Emerson Fittipaldi,224,587,1975,33,3,2,9
Brett Lunger,239,588,1975,0,34,0,10
Chris Amon,278,588,1975,0,31,0,12
Harald Ertl,229,588,1975,0,24,0,9
Jim Crawford,302,588,1975,0,46,0,13
Arturo Merzario,232,588,1975,0,42,0,11
Tom Pryce,252,588,1975,7,10,0,6
Jody Scheckter,222,588,1975,19,6,1,8
Niki Lauda,182,588,1975,52,1,4,3
Patrick Depailler,221,588,1975,12,9,0,7
Clay Regazzoni,223,588,1975,16,8,0,1
Carlos Reutemann,199,588,1975,34,2,1,4
James Hunt,231,588,1975,28,4,1,5
Emerson Fittipaldi,224,588,1975,33,3,2,2
Hans-Joachim Stuck,233,589,1975,0,45,0,8
John Watson,187,589,1975,0,24,0,9
Wilson Fittipaldi,290,589,1975,0,29,0,10
Ronnie Peterson,238,589,1975,4,14,0,5
Jochen Mass,200,589,1975,16,8,1,3
Jody Scheckter,222,589,1975,19,7,1,6
Vittorio Brambilla,230,589,1975,7,11,1,7
Niki Lauda,182,589,1975,56,1,4,1
James Hunt,231,589,1975,30,4,1,4
Emerson Fittipaldi,224,589,1975,39,2,2,2
Jochen Mass,200,591,1974,0,23,0,17
James Hunt,231,591,1974,0,22,0,9
Carlos Pace,250,591,1974,0,20,0,4
Jody Scheckter,222,591,1974,0,19,0,13
François Migault,296,591,1974,0,18,0,16
Richard Robarts,308,591,1974,0,16,0,15
Jacky Ickx,235,591,1974,0,15,0,3
Graham Hill,289,591,1974,0,14,0,11
Ronnie Peterson,238,591,1974,0,13,0,6
Emerson Fittipaldi,224,591,1974,0,10,0,1
Henri Pescarolo,280,591,1974,0,9,0,14
Carlos Reutemann,199,591,1974,0,7,0,7
Patrick Depailler,221,591,1974,1,6,0,8
Jean-Pierre Beltoise,306,591,1974,2,5,0,10
Mike Hailwood,305,591,1974,3,4,0,5
Clay Regazzoni,223,591,1974,4,3,0,2
Denny Hulme,304,591,1974,9,1,1,12
Arturo Merzario,232,592,1974,0,24,0,6
Carlos Pace,250,592,1974,3,7,0,11
Jody Scheckter,222,592,1974,0,18,0,8
François Migault,296,592,1974,0,20,0,15
Hans-Joachim Stuck,233,592,1974,0,22,0,5
Richard Robarts,308,592,1974,0,19,0,17
Graham Hill,289,592,1974,0,15,0,12
Emerson Fittipaldi,224,592,1974,9,2,1,7
Henri Pescarolo,280,592,1974,0,13,0,18
Carlos Reutemann,199,592,1974,0,11,0,1
Patrick Depailler,221,592,1974,1,9,0,4
Jean-Pierre Beltoise,306,592,1974,2,8,0,2
Mike Hailwood,305,592,1974,5,5,0,3
Niki Lauda,182,592,1974,6,4,0,16
Denny Hulme,304,592,1974,9,3,1,9
James Hunt,231,593,1974,0,17,0,10
Carlos Pace,250,593,1974,3,10,0,13
Jody Scheckter,222,593,1974,0,14,0,5
Hans-Joachim Stuck,233,593,1974,2,11,0,4
John Watson,187,593,1974,0,21,0,11
Emerson Fittipaldi,224,593,1974,9,3,1,3
Henri Pescarolo,280,593,1974,0,16,0,12
Patrick Depailler,221,593,1974,4,9,0,8
Mike Hailwood,305,593,1974,9,5,0,9
Clay Regazzoni,223,593,1974,10,1,0,2
Niki Lauda,182,593,1974,6,7,0,1
Denny Hulme,304,593,1974,9,4,1,6
Tim Schenken,314,594,1974,0,25,0,10
Brian Redman,312,594,1974,0,15,0,18
Vittorio Brambilla,230,594,1974,0,19,0,9
Jean-Pierre Jarier,197,594,1974,0,30,0,13
Jody Scheckter,222,594,1974,2,12,0,3
François Migault,296,594,1974,0,26,0,16
Graham Hill,289,594,1974,0,20,0,8
John Watson,187,594,1974,0,21,0,11
Guy Edwards,265,594,1974,0,22,0,12
Emerson Fittipaldi,224,594,1974,13,3,1,1
Jean-Pierre Beltoise,306,594,1974,8,7,0,5
Mike Hailwood,305,594,1974,9,6,0,7
Clay Regazzoni,223,594,1974,16,1,0,4
Niki Lauda,182,594,1974,15,2,1,2
Denny Hulme,304,594,1974,10,4,1,6
Jean-Pierre Jarier,197,595,1974,0,24,0,3
Jody Scheckter,222,595,1974,6,8,0,2
Graham Hill,289,595,1974,0,16,0,7
Ronnie Peterson,238,595,1974,1,13,0,1
John Watson,187,595,1974,0,22,0,6
Guy Edwards,265,595,1974,0,23,0,8
Emerson Fittipaldi,224,595,1974,22,1,2,5
Patrick Depailler,221,595,1974,4,11,0,9
Clay Regazzoni,223,595,1974,19,3,0,4
Rikky von Opel,313,596,1974,0,37,0,9
Tom Belsø,311,596,1974,0,40,0,8
Vittorio Brambilla,230,596,1974,0,22,0,10
Jean-Pierre Jarier,197,596,1974,4,11,0,5
James Hunt,231,596,1974,0,21,0,3
Jody Scheckter,222,596,1974,12,4,0,1
Graham Hill,289,596,1974,0,17,0,6
John Watson,187,596,1974,1,15,0,11
Guy Edwards,265,596,1974,0,19,0,7
Emerson Fittipaldi,224,596,1974,24,1,2,4
Patrick Depailler,221,596,1974,4,13,0,2
Rikky von Opel,313,597,1974,0,25,0,9
Vittorio Brambilla,230,597,1974,0,23,0,10
Jody Scheckter,222,597,1974,21,4,1,5
Jacky Ickx,235,597,1974,4,14,0,11
Ronnie Peterson,238,597,1974,10,6,1,8
John Watson,187,597,1974,1,17,0,7
Emerson Fittipaldi,224,597,1974,27,1,2,3
Carlos Reutemann,199,597,1974,9,9,1,12
Patrick Depailler,221,597,1974,10,7,0,6
Mike Hailwood,305,597,1974,9,10,0,4
Clay Regazzoni,223,597,1974,22,2,0,2
Niki Lauda,182,597,1974,21,3,1,1
Vittorio Brambilla,230,598,1974,0,24,0,11
Jean-Pierre Jarier,197,598,1974,6,11,0,12
Arturo Merzario,232,598,1974,1,18,0,9
Jody Scheckter,222,598,1974,23,4,1,4
François Migault,296,598,1974,0,30,0,14
Jacky Ickx,235,598,1974,4,14,0,5
Graham Hill,289,598,1974,1,16,0,13
Ronnie Peterson,238,598,1974,10,8,1,1
John Watson,187,598,1974,1,17,0,16
Guy Edwards,265,598,1974,0,19,0,15
Patrick Depailler,221,598,1974,11,7,0,8
Jean-Pierre Beltoise,306,598,1974,10,9,0,10
Mike Hailwood,305,598,1974,12,5,0,7
Clay Regazzoni,223,598,1974,28,3,0,3
Niki Lauda,182,598,1974,30,2,2,2
Denny Hulme,304,598,1974,11,6,1,6
Tom Pryce,252,599,1974,0,37,0,8
Jochen Mass,200,599,1974,0,33,0,14
Carlos Pace,250,599,1974,3,15,0,9
Jody Scheckter,222,599,1974,26,4,1,1
Jacky Ickx,235,599,1974,6,11,0,3
Graham Hill,289,599,1974,1,16,0,13
Ronnie Peterson,238,599,1974,19,5,2,10
John Watson,187,599,1974,1,17,0,11
Emerson Fittipaldi,224,599,1974,31,3,2,2
Carlos Reutemann,199,599,1974,9,10,1,6
Jean-Pierre Beltoise,306,599,1974,10,9,0,12
Clay Regazzoni,223,599,1974,32,2,0,4
Niki Lauda,182,599,1974,36,1,2,5
Denny Hulme,304,599,1974,12,6,1,7
Derek Bell,321,600,1974,0,47,0,11
Tom Pryce,252,600,1974,0,21,0,6
Vittorio Brambilla,230,600,1974,0,25,0,13
Jean-Pierre Jarier,197,600,1974,6,12,0,8
Carlos Pace,250,600,1974,3,15,0,12
Jody Scheckter,222,600,1974,35,3,2,2
Hans-Joachim Stuck,233,600,1974,5,13,0,7
Jacky Ickx,235,600,1974,10,11,0,5
Graham Hill,289,600,1974,1,16,0,9
Ronnie Peterson,238,600,1974,19,5,2,4
Henri Pescarolo,280,600,1974,0,26,0,10
Carlos Reutemann,199,600,1974,10,9,1,3
Mike Hailwood,305,600,1974,12,7,0,15
Clay Regazzoni,223,600,1974,35,4,0,1
Tim Schenken,314,601,1974,0,27,0,10
Vittorio Brambilla,230,601,1974,0,25,0,6
Jean-Pierre Jarier,197,601,1974,6,12,0,8
James Hunt,231,601,1974,4,14,0,3
Hans-Joachim Stuck,233,601,1974,5,13,0,11
Graham Hill,289,601,1974,1,16,0,12
John Watson,187,601,1974,1,17,0,4
Carlos Reutemann,199,601,1974,14,6,1,1
Clay Regazzoni,223,601,1974,44,1,1,5
Denny Hulme,304,601,1974,12,7,1,2
David Hobbs,322,602,1974,0,23,0,9
Tom Pryce,252,602,1974,1,18,0,10
Arturo Merzario,232,602,1974,1,20,0,4
Carlos Pace,250,602,1974,3,16,0,5
Jody Scheckter,222,602,1974,41,2,2,3
Graham Hill,289,602,1974,1,17,0,8
Ronnie Peterson,238,602,1974,22,6,2,1
John Watson,187,602,1974,4,15,0,7
Emerson Fittipaldi,224,602,1974,37,4,2,2
Patrick Depailler,221,602,1974,11,10,0,11
Denny Hulme,304,602,1974,18,7,1,6
Helmuth Koinigg,324,603,1974,0,58,0,10
Rolf Stommelen,243,603,1974,0,42,0,11
Jacques Laffite,172,603,1974,0,43,0,15
Jochen Mass,200,603,1974,0,33,0,16
James Hunt,231,603,1974,8,12,0,4
Carlos Pace,250,603,1974,5,15,0,8
Jacky Ickx,235,603,1974,12,8,0,13
Graham Hill,289,603,1974,1,18,0,14
Ronnie Peterson,238,603,1974,31,5,3,3
Emerson Fittipaldi,224,603,1974,43,3,2,1
Carlos Reutemann,199,603,1974,23,6,2,9
Patrick Depailler,221,603,1974,11,10,0,5
Clay Regazzoni,223,603,1974,46,1,1,2
Denny Hulme,304,603,1974,19,7,1,6
Rolf Stommelen,243,604,1974,0,32,0,12
Chris Amon,278,604,1974,0,47,0,9
Jean-Pierre Jarier,197,604,1974,6,13,0,10
Jochen Mass,200,604,1974,0,37,0,7
James Hunt,231,604,1974,11,11,0,3
Carlos Pace,250,604,1974,5,15,0,2
Graham Hill,289,604,1974,1,18,0,8
John Watson,187,604,1974,4,16,0,5
Emerson Fittipaldi,224,604,1974,52,1,3,4
Carlos Reutemann,199,604,1974,23,6,2,1
Patrick Depailler,221,604,1974,13,8,0,6
Clay Regazzoni,223,604,1974,52,2,1,11
Nanni Galli,330,606,1973,0,19,0,9
Carlos Reutemann,199,606,1973,0,16,0,11
Niki Lauda,182,606,1973,0,15,0,8
Howden Ganley,307,606,1973,0,13,0,7
Arturo Merzario,232,606,1973,0,9,0,4
Clay Regazzoni,223,606,1973,0,7,0,6
Denny Hulme,304,606,1973,2,5,0,3
Jacky Ickx,235,606,1973,3,4,0,5
Jackie Stewart,328,606,1973,4,3,0,2
François Cevert,327,606,1973,6,2,0,10
Emerson Fittipaldi,224,606,1973,9,1,1,1
Carlos Reutemann,199,607,1973,0,14,0,7
Ronnie Peterson,238,607,1973,0,18,0,11
Howden Ganley,307,607,1973,0,9,0,10
Arturo Merzario,232,607,1973,3,6,0,4
Peter Revson,309,607,1973,0,11,0,2
Denny Hulme,304,607,1973,6,4,0,5
Jackie Stewart,328,607,1973,10,2,0,1
Emerson Fittipaldi,224,607,1973,18,1,2,3
George Follmer,332,608,1973,1,10,0,3
Nanni Galli,330,608,1973,0,15,0,11
Jean-Pierre Beltoise,306,608,1973,0,21,0,5
Mike Beuttler,329,608,1973,0,17,0,7
Peter Revson,309,608,1973,6,4,0,4
Clay Regazzoni,223,608,1973,1,8,0,9
Wilson Fittipaldi,290,608,1973,1,9,0,10
Denny Hulme,304,608,1973,8,3,0,6
Jacky Ickx,235,608,1973,5,7,0,12
François Cevert,327,608,1973,6,5,0,2
Emerson Fittipaldi,224,608,1973,22,1,2,1
Graham Hill,289,609,1973,0,26,0,9
Andrea de Adamich,333,609,1973,0,16,0,4
Carlos Pace,250,609,1973,0,23,0,8
Niki Lauda,182,609,1973,0,15,0,5
Mike Beuttler,329,609,1973,0,13,0,11
Clay Regazzoni,223,609,1973,1,10,0,10
Denny Hulme,304,609,1973,9,5,0,7
Jackie Stewart,328,609,1973,19,2,1,1
François Cevert,327,609,1973,12,3,0,2
Emerson Fittipaldi,224,609,1973,31,1,3,3
Jackie Oliver,262,610,1973,0,29,0,10
Andrea de Adamich,333,610,1973,3,9,0,7
Mike Hailwood,305,610,1973,0,27,0,8
Ronnie Peterson,238,610,1973,0,23,0,3
Peter Revson,309,610,1973,9,4,0,5
Wilson Fittipaldi,290,610,1973,1,13,0,11
Denny Hulme,304,610,1973,9,5,0,6
Jackie Stewart,328,610,1973,28,2,2,1
François Cevert,327,610,1973,18,3,0,4
Emerson Fittipaldi,224,610,1973,35,1,3,2
George Follmer,332,611,1973,5,7,0,14
Carlos Pace,250,611,1973,0,19,0,10
Carlos Reutemann,199,611,1973,0,18,0,4
Niki Lauda,182,611,1973,2,11,0,13
Ronnie Peterson,238,611,1973,4,9,0,2
Howden Ganley,307,611,1973,0,17,0,11
Mike Beuttler,329,611,1973,0,16,0,8
Peter Revson,309,611,1973,11,4,0,7
Clay Regazzoni,223,611,1973,1,13,0,9
Denny Hulme,304,611,1973,10,5,0,1
Jacky Ickx,235,611,1973,5,8,0,6
Jackie Stewart,328,611,1973,37,2,3,5
François Cevert,327,611,1973,21,3,0,3
Emerson Fittipaldi,224,611,1973,41,1,3,12
James Hunt,231,612,1973,0,24,0,6
Graham Hill,289,612,1973,0,23,0,10
Carlos Pace,250,612,1973,0,19,0,13
Carlos Reutemann,199,612,1973,3,11,0,3
Niki Lauda,182,612,1973,2,12,0,9
Ronnie Peterson,238,612,1973,10,6,0,1
Howden Ganley,307,612,1973,0,18,0,14
Jean-Pierre Beltoise,306,612,1973,2,13,0,11
Arturo Merzario,232,612,1973,6,7,0,7
Clay Regazzoni,223,612,1973,1,14,0,12
Wilson Fittipaldi,290,612,1973,1,15,0,16
Denny Hulme,304,612,1973,19,4,1,8
Jacky Ickx,235,612,1973,6,8,0,5
Jackie Stewart,328,612,1973,39,2,3,4
François Cevert,327,612,1973,25,3,0,2
Rikky von Opel,313,613,1973,0,28,0,13
James Hunt,231,613,1973,1,15,0,4
Carlos Reutemann,199,613,1973,7,8,0,6
Niki Lauda,182,613,1973,2,12,0,12
Ronnie Peterson,238,613,1973,19,4,1,2
Howden Ganley,307,613,1973,0,19,0,9
Mike Beuttler,329,613,1973,0,18,0,11
Peter Revson,309,613,1973,11,6,0,1
Clay Regazzoni,223,613,1973,1,14,0,7
Denny Hulme,304,613,1973,19,5,1,3
Jacky Ickx,235,613,1973,8,7,0,8
Jackie Stewart,328,613,1973,42,1,3,10
François Cevert,327,613,1973,31,3,0,5
James Hunt,231,614,1973,4,11,0,3
George Follmer,332,614,1973,5,10,0,10
Carlos Pace,250,614,1973,0,20,0,7
Ronnie Peterson,238,614,1973,25,4,1,11
Howden Ganley,307,614,1973,0,19,0,9
Jean-Pierre Beltoise,306,614,1973,2,14,0,5
Peter Revson,309,614,1973,20,6,1,4
Clay Regazzoni,223,614,1973,1,15,0,8
Jackie Stewart,328,614,1973,42,1,3,1
François Cevert,327,614,1973,33,3,0,2
Jochen Mass,200,615,1973,0,37,0,7
David Purley,259,615,1973,0,34,0,15
Graham Hill,289,615,1973,0,24,0,13
Henri Pescarolo,280,615,1973,0,23,0,10
Jackie Oliver,262,615,1973,0,27,0,8
Carlos Pace,250,615,1973,0,20,0,4
Mike Hailwood,305,615,1973,0,22,0,14
Mike Beuttler,329,615,1973,0,19,0,16
Peter Revson,309,615,1973,23,5,1,9
Wilson Fittipaldi,290,615,1973,1,16,0,5
Denny Hulme,304,615,1973,23,6,1,12
Jacky Ickx,235,615,1973,8,9,0,3
Jackie Stewart,328,615,1973,51,1,4,1
François Cevert,327,615,1973,39,3,0,2
Emerson Fittipaldi,224,615,1973,41,2,3,6
Gijs van Lennep,298,616,1973,1,19,0,9
Carlos Pace,250,616,1973,3,13,0,3
Mike Hailwood,305,616,1973,0,25,0,10
Carlos Reutemann,199,616,1973,8,8,0,4
Ronnie Peterson,238,616,1973,25,4,1,1
Jean-Pierre Beltoise,306,616,1973,4,12,0,5
Arturo Merzario,232,616,1973,6,10,0,7
Clay Regazzoni,223,616,1973,1,17,0,6
Denny Hulme,304,616,1973,23,6,1,8
Jackie Stewart,328,616,1973,60,1,5,2
Rolf Stommelen,243,617,1973,0,29,0,12
David Purley,259,617,1973,0,32,0,9
Graham Hill,289,617,1973,0,26,0,14
Jackie Oliver,262,617,1973,0,24,0,11
George Follmer,332,617,1973,5,13,0,10
Mike Hailwood,305,617,1973,0,23,0,7
Carlos Reutemann,199,617,1973,11,8,0,6
Ronnie Peterson,238,617,1973,34,4,2,1
Jean-Pierre Beltoise,306,617,1973,6,12,0,13
Peter Revson,309,617,1973,23,5,1,3
Denny Hulme,304,617,1973,23,6,1,15
Jacky Ickx,235,617,1973,12,7,0,8
Jackie Stewart,328,617,1973,66,1,5,4
François Cevert,327,617,1973,45,2,0,5
Emerson Fittipaldi,224,617,1973,42,3,3,2
Rolf Stommelen,243,618,1973,0,30,0,12
James Hunt,231,618,1973,8,9,0,7
Chris Amon,278,618,1973,1,19,0,10
Graham Hill,289,618,1973,0,26,0,16
Jackie Oliver,262,618,1973,0,24,0,3
George Follmer,332,618,1973,5,13,0,17
Carlos Pace,250,618,1973,7,10,0,18
Mike Hailwood,305,618,1973,0,21,0,9
Carlos Reutemann,199,618,1973,12,7,0,8
Howden Ganley,307,618,1973,0,22,0,6
Jean-Pierre Beltoise,306,618,1973,6,12,0,4
Arturo Merzario,232,618,1973,6,11,0,15
Peter Revson,309,618,1973,27,5,1,1
Wilson Fittipaldi,290,618,1973,3,15,0,11
Denny Hulme,304,618,1973,23,6,1,13
Jackie Stewart,328,618,1973,69,1,5,5
Emerson Fittipaldi,224,618,1973,48,2,3,2
James Hunt,231,619,1973,8,10,0,2
Graham Hill,289,619,1973,0,26,0,13
Jackie Oliver,262,619,1973,4,14,0,15
George Follmer,332,619,1973,5,13,0,14
Carlos Reutemann,199,619,1973,12,7,0,3
Ronnie Peterson,238,619,1973,43,4,3,1
Howden Ganley,307,619,1973,1,19,0,12
Jean-Pierre Beltoise,306,619,1973,9,9,0,9
Jean-Pierre Jarier,197,619,1973,0,34,0,11
Mike Beuttler,329,619,1973,0,23,0,10
Arturo Merzario,232,619,1973,6,12,0,16
Peter Revson,309,619,1973,36,5,2,5
Clay Regazzoni,223,619,1973,2,18,0,8
Denny Hulme,304,619,1973,23,6,1,4
Jacky Ickx,235,619,1973,12,8,0,7
Emerson Fittipaldi,224,619,1973,54,2,3,6
Chris Amon,278,621,1972,0,21,0,15
Graham Hill,289,621,1972,0,18,0,6
Mario Andretti,207,621,1972,0,16,0,4
Peter Revson,309,621,1972,0,15,0,3
François Cevert,327,621,1972,0,13,0,9
Emerson Fittipaldi,224,621,1972,0,12,0,2
Niki Lauda,182,621,1972,0,11,0,7
Helmut Marko,337,621,1972,0,10,0,14
Henri Pescarolo,280,621,1972,0,8,0,11
Ronnie Peterson,238,621,1972,1,6,0,5
Clay Regazzoni,223,621,1972,3,4,0,12
Jacky Ickx,235,621,1972,4,3,0,8
Denny Hulme,304,621,1972,6,2,0,1
Carlos Pace,250,622,1972,0,21,0,6
David Walker,338,622,1972,0,17,0,9
Graham Hill,289,622,1972,1,10,0,10
Andrea de Adamich,333,622,1972,0,23,0,4
Peter Revson,309,622,1972,4,5,0,5
Emerson Fittipaldi,224,622,1972,6,3,0,1
Henri Pescarolo,280,622,1972,0,13,0,11
Tim Schenken,314,622,1972,2,9,0,8
Clay Regazzoni,223,622,1972,3,6,0,3
Jacky Ickx,235,622,1972,4,4,0,2
Mike Beuttler,329,623,1972,0,29,0,13
Wilson Fittipaldi,290,623,1972,0,15,0,9
Jean-Pierre Beltoise,306,623,1972,0,27,0,1
Carlos Pace,250,623,1972,1,12,0,17
Rolf Stommelen,243,623,1972,0,21,0,10
David Walker,338,623,1972,0,17,0,14
Chris Amon,278,623,1972,0,22,0,6
Graham Hill,289,623,1972,1,11,0,12
Andrea de Adamich,333,623,1972,3,8,0,7
Emerson Fittipaldi,224,623,1972,15,1,1,3
Niki Lauda,182,623,1972,0,13,0,16
Helmut Marko,337,623,1972,0,20,0,8
Ronnie Peterson,238,623,1972,3,9,0,11
Jacky Ickx,235,623,1972,10,3,0,2
Denny Hulme,304,623,1972,15,2,1,15
Jackie Stewart,328,623,1972,9,4,1,4
Mike Hailwood,305,624,1972,0,29,0,4
Carlos Pace,250,624,1972,1,15,0,5
Rolf Stommelen,243,624,1972,0,24,0,11
David Walker,338,624,1972,0,21,0,14
Chris Amon,278,624,1972,1,14,0,6
Peter Revson,309,624,1972,6,7,0,7
François Cevert,327,624,1972,0,22,0,2
Emerson Fittipaldi,224,624,1972,19,1,1,1
Niki Lauda,182,624,1972,0,17,0,12
Helmut Marko,337,624,1972,0,19,0,10
Howden Ganley,307,624,1972,0,23,0,8
Carlos Reutemann,199,624,1972,0,18,0,13
Ronnie Peterson,238,624,1972,3,10,0,9
Denny Hulme,304,624,1972,15,3,1,3
Nanni Galli,330,625,1972,0,30,0,13
Brian Redman,312,625,1972,2,15,0,9
Mike Beuttler,329,625,1972,0,26,0,19
Wilson Fittipaldi,290,625,1972,0,18,0,8
Mike Hailwood,305,625,1972,3,11,0,6
Jean-Pierre Beltoise,306,625,1972,9,5,1,15
Rolf Stommelen,243,625,1972,0,25,0,16
David Walker,338,625,1972,0,24,0,18
Chris Amon,278,625,1972,2,16,0,3
Graham Hill,289,625,1972,1,17,0,10
Andrea de Adamich,333,625,1972,3,9,0,14
François Cevert,327,625,1972,6,7,0,4
Emerson Fittipaldi,224,625,1972,28,1,2,2
Carlos Reutemann,199,625,1972,0,20,0,12
Ronnie Peterson,238,625,1972,3,12,0,5
Tim Schenken,314,625,1972,2,14,0,17
Jacky Ickx,235,625,1972,16,3,0,11
Denny Hulme,304,625,1972,19,2,1,7
Jackie Stewart,328,625,1972,12,4,1,1
Mike Beuttler,329,626,1972,0,26,0,13
Wilson Fittipaldi,290,626,1972,0,18,0,12
Jean-Pierre Beltoise,306,626,1972,9,5,1,11
Rolf Stommelen,243,626,1972,0,25,0,10
Chris Amon,278,626,1972,6,9,0,4
Peter Revson,309,626,1972,6,8,0,3
Emerson Fittipaldi,224,626,1972,34,1,2,1
Niki Lauda,182,626,1972,0,19,0,9
Carlos Reutemann,199,626,1972,0,20,0,8
Ronnie Peterson,238,626,1972,5,10,0,7
Denny Hulme,304,626,1972,19,3,1,5
Jackie Stewart,328,626,1972,21,2,2,2
Arturo Merzario,232,627,1972,1,18,0,12
Brian Redman,312,627,1972,2,16,0,5
Mike Beuttler,329,627,1972,0,27,0,8
Wilson Fittipaldi,290,627,1972,0,19,0,7
Jean-Pierre Beltoise,306,627,1972,9,6,1,9
Chris Amon,278,627,1972,9,8,0,15
Graham Hill,289,627,1972,1,17,0,6
Andrea de Adamich,333,627,1972,3,12,0,13
François Cevert,327,627,1972,9,7,0,10
Howden Ganley,307,627,1972,0,22,0,4
Ronnie Peterson,238,627,1972,5,10,0,3
Tim Schenken,314,627,1972,2,15,0,14
Clay Regazzoni,223,627,1972,7,9,0,2
Jacky Ickx,235,627,1972,16,4,0,1
Jackie Stewart,328,627,1972,27,2,2,11
Mike Hailwood,305,628,1972,4,11,0,4
Jean-Pierre Beltoise,306,628,1972,9,7,1,8
Chris Amon,278,628,1972,9,9,0,5
Peter Gethin,320,628,1972,0,31,0,13
Andrea de Adamich,333,628,1972,3,13,0,14
Peter Revson,309,628,1972,10,6,0,3
François Cevert,327,628,1972,9,8,0,9
Emerson Fittipaldi,224,628,1972,43,1,3,1
Niki Lauda,182,628,1972,0,22,0,10
Howden Ganley,307,628,1972,3,14,0,6
Ronnie Peterson,238,628,1972,9,10,0,12
Tim Schenken,314,628,1972,2,17,0,11
Denny Hulme,304,628,1972,21,4,1,2
Jackie Stewart,328,628,1972,27,2,2,7
Mike Beuttler,329,629,1972,0,25,0,10
Mike Hailwood,305,629,1972,7,11,0,2
Jean-Pierre Beltoise,306,629,1972,9,8,1,8
Peter Gethin,320,629,1972,0,28,0,6
Graham Hill,289,629,1972,2,18,0,5
Mario Andretti,207,629,1972,3,15,0,7
Peter Revson,309,629,1972,14,5,0,4
Reine Wisell,317,629,1972,0,31,0,12
Emerson Fittipaldi,224,629,1972,52,1,4,1
Niki Lauda,182,629,1972,0,22,0,13
Howden Ganley,307,629,1972,4,12,0,11
Ronnie Peterson,238,629,1972,9,10,0,9
Denny Hulme,304,629,1972,27,3,1,3
Carlos Pace,250,630,1972,3,17,0,9
Chris Amon,278,630,1972,11,8,0,6
Graham Hill,289,630,1972,4,14,0,8
Peter Revson,309,630,1972,17,5,0,2
Emerson Fittipaldi,224,630,1972,61,1,5,11
Howden Ganley,307,630,1972,4,12,0,10
Henri Pescarolo,280,630,1972,0,26,0,13
Carlos Reutemann,199,630,1972,0,22,0,4
Tim Schenken,314,630,1972,2,18,0,7
Clay Regazzoni,223,630,1972,13,6,0,5
Jacky Ickx,235,630,1972,25,4,1,12
Denny Hulme,304,630,1972,31,2,1,3
Jackie Stewart,328,630,1972,27,3,2,1
Skip Barber,342,631,1972,0,33,0,16
Patrick Depailler,221,631,1972,0,34,0,7
Mike Beuttler,329,631,1972,0,25,0,13
Mike Hailwood,305,631,1972,13,7,0,17
Chris Amon,278,631,1972,12,8,0,15
Graham Hill,289,631,1972,4,14,0,11
Mario Andretti,207,631,1972,3,17,0,6
Peter Revson,309,631,1972,23,5,0,18
Reine Wisell,317,631,1972,0,29,0,10
François Cevert,327,631,1972,9,10,0,2
Niki Lauda,182,631,1972,0,23,0,19
Henri Pescarolo,280,631,1972,0,26,0,14
Ronnie Peterson,238,631,1972,9,11,0,4
Clay Regazzoni,223,631,1972,15,6,0,8
Jacky Ickx,235,631,1972,25,4,1,5
Denny Hulme,304,631,1972,35,3,1,3
Jackie Stewart,328,631,1972,36,2,3,1
Peter Gethin,320,633,1971,0,23,0,8
Pedro Rodríguez,345,633,1971,0,18,0,4
Howden Ganley,307,633,1971,0,17,0,10
François Cevert,327,633,1971,0,16,0,7
John Surtees,341,633,1971,0,15,0,11
Jacky Ickx,235,633,1971,0,8,0,2
Denny Hulme,304,633,1971,1,6,0,5
Chris Amon,278,633,1971,2,5,0,3
Jackie Stewart,328,633,1971,6,2,0,1
Tim Schenken,314,634,1971,0,14,0,10
Pedro Rodríguez,345,634,1971,3,7,0,9
John Surtees,341,634,1971,0,18,0,7
Emerson Fittipaldi,224,634,1971,0,21,0,5
Rolf Stommelen,243,634,1971,0,19,0,6
Henri Pescarolo,280,634,1971,0,17,0,8
Ronnie Peterson,238,634,1971,0,16,0,2
Jacky Ickx,235,634,1971,6,3,0,3
Denny Hulme,304,634,1971,3,8,0,4
Jackie Stewart,328,634,1971,15,1,1,1
Jean-Pierre Beltoise,306,635,1971,1,12,0,9
Jo Siffert,346,635,1971,0,22,0,6
Pedro Rodríguez,345,635,1971,3,8,0,2
Howden Ganley,307,635,1971,0,20,0,7
John Surtees,341,635,1971,0,13,0,5
Ronnie Peterson,238,635,1971,6,4,0,4
Graham Hill,289,635,1971,0,19,0,10
Jacky Ickx,235,635,1971,10,2,0,1
Denny Hulme,304,635,1971,6,6,0,12
Clay Regazzoni,223,635,1971,4,7,0,3
Jackie Stewart,328,635,1971,24,1,2,11
Tim Schenken,314,636,1971,0,21,0,12
Jean-Pierre Beltoise,306,636,1971,1,12,0,7
Peter Gethin,320,636,1971,0,19,0,9
Jo Siffert,346,636,1971,1,14,0,4
Howden Ganley,307,636,1971,0,15,0,10
François Cevert,327,636,1971,0,16,0,2
John Surtees,341,636,1971,2,10,0,8
Emerson Fittipaldi,224,636,1971,2,11,0,3
Rolf Stommelen,243,636,1971,1,13,0,11
Chris Amon,278,636,1971,6,7,0,5
Reine Wisell,317,636,1971,3,9,0,6
Jackie Stewart,328,636,1971,24,1,2,1
Tim Schenken,314,637,1971,0,21,0,12
Jean-Pierre Beltoise,306,637,1971,1,14,0,7
Jo Siffert,346,637,1971,4,11,0,9
Howden Ganley,307,637,1971,0,16,0,8
François Cevert,327,637,1971,6,8,0,10
John Surtees,341,637,1971,2,13,0,6
Emerson Fittipaldi,224,637,1971,6,9,0,3
Rolf Stommelen,243,637,1971,1,15,0,5
Henri Pescarolo,280,637,1971,0,19,0,4
Ronnie Peterson,238,637,1971,9,5,0,2
Jackie Stewart,328,637,1971,33,1,3,1
Nanni Galli,330,638,1971,0,23,0,12
Tim Schenken,314,638,1971,0,21,0,6
François Cevert,327,638,1971,6,9,0,2
John Surtees,341,638,1971,3,14,0,7
Rolf Stommelen,243,638,1971,3,15,0,10
Ronnie Peterson,238,638,1971,15,3,0,5
Graham Hill,289,638,1971,0,22,0,9
Reine Wisell,317,638,1971,4,12,0,8
Clay Regazzoni,223,638,1971,8,7,0,3
Jackie Stewart,328,638,1971,42,1,4,1
Mario Andretti,207,638,1971,9,5,1,4
Jackie Oliver,262,639,1971,0,37,0,9
Nanni Galli,330,639,1971,0,23,0,12
Tim Schenken,314,639,1971,1,17,0,3
Peter Gethin,320,639,1971,0,20,0,10
Jo Siffert,346,639,1971,4,12,0,1
Emerson Fittipaldi,224,639,1971,10,7,0,2
Rolf Stommelen,243,639,1971,3,15,0,7
Henri Pescarolo,280,639,1971,3,13,0,6
Ronnie Peterson,238,639,1971,17,3,0,8
Graham Hill,289,639,1971,0,22,0,5
Reine Wisell,317,639,1971,4,11,0,4
Jackie Oliver,262,640,1971,0,23,0,7
Jo Bonnier,347,640,1971,0,37,0,10
Peter Gethin,320,640,1971,0,21,0,1
Jo Siffert,346,640,1971,13,5,1,9
Howden Ganley,307,640,1971,0,19,0,5
François Cevert,327,640,1971,12,7,0,3
Emerson Fittipaldi,224,640,1971,16,4,0,8
Ronnie Peterson,238,640,1971,17,3,0,2
Chris Amon,278,640,1971,8,10,0,6
Helmut Marko,337,641,1971,0,27,0,12
Nanni Galli,330,641,1971,0,26,0,16
Peter Gethin,320,641,1971,9,9,1,14
Jo Siffert,346,641,1971,13,6,1,9
François Cevert,327,641,1971,16,4,0,6
John Surtees,341,641,1971,3,17,0,11
Emerson Fittipaldi,224,641,1971,16,5,0,7
Ronnie Peterson,238,641,1971,23,2,0,2
Jacky Ickx,235,641,1971,19,3,1,8
Denny Hulme,304,641,1971,6,13,0,4
Chris Amon,278,641,1971,9,11,0,10
Reine Wisell,317,641,1971,7,12,0,5
Jackie Stewart,328,641,1971,51,1,5,1
Mario Andretti,207,641,1971,12,7,1,13
Mike Hailwood,305,642,1971,3,17,0,15
Helmut Marko,337,642,1971,0,28,0,13
Jean-Pierre Beltoise,306,642,1971,1,22,0,8
Jo Bonnier,347,642,1971,0,26,0,16
Peter Gethin,320,642,1971,9,9,1,9
Jo Siffert,346,642,1971,13,6,1,2
Howden Ganley,307,642,1971,2,20,0,4
François Cevert,327,642,1971,17,4,0,1
John Surtees,341,642,1971,3,18,0,17
Andrea de Adamich,333,642,1971,0,30,0,11
Ronnie Peterson,238,642,1971,29,2,0,3
Graham Hill,289,642,1971,2,21,0,7
Chris Amon,278,642,1971,9,11,0,12
Clay Regazzoni,223,642,1971,12,8,0,6
Jackie Stewart,328,642,1971,60,1,6,5
Mario Andretti,207,644,1970,0,20,0,3
Bruce McLaren,360,644,1970,0,18,0,2
Johnny Servoz-Gavin,359,644,1970,0,17,0,5
Graham Hill,289,644,1970,1,6,0,4
Jackie Stewart,328,644,1970,4,3,0,1
Jochen Rindt,358,645,1970,0,16,0,1
Jo Siffert,346,645,1970,0,13,0,8
Pedro Rodríguez,345,645,1970,0,12,0,6
Henri Pescarolo,280,645,1970,0,10,0,3
Graham Hill,289,645,1970,4,6,0,5
Denny Hulme,304,645,1970,6,3,0,4
Jack Brabham,356,645,1970,9,2,1,2
Chris Amon,278,646,1970,0,20,0,2
Rolf Stommelen,243,646,1970,0,19,0,5
Jacky Ickx,235,646,1970,0,23,0,8
Jo Siffert,346,646,1970,0,14,0,7
Pedro Rodríguez,345,646,1970,1,12,0,1
Henri Pescarolo,280,646,1970,4,7,0,6
Jean-Pierre Beltoise,306,646,1970,3,9,0,3
Ronnie Peterson,238,647,1970,0,17,0,9
John Surtees,341,647,1970,0,22,0,6
Jacky Ickx,235,647,1970,0,18,0,3
Jochen Rindt,358,647,1970,9,4,1,1
Pedro Rodríguez,345,647,1970,10,3,1,10
Henri Pescarolo,280,647,1970,5,10,0,8
John Miles,357,647,1970,2,14,0,7
Jean-Pierre Beltoise,306,647,1970,7,6,0,5
Jackie Stewart,328,647,1970,13,2,1,2
Jack Brabham,356,647,1970,15,1,1,11
Dan Gurney,364,648,1970,0,31,0,6
François Cevert,327,648,1970,0,26,0,11
Ignazio Giunti,363,648,1970,3,13,0,14
Chris Amon,278,648,1970,6,7,0,2
Rolf Stommelen,243,648,1970,2,16,0,7
George Eaton,352,648,1970,0,27,0,12
Jochen Rindt,358,648,1970,18,2,2,1
Henri Pescarolo,280,648,1970,5,10,0,5
Graham Hill,289,648,1970,6,9,0,10
John Miles,357,648,1970,2,15,0,8
Jean-Pierre Beltoise,306,648,1970,9,6,0,13
Jackie Stewart,328,648,1970,19,1,1,9
Denny Hulme,304,648,1970,9,5,0,4
Jack Brabham,356,648,1970,15,3,1,3
François Cevert,327,649,1970,0,23,0,7
Clay Regazzoni,223,649,1970,3,14,0,4
Ronnie Peterson,238,649,1970,0,21,0,9
Chris Amon,278,649,1970,12,4,0,5
Jochen Rindt,358,649,1970,27,1,3,1
Graham Hill,289,649,1970,6,10,0,6
Denny Hulme,304,649,1970,12,5,0,3
Jack Brabham,356,649,1970,19,3,1,2
Emerson Fittipaldi,224,650,1970,0,23,0,4
François Cevert,327,650,1970,0,22,0,7
Rolf Stommelen,243,650,1970,2,16,0,5
John Surtees,341,650,1970,1,18,0,9
Jacky Ickx,235,650,1970,4,12,0,2
Jochen Rindt,358,650,1970,36,1,4,1
Jo Siffert,346,650,1970,0,20,0,8
Henri Pescarolo,280,650,1970,7,8,0,6
Denny Hulme,304,650,1970,16,4,0,3
Emerson Fittipaldi,224,651,1970,3,15,0,15
Peter Gethin,320,651,1970,0,33,0,10
Clay Regazzoni,223,651,1970,6,12,0,2
Ignazio Giunti,363,651,1970,3,16,0,7
Andrea de Adamich,333,651,1970,0,31,0,12
Chris Amon,278,651,1970,14,5,0,8
Jackie Oliver,262,651,1970,0,30,0,5
Rolf Stommelen,243,651,1970,4,14,0,3
George Eaton,352,651,1970,0,26,0,11
Jacky Ickx,235,651,1970,10,7,0,1
Jo Siffert,346,651,1970,0,22,0,9
Pedro Rodríguez,345,651,1970,10,6,1,4
Henri Pescarolo,280,651,1970,8,9,0,14
Jean-Pierre Beltoise,306,651,1970,9,8,0,6
Jack Brabham,356,651,1970,25,2,1,13
François Cevert,327,652,1970,0,22,0,6
Clay Regazzoni,223,652,1970,12,8,0,1
Andrea de Adamich,333,652,1970,0,29,0,8
Chris Amon,278,652,1970,14,6,0,7
Rolf Stommelen,243,652,1970,8,10,0,5
Jean-Pierre Beltoise,306,652,1970,10,9,0,3
Jackie Stewart,328,652,1970,19,5,1,2
Denny Hulme,304,652,1970,20,3,0,4
Peter Gethin,320,653,1970,0,27,0,6
François Cevert,327,653,1970,1,20,0,9
Clay Regazzoni,223,653,1970,21,5,1,2
Chris Amon,278,653,1970,14,7,0,3
George Eaton,352,653,1970,0,28,0,10
John Surtees,341,653,1970,1,21,0,5
Jacky Ickx,235,653,1970,19,6,1,1
Pedro Rodríguez,345,653,1970,13,9,1,4
Henri Pescarolo,280,653,1970,8,11,0,7
Jean-Pierre Beltoise,306,653,1970,14,8,0,8
Emerson Fittipaldi,224,654,1970,3,16,0,1
Peter Gethin,320,654,1970,1,22,0,14
Clay Regazzoni,223,654,1970,27,3,1,13
Derek Bell,321,654,1970,0,34,0,6
Ronnie Peterson,238,654,1970,0,25,0,11
Chris Amon,278,654,1970,18,7,0,5
Rolf Stommelen,243,654,1970,10,10,0,12
Jacky Ickx,235,654,1970,28,2,2,4
Jo Siffert,346,654,1970,0,24,0,9
Pedro Rodríguez,345,654,1970,16,8,1,2
Henri Pescarolo,280,654,1970,8,11,0,8
Denny Hulme,304,654,1970,23,6,0,7
Jack Brabham,356,654,1970,25,5,1,10
Clay Regazzoni,223,655,1970,27,3,1,2
Chris Amon,278,655,1970,20,8,0,4
Jackie Oliver,262,655,1970,2,20,0,7
John Surtees,341,655,1970,3,18,0,8
Jacky Ickx,235,655,1970,31,2,2,1
Pedro Rodríguez,345,655,1970,22,7,1,6
Henri Pescarolo,280,655,1970,8,12,0,9
Jean-Pierre Beltoise,306,655,1970,14,9,0,5
Denny Hulme,304,655,1970,23,6,0,3
Jacky Ickx,235,657,1969,0,17,0,6
John Surtees,341,657,1969,0,11,0,5
Jean-Pierre Beltoise,306,657,1969,1,6,0,3
Bruce McLaren,360,657,1969,2,5,0,2
Denny Hulme,304,657,1969,4,3,0,4
Jackie Stewart,328,657,1969,9,1,1,1
Piers Courage,361,658,1969,0,16,0,2
Bruce McLaren,360,658,1969,8,2,0,5
Jo Siffert,346,658,1969,3,6,0,3
Denny Hulme,304,658,1969,7,3,0,6
Graham Hill,289,658,1969,6,4,0,1
Vic Elford,350,659,1969,0,12,0,10
Jacky Ickx,235,659,1969,1,10,0,5
Jack Brabham,356,659,1969,0,16,0,6
Chris Amon,278,659,1969,0,15,0,3
John Surtees,341,659,1969,2,9,0,9
Jean-Pierre Beltoise,306,659,1969,5,7,0,8
Jo Siffert,346,659,1969,7,5,0,2
Denny Hulme,304,659,1969,8,4,0,4
Graham Hill,289,659,1969,15,2,1,7
Jackie Stewart,328,659,1969,18,1,2,1
Silvio Moser,351,660,1969,0,19,0,7
Vic Elford,350,660,1969,0,13,0,5
Jacky Ickx,235,660,1969,3,10,0,3
Jean-Pierre Beltoise,306,660,1969,5,7,0,2
Bruce McLaren,360,660,1969,10,5,0,4
Jo Siffert,346,660,1969,13,3,0,9
Denny Hulme,304,660,1969,11,4,0,8
Graham Hill,289,660,1969,15,2,1,6
Jackie Stewart,328,660,1969,27,1,3,1
John Miles,357,661,1969,0,20,0,10
Vic Elford,350,661,1969,2,11,0,6
Piers Courage,361,661,1969,6,8,0,5
Jacky Ickx,235,661,1969,7,7,0,2
Jochen Rindt,358,661,1969,0,19,0,4
Jean-Pierre Beltoise,306,661,1969,11,5,0,9
Bruce McLaren,360,661,1969,13,4,0,3
Jo Siffert,346,661,1969,13,3,0,8
Graham Hill,289,661,1969,16,2,1,7
Jackie Stewart,328,661,1969,36,1,4,1
Jacky Ickx,235,662,1969,13,5,0,1
Jean-Pierre Beltoise,306,662,1969,11,6,0,6
Bruce McLaren,360,662,1969,17,2,0,3
Jo Siffert,346,662,1969,13,4,0,5
Graham Hill,289,662,1969,16,3,1,4
Jackie Stewart,328,662,1969,45,1,5,2
Piers Courage,361,663,1969,8,8,0,5
Jacky Ickx,235,663,1969,22,2,1,10
Pedro Rodríguez,345,663,1969,0,19,0,6
Jochen Rindt,358,663,1969,3,10,0,2
Jean-Pierre Beltoise,306,663,1969,12,6,0,3
Bruce McLaren,360,663,1969,21,3,0,4
Jo Siffert,346,663,1969,15,5,0,8
Denny Hulme,304,663,1969,11,7,0,7
Graham Hill,289,663,1969,19,4,1,9
Jackie Stewart,328,663,1969,51,1,5,1
Jacky Ickx,235,664,1969,22,3,1,1
Jack Brabham,356,664,1969,1,15,0,2
Jochen Rindt,358,664,1969,9,9,0,3
Jean-Pierre Beltoise,306,664,1969,16,5,0,4
Bruce McLaren,360,664,1969,24,2,0,5
Silvio Moser,351,665,1969,0,18,0,6
Piers Courage,361,665,1969,10,9,0,2
Jack Brabham,356,665,1969,7,10,0,4
Pedro Rodríguez,345,665,1969,1,15,0,5
John Surtees,341,665,1969,2,14,0,3
Jochen Rindt,358,665,1969,13,7,0,1
Pete Lovely,353,666,1969,0,19,0,9
Johnny Servoz-Gavin,359,666,1969,1,17,0,8
Silvio Moser,351,666,1969,1,16,0,11
Piers Courage,361,666,1969,16,7,0,10
Jacky Ickx,235,666,1969,31,2,2,2
Jack Brabham,356,666,1969,10,10,0,3
Pedro Rodríguez,345,666,1969,3,15,0,7
Jackie Oliver,262,666,1969,0,18,0,6
Jean-Pierre Beltoise,306,666,1969,19,6,0,5
Denny Hulme,304,666,1969,11,9,0,1
Jackie Stewart,328,666,1969,60,1,6,4
Ludovico Scarfiotti,375,668,1968,0,23,0,4
Brian Redman,312,668,1968,0,21,0,3
Jean-Pierre Beltoise,306,668,1968,1,6,0,5
Denny Hulme,304,668,1968,2,5,0,2
Graham Hill,289,668,1968,6,2,0,1
Ludovico Scarfiotti,375,669,1968,3,7,0,4
Denny Hulme,304,669,1968,8,3,0,5
Graham Hill,289,669,1968,15,1,1,1
Jackie Oliver,262,670,1968,0,25,0,5
Lucien Bianchi,376,670,1968,4,8,0,6
Bruce McLaren,360,670,1968,0,14,0,1
Pedro Rodríguez,345,670,1968,0,15,0,2
Jackie Stewart,328,670,1968,0,23,0,4
Jacky Ickx,235,670,1968,0,19,0,3
Jo Siffert,346,670,1968,0,11,0,7
Jean-Pierre Beltoise,306,670,1968,3,10,0,8
Silvio Moser,351,671,1968,0,27,0,5
Richard Attwood,370,671,1968,6,6,0,7
Pedro Rodríguez,345,671,1968,6,5,0,3
Jackie Stewart,328,671,1968,3,13,0,1
Jo Bonnier,347,671,1968,0,23,0,8
Jacky Ickx,235,671,1968,4,9,0,4
Jean-Pierre Beltoise,306,671,1968,3,14,0,2
Chris Amon,278,671,1968,3,12,0,6
Graham Hill,289,671,1968,24,1,2,9
Richard Attwood,370,672,1968,6,9,0,7
Piers Courage,361,672,1968,0,21,0,6
Bruce McLaren,360,672,1968,9,5,1,8
Jackie Stewart,328,672,1968,12,2,1,3
Jacky Ickx,235,672,1968,7,8,0,1
John Surtees,341,672,1968,0,18,0,2
Jo Siffert,346,672,1968,0,17,0,11
Jean-Pierre Beltoise,306,672,1968,9,7,0,9
Denny Hulme,304,672,1968,10,4,0,5
Chris Amon,278,672,1968,4,14,0,10
Piers Courage,361,673,1968,1,19,0,8
Bruce McLaren,360,673,1968,9,6,1,7
Jackie Stewart,328,673,1968,16,3,1,6
Jacky Ickx,235,673,1968,16,2,1,3
John Surtees,341,673,1968,6,10,0,5
Jo Siffert,346,673,1968,0,20,0,1
Denny Hulme,304,673,1968,12,4,0,4
Chris Amon,278,673,1968,4,15,0,2
Jackie Oliver,262,674,1968,2,18,0,11
Richard Attwood,370,674,1968,6,12,0,14
Piers Courage,361,674,1968,1,20,0,8
Bruce McLaren,360,674,1968,9,8,1,13
Jack Brabham,356,674,1968,0,25,0,5
Pedro Rodríguez,345,674,1968,10,5,0,6
Jackie Stewart,328,674,1968,17,3,1,1
Jacky Ickx,235,674,1968,20,2,1,4
Dan Gurney,364,674,1968,0,24,0,9
Denny Hulme,304,674,1968,15,4,0,7
Jochen Rindt,358,674,1968,4,15,0,3
Graham Hill,289,674,1968,24,1,2,2
Johnny Servoz-Gavin,359,675,1968,0,29,0,2
Piers Courage,361,675,1968,1,21,0,4
Jo Bonnier,347,675,1968,0,22,0,6
Jacky Ickx,235,675,1968,23,3,1,3
Jean-Pierre Beltoise,306,675,1968,9,10,0,5
Denny Hulme,304,675,1968,15,4,0,1
Vic Elford,350,676,1968,3,19,0,5
Bruce McLaren,360,676,1968,9,9,1,2
Pedro Rodríguez,345,676,1968,11,5,0,3
Jackie Stewart,328,676,1968,26,3,2,6
Denny Hulme,304,676,1968,24,4,1,1
Graham Hill,289,676,1968,30,1,2,4
Bruce McLaren,360,677,1968,15,5,1,6
Jackie Stewart,328,677,1968,27,3,2,1
Dan Gurney,364,677,1968,0,24,0,4
John Surtees,341,677,1968,8,11,0,3
Jo Siffert,346,677,1968,9,9,1,5
Graham Hill,289,677,1968,33,1,2,2
Henri Pescarolo,280,678,1968,0,30,0,9
Vic Elford,350,678,1968,5,17,0,8
Jackie Oliver,262,678,1968,2,21,0,3
Bruce McLaren,360,678,1968,16,5,1,2
Jack Brabham,356,678,1968,2,22,0,10
Pedro Rodríguez,345,678,1968,15,6,0,4
Jackie Stewart,328,678,1968,36,2,3,7
Jo Bonnier,347,678,1968,1,24,0,5
Jo Siffert,346,678,1968,11,8,1,6
Graham Hill,289,678,1968,39,1,2,1
Graham Hill,289,680,1967,0,17,0,2
Mike Spence,374,680,1967,0,14,0,6
Denny Hulme,304,680,1967,3,4,0,1
Chris Amon,278,681,1967,4,6,0,4
Jim Clark,373,681,1967,0,15,0,1
Mike Spence,374,681,1967,1,9,0,8
Jo Siffert,346,681,1967,0,17,0,10
Bob Anderson,383,681,1967,2,8,0,9
Denny Hulme,304,681,1967,12,1,1,3
Jackie Stewart,328,682,1967,0,22,0,2
Jim Clark,373,682,1967,9,3,1,6
Mike Spence,374,682,1967,1,12,0,5
Jochen Rindt,358,682,1967,0,23,0,4
Jo Siffert,346,682,1967,0,15,0,7
Dan Gurney,364,682,1967,0,21,0,1
Chris Irwin,388,683,1967,0,18,0,5
Jackie Stewart,328,683,1967,6,7,0,3
Jo Siffert,346,683,1967,0,17,0,4
Denny Hulme,304,683,1967,16,1,1,2
Guy Ligier,389,684,1967,0,19,0,10
Chris Irwin,388,684,1967,2,15,0,7
Chris Amon,278,684,1967,11,4,0,3
Jim Clark,373,684,1967,10,5,1,1
Jack Brabham,356,684,1967,16,2,1,4
Denny Hulme,304,684,1967,22,1,1,2
John Surtees,341,684,1967,4,10,0,6
Alan Rees,390,685,1967,0,20,0,7
David Hobbs,322,685,1967,0,19,0,10
Guy Ligier,389,685,1967,0,21,0,8
Chris Irwin,388,685,1967,2,15,0,9
Chris Amon,278,685,1967,15,4,0,3
Jo Bonnier,347,685,1967,0,27,0,6
Denny Hulme,304,685,1967,28,1,1,1
David Hobbs,322,686,1967,0,23,0,9
Bruce McLaren,360,686,1967,3,13,0,7
Chris Amon,278,686,1967,19,4,0,6
Graham Hill,289,686,1967,6,9,0,4
Jo Bonnier,347,686,1967,2,18,0,8
Mike Spence,374,686,1967,3,14,0,5
Dan Gurney,364,686,1967,9,7,1,3
Jack Brabham,356,686,1967,25,2,1,1
Denny Hulme,304,686,1967,37,1,2,2
Jacky Ickx,235,687,1967,0,31,0,6
Chris Amon,278,687,1967,20,3,0,7
Jim Clark,373,687,1967,19,4,2,3
Mike Spence,374,687,1967,5,11,0,5
Jochen Rindt,358,687,1967,3,14,0,4
Jean-Pierre Beltoise,306,688,1967,0,38,0,7
Jim Clark,373,688,1967,23,3,2,1
Jo Bonnier,347,688,1967,2,18,0,6
Jo Siffert,346,688,1967,3,13,0,4
Denny Hulme,304,688,1967,43,1,2,3
Guy Ligier,389,689,1967,1,21,0,11
Jean-Pierre Beltoise,306,689,1967,0,24,0,7
Chris Amon,278,689,1967,20,4,0,9
Jim Clark,373,689,1967,32,3,3,1
Jo Bonnier,347,689,1967,3,15,0,10
Mike Spence,374,689,1967,7,10,0,5
Jo Siffert,346,689,1967,6,12,0,12
John Surtees,341,691,1966,0,13,0,1
Jack Brabham,356,691,1966,0,12,0,4
Jochen Rindt,358,691,1966,0,9,0,2
Richie Ginther,386,691,1966,0,5,0,5
Lorenzo Bandini,385,691,1966,6,2,0,3
Dan Gurney,364,692,1966,0,11,0,5
Bob Anderson,383,692,1966,0,17,0,7
Denny Hulme,304,692,1966,0,15,0,3
Jack Brabham,356,692,1966,3,6,0,1
Jochen Rindt,358,692,1966,6,4,0,4
John Taylor,399,693,1966,1,12,0,8
Bruce McLaren,360,693,1966,0,21,0,6
Denny Hulme,304,693,1966,4,8,0,2
Jack Brabham,356,693,1966,12,1,1,1
Jochen Rindt,358,693,1966,9,5,0,5
Jim Clark,373,693,1966,0,17,0,4
Guy Ligier,389,693,1966,0,15,0,10
Bob Bondurant,396,693,1966,3,9,0,9
Graham Hill,289,693,1966,4,7,0,3
John Taylor,399,694,1966,1,13,0,8
Jack Brabham,356,694,1966,21,1,2,1
Mike Spence,374,694,1966,0,21,0,5
Jim Clark,373,694,1966,3,10,0,3
Jo Bonnier,347,694,1966,0,20,0,7
Guy Ligier,389,694,1966,0,18,0,9
Graham Hill,289,694,1966,8,7,0,2
Lorenzo Bandini,385,694,1966,10,3,0,6
Jackie Stewart,328,694,1966,9,5,1,4
Peter Arundell,397,695,1966,0,24,0,8
Dan Gurney,364,695,1966,2,12,0,7
John Surtees,341,695,1966,9,7,1,2
Jack Brabham,356,695,1966,30,1,3,1
Jochen Rindt,358,695,1966,11,5,0,3
Graham Hill,289,695,1966,14,2,0,4
Lorenzo Bandini,385,695,1966,11,4,0,6
Jackie Stewart,328,695,1966,12,3,1,5
Ludovico Scarfiotti,375,696,1966,0,25,0,1
Mike Parkes,387,696,1966,6,9,0,2
Peter Arundell,397,696,1966,0,19,0,8
Bob Anderson,383,696,1966,0,17,0,6
Denny Hulme,304,696,1966,10,7,0,3
Mike Spence,374,696,1966,2,13,0,5
Jochen Rindt,358,696,1966,15,4,0,4
Bob Bondurant,396,696,1966,3,10,0,7
Peter Arundell,397,697,1966,0,20,0,6
Bruce McLaren,360,697,1966,1,17,0,5
John Surtees,341,697,1966,15,4,1,3
Jo Siffert,346,697,1966,0,25,0,4
Jochen Rindt,358,697,1966,18,2,0,2
Jim Clark,373,697,1966,7,10,0,1
Ronnie Bucknum,405,698,1966,0,29,0,8
Peter Arundell,397,698,1966,1,18,0,7
Dan Gurney,364,698,1966,2,15,0,5
Denny Hulme,304,698,1966,14,7,0,3
John Surtees,341,698,1966,19,3,1,1
Jack Brabham,356,698,1966,39,1,4,2
Jo Bonnier,347,698,1966,0,20,0,6
Richie Ginther,386,698,1966,2,16,0,4
Jo Bonnier,347,700,1965,0,17,0,7
Bob Anderson,383,700,1965,0,16,0,9
Lorenzo Bandini,385,700,1965,0,15,0,2
Paul Hawkins,406,700,1965,0,9,0,10
Jo Siffert,346,700,1965,0,7,0,6
Jackie Stewart,328,700,1965,1,6,0,3
Bruce McLaren,360,700,1965,2,5,0,5
Graham Hill,289,700,1965,4,3,0,1
John Surtees,341,700,1965,6,2,0,4
Richie Ginther,386,701,1965,0,22,0,6
Richard Attwood,370,701,1965,0,19,0,14
Dan Gurney,364,701,1965,0,25,0,10
Jochen Rindt,358,701,1965,0,23,0,11
Lorenzo Bandini,385,701,1965,6,4,0,9
Jack Brabham,356,701,1965,0,10,0,4
Jo Siffert,346,701,1965,1,8,0,8
Jackie Stewart,328,701,1965,5,5,0,2
Bruce McLaren,360,701,1965,4,6,0,3
Mike Spence,374,701,1965,3,7,0,7
Graham Hill,289,701,1965,13,1,1,5
Jim Clark,373,701,1965,9,2,1,1
Denny Hulme,304,702,1965,0,12,0,4
Bob Anderson,383,702,1965,0,14,0,9
Lorenzo Bandini,385,702,1965,6,6,0,8
Jo Siffert,346,702,1965,1,9,0,6
Jackie Stewart,328,702,1965,11,3,0,2
Mike Spence,374,702,1965,3,7,0,7
Graham Hill,289,702,1965,15,2,1,5
John Surtees,341,702,1965,9,4,0,3
Jim Clark,373,702,1965,18,1,2,1
Masten Gregory,418,703,1965,0,27,0,12
Richard Attwood,370,703,1965,0,23,0,13
Dan Gurney,364,703,1965,0,15,0,6
Jochen Rindt,358,703,1965,0,17,0,14
Jo Bonnier,347,703,1965,0,12,0,7
Frank Gardner,380,703,1965,0,19,0,8
Jo Siffert,346,703,1965,2,10,0,9
Jackie Stewart,328,703,1965,17,3,0,5
Bruce McLaren,360,703,1965,8,5,0,10
Mike Spence,374,703,1965,3,7,0,4
Graham Hill,289,703,1965,17,2,1,2
John Surtees,341,703,1965,13,4,0,3
Jim Clark,373,703,1965,27,1,3,1
Innes Ireland,404,704,1965,0,24,0,10
Richie Ginther,386,704,1965,1,12,0,6
Richard Attwood,370,704,1965,0,23,0,12
Denny Hulme,304,704,1965,3,9,0,5
Dan Gurney,364,704,1965,1,11,0,3
Lorenzo Bandini,385,704,1965,6,6,0,9
Frank Gardner,380,704,1965,0,14,0,11
Jo Siffert,346,704,1965,2,10,0,13
Jackie Stewart,328,704,1965,19,3,0,2
Mike Spence,374,704,1965,6,7,0,8
Graham Hill,289,704,1965,23,2,1,4
John Surtees,341,704,1965,17,4,0,7
Jim Clark,373,704,1965,36,1,4,1
Masten Gregory,418,705,1965,0,23,0,8
Dan Gurney,364,705,1965,5,8,0,3
Jochen Rindt,358,705,1965,0,19,0,4
Jo Bonnier,347,705,1965,0,13,0,7
Lorenzo Bandini,385,705,1965,6,6,0,6
Jack Brabham,356,705,1965,3,10,0,5
Graham Hill,289,705,1965,26,2,1,2
Jim Clark,373,705,1965,45,1,5,1
Roberto Bussinello,424,706,1965,0,33,0,13
Innes Ireland,404,706,1965,0,19,0,9
Richie Ginther,386,706,1965,2,13,0,14
Richard Attwood,370,706,1965,0,23,0,6
Dan Gurney,364,706,1965,9,5,0,3
Jochen Rindt,358,706,1965,3,11,0,8
Jo Bonnier,347,706,1965,0,14,0,7
Lorenzo Bandini,385,706,1965,7,7,0,4
Jackie Stewart,328,706,1965,25,3,0,1
Bruce McLaren,360,706,1965,8,6,0,5
Mike Spence,374,706,1965,6,8,0,11
Graham Hill,289,706,1965,30,2,1,2
Jim Clark,373,706,1965,54,1,6,10
Richie Ginther,386,707,1965,2,13,0,7
Ronnie Bucknum,405,707,1965,0,31,0,13
Richard Attwood,370,707,1965,1,14,0,10
Dan Gurney,364,707,1965,13,5,0,2
Jochen Rindt,358,707,1965,3,11,0,6
Jo Bonnier,347,707,1965,0,15,0,8
Lorenzo Bandini,385,707,1965,10,6,0,4
Jack Brabham,356,707,1965,5,9,0,3
Jo Siffert,346,707,1965,2,12,0,11
Graham Hill,289,707,1965,34,2,1,1
Pedro Rodríguez,345,708,1965,2,12,0,7
Richie Ginther,386,708,1965,2,14,0,1
Ronnie Bucknum,405,708,1965,0,29,0,5
Richard Attwood,370,708,1965,1,15,0,6
Dan Gurney,364,708,1965,19,4,0,2
Lorenzo Bandini,385,708,1965,13,6,0,8
Jo Siffert,346,708,1965,2,13,0,4
Mike Spence,374,708,1965,6,9,0,3
Giancarlo Baghetti,394,710,1964,0,22,0,10
Chris Amon,278,710,1964,0,17,0,5
John Surtees,341,710,1964,0,15,0,2
Bruce McLaren,360,710,1964,0,14,0,7
Phil Hill,403,710,1964,0,9,0,8
Jo Siffert,346,710,1964,0,8,0,13
Bob Anderson,383,710,1964,0,7,0,6
Mike Hailwood,305,710,1964,1,6,0,12
Jo Bonnier,347,710,1964,2,5,0,9
Jim Clark,373,710,1964,3,4,0,1
Peter Arundell,397,710,1964,4,3,0,3
Richie Ginther,386,710,1964,6,2,0,11
Graham Hill,289,710,1964,9,1,1,4
Giancarlo Baghetti,394,711,1964,0,14,0,8
Innes Ireland,404,711,1964,0,23,0,10
Trevor Taylor,401,711,1964,0,18,0,7
Bruce McLaren,360,711,1964,0,10,0,2
Jack Brabham,356,711,1964,0,17,0,3
Dan Gurney,364,711,1964,0,15,0,6
Jim Clark,373,711,1964,12,1,1,1
Peter Arundell,397,711,1964,8,3,0,9
Richie Ginther,386,711,1964,6,4,0,4
Graham Hill,289,711,1964,12,2,1,5
Chris Amon,278,712,1964,2,9,0,10
Bruce McLaren,360,712,1964,6,5,0,6
Jack Brabham,356,712,1964,4,7,0,3
Maurice Trintignant,427,712,1964,0,19,0,11
Dan Gurney,364,712,1964,1,12,0,1
Lorenzo Bandini,385,712,1964,0,17,0,9
Phil Hill,403,712,1964,0,14,0,7
Bob Anderson,383,712,1964,1,10,0,12
Mike Hailwood,305,712,1964,1,11,0,8
Peter Arundell,397,712,1964,8,4,0,4
Richie Ginther,386,712,1964,9,3,0,5
Graham Hill,289,712,1964,14,2,1,2
Giancarlo Baghetti,394,713,1964,0,15,0,12
Innes Ireland,404,713,1964,0,18,0,10
John Surtees,341,713,1964,6,8,0,3
Jack Brabham,356,713,1964,8,6,0,4
Dan Gurney,364,713,1964,10,5,1,13
Lorenzo Bandini,385,713,1964,0,17,0,5
Phil Hill,403,713,1964,0,13,0,6
Jo Siffert,346,713,1964,0,16,0,11
Bob Anderson,383,713,1964,1,11,0,7
Jim Clark,373,713,1964,21,1,2,1
Richie Ginther,386,713,1964,11,3,0,8
Graham Hill,289,713,1964,20,2,1,2
Mike Spence,374,714,1964,0,18,0,8
Tony Maggs,408,714,1964,0,24,0,6
Peter Revson,309,714,1964,0,23,0,14
Chris Amon,278,714,1964,2,11,0,11
John Surtees,341,714,1964,10,7,0,1
Jack Brabham,356,714,1964,11,5,0,12
Maurice Trintignant,427,714,1964,0,20,0,5
Dan Gurney,364,714,1964,10,6,1,10
Lorenzo Bandini,385,714,1964,2,9,0,3
Jo Siffert,346,714,1964,0,17,0,4
Richie Ginther,386,714,1964,11,3,0,7
Graham Hill,289,714,1964,26,2,1,2
Tony Maggs,408,715,1964,1,17,0,4
Giancarlo Baghetti,394,715,1964,0,20,0,7
Innes Ireland,404,715,1964,0,22,0,5
Jack Brabham,356,715,1964,11,6,0,9
Lorenzo Bandini,385,715,1964,6,9,0,1
Bob Anderson,383,715,1964,1,14,0,3
Mike Hailwood,305,715,1964,1,16,0,8
Jo Bonnier,347,715,1964,2,11,0,6
Richie Ginther,386,715,1964,11,4,0,2
Mike Spence,374,716,1964,0,21,0,6
Giancarlo Baghetti,394,716,1964,0,19,0,8
Innes Ireland,404,716,1964,2,14,0,5
Peter Revson,309,716,1964,0,24,0,13
John Surtees,341,716,1964,19,3,1,1
Bruce McLaren,360,716,1964,7,9,0,2
Jack Brabham,356,716,1964,11,6,0,14
Dan Gurney,364,716,1964,10,8,1,10
Lorenzo Bandini,385,716,1964,15,5,1,3
Jo Siffert,346,716,1964,3,12,0,7
Bob Anderson,383,716,1964,5,10,0,11
Jo Bonnier,347,716,1964,3,13,0,12
Jim Clark,373,716,1964,30,2,3,15
Richie Ginther,386,716,1964,17,4,0,4
Trevor Taylor,401,717,1964,0,21,0,6
John Surtees,341,717,1964,28,3,2,2
Jo Siffert,346,717,1964,3,13,0,3
Mike Hailwood,305,717,1964,1,18,0,8
Jim Clark,373,717,1964,30,2,3,7
Richie Ginther,386,717,1964,20,4,0,4
Graham Hill,289,717,1964,32,1,1,1
Hap Sharp,434,718,1964,0,29,0,13
Mike Spence,374,718,1964,1,21,0,4
Innes Ireland,404,718,1964,4,13,0,12
John Surtees,341,718,1964,34,2,2,2
Bruce McLaren,360,718,1964,13,6,0,7
Dan Gurney,364,718,1964,10,9,1,1
Lorenzo Bandini,385,718,1964,19,5,1,3
Phil Hill,403,718,1964,1,18,0,9
Jim Clark,373,718,1964,30,3,3,5
Richie Ginther,386,718,1964,23,4,0,8
Graham Hill,289,718,1964,39,1,2,11
Carel Godin de Beaufort,430,720,1963,0,25,0,6
Tony Settember,438,720,1963,0,22,0,8
Dan Gurney,364,720,1963,0,13,0,3
Jim Clark,373,720,1963,0,8,0,1
Jo Bonnier,347,720,1963,0,7,0,5
Tony Maggs,408,720,1963,2,5,0,7
Bruce McLaren,360,720,1963,4,3,0,2
Richie Ginther,386,720,1963,6,2,0,4
Ludovico Scarfiotti,375,721,1963,0,26,0,6
Jo Bonnier,347,721,1963,2,7,0,11
Carel Godin de Beaufort,430,721,1963,1,10,0,9
Jo Siffert,346,721,1963,0,18,0,7
Jim Hall,440,721,1963,0,16,0,8
Dan Gurney,364,721,1963,4,5,0,2
Innes Ireland,404,721,1963,0,13,0,4
Jim Clark,373,721,1963,9,2,1,1
Trevor Taylor,401,721,1963,1,9,0,10
Lorenzo Bandini,385,722,1963,0,28,0,10
Chris Amon,278,722,1963,0,20,0,7
Jo Siffert,346,722,1963,0,13,0,6
Jim Hall,440,722,1963,0,14,0,11
Dan Gurney,364,722,1963,10,3,0,5
Maurice Trintignant,427,722,1963,0,19,0,8
Tony Maggs,408,722,1963,2,9,0,2
Graham Hill,289,722,1963,9,5,1,3
Masten Gregory,418,723,1963,0,24,0,11
Carel Godin de Beaufort,430,723,1963,1,12,0,10
Lorenzo Bandini,385,723,1963,0,19,0,5
John Campbell-Jones,436,723,1963,0,27,0,13
Chris Amon,278,723,1963,0,15,0,7
Jim Hall,440,723,1963,0,16,0,6
Jim Clark,373,723,1963,27,1,3,1
Jim Clark,373,724,1963,36,1,4,2
Jack Brabham,356,724,1963,3,9,0,7
Jim Hall,440,724,1963,1,13,0,5
Jo Siffert,346,724,1963,1,12,0,9
Bernard Collomb,428,724,1963,0,28,0,10
Gerhard Mitter,423,724,1963,0,31,0,4
Maurice Trintignant,427,725,1963,0,19,0,9
Dan Gurney,364,725,1963,12,5,0,14
Jim Hall,440,725,1963,3,12,0,8
Phil Hill,403,725,1963,0,28,0,11
Giancarlo Baghetti,394,725,1963,0,31,0,15
Bob Anderson,383,725,1963,0,24,0,12
Mike Hailwood,305,725,1963,0,21,0,10
Jo Bonnier,347,725,1963,3,11,0,7
Jim Clark,373,725,1963,42,1,4,1
Graham Hill,289,726,1963,13,5,1,1
Carel Godin de Beaufort,430,726,1963,1,16,0,6
Lorenzo Bandini,385,726,1963,2,13,0,5
Jack Brabham,356,726,1963,5,9,0,4
Jim Clark,373,726,1963,51,1,5,3
Jo Bonnier,347,726,1963,3,11,0,8
Dan Gurney,364,727,1963,12,6,0,6
Jim Hall,440,727,1963,3,13,0,8
Jo Siffert,346,727,1963,1,15,0,9
Hap Sharp,434,727,1963,0,37,0,7
Carel Godin de Beaufort,430,727,1963,2,14,0,10
Jim Clark,373,727,1963,51,1,5,1
Jack Brabham,356,727,1963,8,8,0,2
Dan Gurney,364,728,1963,13,7,0,2
Jack Brabham,356,728,1963,14,6,0,13
Carel Godin de Beaufort,430,728,1963,2,14,0,10
Lorenzo Bandini,385,728,1963,4,11,0,5
Jack Brabham,356,730,1962,0,19,0,8
John Surtees,341,730,1962,0,18,0,4
Bruce McLaren,360,730,1962,0,16,0,1
Jo Bonnier,347,730,1962,0,7,0,5
Phil Hill,403,730,1962,4,3,0,2
Graham Hill,289,730,1962,9,1,1,6
Jo Siffert,346,731,1962,0,23,0,10
Maurice Trintignant,427,731,1962,0,22,0,8
Jack Brabham,356,731,1962,0,13,0,6
John Surtees,341,731,1962,3,6,0,5
Ricardo Rodríguez,454,731,1962,0,16,0,4
Jim Clark,373,731,1962,0,14,0,1
Carel Godin de Beaufort,430,731,1962,1,10,0,7
Phil Hill,403,731,1962,10,2,0,3
Graham Hill,289,731,1962,10,1,1,2
Maurice Trintignant,427,732,1962,0,15,0,7
John Surtees,341,732,1962,5,6,0,5
Bruce McLaren,360,732,1962,9,4,1,4
Dan Gurney,364,732,1962,0,24,0,1
Richie Ginther,386,732,1962,0,21,0,3
Carel Godin de Beaufort,430,732,1962,1,12,0,6
Tony Maggs,408,732,1962,2,11,0,2
Trevor Taylor,401,732,1962,6,5,0,8
Graham Hill,289,732,1962,16,1,1,9
Ian Burgess,437,733,1962,0,33,0,12
Jack Brabham,356,733,1962,1,15,0,5
John Surtees,341,733,1962,7,7,0,2
Bruce McLaren,360,733,1962,12,3,1,3
Dan Gurney,364,733,1962,9,5,1,9
Masten Gregory,418,733,1962,0,24,0,7
Innes Ireland,404,733,1962,0,22,0,16
Richie Ginther,386,733,1962,4,9,0,13
Jim Clark,373,733,1962,9,4,1,1
Jackie Lewis,453,733,1962,0,18,0,10
Carel Godin de Beaufort,430,733,1962,2,14,0,14
Tony Maggs,408,733,1962,8,6,0,6
Trevor Taylor,401,733,1962,6,8,0,8
Graham Hill,289,733,1962,16,1,1,4
Ian Burgess,437,734,1962,0,24,0,11
Lucien Bianchi,376,734,1962,0,20,0,16
Nino Vaccarella,425,734,1962,0,36,0,15
Jo Siffert,346,734,1962,0,21,0,12
John Surtees,341,734,1962,13,5,0,2
Bruce McLaren,360,734,1962,16,3,1,5
Dan Gurney,364,734,1962,9,6,1,3
Richie Ginther,386,734,1962,4,9,0,8
Ricardo Rodríguez,454,734,1962,3,11,0,6
Jim Clark,373,734,1962,18,2,2,4
Jo Bonnier,347,734,1962,2,14,0,7
Carel Godin de Beaufort,430,734,1962,2,15,0,13
Tony Maggs,408,734,1962,9,7,0,9
Giancarlo Baghetti,394,734,1962,3,12,0,10
Graham Hill,289,734,1962,19,1,1,1
Nino Vaccarella,425,735,1962,0,26,0,9
Willy Mairesse,435,735,1962,0,18,0,4
Lorenzo Bandini,385,735,1962,4,10,0,8
Bruce McLaren,360,735,1962,18,4,1,3
Dan Gurney,364,735,1962,13,6,1,13
Masten Gregory,418,735,1962,0,17,0,12
Richie Ginther,386,735,1962,4,9,0,2
Ricardo Rodríguez,454,735,1962,4,11,0,14
Jo Bonnier,347,735,1962,2,14,0,6
Carel Godin de Beaufort,430,735,1962,2,15,0,10
Tony Maggs,408,735,1962,9,7,0,7
Giancarlo Baghetti,394,735,1962,3,12,0,5
Phil Hill,403,735,1962,14,5,0,11
Graham Hill,289,735,1962,28,1,2,1
Jack Brabham,356,736,1962,3,15,0,4
Bruce McLaren,360,736,1962,22,2,1,3
Dan Gurney,364,736,1962,13,6,1,5
Masten Gregory,418,736,1962,0,18,0,6
Innes Ireland,404,736,1962,0,28,0,8
Jim Clark,373,736,1962,21,3,2,1
Jo Bonnier,347,736,1962,3,14,0,13
Tony Maggs,408,736,1962,9,8,0,7
Trevor Taylor,401,736,1962,6,9,0,12
Graham Hill,289,736,1962,36,1,3,2
Jack Brabham,356,737,1962,6,10,0,4
Bruce McLaren,360,737,1962,24,3,1,2
Innes Ireland,404,737,1962,0,20,0,5
Richie Ginther,386,737,1962,10,7,0,7
Carel Godin de Beaufort,430,737,1962,2,16,0,11
Tony Maggs,408,737,1962,9,8,0,3
Graham Hill,289,737,1962,39,1,3,1
Graham Hill,289,739,1961,0,16,0,8
Jack Brabham,356,739,1961,0,15,0,6
Tony Brooks,479,739,1961,0,13,0,9
Jo Bonnier,347,739,1961,0,12,0,11
John Surtees,341,739,1961,0,11,0,7
Jim Clark,373,739,1961,0,10,0,3
Hans Herrmann,478,739,1961,0,9,0,15
Bruce McLaren,360,739,1961,1,6,0,12
Dan Gurney,364,739,1961,2,5,0,10
Wolfgang von Trips,476,739,1961,3,4,0,1
Phil Hill,403,739,1961,4,3,0,2
Richie Ginther,386,739,1961,6,2,0,5
Stirling Moss,475,739,1961,9,1,1,4
Carel Godin de Beaufort,430,740,1961,0,17,0,11
Olivier Gendebien,482,740,1961,0,24,0,4
Masten Gregory,418,740,1961,0,19,0,10
Tony Brooks,479,740,1961,0,13,0,13
Jo Bonnier,347,740,1961,0,15,0,7
John Surtees,341,740,1961,0,9,0,5
Jim Clark,373,740,1961,4,5,0,12
Dan Gurney,364,740,1961,2,6,0,6
Wolfgang von Trips,476,740,1961,12,2,1,2
Phil Hill,403,740,1961,10,3,0,1
Richie Ginther,386,740,1961,8,4,0,3
Stirling Moss,475,740,1961,12,1,1,8
Ian Burgess,437,741,1961,0,24,0,14
Masten Gregory,418,741,1961,0,18,0,12
Henry Taylor,481,741,1961,0,25,0,10
Innes Ireland,404,741,1961,0,23,0,4
Graham Hill,289,741,1961,0,13,0,6
Michael May,480,741,1961,0,21,0,11
Jo Bonnier,347,741,1961,0,11,0,7
Jim Clark,373,741,1961,4,5,0,3
Maurice Trintignant,427,741,1961,0,12,0,13
Bruce McLaren,360,741,1961,1,9,0,5
Dan Gurney,364,741,1961,3,7,0,2
Phil Hill,403,741,1961,19,1,1,9
Richie Ginther,386,741,1961,12,4,0,15
Roy Salvadori,456,742,1961,0,17,0,6
Wolfgang Seidel,455,742,1961,0,32,0,17
Lorenzo Bandini,385,742,1961,0,27,0,12
Ian Burgess,437,742,1961,0,26,0,14
Carel Godin de Beaufort,430,742,1961,0,23,0,16
Masten Gregory,418,742,1961,0,21,0,11
Innes Ireland,404,742,1961,3,8,0,10
Jack Brabham,356,742,1961,1,13,0,4
Tony Brooks,479,742,1961,0,18,0,9
Jo Bonnier,347,742,1961,0,14,0,5
Bruce McLaren,360,742,1961,3,10,0,8
Dan Gurney,364,742,1961,9,6,0,7
Wolfgang von Trips,476,742,1961,18,2,1,1
Phil Hill,403,742,1961,19,1,1,2
Richie Ginther,386,742,1961,12,4,0,3
Gerry Ashmore,460,743,1961,0,37,0,16
Tony Maggs,408,743,1961,0,26,0,11
Roy Salvadori,456,743,1961,1,15,0,10
Tony Marsh,459,743,1961,0,34,0,15
Jackie Lewis,453,743,1961,0,20,0,9
Ian Burgess,437,743,1961,0,28,0,12
Carel Godin de Beaufort,430,743,1961,0,23,0,14
John Surtees,341,743,1961,2,13,0,5
Jim Clark,373,743,1961,8,7,0,4
Hans Herrmann,478,743,1961,0,19,0,13
Bruce McLaren,360,743,1961,3,11,0,6
Dan Gurney,364,743,1961,9,6,0,7
Wolfgang von Trips,476,743,1961,27,1,2,2
Phil Hill,403,743,1961,25,2,1,3
Richie Ginther,386,743,1961,16,3,0,8
Stirling Moss,475,743,1961,12,4,1,1
Renato Pirocchi,489,744,1961,0,43,0,12
Tim Parnell,441,744,1961,0,37,0,10
Roy Salvadori,456,744,1961,1,14,0,6
Lorenzo Bandini,385,744,1961,0,27,0,8
Jackie Lewis,453,744,1961,0,19,0,4
Carel Godin de Beaufort,430,744,1961,0,24,0,7
Henry Taylor,481,744,1961,0,22,0,11
Tony Brooks,479,744,1961,0,18,0,5
Maurice Trintignant,427,744,1961,0,16,0,9
Bruce McLaren,360,744,1961,4,10,0,3
Dan Gurney,364,744,1961,9,7,0,2
Phil Hill,403,744,1961,29,2,1,1
Olivier Gendebien,482,745,1961,3,13,0,11
Masten Gregory,418,745,1961,0,23,0,11
Innes Ireland,404,745,1961,3,12,0,1
Graham Hill,289,745,1961,1,17,0,5
Tony Brooks,479,745,1961,2,15,0,3
Jo Bonnier,347,745,1961,2,14,0,6
Jim Clark,373,745,1961,11,6,0,7
Bruce McLaren,360,745,1961,8,8,0,4
Dan Gurney,364,745,1961,15,5,0,2
Graham Hill,289,747,1960,0,18,0,7
Phil Hill,403,747,1960,0,9,0,3
Jo Bonnier,347,747,1960,0,8,0,5
Innes Ireland,404,747,1960,1,5,0,9
Wolfgang von Trips,476,747,1960,2,4,0,8
Stirling Moss,475,747,1960,0,6,0,1
Bruce McLaren,360,747,1960,8,1,1,2
Richie Ginther,386,749,1960,1,15,0,6
Graham Hill,289,749,1960,0,18,0,3
Jack Brabham,356,749,1960,0,58,0,1
Innes Ireland,404,749,1960,1,14,0,2
Wolfgang von Trips,476,749,1960,2,12,0,5
Stirling Moss,475,749,1960,8,2,1,4
Jim Clark,373,750,1960,0,58,0,5
Jack Brabham,356,750,1960,8,3,1,1
Phil Hill,403,750,1960,4,9,0,4
Bruce McLaren,360,750,1960,14,1,1,2
Olivier Gendebien,482,751,1960,4,10,0,2
Jim Clark,373,751,1960,2,17,0,5
Henry Taylor,481,751,1960,0,24,0,4
Ian Burgess,437,751,1960,0,73,0,10
Bruce Halford,506,751,1960,0,67,0,8
Jack Brabham,356,751,1960,16,2,2,1
Masten Gregory,418,751,1960,0,33,0,9
Phil Hill,403,751,1960,7,6,0,12
Innes Ireland,404,751,1960,7,5,0,7
Wolfgang von Trips,476,751,1960,4,12,0,11
Bruce McLaren,360,751,1960,20,1,1,3
David Piper,542,752,1960,0,75,0,12
Olivier Gendebien,482,752,1960,10,4,0,9
Jim Clark,373,752,1960,4,13,0,16
Henry Taylor,481,752,1960,3,14,0,8
Brian Naylor,484,752,1960,0,70,0,13
Maurice Trintignant,427,752,1960,0,24,0,11
John Surtees,341,752,1960,0,68,0,2
Dan Gurney,364,752,1960,0,63,0,10
Tony Brooks,479,752,1960,3,15,0,5
Jack Brabham,356,752,1960,24,1,3,1
Gino Munaron,500,752,1960,0,38,0,15
Masten Gregory,418,752,1960,0,29,0,14
Phil Hill,403,752,1960,7,7,0,7
Innes Ireland,404,752,1960,7,6,0,3
Wolfgang von Trips,476,752,1960,4,12,0,6
Bruce McLaren,360,752,1960,24,2,1,4
Olivier Gendebien,482,753,1960,10,5,0,7
Jim Clark,373,753,1960,4,15,0,3
Tony Brooks,479,753,1960,5,11,0,5
Jack Brabham,356,753,1960,32,1,4,1
Innes Ireland,404,753,1960,11,4,0,6
Wolfgang von Trips,476,753,1960,5,12,0,4
Bruce McLaren,360,753,1960,27,2,1,2
Willy Mairesse,435,754,1960,0,66,0,3
Richie Ginther,386,754,1960,2,21,0,2
Phil Hill,403,754,1960,7,9,0,1
Wolfgang von Trips,476,754,1960,8,8,0,5
Olivier Gendebien,482,755,1960,10,6,0,12
Jim Clark,373,755,1960,8,10,0,16
Henry Taylor,481,755,1960,3,18,0,14
Chuck Daigh,507,755,1960,0,76,0,10
Maurice Trintignant,427,755,1960,0,28,0,15
Roy Salvadori,456,755,1960,0,75,0,8
Jack Brabham,356,755,1960,40,1,5,4
Phil Hill,403,755,1960,15,3,1,6
Jo Bonnier,347,755,1960,2,22,0,5
Innes Ireland,404,755,1960,12,4,0,2
Wolfgang von Trips,476,755,1960,10,7,0,9
Stirling Moss,475,755,1960,11,5,1,1
Bruce McLaren,360,755,1960,33,2,1,3
Jack Brabham,356,758,1959,9,1,1,2
Maurice Trintignant,427,758,1959,4,6,0,8
Phil Hill,403,758,1959,3,8,0,6
Jo Bonnier,347,758,1959,0,26,0,1
Jean Behra,554,758,1959,0,27,0,5
Graham Hill,289,758,1959,0,28,0,7
Masten Gregory,418,758,1959,0,29,0,3
Cliff Allison,477,758,1959,0,31,0,9
Carel Godin de Beaufort,430,759,1959,0,23,0,9
Giorgio Scarlatti,483,759,1959,0,39,0,8
Maurice Trintignant,427,760,1959,4,8,0,5
Ivor Bueb,549,760,1959,0,40,0,13
Harry Schell,501,761,1959,3,12,0,7
Jo Bonnier,347,761,1959,8,6,1,5
Ian Burgess,437,761,1959,0,45,0,6
Dan Gurney,364,761,1959,0,43,0,2
Tony Brooks,479,761,1959,14,2,1,1
Dan Gurney,364,762,1959,6,9,0,3
Carroll Shelby,566,762,1959,0,44,0,8
Cliff Allison,477,763,1959,0,30,0,5
Giorgio Scarlatti,483,763,1959,0,26,0,12
Colin Davis,462,763,1959,0,54,0,11
Ian Burgess,437,763,1959,0,21,0,14
Dan Gurney,364,763,1959,10,8,0,4
Olivier Gendebien,482,763,1959,3,16,0,6
Carroll Shelby,566,763,1959,0,25,0,10
Wolfgang von Trips,476,764,1959,0,48,0,6
Innes Ireland,404,764,1959,3,15,0,5
Peter Collins,581,766,1958,0,10,0,3
Harry Schell,501,766,1958,0,6,0,5
Luigi Musso,577,766,1958,6,2,0,2
Roy Salvadori,456,767,1958,0,17,0,4
Jo Bonnier,347,767,1958,0,15,0,10
Cliff Allison,477,767,1958,0,10,0,6
Jack Brabham,356,767,1958,3,7,0,8
Maurice Trintignant,427,767,1958,8,3,1,9
Harry Schell,501,767,1958,2,8,0,2
Jean Behra,554,767,1958,2,9,0,3
Mike Hawthorn,578,767,1958,5,4,0,5
Luigi Musso,577,767,1958,12,1,0,7
Stirling Moss,475,767,1958,8,2,1,1
Maria de Filippis,551,769,1958,0,49,0,10
Stuart Lewis-Evans,590,769,1958,0,33,0,3
Tony Brooks,479,769,1958,0,35,0,1
Roy Salvadori,456,769,1958,3,14,0,8
Jo Bonnier,347,769,1958,0,24,0,9
Cliff Allison,477,769,1958,0,16,0,4
Maurice Trintignant,427,769,1958,8,3,1,7
Harry Schell,501,769,1958,8,5,0,5
Mike Hawthorn,578,769,1958,7,6,0,2
Gerino Gerini,583,770,1958,0,46,0,9
Roy Salvadori,456,770,1958,3,16,0,11
Jo Bonnier,347,770,1958,0,25,0,8
Wolfgang von Trips,476,770,1958,0,34,0,3
Jack Brabham,356,770,1958,3,17,0,6
Peter Collins,581,770,1958,4,10,0,5
Juan Fangio,579,770,1958,4,14,0,4
Mike Hawthorn,578,770,1958,14,2,0,1
Stirling Moss,475,770,1958,17,1,2,2
Carroll Shelby,566,771,1958,0,51,0,9
Stuart Lewis-Evans,590,771,1958,4,13,0,4
Tony Brooks,479,771,1958,8,6,1,7
Roy Salvadori,456,771,1958,3,18,0,3
Jack Brabham,356,771,1958,3,17,0,6
Maurice Trintignant,427,771,1958,8,5,1,8
Peter Collins,581,771,1958,6,10,0,1
Harry Schell,501,771,1958,10,4,0,5
Mike Hawthorn,578,771,1958,23,2,1,2
Ivor Bueb,549,772,1958,0,47,0,11
Ian Burgess,437,772,1958,0,41,0,7
Phil Hill,403,772,1958,0,23,0,9
Tony Brooks,479,772,1958,8,7,1,1
Roy Salvadori,456,772,1958,7,9,0,2
Wolfgang von Trips,476,772,1958,4,14,0,4
Cliff Allison,477,772,1958,3,18,0,10
Maurice Trintignant,427,772,1958,8,6,1,3
Stuart Lewis-Evans,590,773,1958,7,11,0,3
Roy Salvadori,456,773,1958,13,5,0,9
Wolfgang von Trips,476,773,1958,7,10,0,5
Jack Brabham,356,773,1958,3,17,0,7
Maurice Trintignant,427,773,1958,12,6,1,8
Harry Schell,501,773,1958,12,8,0,6
Jean Behra,554,773,1958,6,14,0,4
Mike Hawthorn,578,773,1958,30,1,1,2
Stirling Moss,475,773,1958,24,2,2,1
Carroll Shelby,566,774,1958,0,32,0,4
Phil Hill,403,774,1958,0,24,0,3
Masten Gregory,418,774,1958,0,49,0,4
Tony Brooks,479,774,1958,16,3,2,1
Roy Salvadori,456,774,1958,13,5,0,5
Graham Hill,289,774,1958,0,44,0,6
Cliff Allison,477,774,1958,3,18,0,7
Mike Hawthorn,578,774,1958,36,1,1,2
Hans Herrmann,478,775,1958,0,47,0,9
Bruce McLaren,360,775,1958,0,23,0,13
Jack Fairman,486,775,1958,0,60,0,8
Phil Hill,403,775,1958,5,15,0,3
Masten Gregory,418,775,1958,0,22,0,6
Gerino Gerini,583,775,1958,0,35,0,12
Roy Salvadori,456,775,1958,15,4,0,7
Graham Hill,289,775,1958,0,24,0,16
Jo Bonnier,347,775,1958,0,31,0,4
Cliff Allison,477,775,1958,3,19,0,10
Jack Brabham,356,775,1958,3,18,0,11
Harry Schell,501,775,1958,12,8,0,5
Mike Hawthorn,578,775,1958,40,1,1,2
Stirling Moss,475,775,1958,32,2,3,1
Juan Fangio,579,777,1957,8,1,1,1
Jack Brabham,356,779,1957,0,20,0,7
Peter Collins,581,779,1957,0,18,0,3
Luigi Musso,577,779,1957,0,42,0,2
Mike Hawthorn,578,779,1957,0,36,0,4
Harry Schell,501,779,1957,3,9,0,5
Jean Behra,554,779,1957,6,4,0,6
Juan Fangio,579,779,1957,17,1,2,1
Roy Salvadori,456,780,1957,0,41,0,5
Ivor Bueb,549,780,1957,0,42,0,8
Maurice Trintignant,427,780,1957,2,15,0,4
Stuart Lewis-Evans,590,780,1957,3,13,0,7
Tony Brooks,479,780,1957,6,6,0,1
Peter Collins,581,780,1957,4,8,0,4
Luigi Musso,577,780,1957,7,3,0,2
Mike Hawthorn,578,780,1957,3,12,0,3
Stirling Moss,475,780,1957,1,19,0,1
Giorgio Scarlatti,483,781,1957,0,42,0,10
Masten Gregory,418,781,1957,4,14,0,8
Tony Brooks,479,781,1957,10,3,1,9
Peter Collins,581,781,1957,4,11,0,3
Luigi Musso,577,781,1957,13,2,0,4
Mike Hawthorn,578,781,1957,7,6,0,2
Stirling Moss,475,781,1957,6,7,1,5
Harry Schell,501,781,1957,5,9,0,7
Jean Behra,554,781,1957,6,8,0,6
Juan Fangio,579,781,1957,25,1,3,1
Giorgio Scarlatti,483,782,1957,0,33,0,6
Jack Brabham,356,782,1957,0,21,0,7
Stuart Lewis-Evans,590,782,1957,3,15,0,5
Masten Gregory,418,782,1957,4,12,0,4
Stirling Moss,475,782,1957,8,5,1,1
Harry Schell,501,782,1957,5,10,0,3
Juan Fangio,579,782,1957,34,1,4,2
Paco Godia,580,783,1957,0,49,0,9
André Simon,609,783,1957,0,59,0,11
Horace Gould,547,783,1957,0,52,0,10
Giorgio Scarlatti,483,783,1957,0,22,0,5
Wolfgang von Trips,476,783,1957,0,23,0,3
Masten Gregory,418,783,1957,7,10,0,4
Tony Brooks,479,783,1957,10,5,1,7
Luigi Musso,577,783,1957,16,3,0,8
Mike Hawthorn,578,783,1957,13,4,0,6
Stirling Moss,475,783,1957,17,2,2,1
Harry Schell,501,783,1957,9,6,0,5
Juan Fangio,579,783,1957,40,1,4,2
Juan Fangio,579,785,1956,5,2,1,4
Juan Fangio,579,785,1956,5,2,1,2
Eugenio Castellotti,608,785,1956,0,14,0,4
Peter Collins,581,785,1956,0,11,0,2
Stirling Moss,475,785,1956,0,10,0,1
Jean Behra,554,785,1956,6,1,0,3
André Pilette,429,787,1956,0,20,0,6
Harry Schell,501,787,1956,0,44,0,4
Louis Rosier,627,787,1956,0,41,0,8
Cesare Perdisa,607,787,1956,0,23,0,3
Peter Collins,581,787,1956,3,9,0,1
Stirling Moss,475,787,1956,8,3,1,3
Jean Behra,554,787,1956,10,2,0,7
Paco Godia,580,788,1956,0,48,0,7
André Pilette,429,788,1956,0,22,0,11
Harry Schell,501,788,1956,3,11,0,10
Louis Rosier,627,788,1956,0,28,0,6
Robert Manzon,626,788,1956,0,42,0,9
Cesare Perdisa,607,788,1956,2,13,0,5
Hernando da Silva Ramos,624,788,1956,2,14,0,8
Juan Fangio,579,788,1956,11,3,1,4
Eugenio Castellotti,608,788,1956,2,18,0,2
Peter Collins,581,788,1956,11,1,1,1
Stirling Moss,475,788,1956,11,2,1,5
Mike Hawthorn,578,788,1956,4,9,0,10
Jean Behra,554,788,1956,10,4,0,3
Alfonso de Portago,606,789,1956,0,51,0,2
Alfonso de Portago,606,789,1956,0,51,0,10
Paco Godia,580,789,1956,0,28,0,8
Luigi Villoresi,633,789,1956,2,17,0,6
Robert Manzon,626,789,1956,0,32,0,9
Horace Gould,547,789,1956,0,30,0,5
Cesare Perdisa,607,789,1956,3,12,0,7
Juan Fangio,579,789,1956,15,2,1,1
Eugenio Castellotti,608,789,1956,8,6,0,10
Peter Collins,581,789,1956,19,1,2,2
Jean Behra,554,789,1956,14,3,0,3
Paco Godia,580,790,1956,0,31,0,4
Louis Rosier,627,790,1956,0,26,0,5
Juan Fangio,579,790,1956,23,1,2,1
Stirling Moss,475,790,1956,13,4,1,2
Jean Behra,554,790,1956,18,3,0,3
Gerino Gerini,583,791,1956,2,24,0,10
Ron Flockhart,541,791,1956,0,74,0,3
Roy Salvadori,456,791,1956,0,58,0,11
Jack Fairman,486,791,1956,3,16,0,5
André Simon,609,791,1956,0,53,0,9
Paco Godia,580,791,1956,3,14,0,4
Juan Fangio,579,791,1956,30,1,3,8
Juan Fangio,579,791,1956,30,1,3,2
Eugenio Castellotti,608,791,1956,8,6,0,8
Luigi Piotti,586,791,1956,0,49,0,6
Peter Collins,581,791,1956,22,2,2,2
Stirling Moss,475,791,1956,19,4,1,1
Luigi Villoresi,633,793,1955,0,17,0,5
Jean Behra,554,793,1955,0,11,0,3
Stirling Moss,475,793,1955,1,7,0,9
Eugenio Castellotti,608,793,1955,0,18,0,2
Maurice Trintignant,427,793,1955,3,2,0,1
Nino Farina,642,793,1955,3,3,0,4
Paul Frère,632,795,1955,0,29,0,4
Louis Rosier,627,795,1955,0,52,0,9
Cesare Perdisa,607,795,1955,2,12,0,8
Jean Behra,554,795,1955,2,11,0,5
Stirling Moss,475,795,1955,1,16,0,2
Maurice Trintignant,427,795,1955,11,1,1,6
Luigi Musso,577,795,1955,0,25,0,7
Roberto Mieres,643,795,1955,2,14,0,5
Nino Farina,642,795,1955,6,4,0,3
Juan Fangio,579,795,1955,10,2,1,1
Johnny Claes,660,796,1955,0,45,0,11
Louis Rosier,627,796,1955,0,32,0,9
Mike Hawthorn,578,796,1955,0,43,0,7
Jacques Pollet,650,796,1955,0,29,0,10
Jean Behra,554,796,1955,3,10,0,6
Stirling Moss,475,796,1955,7,5,0,2
Eugenio Castellotti,608,796,1955,6,6,0,5
Luigi Musso,577,796,1955,0,26,0,3
Roberto Mieres,643,796,1955,3,13,0,4
Juan Fangio,579,796,1955,19,1,2,1
Lance Macklin,651,797,1955,0,59,0,8
Mike Hawthorn,578,797,1955,0,29,0,6
Piero Taruffi,641,797,1955,0,31,0,4
Karl Kling,648,797,1955,1,19,0,3
Stirling Moss,475,797,1955,13,2,0,1
Eugenio Castellotti,608,797,1955,8,6,0,6
Luigi Musso,577,797,1955,4,8,0,5
Harry Schell,501,797,1955,0,24,0,9
Juan Fangio,579,797,1955,27,1,3,2
Umberto Maglioli,620,798,1955,1,20,0,6
Mike Hawthorn,578,798,1955,0,26,0,10
Piero Taruffi,641,798,1955,3,14,0,2
Carlos Menditeguy,496,798,1955,0,45,0,5
Jean Behra,554,798,1955,3,13,0,4
Eugenio Castellotti,608,798,1955,8,6,0,3
Maurice Trintignant,427,798,1955,11,3,1,8
Roberto Mieres,643,798,1955,7,7,0,7
Juan Fangio,579,798,1955,33,1,3,1
Prince Bira,669,801,1954,0,14,0,6
Jean Behra,554,802,1954,0,46,0,6
Mike Hawthorn,578,803,1954,2,17,0,2
Ken Wharton,663,803,1954,0,54,0,8
Karl Kling,648,803,1954,6,7,0,7
André Pilette,429,803,1954,2,14,0,9
Mike Hawthorn,578,804,1954,8,5,0,2
Robert Manzon,626,804,1954,4,12,0,9
Karl Kling,648,804,1954,6,6,0,4
Jean Behra,554,804,1954,0,22,0,10
Sergio Mantovani,644,804,1954,0,25,0,5
Louis Rosier,627,804,1954,0,59,0,8
Harry Schell,501,804,1954,0,21,0,7
Maurice Trintignant,427,804,1954,11,3,0,3
José Froilán González,498,804,1954,15,2,1,2
Juan Fangio,579,804,1954,28,1,3,1
Hans Herrmann,478,805,1954,1,21,0,3
Ken Wharton,663,805,1954,0,29,0,6
Jacques Swaters,680,805,1954,0,63,0,8
Sergio Mantovani,644,805,1954,2,14,0,5
Umberto Maglioli,620,805,1954,0,34,0,7
José Froilán González,498,805,1954,18,2,1,2
Pedro Rodríguez,345,680,1967,9,1,1,5
Fred Wacker,693,806,1954,0,66,0,6
Peter Collins,581,806,1954,0,85,0,7
Mike Hawthorn,578,806,1954,11,4,0,2
Hans Herrmann,478,806,1954,5,9,0,4
Sergio Mantovani,644,806,1954,4,14,0,9
Stirling Moss,475,806,1954,4,13,0,10
Mike Hawthorn,578,807,1954,17,4,0,1
Ken Wharton,663,807,1954,0,25,0,8
Karl Kling,648,807,1954,10,5,0,5
Luigi Musso,577,807,1954,0,71,0,2
Louis Rosier,627,807,1954,0,32,0,7
Roberto Mieres,643,807,1954,3,16,0,4
Nino Farina,642,810,1953,0,40,0,2
Felice Bonetto,697,810,1953,0,39,0,3
Maurice Trintignant,427,810,1953,0,18,0,6
Mike Hawthorn,578,810,1953,3,6,0,4
José Froilán González,498,810,1953,4,5,0,3
Alberto Ascari,647,810,1953,9,1,1,1
Harry Schell,501,811,1953,0,20,0,7
Louis Rosier,627,811,1953,0,22,0,8
Toulo de Graffenried,640,811,1953,2,11,0,4
Maurice Trintignant,427,811,1953,0,16,0,5
Mike Hawthorn,578,811,1953,6,7,0,6
Luigi Villoresi,633,811,1953,7,3,0,2
Alberto Ascari,647,811,1953,17,1,2,1
Onofre Marimón,670,812,1953,4,9,0,9
Johnny Claes,660,812,1953,0,50,0,12
Peter Collins,581,812,1953,0,24,0,13
Louis Rosier,627,812,1953,0,21,0,8
Toulo de Graffenried,640,812,1953,5,8,0,7
Nino Farina,642,812,1953,6,5,0,5
Juan Fangio,579,812,1953,0,48,0,2
Jean Behra,554,812,1953,0,18,0,10
Mike Hawthorn,578,812,1953,6,7,0,1
José Froilán González,498,812,1953,7,4,0,3
Luigi Villoresi,633,812,1953,13,2,0,6
Alberto Ascari,647,812,1953,25,1,3,4
Prince Bira,669,813,1953,0,61,0,7
Ken Wharton,663,813,1953,0,59,0,8
Louis Rosier,627,813,1953,0,22,0,10
Nino Farina,642,813,1953,8,6,0,3
Felice Bonetto,697,813,1953,2,11,0,6
Juan Fangio,579,813,1953,7,7,0,2
Mike Hawthorn,578,813,1953,14,2,1,5
José Froilán González,498,813,1953,11,4,0,4
Alberto Ascari,647,813,1953,28,1,3,1
Kenneth McAlpine,664,814,1953,0,56,0,13
Stirling Moss,475,814,1953,0,31,0,6
Louis Rosier,627,814,1953,0,22,0,10
Toulo de Graffenried,640,814,1953,5,9,0,5
Nino Farina,642,814,1953,12,6,0,1
Felice Bonetto,697,814,1953,2,11,0,4
Juan Fangio,579,814,1953,13,5,0,2
Mike Hawthorn,578,814,1953,16,2,1,3
Luigi Villoresi,633,814,1953,13,4,0,8
Alberto Ascari,647,814,1953,34,1,4,8
Ken Wharton,663,815,1953,0,29,0,7
Nino Farina,642,815,1953,20,2,1,2
Felice Bonetto,697,815,1953,5,10,0,4
Juan Fangio,579,815,1953,19,3,0,4
Mike Hawthorn,578,815,1953,18,4,1,3
Luigi Villoresi,633,815,1953,13,6,0,6
Alberto Ascari,647,815,1953,34,1,4,1
Hans von Stuck,717,816,1953,0,102,0,14
Prince Bira,669,816,1953,0,27,0,11
Louis Chiron,589,816,1953,0,57,0,10
Yves Cabantous,704,816,1953,0,55,0,15
Roberto Mieres,643,816,1953,0,72,0,6
Harry Schell,501,816,1953,0,23,0,9
Stirling Moss,475,816,1953,0,20,0,13
Louis Rosier,627,816,1953,0,24,0,16
Nino Farina,642,816,1953,24,2,1,2
Juan Fangio,579,816,1953,21,3,0,1
Alan Brown,689,816,1953,0,34,0,12
Maurice Trintignant,427,816,1953,2,14,0,5
Mike Hawthorn,578,816,1953,19,4,1,4
Luigi Villoresi,633,816,1953,13,6,0,3
Alberto Ascari,647,819,1952,0,52,0,1
Nino Farina,642,819,1952,0,31,0,2
Robert Manzon,626,819,1952,0,36,0,3
Lance Macklin,651,819,1952,0,35,0,11
Prince Bira,669,819,1952,0,30,0,10
Eric Brandon,688,819,1952,0,16,0,9
Alan Brown,689,819,1952,2,9,0,6
Alberto Ascari,647,820,1952,9,2,1,1
Peter Collins,581,820,1952,0,46,0,6
Nino Farina,642,820,1952,6,4,0,2
Robert Manzon,626,820,1952,4,7,0,4
Lance Macklin,651,820,1952,0,28,0,9
Peter Hirt,721,820,1952,0,20,0,11
Jean Behra,554,820,1952,4,8,0,7
Rudi Fischer,723,820,1952,6,5,0,11
Piero Taruffi,641,820,1952,9,1,1,3
Peter Whitehead,687,821,1952,0,52,0,10
Johnny Claes,660,821,1952,0,25,0,14
Mike Hawthorn,578,821,1952,3,10,0,3
Alberto Ascari,647,821,1952,18,1,2,1
Nino Farina,642,821,1952,12,3,0,6
Lance Macklin,651,821,1952,0,28,0,15
Harry Schell,501,821,1952,0,49,0,17
Prince Bira,669,821,1952,0,30,0,11
Eric Brandon,688,821,1952,0,24,0,20
Toulo de Graffenried,640,821,1952,0,18,0,19
Alan Brown,689,821,1952,2,13,0,22
Rudi Fischer,723,821,1952,6,6,0,13
Piero Taruffi,641,821,1952,13,2,1,2
Roger Laurent,736,822,1952,0,41,0,6
Johnny Claes,660,822,1952,0,28,0,10
Alberto Ascari,647,822,1952,27,1,3,1
Toni Ulmen,724,822,1952,0,65,0,8
Nino Farina,642,822,1952,12,3,0,2
Jean Behra,554,822,1952,4,9,0,5
Rudi Fischer,723,822,1952,6,7,0,3
Piero Taruffi,641,822,1952,19,2,1,4
Duncan Hamilton,708,823,1952,0,83,0,7
Maurice Trintignant,427,823,1952,2,15,0,6
Mike Hawthorn,578,823,1952,7,7,0,4
Alberto Ascari,647,823,1952,36,1,4,1
Nino Farina,642,823,1952,18,3,0,2
Robert Manzon,626,823,1952,7,6,0,5
Lance Macklin,651,823,1952,0,35,0,8
Chico Landi,622,824,1952,0,41,0,8
Luigi Villoresi,633,824,1952,4,11,0,3
Felice Bonetto,697,824,1952,0,89,0,5
Eitel Cantoni,748,824,1952,0,79,0,11
Dennis Poore,742,824,1952,3,14,0,12
Alberto Ascari,647,824,1952,36,1,5,1
Louis Rosier,627,824,1952,0,74,0,10
Nino Farina,642,824,1952,24,2,0,4
Robert Manzon,626,824,1952,9,6,0,14
André Simon,609,824,1952,0,68,0,6
Eric Brandon,688,824,1952,0,32,0,13
Alan Brown,689,824,1952,2,15,0,15
Ken Wharton,663,824,1952,3,12,0,9
Piero Taruffi,641,824,1952,22,3,1,7
Luigi Villoresi,633,827,1951,0,39,0,3
Yves Cabantous,704,827,1951,0,36,0,5
Johnny Claes,660,827,1951,0,22,0,7
Louis Rosier,627,827,1951,0,18,0,4
Alberto Ascari,647,827,1951,0,12,0,2
Nino Farina,642,827,1951,4,5,0,1
Juan Fangio,579,827,1951,9,1,1,9
José Froilán González,498,828,1951,0,42,0,2
Luigi Villoresi,633,828,1951,4,7,0,3
Yves Cabantous,704,828,1951,2,12,0,7
Guy Mairesse,764,828,1951,0,27,0,9
Louis Chiron,589,828,1951,0,19,0,6
Alberto Ascari,647,828,1951,6,4,0,2
Consalvo Sanesi,763,828,1951,3,9,0,10
Nino Farina,642,828,1951,12,1,1,5
Juan Fangio,579,828,1951,10,2,1,1
Juan Fangio,579,828,1951,10,2,1,11
Reg Parnell,686,829,1951,3,13,0,5
José Froilán González,498,829,1951,3,9,0,1
Luigi Villoresi,633,829,1951,8,5,0,3
Peter Whitehead,687,829,1951,0,38,0,9
Johnny Claes,660,829,1951,0,22,0,13
Louis Rosier,627,829,1951,3,10,0,10
Consalvo Sanesi,763,829,1951,3,11,0,6
Juan Fangio,579,829,1951,15,1,2,2
Robert Manzon,626,830,1951,0,58,0,7
Pierre Levegh,773,830,1951,0,28,0,9
José Froilán González,498,830,1951,11,4,1,3
Luigi Villoresi,633,830,1951,12,3,0,4
Johnny Claes,660,830,1951,0,23,0,11
Rudi Fischer,723,830,1951,0,34,0,6
Louis Rosier,627,830,1951,3,12,0,8
Alberto Ascari,647,830,1951,9,6,0,1
Piero Taruffi,641,830,1951,6,7,0,5
Juan Fangio,579,830,1951,21,1,2,2
Felice Bonetto,697,831,1951,3,13,0,3
André Simon,609,831,1951,0,53,0,6
José Froilán González,498,831,1951,15,3,1,2
Luigi Villoresi,633,831,1951,15,5,0,4
Yves Cabantous,704,831,1951,2,16,0,8
Louis Rosier,627,831,1951,3,12,0,7
Alberto Ascari,647,831,1951,17,2,1,1
Nino Farina,642,831,1951,15,4,1,3
Piero Taruffi,641,831,1951,8,7,0,5
Felice Bonetto,697,832,1951,5,9,0,5
Robert Manzon,626,832,1951,0,26,0,9
José Froilán González,498,832,1951,21,3,1,2
Philippe Étancelin,741,832,1951,0,37,0,8
Louis Rosier,627,832,1951,3,13,0,7
Alberto Ascari,647,832,1951,25,2,2,4
Toulo de Graffenried,640,832,1951,2,17,0,6
Nino Farina,642,832,1951,17,4,1,3
Juan Fangio,579,832,1951,27,1,2,1
Louis Chiron,589,834,1950,0,19,0,3
Prince Bira,669,834,1950,0,15,0,5
Juan Fangio,579,834,1950,0,13,0,1
Johnny Claes,660,834,1950,0,12,0,7
Bob Gerard,619,834,1950,0,6,0,6
Harry Schell,501,836,1950,0,53,0,8
Louis Chiron,589,836,1950,4,7,0,9
Toulo de Graffenried,640,836,1950,0,47,0,6
Prince Bira,669,836,1950,2,14,0,4
Toni Branca,780,837,1950,0,33,0,10
Luigi Villoresi,633,837,1950,0,48,0,6
Alberto Ascari,647,837,1950,6,5,0,5
Geoff Crossley,785,837,1950,0,54,0,9
Juan Fangio,579,837,1950,9,3,1,1
Johnny Claes,660,837,1950,0,21,0,8
Louis Rosier,627,837,1950,6,7,0,3
Luigi Fagioli,786,837,1950,12,2,0,2
Peter Whitehead,687,838,1950,0,61,0,3
Robert Manzon,626,838,1950,0,55,0,4
Juan Fangio,579,838,1950,17,3,2,1
Louis Rosier,627,838,1950,10,4,0,6
Luigi Fagioli,786,838,1950,18,2,0,2
Peter Whitehead,687,839,1950,4,11,0,7
Alberto Ascari,647,839,1950,8,6,0,2
Johnny Claes,660,836,1950,0,19,0,10
Luigi Fagioli,786,836,1950,6,4,0,2
Nino Farina,642,839,1950,22,3,2,1
Maurice Trintignant,427,801,1954,3,7,0,2
José Froilán González,498,801,1954,5,5,0,4
Juan Fangio,579,801,1954,8,1,1,1
Nino Farina,642,836,1950,9,1,1,1
Louis Rosier,627,836,1950,2,13,0,3
Nino Farina,642,837,1950,18,1,2,4
Nino Farina,642,838,1950,22,1,2,7
Philippe Étancelin,741,838,1950,0,27,0,5
Yves Cabantous,704,838,1950,3,13,0,8
Eugène Chaboud,774,838,1950,0,52,0,5
Toulo de Graffenried,640,839,1950,0,24,0,6
Luigi Fagioli,786,839,1950,24,2,0,3
Louis Rosier,627,839,1950,10,4,0,4
Philippe Étancelin,741,839,1950,1,18,0,5
Juan Fangio,579,802,1954,17,1,2,1
Prince Bira,669,802,1954,0,15,0,4
José Froilán González,498,803,1954,7,4,0,1
Maurice Trintignant,427,803,1954,9,2,0,5
Harry Schell,501,803,1954,0,21,0,12
Onofre Marimón,670,803,1954,0,52,0,3
Roberto Mieres,643,803,1954,0,53,0,6
Juan Fangio,579,803,1954,25,1,3,4
Juan Fangio,579,805,1954,36,1,4,1
Roberto Mieres,643,805,1954,0,24,0,4
José Froilán González,498,806,1954,24,2,1,3
Maurice Trintignant,427,806,1954,15,3,0,5
Umberto Maglioli,620,806,1954,0,28,0,3
Jorge Daponte,672,806,1954,0,68,0,11
Louis Rosier,627,806,1954,0,30,0,8
Juan Fangio,579,806,1954,42,1,5,1
Juan Fangio,579,807,1954,42,1,6,3
Prince Bira,669,807,1954,3,15,0,9
Harry Schell,501,759,1959,0,32,0,7
Ron Flockhart,541,759,1959,0,31,0,6
Bruce McLaren,360,759,1959,2,14,0,5
Masten Gregory,418,760,1959,4,9,0,7
Graham Hill,289,760,1959,0,21,0,9
Harry Schell,501,760,1959,0,20,0,4
Stirling Moss,475,760,1959,2,16,0,2
Roy Salvadori,456,760,1959,0,18,0,6
Bruce McLaren,360,760,1959,4,10,0,3
Phil Hill,403,761,1959,9,3,0,3
Masten Gregory,418,762,1959,4,12,0,2
Harry Schell,501,762,1959,3,13,0,5
Stirling Moss,475,762,1959,9,6,0,1
Jo Bonnier,347,763,1959,10,6,1,8
Harry Schell,501,763,1959,5,13,0,7
Ron Flockhart,541,763,1959,0,20,0,13
Stirling Moss,475,763,1959,18,3,1,1
Bruce McLaren,360,764,1959,9,9,0,1
Maurice Trintignant,427,764,1959,12,6,0,2
John Surtees,341,721,1963,3,6,0,3
Jim Clark,373,722,1963,18,1,2,1
Trevor Taylor,401,722,1963,1,11,0,13
Tony Maggs,408,723,1963,8,6,0,9
John Surtees,341,723,1963,7,7,0,2
Jo Bonnier,347,724,1963,2,10,0,6
Trevor Taylor,401,724,1963,1,15,0,8
John Surtees,341,724,1963,13,4,0,1
Innes Ireland,404,725,1963,3,9,0,4
Jack Brabham,356,725,1963,3,8,0,5
Tony Maggs,408,725,1963,8,7,0,6
John Surtees,341,726,1963,22,3,1,9
Bruce McLaren,360,726,1963,14,4,0,11
Jo Bonnier,347,727,1963,3,12,0,5
Richie Ginther,386,727,1963,28,2,0,3
Graham Hill,289,727,1963,22,3,2,4
Jim Clark,373,728,1963,54,1,6,1
Jo Bonnier,347,728,1963,5,10,0,6
Trevor Taylor,401,728,1963,1,16,0,8
Tony Maggs,408,728,1963,9,8,0,7
Jack Brabham,356,681,1967,1,10,0,2
Bob Anderson,383,682,1967,2,10,0,8
Pedro Rodríguez,345,682,1967,11,2,1,9
Chris Amon,278,682,1967,7,5,0,3
Jack Brabham,356,683,1967,7,6,0,1
Pedro Rodríguez,345,683,1967,11,2,1,6
Pedro Rodríguez,345,684,1967,12,3,1,5
Jack Brabham,356,685,1967,19,3,1,2
Pedro Rodríguez,345,685,1967,14,5,1,11
John Surtees,341,685,1967,5,10,0,4
Jack Brabham,356,687,1967,34,2,2,2
John Surtees,341,687,1967,8,9,0,1
Jack Brabham,356,688,1967,40,2,2,5
Graham Hill,289,688,1967,9,9,0,2
Jack Brabham,356,689,1967,42,2,2,2
Pedro Rodríguez,345,689,1967,14,7,1,6
John Surtees,341,689,1967,17,5,1,4
Denny Hulme,304,689,1967,47,1,2,3
Phil Hill,403,759,1959,3,9,0,2
Maurice Trintignant,427,759,1959,4,7,0,11
Tony Brooks,479,759,1959,6,4,0,1
Jack Brabham,356,760,1959,19,1,1,1
Ron Flockhart,541,762,1959,0,20,0,7
Roy Salvadori,456,762,1959,0,19,0,6
Tony Brooks,479,762,1959,23,2,2,9
Jack Brabham,356,763,1959,27,1,2,3
Jack Brabham,356,759,1959,15,1,1,3
Maurice Trintignant,427,761,1959,6,9,0,4
Maurice Trintignant,427,762,1959,9,5,0,4
Phil Hill,403,763,1959,13,4,0,2
Maurice Trintignant,427,763,1959,12,5,0,9
Jack Brabham,356,764,1959,31,1,2,4
Tony Brooks,479,764,1959,23,3,2,3
Richie Ginther,386,721,1963,9,4,0,5
Bruce McLaren,360,722,1963,10,4,0,12
Richie Ginther,386,723,1963,11,3,0,4
Richie Ginther,386,724,1963,14,2,0,3
Bruce McLaren,360,725,1963,10,6,0,3
Graham Hill,289,725,1963,13,4,1,16
Richie Ginther,386,726,1963,24,2,0,2
Bruce McLaren,360,728,1963,14,5,0,4
Graham Hill,289,728,1963,25,3,2,3
Innes Ireland,404,722,1963,3,7,0,9
Jack Brabham,356,722,1963,0,16,0,4
Graham Hill,289,723,1963,9,5,1,3
Richie Ginther,386,725,1963,18,3,0,2
Jim Hall,440,726,1963,3,12,0,10
Fernando Alonso,4,338,2010,25,1,1,4
Felipe Massa,13,338,2010,18,2,0,3
Lewis Hamilton,1,338,2010,15,3,0,6
Nico Rosberg,3,338,2010,10,5,0,5
Michael Schumacher,30,338,2010,8,6,0,10
Jenson Button,18,338,2010,6,7,0,1
Mark Webber,17,338,2010,4,8,0,9
Vitantonio Liuzzi,24,338,2010,2,9,0,7
Rubens Barrichello,22,338,2010,1,10,0,8
Robert Kubica,9,338,2010,0,11,0,2
Jaime Alguersuari,153,338,2010,0,13,0,11
Heikki Kovalainen,5,338,2010,0,15,0,13
Pedro de la Rosa,37,338,2010,0,18,0,12
Karun Chandhok,811,338,2010,0,24,0,14
Fernando Alonso,4,339,2010,37,1,1,13
Felipe Massa,13,339,2010,33,2,0,7
Lewis Hamilton,1,339,2010,23,4,0,6
Sebastian Vettel,20,339,2010,12,7,0,1
Nico Rosberg,3,339,2010,20,5,0,3
Jenson Button,18,339,2010,31,3,1,8
Mark Webber,17,339,2010,6,10,0,2
Rubens Barrichello,22,339,2010,5,11,0,12
Robert Kubica,9,339,2010,18,6,0,4
Adrian Sutil,16,339,2010,0,13,0,5
Jaime Alguersuari,153,339,2010,0,12,0,9
Nico Hülkenberg,807,339,2010,0,17,0,10
Sébastien Buemi,67,339,2010,0,18,0,11
Jarno Trulli,15,339,2010,0,19,0,17
Bruno Senna,810,339,2010,0,20,0,16
Lucas di Grassi,809,339,2010,0,24,0,14
Karun Chandhok,811,339,2010,0,16,0,15
Fernando Alonso,4,340,2010,37,2,1,4
Felipe Massa,13,340,2010,39,1,0,9
Lewis Hamilton,1,340,2010,31,6,0,2
Sebastian Vettel,20,340,2010,37,3,1,6
Nico Rosberg,3,340,2010,35,5,0,3
Michael Schumacher,30,340,2010,9,10,0,10
Jenson Button,18,340,2010,35,4,1,1
Mark Webber,17,340,2010,24,8,0,8
Rubens Barrichello,22,340,2010,5,12,0,12
Robert Kubica,9,340,2010,30,7,0,5
Adrian Sutil,16,340,2010,10,9,0,11
Jaime Alguersuari,153,340,2010,2,13,0,13
Nico Hülkenberg,807,340,2010,1,14,0,15
Heikki Kovalainen,5,340,2010,0,17,0,14
Bruno Senna,810,340,2010,0,20,0,16
Vitaly Petrov,808,340,2010,0,23,0,7
Karun Chandhok,811,340,2010,0,18,0,17
Fernando Alonso,4,341,2010,49,3,1,2
Felipe Massa,13,341,2010,41,6,0,6
Lewis Hamilton,1,341,2010,49,4,0,14
Sebastian Vettel,20,341,2010,45,5,1,3
Nico Rosberg,3,341,2010,50,2,0,13
Michael Schumacher,30,341,2010,10,10,0,4
Jenson Button,18,341,2010,60,1,2,5
Mark Webber,17,341,2010,28,8,0,1
Vitantonio Liuzzi,24,341,2010,8,11,0,15
Rubens Barrichello,22,341,2010,5,13,0,9
Robert Kubica,9,341,2010,40,7,0,8
Adrian Sutil,16,341,2010,10,9,0,7
Jaime Alguersuari,153,341,2010,2,14,0,10
Nico Hülkenberg,807,341,2010,1,15,0,16
Jarno Trulli,15,341,2010,0,22,0,17
Timo Glock,10,341,2010,0,23,0,18
Vitaly Petrov,808,341,2010,6,12,0,11
Kamui Kobayashi,155,341,2010,0,24,0,12
Lucas di Grassi,809,341,2010,0,20,0,19
Fernando Alonso,4,342,2010,67,2,1,6
Felipe Massa,13,342,2010,49,7,0,4
Lewis Hamilton,1,342,2010,49,6,0,5
Sebastian Vettel,20,342,2010,60,3,1,2
Nico Rosberg,3,342,2010,50,5,0,7
Michael Schumacher,30,342,2010,22,9,0,12
Mark Webber,17,342,2010,53,4,1,1
Vitantonio Liuzzi,24,342,2010,8,11,0,9
Robert Kubica,9,342,2010,44,8,0,3
Adrian Sutil,16,342,2010,16,10,0,8
Jaime Alguersuari,153,342,2010,3,14,0,11
Sébastien Buemi,67,342,2010,0,16,0,10
Jarno Trulli,15,342,2010,0,23,0,15
Vitaly Petrov,808,342,2010,6,13,0,13
Karun Chandhok,811,342,2010,0,20,0,14
Fernando Alonso,4,344,2010,79,4,1,3
Karun Chandhok,811,343,2010,0,20,0,20
Lucas di Grassi,809,343,2010,0,21,0,19
Kamui Kobayashi,155,343,2010,0,18,0,10
Timo Glock,10,343,2010,0,24,0,18
Sébastien Buemi,67,343,2010,1,15,0,16
Nico Hülkenberg,807,343,2010,1,16,0,17
Jaime Alguersuari,153,343,2010,3,14,0,12
Vitantonio Liuzzi,24,343,2010,10,11,0,13
Mark Webber,17,343,2010,78,1,2,3
Jenson Button,18,343,2010,70,4,2,2
Felipe Massa,13,343,2010,61,5,0,7
Lewis Hamilton,1,343,2010,59,7,0,1
Nico Rosberg,3,343,2010,56,8,0,5
Michael Schumacher,30,343,2010,22,9,0,4
Pedro de la Rosa,37,343,2010,0,17,0,11
Vitaly Petrov,808,343,2010,6,13,0,15
Adrian Sutil,16,343,2010,20,10,0,9
Fernando Alonso,4,343,2010,75,3,1,8
Robert Kubica,9,343,2010,59,6,0,6
Rubens Barrichello,22,343,2010,7,12,0,14
Felipe Massa,13,344,2010,67,7,0,15
Lewis Hamilton,1,344,2010,84,3,1,1
Sebastian Vettel,20,344,2010,78,5,1,4
Nico Rosberg,3,344,2010,66,8,0,6
Michael Schumacher,30,344,2010,34,9,0,11
Jenson Button,18,344,2010,88,2,2,2
Mark Webber,17,344,2010,93,1,2,5
Vitantonio Liuzzi,24,344,2010,10,11,0,9
Rubens Barrichello,22,344,2010,7,12,0,14
Robert Kubica,9,344,2010,67,6,0,7
Adrian Sutil,16,344,2010,22,10,0,10
Jaime Alguersuari,153,344,2010,3,14,0,12
Nico Hülkenberg,807,344,2010,1,17,0,13
Heikki Kovalainen,5,344,2010,0,19,0,16
Sébastien Buemi,67,344,2010,1,15,0,8
Vitaly Petrov,808,344,2010,6,13,0,17
Lucas di Grassi,809,344,2010,0,21,0,19
Karun Chandhok,811,344,2010,0,20,0,18
Fernando Alonso,4,345,2010,94,4,1,8
Felipe Massa,13,345,2010,67,8,0,11
Lewis Hamilton,1,345,2010,109,1,2,2
Sebastian Vettel,20,345,2010,90,5,1,1
Nico Rosberg,3,345,2010,74,6,0,10
Michael Schumacher,30,345,2010,34,9,0,15
Jenson Button,18,345,2010,106,2,2,3
Vitantonio Liuzzi,24,345,2010,12,11,0,16
Rubens Barrichello,22,345,2010,7,12,0,4
Robert Kubica,9,345,2010,73,7,0,5
Adrian Sutil,16,345,2010,23,10,0,6
Jaime Alguersuari,153,345,2010,3,15,0,13
Sébastien Buemi,67,345,2010,5,14,0,9
Jarno Trulli,15,345,2010,0,22,0,21
Pedro de la Rosa,37,345,2010,0,18,0,12
Bruno Senna,810,345,2010,0,23,0,20
Timo Glock,10,345,2010,0,24,0,19
Vitaly Petrov,808,345,2010,6,13,0,14
Kamui Kobayashi,155,345,2010,1,16,0,7
Lucas di Grassi,809,345,2010,0,21,0,17
Karun Chandhok,811,345,2010,0,20,0,18
Fernando Alonso,4,346,2010,98,5,1,14
Felipe Massa,13,346,2010,67,8,0,15
Lewis Hamilton,1,346,2010,127,1,2,2
Sebastian Vettel,20,346,2010,115,3,2,7
Nico Rosberg,3,346,2010,75,7,0,3
Michael Schumacher,30,346,2010,34,9,0,9
Jenson Button,18,346,2010,121,2,2,4
Mark Webber,17,346,2010,103,4,2,1
Vitantonio Liuzzi,24,346,2010,12,12,0,11
Rubens Barrichello,22,346,2010,19,11,0,5
Adrian Sutil,16,346,2010,31,10,0,8
Nico Hülkenberg,807,346,2010,1,17,0,10
Heikki Kovalainen,5,346,2010,0,19,0,17
Sébastien Buemi,67,346,2010,7,14,0,12
Jarno Trulli,15,346,2010,0,22,0,16
Timo Glock,10,346,2010,0,24,0,18
Vitaly Petrov,808,346,2010,6,15,0,13
Kamui Kobayashi,155,346,2010,7,13,0,6
Karun Chandhok,811,346,2010,0,20,0,19
Fernando Alonso,4,347,2010,98,5,1,1
Felipe Massa,13,347,2010,67,8,0,2
Lewis Hamilton,1,347,2010,145,1,2,4
Sebastian Vettel,20,347,2010,121,4,2,3
Nico Rosberg,3,347,2010,90,6,0,8
Michael Schumacher,30,347,2010,36,9,0,9
Jenson Button,18,347,2010,133,2,2,5
Mark Webber,17,347,2010,128,3,3,6
Vitantonio Liuzzi,24,347,2010,12,13,0,16
Rubens Barrichello,22,347,2010,29,11,0,12
Robert Kubica,9,347,2010,83,7,0,7
Adrian Sutil,16,347,2010,35,10,0,17
Jaime Alguersuari,153,347,2010,3,16,0,15
Nico Hülkenberg,807,347,2010,2,17,0,13
Pedro de la Rosa,37,347,2010,0,18,0,14
Bruno Senna,810,347,2010,0,23,0,19
Timo Glock,10,347,2010,0,24,0,18
Vitaly Petrov,808,347,2010,6,15,0,10
Kamui Kobayashi,155,347,2010,15,12,0,11
Fernando Alonso,4,348,2010,123,5,2,2
Felipe Massa,13,348,2010,85,8,0,4
Sebastian Vettel,20,348,2010,136,4,2,3
Michael Schumacher,30,348,2010,38,9,0,11
Jenson Button,18,348,2010,143,2,2,8
Mark Webber,17,348,2010,136,3,3,1
Vitantonio Liuzzi,24,348,2010,12,13,0,13
Rubens Barrichello,22,348,2010,29,11,0,10
Nico Hülkenberg,807,348,2010,2,17,0,6
Heikki Kovalainen,5,348,2010,0,19,0,14
Sébastien Buemi,67,348,2010,7,15,0,12
Jarno Trulli,15,348,2010,0,22,0,15
Pedro de la Rosa,37,348,2010,0,18,0,7
Bruno Senna,810,348,2010,0,23,0,17
Timo Glock,10,348,2010,0,24,0,16
Vitaly Petrov,808,348,2010,7,14,0,5
Kamui Kobayashi,155,348,2010,15,12,0,9
Lucas di Grassi,809,348,2010,0,21,0,18
Sakon Yamamoto,29,348,2010,0,25,0,19
Felipe Massa,13,349,2010,97,6,0,4
Lewis Hamilton,1,349,2010,157,2,2,1
Sebastian Vettel,20,349,2010,151,3,2,15
Nico Rosberg,3,349,2010,94,7,0,6
Michael Schumacher,30,349,2010,38,9,0,7
Mark Webber,17,349,2010,161,1,4,2
Vitantonio Liuzzi,24,349,2010,12,14,0,10
Robert Kubica,9,349,2010,89,8,0,3
Adrian Sutil,16,349,2010,35,10,0,5
Jaime Alguersuari,153,349,2010,3,18,0,13
Nico Hülkenberg,807,349,2010,10,15,0,14
Heikki Kovalainen,5,349,2010,0,19,0,16
Sébastien Buemi,67,349,2010,7,16,0,12
Jarno Trulli,15,349,2010,0,22,0,19
Pedro de la Rosa,37,349,2010,6,17,0,11
Timo Glock,10,349,2010,0,24,0,18
Vitaly Petrov,808,349,2010,17,12,0,9
Kamui Kobayashi,155,349,2010,17,13,0,8
Lucas di Grassi,809,349,2010,0,21,0,17
Sakon Yamamoto,29,349,2010,0,25,0,20
Fernando Alonso,4,350,2010,141,5,2,1
Felipe Massa,13,350,2010,109,6,0,3
Sebastian Vettel,20,350,2010,151,3,2,4
Nico Rosberg,3,350,2010,102,8,0,5
Michael Schumacher,30,350,2010,44,10,0,9
Jenson Button,18,350,2010,147,4,2,2
Mark Webber,17,350,2010,179,2,4,6
Vitantonio Liuzzi,24,350,2010,13,14,0,12
Rubens Barrichello,22,350,2010,30,11,0,10
Robert Kubica,9,350,2010,104,7,0,8
Adrian Sutil,16,350,2010,45,9,0,16
Jaime Alguersuari,153,350,2010,3,18,0,15
Nico Hülkenberg,807,350,2010,10,15,0,7
Heikki Kovalainen,5,350,2010,0,19,0,18
Sébastien Buemi,67,350,2010,7,16,0,11
Pedro de la Rosa,37,350,2010,6,17,0,14
Timo Glock,10,350,2010,0,24,0,17
Vitaly Petrov,808,350,2010,19,13,0,13
Lucas di Grassi,809,350,2010,0,21,0,20
Sakon Yamamoto,29,350,2010,0,25,0,19
Fernando Alonso,4,351,2010,166,3,3,1
Felipe Massa,13,351,2010,124,6,0,8
Sebastian Vettel,20,351,2010,163,5,2,2
Nico Rosberg,3,351,2010,112,7,0,5
Michael Schumacher,30,351,2010,46,9,0,13
Jenson Button,18,351,2010,165,4,2,4
Mark Webber,17,351,2010,187,1,4,3
Rubens Barrichello,22,351,2010,31,11,0,6
Robert Kubica,9,351,2010,108,8,0,7
Adrian Sutil,16,351,2010,45,10,0,9
Jaime Alguersuari,153,351,2010,3,18,0,12
Nico Hülkenberg,807,351,2010,16,14,0,10
Heikki Kovalainen,5,351,2010,0,19,0,16
Sébastien Buemi,67,351,2010,7,16,0,14
Vitaly Petrov,808,351,2010,19,13,0,11
Lucas di Grassi,809,351,2010,0,21,0,15
Sakon Yamamoto,29,352,2010,0,25,0,16
Kamui Kobayashi,155,352,2010,21,12,0,7
Timo Glock,10,352,2010,0,24,0,14
Jarno Trulli,15,352,2010,0,22,0,13
Heikki Kovalainen,5,352,2010,0,19,0,12
Jaime Alguersuari,153,352,2010,3,18,0,11
Jenson Button,18,352,2010,177,5,2,4
Nick Heidfeld,2,352,2010,0,26,0,8
Bruno Senna,810,352,2010,0,23,0,15
Michael Schumacher,30,352,2010,46,10,0,6
Mark Webber,17,352,2010,202,1,4,2
Sébastien Buemi,67,352,2010,7,16,0,10
Sebastian Vettel,20,352,2010,181,4,2,1
Rubens Barrichello,22,352,2010,39,11,0,9
Lewis Hamilton,1,352,2010,182,3,3,5
Fernando Alonso,4,352,2010,191,2,4,3
Nick Heidfeld,2,353,2010,4,18,0,9
Sakon Yamamoto,29,353,2010,0,26,0,15
Bruno Senna,810,353,2010,0,25,0,14
Robert Kubica,9,353,2010,114,8,0,5
Vitantonio Liuzzi,24,353,2010,13,15,0,6
Jenson Button,18,353,2010,189,5,2,12
Lewis Hamilton,1,353,2010,192,4,3,2
Kamui Kobayashi,155,353,2010,27,12,0,8
Rubens Barrichello,22,353,2010,41,11,0,7
Heikki Kovalainen,5,353,2010,0,20,0,13
Jaime Alguersuari,153,353,2010,3,19,0,11
Felipe Massa,13,353,2010,128,6,0,3
Nico Hülkenberg,807,353,2010,17,14,0,10
Michael Schumacher,30,353,2010,54,9,0,4
Fernando Alonso,4,353,2010,206,2,4,1
Nick Heidfeld,2,354,2010,6,18,0,17
Kamui Kobayashi,155,354,2010,31,12,0,10
Timo Glock,10,354,2010,0,25,0,20
Jarno Trulli,15,354,2010,0,21,0,19
Sébastien Buemi,67,354,2010,8,16,0,13
Robert Kubica,9,354,2010,124,7,0,9
Rubens Barrichello,22,354,2010,47,10,0,14
Mark Webber,17,354,2010,220,2,4,2
Jenson Button,18,354,2010,189,5,2,5
Michael Schumacher,30,354,2010,66,9,0,7
Lewis Hamilton,1,354,2010,210,3,3,4
Bruno Senna,810,354,2010,0,23,0,21
Christian Klien,32,354,2010,0,27,0,22
Vitaly Petrov,808,354,2010,19,14,0,16
Nico Hülkenberg,807,354,2010,18,15,0,8
Adrian Sutil,16,354,2010,47,11,0,12
Felipe Massa,13,354,2010,143,6,0,15
Heikki Kovalainen,5,354,2010,0,20,0,18
Jaime Alguersuari,153,354,2010,3,19,0,11
Nico Rosberg,3,354,2010,122,8,0,6
Sebastian Vettel,20,354,2010,206,4,3,1
Fernando Alonso,4,354,2010,231,1,5,3
Fernando Alonso,4,355,2010,246,1,5,7
Felipe Massa,13,355,2010,143,6,0,10
Lewis Hamilton,1,355,2010,222,4,3,2
Sebastian Vettel,20,355,2010,231,3,4,1
Nico Rosberg,3,355,2010,130,7,0,4
Jenson Button,18,355,2010,199,5,2,3
Mark Webber,17,355,2010,238,2,4,8
Rubens Barrichello,22,355,2010,47,10,0,12
Robert Kubica,9,355,2010,126,8,0,5
Adrian Sutil,16,355,2010,47,11,0,13
Jaime Alguersuari,153,355,2010,3,19,0,9
Nico Hülkenberg,807,355,2010,22,13,0,16
Heikki Kovalainen,5,355,2010,0,20,0,17
Sébastien Buemi,67,355,2010,8,16,0,15
Jarno Trulli,15,355,2010,0,21,0,21
Bruno Senna,810,355,2010,0,23,0,19
Vitaly Petrov,808,355,2010,19,15,0,6
Kamui Kobayashi,155,355,2010,32,12,0,14
Lucas di Grassi,809,355,2010,0,24,0,18
Nick Heidfeld,2,355,2010,6,18,0,11
Christian Klien,32,355,2010,0,27,0,20
Fernando Alonso,4,76,2005,44,1,3,4
Rubens Barrichello,22,76,2005,8,11,0,8
Giancarlo Fisichella,21,76,2005,14,4,1,12
Fernando Alonso,4,842,2011,20,5,0,7
Vitaly Petrov,808,842,2011,15,8,0,9
Lewis Hamilton,1,842,2011,22,3,0,1
Michael Schumacher,30,841,2011,0,19,0,9
Heikki Kovalainen,5,841,2011,0,18,0,15
Nico Rosberg,3,841,2011,0,17,0,12
Sebastian Vettel,20,842,2011,50,1,2,2
Timo Glock,10,841,2011,0,15,0,16
Nick Heidfeld,2,841,2011,0,12,0,3
Jaime Alguersuari,153,841,2011,0,11,0,14
Paul di Resta,813,841,2011,1,10,0,10
Adrian Sutil,16,841,2011,2,9,0,11
Sébastien Buemi,67,841,2011,4,8,0,13
Felipe Massa,13,841,2011,6,7,0,5
Jenson Button,18,841,2011,8,6,0,2
Mark Webber,17,841,2011,10,5,0,4
Fernando Alonso,4,841,2011,12,4,0,6
Vitaly Petrov,808,841,2011,15,3,0,17
Lewis Hamilton,1,841,2011,18,2,0,8
Sebastian Vettel,20,841,2011,25,1,1,1
Mark Webber,17,842,2011,22,4,0,3
Jenson Button,18,842,2011,26,2,0,4
Felipe Massa,13,842,2011,16,6,0,6
Sébastien Buemi,67,842,2011,4,10,0,14
Adrian Sutil,16,842,2011,2,11,0,15
Paul di Resta,813,842,2011,2,13,0,11
Nick Heidfeld,2,842,2011,15,7,0,12
Jarno Trulli,15,842,2011,0,16,0,19
Jérôme d'Ambrosio,815,842,2011,0,17,0,20
Timo Glock,10,842,2011,0,19,0,21
Rubens Barrichello,22,842,2011,0,21,0,13
Nico Rosberg,3,842,2011,0,15,0,5
Heikki Kovalainen,5,842,2011,0,18,0,16
Michael Schumacher,30,842,2011,2,12,0,8
Pastor Maldonado,812,842,2011,0,23,0,18
Kamui Kobayashi,155,842,2011,6,9,0,10
Vitantonio Liuzzi,24,842,2011,0,22,0,22
Sergio Pérez,814,842,2011,0,20,0,17
Narain Karthikeyan,39,842,2011,0,24,0,23
Sebastian Vettel,20,843,2011,68,1,2,1
Lewis Hamilton,1,843,2011,47,2,1,4
Vitaly Petrov,808,843,2011,17,7,0,8
Fernando Alonso,4,843,2011,26,5,0,3
Mark Webber,17,843,2011,37,4,0,2
Jenson Button,18,843,2011,38,3,0,6
Felipe Massa,13,843,2011,24,6,0,11
Sébastien Buemi,67,843,2011,4,12,0,9
Adrian Sutil,16,843,2011,2,13,0,13
Jaime Alguersuari,153,843,2011,0,15,0,16
Nick Heidfeld,2,843,2011,15,8,0,7
Jarno Trulli,15,843,2011,0,16,0,18
Jérôme d'Ambrosio,815,843,2011,0,18,0,20
Rubens Barrichello,22,843,2011,0,17,0,15
Nico Rosberg,3,843,2011,10,9,0,5
Heikki Kovalainen,5,843,2011,0,19,0,19
Michael Schumacher,30,843,2011,6,11,0,12
Pastor Maldonado,812,843,2011,0,22,0,17
Kamui Kobayashi,155,843,2011,7,10,0,10
Vitantonio Liuzzi,24,843,2011,0,23,0,22
Sergio Pérez,814,843,2011,0,21,0,14
Narain Karthikeyan,39,843,2011,0,24,0,21
Sebastian Vettel,20,844,2011,93,1,3,1
Lewis Hamilton,1,844,2011,59,2,1,2
Vitaly Petrov,808,844,2011,21,8,0,11
Fernando Alonso,4,844,2011,41,5,0,5
Mark Webber,17,844,2011,55,3,0,4
Jenson Button,18,844,2011,46,4,0,3
Sébastien Buemi,67,844,2011,6,12,0,14
Adrian Sutil,16,844,2011,2,13,0,13
Paul di Resta,813,844,2011,2,14,0,12
Jaime Alguersuari,153,844,2011,0,15,0,16
Nick Heidfeld,2,844,2011,21,7,0,8
Jarno Trulli,15,844,2011,0,17,0,18
Jérôme d'Ambrosio,815,844,2011,0,19,0,20
Timo Glock,10,844,2011,0,21,0,19
Rubens Barrichello,22,844,2011,0,16,0,17
Nico Rosberg,3,844,2011,20,9,0,7
Michael Schumacher,30,844,2011,6,11,0,6
Pastor Maldonado,812,844,2011,0,22,0,15
Kamui Kobayashi,155,844,2011,8,10,0,10
Sergio Pérez,814,844,2011,0,18,0,9
Narain Karthikeyan,39,844,2011,0,23,0,21
Sebastian Vettel,20,845,2011,118,1,4,1
Lewis Hamilton,1,845,2011,77,2,1,6
Fernando Alonso,4,845,2011,51,5,0,2
Mark Webber,17,845,2011,67,3,0,4
Jenson Button,18,845,2011,61,4,0,3
Sébastien Buemi,67,845,2011,6,12,0,10
Adrian Sutil,16,845,2011,2,13,0,7
Paul di Resta,813,845,2011,2,15,0,12
Nick Heidfeld,2,845,2011,25,7,0,8
Jarno Trulli,15,845,2011,0,18,0,13
Jérôme d'Ambrosio,815,845,2011,0,19,0,15
Rubens Barrichello,22,845,2011,0,17,0,9
Nico Rosberg,3,845,2011,26,6,0,11
Heikki Kovalainen,5,845,2011,0,20,0,14
Pastor Maldonado,812,845,2011,0,21,0,18
Kamui Kobayashi,155,845,2011,9,11,0,5
Vitantonio Liuzzi,24,845,2011,0,24,0,16
Narain Karthikeyan,39,845,2011,0,23,0,17
Sebastian Vettel,20,846,2011,143,1,5,2
Vitaly Petrov,808,846,2011,21,9,0,5
Mark Webber,17,846,2011,79,3,0,3
Jenson Button,18,846,2011,76,4,0,1
Felipe Massa,13,846,2011,24,8,0,6
Sébastien Buemi,67,846,2011,7,13,0,10
Paul di Resta,813,846,2011,2,16,0,18
Jaime Alguersuari,153,846,2011,0,17,0,8
Jarno Trulli,15,846,2011,0,18,0,17
Jérôme d'Ambrosio,815,846,2011,0,20,0,15
Timo Glock,10,846,2011,0,22,0,16
Rubens Barrichello,22,846,2011,2,14,0,9
Nico Rosberg,3,846,2011,26,7,0,11
Michael Schumacher,30,846,2011,14,11,0,4
Kamui Kobayashi,155,846,2011,19,10,0,7
Vitantonio Liuzzi,24,846,2011,0,23,0,13
Narain Karthikeyan,39,846,2011,0,24,0,14
Sebastian Vettel,20,847,2011,161,1,5,1
Lewis Hamilton,1,847,2011,85,4,1,4
Vitaly Petrov,808,847,2011,31,7,0,15
Fernando Alonso,4,847,2011,69,5,0,2
Mark Webber,17,847,2011,94,3,0,3
Jenson Button,18,847,2011,101,2,1,6
Felipe Massa,13,847,2011,32,6,0,5
Sébastien Buemi,67,847,2011,8,13,0,13
Adrian Sutil,16,847,2011,8,12,0,9
Paul di Resta,813,847,2011,2,17,0,14
Jaime Alguersuari,153,847,2011,4,14,0,8
Nick Heidfeld,2,847,2011,29,8,0,10
Jarno Trulli,15,847,2011,0,19,0,20
Jérôme d'Ambrosio,815,847,2011,0,21,0,22
Timo Glock,10,847,2011,0,25,0,21
Rubens Barrichello,22,847,2011,4,15,0,12
Nico Rosberg,3,847,2011,26,10,0,7
Heikki Kovalainen,5,847,2011,0,22,0,19
Michael Schumacher,30,847,2011,26,9,0,17
Pastor Maldonado,812,847,2011,0,24,0,18
Kamui Kobayashi,155,847,2011,25,11,0,16
Vitantonio Liuzzi,24,847,2011,0,20,0,23
Sergio Pérez,814,847,2011,2,16,0,11
Narain Karthikeyan,39,847,2011,0,23,0,24
Sebastian Vettel,20,848,2011,186,1,6,2
Lewis Hamilton,1,848,2011,97,4,1,4
Vitaly Petrov,808,848,2011,31,8,0,12
Fernando Alonso,4,848,2011,87,5,0,1
Mark Webber,17,848,2011,109,3,0,3
Felipe Massa,13,848,2011,42,6,0,5
Adrian Sutil,16,848,2011,10,12,0,11
Paul di Resta,813,848,2011,2,17,0,15
Jaime Alguersuari,153,848,2011,8,13,0,10
Nick Heidfeld,2,848,2011,30,9,0,8
Jérôme d'Ambrosio,815,848,2011,0,21,0,17
Timo Glock,10,848,2011,0,25,0,16
Rubens Barrichello,22,848,2011,4,15,0,13
Nico Rosberg,3,848,2011,32,7,0,6
Michael Schumacher,30,848,2011,26,10,0,9
Pastor Maldonado,812,848,2011,0,24,0,14
Vitantonio Liuzzi,24,848,2011,0,20,0,18
Sergio Pérez,814,848,2011,2,16,0,7
Sebastian Vettel,20,849,2011,204,1,6,4
Lewis Hamilton,1,849,2011,109,4,1,1
Vitaly Petrov,808,849,2011,31,9,0,10
Fernando Alonso,4,849,2011,112,3,1,2
Mark Webber,17,849,2011,124,2,0,3
Felipe Massa,13,849,2011,52,6,0,5
Sébastien Buemi,67,849,2011,8,15,0,15
Adrian Sutil,16,849,2011,10,12,0,6
Paul di Resta,813,849,2011,2,17,0,13
Jaime Alguersuari,153,849,2011,9,13,0,12
Jérôme d'Ambrosio,815,849,2011,0,21,0,18
Timo Glock,10,849,2011,0,25,0,17
Nico Rosberg,3,849,2011,40,7,0,7
Heikki Kovalainen,5,849,2011,0,22,0,16
Michael Schumacher,30,849,2011,28,10,0,8
Pastor Maldonado,812,849,2011,0,23,0,14
Kamui Kobayashi,155,849,2011,25,11,0,9
Sergio Pérez,814,849,2011,8,14,0,11
Daniel Ricciardo,816,849,2011,0,26,0,19
Sebastian Vettel,20,850,2011,216,1,6,2
Lewis Hamilton,1,850,2011,134,3,2,4
Vitaly Petrov,808,850,2011,32,9,0,12
Fernando Alonso,4,850,2011,130,4,1,3
Mark Webber,17,850,2011,139,2,0,5
Jenson Button,18,850,2011,109,5,1,1
Felipe Massa,13,850,2011,62,6,0,6
Sébastien Buemi,67,850,2011,8,15,0,8
Adrian Sutil,16,850,2011,18,12,0,14
Paul di Resta,813,850,2011,2,17,0,7
Jaime Alguersuari,153,850,2011,9,13,0,10
Jérôme d'Ambrosio,815,850,2011,0,22,0,19
Timo Glock,10,850,2011,0,24,0,17
Rubens Barrichello,22,850,2011,4,16,0,13
Nico Rosberg,3,850,2011,46,7,0,9
Pastor Maldonado,812,850,2011,0,21,0,16
Kamui Kobayashi,155,850,2011,27,11,0,11
Vitantonio Liuzzi,24,850,2011,0,20,0,20
Sergio Pérez,814,850,2011,8,14,0,15
Daniel Ricciardo,816,850,2011,0,26,0,18
Sebastian Vettel,20,851,2011,234,1,6,1
Vitaly Petrov,808,851,2011,32,9,0,9
Fernando Alonso,4,851,2011,145,4,1,4
Mark Webber,17,851,2011,149,2,0,2
Jenson Button,18,851,2011,134,5,2,3
Felipe Massa,13,851,2011,70,6,0,8
Adrian Sutil,16,851,2011,18,12,0,7
Paul di Resta,813,851,2011,8,16,0,11
Jarno Trulli,15,851,2011,0,19,0,14
Jérôme d'Ambrosio,815,851,2011,0,22,0,17
Timo Glock,10,851,2011,0,24,0,18
Rubens Barrichello,22,851,2011,4,17,0,16
Nico Rosberg,3,851,2011,48,7,0,6
Heikki Kovalainen,5,851,2011,0,23,0,15
Michael Schumacher,30,851,2011,32,10,0,5
Pastor Maldonado,812,851,2011,0,21,0,10
Kamui Kobayashi,155,851,2011,27,11,0,12
Vitantonio Liuzzi,24,851,2011,0,20,0,19
Bruno Senna,810,852,2011,0,22,0,9
Michael Schumacher,30,852,2011,42,8,0,5
Heikki Kovalainen,5,852,2011,0,24,0,13
Timo Glock,10,852,2011,0,25,0,15
Jaime Alguersuari,153,852,2011,10,14,0,7
Sébastien Buemi,67,852,2011,12,13,0,10
Felipe Massa,13,852,2011,74,6,0,6
Jenson Button,18,852,2011,149,4,2,2
Lewis Hamilton,1,852,2011,146,5,2,4
Rubens Barrichello,22,852,2011,4,17,0,12
Jarno Trulli,15,852,2011,0,20,0,14
Pastor Maldonado,812,852,2011,1,18,0,11
Paul di Resta,813,852,2011,8,16,0,8
Sebastian Vettel,20,852,2011,259,1,7,1
Fernando Alonso,4,852,2011,157,3,1,3
Sebastian Vettel,20,853,2011,284,1,8,1
Lewis Hamilton,1,853,2011,158,5,2,5
Vitaly Petrov,808,853,2011,34,9,0,17
Fernando Alonso,4,853,2011,172,2,1,4
Mark Webber,17,853,2011,167,4,0,3
Jenson Button,18,853,2011,167,3,2,2
Felipe Massa,13,853,2011,82,6,0,9
Sébastien Buemi,67,853,2011,13,14,0,12
Adrian Sutil,16,853,2011,24,12,0,8
Paul di Resta,813,853,2011,12,15,0,6
Jaime Alguersuari,153,853,2011,16,13,0,21
Jérôme d'Ambrosio,815,853,2011,0,24,0,18
Rubens Barrichello,22,853,2011,4,17,0,13
Nico Rosberg,3,853,2011,56,7,0,7
Heikki Kovalainen,5,853,2011,0,22,0,16
Pastor Maldonado,812,853,2011,1,19,0,11
Kamui Kobayashi,155,853,2011,27,11,0,14
Vitantonio Liuzzi,24,853,2011,0,23,0,20
Sergio Pérez,814,853,2011,8,16,0,10
Daniel Ricciardo,816,853,2011,0,27,0,19
Bruno Senna,810,853,2011,2,18,0,15
Sebastian Vettel,20,854,2011,309,1,9,3
Lewis Hamilton,1,854,2011,168,5,2,5
Vitaly Petrov,808,854,2011,34,9,0,9
Fernando Alonso,4,854,2011,184,3,1,2
Mark Webber,17,854,2011,182,4,0,4
Jenson Button,18,854,2011,185,2,2,1
Felipe Massa,13,854,2011,84,6,0,7
Adrian Sutil,16,854,2011,28,11,0,11
Paul di Resta,813,854,2011,20,13,0,12
Jaime Alguersuari,153,854,2011,16,14,0,15
Jarno Trulli,15,854,2011,0,21,0,19
Jérôme d'Ambrosio,815,854,2011,0,24,0,21
Timo Glock,10,854,2011,0,25,0,20
Rubens Barrichello,22,854,2011,4,17,0,17
Nico Rosberg,3,854,2011,62,7,0,10
Heikki Kovalainen,5,854,2011,0,22,0,18
Michael Schumacher,30,854,2011,52,8,0,6
Pastor Maldonado,812,854,2011,1,19,0,14
Kamui Kobayashi,155,854,2011,27,12,0,13
Vitantonio Liuzzi,24,854,2011,0,23,0,23
Sergio Pérez,814,854,2011,9,16,0,8
Daniel Ricciardo,816,854,2011,0,27,0,22
Bruno Senna,810,854,2011,2,18,0,16
Sebastian Vettel,20,855,2011,324,1,9,1
Lewis Hamilton,1,855,2011,178,5,2,2
Fernando Alonso,4,855,2011,202,3,1,5
Mark Webber,17,855,2011,194,4,0,3
Jenson Button,18,855,2011,210,2,3,4
Felipe Massa,13,855,2011,90,6,0,6
Sébastien Buemi,67,855,2011,13,16,0,9
Adrian Sutil,16,855,2011,28,11,0,11
Paul di Resta,813,855,2011,20,13,0,10
Jaime Alguersuari,153,855,2011,16,14,0,7
Jarno Trulli,15,855,2011,0,21,0,17
Jérôme d'Ambrosio,815,855,2011,0,24,0,20
Timo Glock,10,855,2011,0,25,0,18
Rubens Barrichello,22,855,2011,4,17,0,12
Nico Rosberg,3,855,2011,63,7,0,8
Heikki Kovalainen,5,855,2011,0,22,0,14
Kamui Kobayashi,155,855,2011,27,12,0,15
Vitantonio Liuzzi,24,855,2011,0,23,0,21
Sergio Pérez,814,855,2011,13,15,0,16
Daniel Ricciardo,816,855,2011,0,27,0,19
Bruno Senna,810,855,2011,2,18,0,13
Sebastian Vettel,20,856,2011,349,1,10,1
Lewis Hamilton,1,856,2011,196,5,2,7
Vitaly Petrov,808,856,2011,36,9,0,11
Fernando Alonso,4,856,2011,212,3,1,3
Mark Webber,17,856,2011,209,4,0,4
Jenson Button,18,856,2011,222,2,3,2
Adrian Sutil,16,856,2011,28,11,0,9
Paul di Resta,813,856,2011,21,14,0,13
Jaime Alguersuari,153,856,2011,22,13,0,8
Jarno Trulli,15,856,2011,0,21,0,19
Jérôme d'Ambrosio,815,856,2011,0,24,0,16
Rubens Barrichello,22,856,2011,4,17,0,15
Nico Rosberg,3,856,2011,67,7,0,6
Heikki Kovalainen,5,856,2011,0,22,0,14
Michael Schumacher,30,856,2011,60,8,0,5
Sergio Pérez,814,856,2011,13,16,0,10
Narain Karthikeyan,39,856,2011,0,26,0,17
Daniel Ricciardo,816,856,2011,0,27,0,18
Bruno Senna,810,856,2011,2,18,0,12
Lewis Hamilton,1,857,2011,202,5,2,1
Vitaly Petrov,808,857,2011,36,9,0,13
Fernando Alonso,4,857,2011,227,3,1,2
Mark Webber,17,857,2011,221,4,0,4
Jenson Button,18,857,2011,240,2,3,3
Felipe Massa,13,857,2011,98,6,0,5
Adrian Sutil,16,857,2011,30,11,0,8
Paul di Resta,813,857,2011,21,14,0,9
Jaime Alguersuari,153,857,2011,26,13,0,15
Jarno Trulli,15,857,2011,0,21,0,18
Timo Glock,10,857,2011,0,25,0,19
Rubens Barrichello,22,857,2011,4,17,0,12
Nico Rosberg,3,857,2011,75,7,0,6
Heikki Kovalainen,5,857,2011,0,22,0,17
Michael Schumacher,30,857,2011,70,8,0,7
Pastor Maldonado,812,857,2011,1,19,0,14
Kamui Kobayashi,155,857,2011,27,12,0,10
Vitantonio Liuzzi,24,857,2011,0,23,0,20
Sergio Pérez,814,857,2011,14,16,0,11
Bruno Senna,810,857,2011,2,18,0,16
Sebastian Vettel,20,858,2011,374,1,11,2
Vitaly Petrov,808,858,2011,36,9,0,10
Fernando Alonso,4,858,2011,245,3,1,4
Mark Webber,17,858,2011,233,4,0,1
Jenson Button,18,858,2011,255,2,3,3
Felipe Massa,13,858,2011,108,6,0,5
Sébastien Buemi,67,858,2011,15,15,0,12
Adrian Sutil,16,858,2011,34,11,0,6
Paul di Resta,813,858,2011,23,14,0,8
Jaime Alguersuari,153,858,2011,26,13,0,11
Jarno Trulli,15,858,2011,0,21,0,18
Jérôme d'Ambrosio,815,858,2011,0,24,0,19
Rubens Barrichello,22,858,2011,4,17,0,14
Nico Rosberg,3,858,2011,83,7,0,7
Heikki Kovalainen,5,858,2011,0,22,0,16
Michael Schumacher,30,858,2011,76,8,0,15
Kamui Kobayashi,155,858,2011,28,12,0,9
Sergio Pérez,814,858,2011,14,16,0,13
Daniel Ricciardo,816,858,2011,0,27,0,20
Bruno Senna,810,858,2011,2,18,0,17
Narain Karthikeyan,39,860,2012,0,24,0,21
Nico Hülkenberg,807,860,2012,0,22,0,9
Michael Schumacher,30,860,2012,0,20,0,10
Heikki Kovalainen,5,860,2012,0,18,0,18
Bruno Senna,810,860,2012,0,16,0,6
Timo Glock,10,860,2012,0,14,0,17
Nico Rosberg,3,860,2012,0,12,0,13
Pedro de la Rosa,37,860,2012,0,23,0,22
Vitaly Petrov,808,860,2012,0,19,0,16
Felipe Massa,13,860,2012,0,17,0,15
Charles Pic,818,860,2012,0,15,0,20
Pastor Maldonado,812,860,2012,0,13,0,19
Jean-Éric Vergne,817,860,2012,0,11,0,8
Paul di Resta,813,860,2012,1,10,0,7
Daniel Ricciardo,816,860,2012,2,9,0,12
Sergio Pérez,814,860,2012,4,8,0,2
Kimi Räikkönen,8,860,2012,6,7,0,5
Fernando Alonso,4,860,2012,10,5,0,1
Mark Webber,17,860,2012,12,4,0,4
Lewis Hamilton,1,860,2012,15,3,0,3
Sebastian Vettel,20,860,2012,18,2,0,11
Jenson Button,18,860,2012,25,1,1,14
Jenson Button,18,861,2012,25,3,1,2
Sebastian Vettel,20,861,2012,18,6,0,5
Lewis Hamilton,1,861,2012,30,2,0,3
Mark Webber,17,861,2012,24,4,0,4
Fernando Alonso,4,861,2012,35,1,1,9
Kamui Kobayashi,155,861,2012,8,9,0,10
Kimi Räikkönen,8,861,2012,16,7,0,14
Sergio Pérez,814,861,2012,22,5,0,11
Daniel Ricciardo,816,861,2012,2,12,0,17
Paul di Resta,813,861,2012,7,10,0,12
Jean-Éric Vergne,817,861,2012,4,11,0,16
Nico Rosberg,3,861,2012,0,15,0,1
Pastor Maldonado,812,861,2012,0,16,0,8
Timo Glock,10,861,2012,0,17,0,19
Charles Pic,818,861,2012,0,18,0,20
Bruno Senna,810,861,2012,8,8,0,7
Felipe Massa,13,861,2012,0,19,0,13
Heikki Kovalainen,5,861,2012,0,21,0,23
Vitaly Petrov,808,861,2012,0,20,0,18
Romain Grosjean,154,861,2012,0,24,0,6
Nico Hülkenberg,807,861,2012,2,13,0,15
Pedro de la Rosa,37,861,2012,0,23,0,21
Narain Karthikeyan,39,861,2012,0,22,0,22
Jenson Button,18,862,2012,43,2,1,18
Sebastian Vettel,20,862,2012,28,5,0,1
Lewis Hamilton,1,862,2012,45,1,0,8
Mark Webber,17,862,2012,36,4,0,4
Fernando Alonso,4,862,2012,37,3,1,7
Kamui Kobayashi,155,862,2012,9,10,0,13
Kimi Räikkönen,8,862,2012,16,8,0,2
Sergio Pérez,814,862,2012,22,7,0,11
Daniel Ricciardo,816,862,2012,2,15,0,15
Paul di Resta,813,862,2012,7,12,0,6
Jean-Éric Vergne,817,862,2012,4,13,0,14
Nico Rosberg,3,862,2012,25,6,1,5
Timo Glock,10,862,2012,0,19,0,19
Bruno Senna,810,862,2012,14,9,0,22
Felipe Massa,13,862,2012,0,18,0,9
Heikki Kovalainen,5,862,2012,0,22,0,17
Vitaly Petrov,808,862,2012,0,21,0,16
Michael Schumacher,30,862,2012,1,17,0,10
Romain Grosjean,154,862,2012,8,11,0,3
Nico Hülkenberg,807,862,2012,2,16,0,12
Pedro de la Rosa,37,862,2012,0,23,0,20
Narain Karthikeyan,39,862,2012,0,24,0,21
Jenson Button,18,863,2012,43,4,1,9
Sebastian Vettel,20,863,2012,53,1,1,6
Lewis Hamilton,1,863,2012,49,2,0,8
Mark Webber,17,863,2012,48,3,0,11
Fernando Alonso,4,863,2012,43,5,1,2
Kamui Kobayashi,155,863,2012,9,12,0,5
Kimi Räikkönen,8,863,2012,34,7,0,3
Daniel Ricciardo,816,863,2012,2,15,0,13
Paul di Resta,813,863,2012,15,10,0,14
Jean-Éric Vergne,817,863,2012,4,13,0,12
Nico Rosberg,3,863,2012,35,6,1,7
Pastor Maldonado,812,863,2012,4,14,0,1
Timo Glock,10,863,2012,0,19,0,18
Felipe Massa,13,863,2012,2,17,0,15
Heikki Kovalainen,5,863,2012,0,22,0,16
Vitaly Petrov,808,863,2012,0,21,0,17
Romain Grosjean,154,863,2012,23,8,0,4
Nico Hülkenberg,807,863,2012,2,16,0,10
Pedro de la Rosa,37,863,2012,0,23,0,19
Jenson Button,18,864,2012,45,6,1,16
Sebastian Vettel,20,864,2012,61,1,1,4
Lewis Hamilton,1,864,2012,53,3,0,5
Mark Webber,17,864,2012,48,5,0,1
Fernando Alonso,4,864,2012,61,2,1,3
Kimi Räikkönen,8,864,2012,49,4,0,9
Sergio Pérez,814,864,2012,22,10,0,11
Paul di Resta,813,864,2012,15,12,0,7
Jean-Éric Vergne,817,864,2012,4,14,0,12
Nico Rosberg,3,864,2012,41,7,1,2
Timo Glock,10,864,2012,0,19,0,14
Bruno Senna,810,864,2012,14,13,0,10
Felipe Massa,13,864,2012,2,17,0,6
Heikki Kovalainen,5,864,2012,0,22,0,13
Nico Hülkenberg,807,864,2012,3,15,0,8
Narain Karthikeyan,39,864,2012,0,24,0,15
Jenson Button,18,865,2012,45,7,1,16
Sebastian Vettel,20,865,2012,73,2,1,4
Lewis Hamilton,1,865,2012,63,4,0,1
Mark Webber,17,865,2012,73,3,1,7
Fernando Alonso,4,865,2012,76,1,1,5
Kamui Kobayashi,155,865,2012,19,12,0,9
Kimi Räikkönen,8,865,2012,51,6,0,8
Sergio Pérez,814,865,2012,22,10,0,3
Daniel Ricciardo,816,865,2012,2,17,0,14
Paul di Resta,813,865,2012,21,11,0,11
Jean-Éric Vergne,817,865,2012,4,16,0,15
Nico Rosberg,3,865,2012,59,5,1,6
Pastor Maldonado,812,865,2012,29,9,1,13
Timo Glock,10,865,2012,0,20,0,21
Charles Pic,818,865,2012,0,21,0,20
Bruno Senna,810,865,2012,15,13,0,17
Felipe Massa,13,865,2012,10,14,0,10
Heikki Kovalainen,5,865,2012,0,19,0,18
Vitaly Petrov,808,865,2012,0,23,0,19
Romain Grosjean,154,865,2012,35,8,0,2
Nico Hülkenberg,807,865,2012,7,15,0,12
Jenson Button,18,866,2012,45,8,1,8
Lewis Hamilton,1,866,2012,88,1,1,19
Mark Webber,17,866,2012,79,4,1,4
Fernando Alonso,4,866,2012,86,2,1,1
Kimi Räikkönen,8,866,2012,55,6,0,2
Sergio Pérez,814,866,2012,37,9,0,9
Daniel Ricciardo,816,866,2012,2,17,0,11
Paul di Resta,813,866,2012,21,12,0,7
Nico Rosberg,3,866,2012,67,5,1,6
Pastor Maldonado,812,866,2012,29,10,1,12
Charles Pic,818,866,2012,0,21,0,15
Bruno Senna,810,866,2012,15,13,0,10
Felipe Massa,13,866,2012,11,14,0,16
Heikki Kovalainen,5,866,2012,0,19,0,14
Vitaly Petrov,808,866,2012,0,23,0,13
Michael Schumacher,30,866,2012,2,18,0,3
Nico Hülkenberg,807,866,2012,7,15,0,5
Pedro de la Rosa,37,866,2012,0,24,0,17
Narain Karthikeyan,39,866,2012,0,22,0,18
Jenson Button,18,867,2012,49,8,1,10
Sebastian Vettel,20,867,2012,85,4,1,3
Lewis Hamilton,1,867,2012,88,3,1,8
Mark Webber,17,867,2012,91,2,1,1
Fernando Alonso,4,867,2012,111,1,2,2
Kamui Kobayashi,155,867,2012,21,12,0,11
Kimi Räikkönen,8,867,2012,73,6,0,5
Daniel Ricciardo,816,867,2012,2,18,0,13
Jean-Éric Vergne,817,867,2012,4,17,0,14
Nico Rosberg,3,867,2012,75,5,1,15
Pastor Maldonado,812,867,2012,29,10,1,16
Timo Glock,10,867,2012,0,21,0,18
Charles Pic,818,867,2012,0,22,0,19
Bruno Senna,810,867,2012,16,15,0,9
Felipe Massa,13,867,2012,11,16,0,4
Heikki Kovalainen,5,867,2012,0,19,0,17
Michael Schumacher,30,867,2012,17,13,0,7
Romain Grosjean,154,867,2012,53,7,0,6
Nico Hülkenberg,807,867,2012,17,14,0,12
Pedro de la Rosa,37,867,2012,0,24,0,20
Narain Karthikeyan,39,867,2012,0,23,0,21
Jenson Button,18,868,2012,50,8,1,2
Sebastian Vettel,20,868,2012,100,3,1,5
Mark Webber,17,868,2012,116,2,2,8
Fernando Alonso,4,868,2012,129,1,2,1
Kamui Kobayashi,155,868,2012,21,14,0,4
Kimi Räikkönen,8,868,2012,83,5,0,3
Sergio Pérez,814,868,2012,39,9,0,6
Daniel Ricciardo,816,868,2012,2,18,0,13
Paul di Resta,813,868,2012,27,11,0,11
Jean-Éric Vergne,817,868,2012,4,17,0,14
Nico Rosberg,3,868,2012,75,6,1,10
Pastor Maldonado,812,868,2012,29,10,1,15
Timo Glock,10,868,2012,0,21,0,22
Charles Pic,818,868,2012,0,22,0,20
Bruno Senna,810,868,2012,18,15,0,17
Felipe Massa,13,868,2012,23,13,0,12
Heikki Kovalainen,5,868,2012,0,19,0,19
Vitaly Petrov,808,868,2012,0,20,0,16
Michael Schumacher,30,868,2012,23,12,0,7
Romain Grosjean,154,868,2012,61,7,0,18
Nico Hülkenberg,807,868,2012,17,16,0,9
Pedro de la Rosa,37,868,2012,0,24,0,21
Narain Karthikeyan,39,868,2012,0,23,0,23
Mark Webber,17,870,2012,124,2,2,6
Sebastian Vettel,20,870,2012,122,3,1,2
Jenson Button,18,870,2012,76,7,1,1
Pedro de la Rosa,37,869,2012,0,24,0,22
Nico Hülkenberg,807,869,2012,19,15,0,11
Romain Grosjean,154,869,2012,61,8,0,3
Vitaly Petrov,808,869,2012,0,20,0,19
Heikki Kovalainen,5,869,2012,0,19,0,17
Felipe Massa,13,869,2012,23,14,0,9
Bruno Senna,810,869,2012,18,16,0,7
Charles Pic,818,869,2012,0,22,0,20
Sebastian Vettel,20,869,2012,110,3,1,4
Lewis Hamilton,1,869,2012,92,5,1,1
Mark Webber,17,869,2012,120,2,2,8
Fernando Alonso,4,869,2012,154,1,3,5
Kamui Kobayashi,155,869,2012,33,10,0,18
Kimi Räikkönen,8,869,2012,98,4,0,2
Sergio Pérez,814,869,2012,47,9,0,14
Daniel Ricciardo,816,869,2012,2,18,0,15
Paul di Resta,813,869,2012,27,13,0,12
Jean-Éric Vergne,817,869,2012,4,17,0,16
Nico Rosberg,3,869,2012,76,6,1,10
Pastor Maldonado,812,869,2012,29,11,1,13
Timo Glock,10,869,2012,0,21,0,21
Jenson Button,18,869,2012,68,7,1,6
Kamui Kobayashi,155,870,2012,33,10,0,13
Kimi Räikkönen,8,870,2012,116,5,0,3
Daniel Ricciardo,816,870,2012,2,18,0,9
Paul di Resta,813,870,2012,27,13,0,10
Jean-Éric Vergne,817,870,2012,4,17,0,8
Nico Rosberg,3,870,2012,77,6,1,11
Timo Glock,10,870,2012,0,21,0,15
Charles Pic,818,870,2012,0,22,0,16
Bruno Senna,810,870,2012,24,15,0,12
Felipe Massa,13,870,2012,25,14,0,5
Heikki Kovalainen,5,870,2012,0,19,0,17
Vitaly Petrov,808,870,2012,0,20,0,14
Michael Schumacher,30,870,2012,29,12,0,7
Nico Hülkenberg,807,870,2012,19,16,0,4
Pedro de la Rosa,37,870,2012,0,24,0,18
Sebastian Vettel,20,871,2012,140,2,1,22
Lewis Hamilton,1,871,2012,117,5,2,1
Mark Webber,17,871,2012,132,3,2,20
Fernando Alonso,4,871,2012,164,1,3,3
Kamui Kobayashi,155,871,2012,33,12,0,9
Kimi Räikkönen,8,871,2012,131,4,0,5
Sergio Pérez,814,871,2012,47,9,0,2
Daniel Ricciardo,816,871,2012,4,18,0,12
Paul di Resta,813,871,2012,28,15,0,8
Nico Rosberg,3,871,2012,77,7,1,7
Pastor Maldonado,812,871,2012,29,14,1,11
Timo Glock,10,871,2012,0,21,0,17
Charles Pic,818,871,2012,0,22,0,16
Bruno Senna,810,871,2012,24,16,0,10
Felipe Massa,13,871,2012,35,11,0,4
Heikki Kovalainen,5,871,2012,0,20,0,14
Vitaly Petrov,808,871,2012,0,19,0,15
Michael Schumacher,30,871,2012,35,10,0,6
Nico Hülkenberg,807,871,2012,31,13,0,21
Pedro de la Rosa,37,871,2012,0,24,0,18
Narain Karthikeyan,39,871,2012,0,23,0,19
Jenson Button,18,872,2012,101,6,2,2
Sebastian Vettel,20,872,2012,140,4,1,1
Mark Webber,17,872,2012,132,5,2,11
Fernando Alonso,4,872,2012,179,1,3,3
Kamui Kobayashi,155,872,2012,35,12,0,13
Kimi Räikkönen,8,872,2012,141,3,0,6
Sergio Pérez,814,872,2012,65,9,0,10
Daniel Ricciardo,816,872,2012,4,18,0,9
Paul di Resta,813,872,2012,32,13,0,4
Nico Rosberg,3,872,2012,83,7,1,5
Timo Glock,10,872,2012,0,22,0,12
Charles Pic,818,872,2012,0,23,0,16
Bruno Senna,810,872,2012,25,16,0,18
Felipe Massa,13,872,2012,47,10,0,8
Heikki Kovalainen,5,872,2012,0,19,0,15
Vitaly Petrov,808,872,2012,0,20,0,19
Romain Grosjean,154,872,2012,76,8,0,7
Nico Hülkenberg,807,872,2012,31,14,0,14
Pedro de la Rosa,37,872,2012,0,25,0,17
Michael Schumacher,30,873,2012,43,12,0,11
Romain Grosjean,154,873,2012,82,8,0,19
Kamui Kobayashi,155,873,2012,35,13,0,3
Timo Glock,10,873,2012,0,19,0,16
Kimi Räikkönen,8,873,2012,149,3,0,6
Mark Webber,17,873,2012,132,5,2,9
Pedro de la Rosa,37,873,2012,0,25,0,18
Nico Hülkenberg,807,873,2012,31,14,0,7
Vitaly Petrov,808,873,2012,0,21,0,17
Heikki Kovalainen,5,873,2012,0,20,0,15
Bruno Senna,810,873,2012,25,16,0,14
Felipe Massa,13,873,2012,51,10,0,2
Pastor Maldonado,812,873,2012,29,15,1,8
Jean-Éric Vergne,817,873,2012,8,17,0,13
Paul di Resta,813,873,2012,44,11,0,12
Daniel Ricciardo,816,873,2012,6,18,0,10
Sebastian Vettel,20,873,2012,165,2,2,1
Jenson Button,18,873,2012,119,6,2,4
Nico Hülkenberg,807,874,2012,37,14,0,6
Romain Grosjean,154,874,2012,82,8,0,7
Michael Schumacher,30,874,2012,43,13,0,13
Vitaly Petrov,808,874,2012,0,21,0,16
Felipe Massa,13,874,2012,69,9,0,4
Bruno Senna,810,874,2012,25,16,0,15
Charles Pic,818,874,2012,0,23,0,19
Pastor Maldonado,812,874,2012,33,15,1,14
Daniel Ricciardo,816,874,2012,7,18,0,9
Mark Webber,17,874,2012,134,5,2,2
Sebastian Vettel,20,874,2012,190,2,3,1
Narain Karthikeyan,39,874,2012,0,24,0,20
Heikki Kovalainen,5,874,2012,0,20,0,17
Kimi Räikkönen,8,874,2012,157,3,0,5
Sergio Pérez,814,874,2012,66,10,0,11
Paul di Resta,813,874,2012,44,12,0,12
Fernando Alonso,4,874,2012,194,1,3,3
Timo Glock,10,874,2012,0,19,0,18
Jean-Éric Vergne,817,874,2012,8,17,0,8
Lewis Hamilton,1,874,2012,152,4,3,10
Lewis Hamilton,1,873,2012,142,4,3,5
Jenson Button,18,875,2012,131,6,2,5
Sebastian Vettel,20,875,2012,215,1,4,1
Lewis Hamilton,1,875,2012,153,4,3,4
Mark Webber,17,875,2012,152,5,2,3
Fernando Alonso,4,875,2012,209,2,3,2
Kamui Kobayashi,155,875,2012,50,11,0,14
Kimi Räikkönen,8,875,2012,167,3,0,7
Daniel Ricciardo,816,875,2012,9,18,0,13
Paul di Resta,813,875,2012,44,13,0,12
Jean-Éric Vergne,817,875,2012,12,17,0,15
Nico Rosberg,3,875,2012,93,7,1,11
Pastor Maldonado,812,875,2012,33,15,1,16
Timo Glock,10,875,2012,0,19,0,20
Charles Pic,818,875,2012,0,23,0,19
Bruno Senna,810,875,2012,25,16,0,10
Felipe Massa,13,875,2012,81,9,0,6
Heikki Kovalainen,5,875,2012,0,20,0,18
Vitaly Petrov,808,875,2012,0,21,0,17
Michael Schumacher,30,875,2012,43,14,0,22
Romain Grosjean,154,875,2012,88,8,0,9
Nico Hülkenberg,807,875,2012,45,12,0,8
Narain Karthikeyan,39,875,2012,0,24,0,21
Jenson Button,18,876,2012,141,6,2,4
Sebastian Vettel,20,876,2012,240,1,5,3
Fernando Alonso,4,876,2012,227,2,3,2
Kamui Kobayashi,155,876,2012,50,11,0,6
Kimi Räikkönen,8,876,2012,173,3,0,1
Sergio Pérez,814,876,2012,66,10,0,15
Daniel Ricciardo,816,876,2012,9,18,0,10
Paul di Resta,813,876,2012,44,13,0,9
Jean-Éric Vergne,817,876,2012,12,17,0,12
Pastor Maldonado,812,876,2012,33,15,1,5
Timo Glock,10,876,2012,0,19,0,14
Bruno Senna,810,876,2012,26,16,0,8
Felipe Massa,13,876,2012,89,9,0,7
Heikki Kovalainen,5,876,2012,0,20,0,13
Vitaly Petrov,808,876,2012,0,21,0,16
Michael Schumacher,30,876,2012,43,14,0,11
Pedro de la Rosa,37,876,2012,0,25,0,17
Jenson Button,18,877,2012,153,6,2,5
Sebastian Vettel,20,877,2012,255,1,5,2
Lewis Hamilton,1,877,2012,165,5,3,1
Fernando Alonso,4,877,2012,245,2,3,3
Kamui Kobayashi,155,877,2012,58,11,0,14
Kimi Räikkönen,8,877,2012,198,3,1,6
Sergio Pérez,814,877,2012,66,10,0,11
Daniel Ricciardo,816,877,2012,10,18,0,12
Paul di Resta,813,877,2012,46,13,0,15
Nico Rosberg,3,877,2012,93,8,1,13
Pastor Maldonado,812,877,2012,43,14,1,9
Timo Glock,10,877,2012,0,19,0,19
Charles Pic,818,877,2012,0,23,0,20
Bruno Senna,810,877,2012,30,16,0,10
Felipe Massa,13,877,2012,95,7,0,4
Heikki Kovalainen,5,877,2012,0,20,0,18
Vitaly Petrov,808,877,2012,0,21,0,17
Michael Schumacher,30,877,2012,43,15,0,16
Romain Grosjean,154,877,2012,90,9,0,7
Nico Hülkenberg,807,877,2012,49,12,0,8
Pedro de la Rosa,37,877,2012,0,25,0,21
Narain Karthikeyan,39,877,2012,0,24,0,22
Jenson Button,18,878,2012,163,6,2,1
Sebastian Vettel,20,878,2012,273,1,5,6
Mark Webber,17,878,2012,167,5,2,4
Fernando Alonso,4,878,2012,260,2,3,2
Kamui Kobayashi,155,878,2012,58,11,0,9
Kimi Räikkönen,8,878,2012,206,3,1,10
Daniel Ricciardo,816,878,2012,10,18,0,13
Paul di Resta,813,878,2012,46,13,0,19
Jean-Éric Vergne,817,878,2012,12,17,0,8
Nico Rosberg,3,878,2012,93,9,1,15
Timo Glock,10,878,2012,0,19,0,16
Charles Pic,818,878,2012,0,23,0,12
Felipe Massa,13,878,2012,107,7,0,3
Heikki Kovalainen,5,878,2012,0,20,0,14
Vitaly Petrov,808,878,2012,0,21,0,11
Michael Schumacher,30,878,2012,43,15,0,7
Nico Hülkenberg,807,878,2012,53,12,0,5
Pedro de la Rosa,37,878,2012,0,25,0,17
Narain Karthikeyan,39,878,2012,0,24,0,18
Kimi Räikkönen,8,880,2013,25,1,1,7
Sebastian Vettel,20,880,2013,15,3,0,1
Felipe Massa,13,880,2013,12,4,0,5
Lewis Hamilton,1,880,2013,10,5,0,3
Mark Webber,17,880,2013,8,6,0,2
Jenson Button,18,880,2013,2,9,0,17
Romain Grosjean,154,880,2013,1,10,0,6
Sergio Pérez,814,880,2013,0,11,0,9
Jean-Éric Vergne,817,880,2013,0,12,0,10
Esteban Gutiérrez,820,880,2013,0,13,0,12
Valtteri Bottas,821,880,2013,0,14,0,11
Jules Bianchi,823,880,2013,0,15,0,13
Charles Pic,818,880,2013,0,16,0,14
Max Chilton,819,880,2013,0,17,0,16
Giedo van der Garde,822,880,2013,0,18,0,15
Daniel Ricciardo,816,880,2013,0,19,0,18
Nico Rosberg,3,880,2013,0,20,0,4
Nico Hülkenberg,807,880,2013,0,22,0,8
Kimi Räikkönen,8,881,2013,31,2,1,2
Fernando Alonso,4,881,2013,18,6,0,1
Sebastian Vettel,20,881,2013,40,1,1,4
Felipe Massa,13,881,2013,22,5,0,6
Lewis Hamilton,1,881,2013,25,4,0,3
Paul di Resta,813,881,2013,4,10,0,8
Jenson Button,18,881,2013,2,13,0,5
Romain Grosjean,154,881,2013,9,8,0,9
Sergio Pérez,814,881,2013,2,12,0,11
Jean-Éric Vergne,817,881,2013,1,14,0,12
Valtteri Bottas,821,881,2013,0,15,0,13
Jules Bianchi,823,881,2013,0,17,0,15
Charles Pic,818,881,2013,0,18,0,16
Max Chilton,819,881,2013,0,20,0,17
Giedo van der Garde,822,881,2013,0,19,0,18
Daniel Ricciardo,816,881,2013,0,21,0,7
Pastor Maldonado,812,881,2013,0,22,0,14
Nico Hülkenberg,807,881,2013,4,11,0,10
Kimi Räikkönen,8,882,2013,49,2,1,2
Fernando Alonso,4,882,2013,43,3,1,8
Sebastian Vettel,20,882,2013,52,1,1,1
Felipe Massa,13,882,2013,30,5,0,15
Lewis Hamilton,1,882,2013,40,4,0,5
Mark Webber,17,882,2013,26,6,0,7
Adrian Sutil,16,882,2013,6,12,0,13
Paul di Resta,813,882,2013,8,10,0,4
Jenson Button,18,882,2013,12,8,0,10
Romain Grosjean,154,882,2013,11,9,0,3
Sergio Pérez,814,882,2013,2,14,0,6
Esteban Gutiérrez,820,882,2013,0,17,0,18
Valtteri Bottas,821,882,2013,0,16,0,14
Jules Bianchi,823,882,2013,0,18,0,19
Charles Pic,818,882,2013,0,19,0,17
Max Chilton,819,882,2013,0,22,0,20
Giedo van der Garde,822,882,2013,0,21,0,21
Daniel Ricciardo,816,882,2013,6,11,0,16
Nico Rosberg,3,882,2013,12,7,0,9
Pastor Maldonado,812,882,2013,0,20,0,11
Nico Hülkenberg,807,882,2013,5,13,0,12
Kimi Räikkönen,8,883,2013,67,2,1,2
Fernando Alonso,4,883,2013,47,4,1,1
Sebastian Vettel,20,883,2013,77,1,2,4
Felipe Massa,13,883,2013,30,6,0,3
Lewis Hamilton,1,883,2013,50,3,0,12
Mark Webber,17,883,2013,32,5,0,5
Adrian Sutil,16,883,2013,6,12,0,13
Paul di Resta,813,883,2013,20,8,0,7
Jenson Button,18,883,2013,13,10,0,8
Romain Grosjean,154,883,2013,26,7,0,22
Sergio Pérez,814,883,2013,10,11,0,9
Jean-Éric Vergne,817,883,2013,1,15,0,20
Esteban Gutiérrez,820,883,2013,0,18,0,11
Valtteri Bottas,821,883,2013,0,16,0,16
Jules Bianchi,823,883,2013,0,19,0,18
Charles Pic,818,883,2013,0,20,0,17
Max Chilton,819,883,2013,0,22,0,19
Giedo van der Garde,822,883,2013,0,21,0,21
Daniel Ricciardo,816,883,2013,6,13,0,10
Nico Rosberg,3,883,2013,14,9,0,6
Pastor Maldonado,812,883,2013,0,17,0,14
Nico Hülkenberg,807,883,2013,5,14,0,15
Nico Rosberg,3,884,2013,22,9,0,1
Max Chilton,819,884,2013,0,22,0,14
Valtteri Bottas,821,884,2013,0,17,0,12
Esteban Gutiérrez,820,884,2013,0,16,0,13
Jean-Éric Vergne,817,884,2013,1,15,0,8
Jenson Button,18,884,2013,17,10,0,6
Paul di Resta,813,884,2013,26,8,0,9
Adrian Sutil,16,884,2013,6,13,0,5
Mark Webber,17,884,2013,42,6,0,3
Lewis Hamilton,1,884,2013,50,4,0,4
Sebastian Vettel,20,884,2013,89,1,2,2
Fernando Alonso,4,884,2013,72,3,2,7
Kimi Räikkönen,8,884,2013,85,2,1,10
Nico Hülkenberg,807,884,2013,5,14,0,11
Giedo van der Garde,822,884,2013,0,21,0,15
Sergio Pérez,814,884,2013,12,11,0,16
Kimi Räikkönen,8,885,2013,86,2,1,9
Fernando Alonso,4,885,2013,78,3,2,2
Sebastian Vettel,20,885,2013,107,1,2,1
Felipe Massa,13,885,2013,45,7,0,8
Lewis Hamilton,1,885,2013,62,4,0,3
Mark Webber,17,885,2013,57,5,0,4
Adrian Sutil,16,885,2013,16,11,0,10
Paul di Resta,813,885,2013,28,8,0,7
Jenson Button,18,885,2013,25,10,0,12
Romain Grosjean,154,885,2013,26,9,0,13
Sergio Pérez,814,885,2013,12,12,0,11
Jean-Éric Vergne,817,885,2013,5,15,0,6
Esteban Gutiérrez,820,885,2013,0,16,0,20
Valtteri Bottas,821,885,2013,0,17,0,14
Jules Bianchi,823,885,2013,0,19,0,17
Charles Pic,818,885,2013,0,20,0,18
Max Chilton,819,885,2013,0,21,0,19
Daniel Ricciardo,816,885,2013,7,13,0,15
Nico Rosberg,3,885,2013,47,6,1,5
Pastor Maldonado,812,885,2013,0,18,0,16
Kimi Räikkönen,8,886,2013,88,3,1,5
Fernando Alonso,4,886,2013,96,2,2,3
Felipe Massa,13,886,2013,49,7,0,6
Lewis Hamilton,1,886,2013,77,4,0,4
Mark Webber,17,886,2013,69,5,0,2
Adrian Sutil,16,886,2013,17,11,0,7
Paul di Resta,813,886,2013,34,8,0,9
Jenson Button,18,886,2013,25,10,0,13
Romain Grosjean,154,886,2013,26,9,0,19
Sergio Pérez,814,886,2013,12,13,0,20
Esteban Gutiérrez,820,886,2013,0,16,0,14
Valtteri Bottas,821,886,2013,0,17,0,12
Jules Bianchi,823,886,2013,0,19,0,16
Charles Pic,818,886,2013,0,20,0,15
Max Chilton,819,886,2013,0,21,0,17
Giedo van der Garde,822,886,2013,0,22,0,18
Daniel Ricciardo,816,886,2013,7,14,0,8
Nico Rosberg,3,886,2013,57,6,1,1
Pastor Maldonado,812,886,2013,0,18,0,11
Nico Hülkenberg,807,886,2013,5,15,0,10
Nico Hülkenberg,807,887,2013,6,15,0,10
Pastor Maldonado,812,887,2013,0,16,0,15
Daniel Ricciardo,816,887,2013,11,14,0,12
Giedo van der Garde,822,887,2013,0,22,0,18
Charles Pic,818,887,2013,0,20,0,17
Esteban Gutiérrez,820,887,2013,0,18,0,14
Adrian Sutil,16,887,2013,23,11,0,13
Mark Webber,17,887,2013,87,5,0,7
Sebastian Vettel,20,887,2013,132,1,3,1
Lewis Hamilton,1,887,2013,89,4,0,5
Nico Rosberg,3,887,2013,82,6,2,9
Max Chilton,819,887,2013,0,21,0,19
Valtteri Bottas,821,887,2013,0,17,0,16
Paul di Resta,813,887,2013,36,8,0,11
Kimi Räikkönen,8,887,2013,98,3,1,2
Fernando Alonso,4,887,2013,111,2,2,4
Sergio Pérez,814,887,2013,12,13,0,8
Romain Grosjean,154,887,2013,26,9,0,3
Jenson Button,18,887,2013,25,10,0,6
Kimi Räikkönen,8,888,2013,116,3,1,2
Fernando Alonso,4,888,2013,123,2,2,5
Sebastian Vettel,20,888,2013,157,1,4,3
Felipe Massa,13,888,2013,57,7,0,8
Lewis Hamilton,1,888,2013,99,4,0,1
Mark Webber,17,888,2013,93,5,0,4
Paul di Resta,813,888,2013,36,9,0,18
Jenson Button,18,888,2013,33,10,0,7
Romain Grosjean,154,888,2013,41,8,0,6
Sergio Pérez,814,888,2013,16,12,0,9
Jean-Éric Vergne,817,888,2013,13,13,0,12
Jules Bianchi,823,888,2013,0,19,0,16
Charles Pic,818,888,2013,0,20,0,15
Max Chilton,819,888,2013,0,21,0,17
Giedo van der Garde,822,888,2013,0,22,0,14
Daniel Ricciardo,816,888,2013,11,14,0,13
Nico Rosberg,3,888,2013,84,6,2,19
Pastor Maldonado,812,888,2013,0,16,0,10
Nico Hülkenberg,807,888,2013,7,15,0,11
Fernando Alonso,4,889,2013,133,3,2,2
Sebastian Vettel,20,889,2013,172,1,4,1
Felipe Massa,13,889,2013,61,7,0,7
Lewis Hamilton,1,889,2013,124,4,1,3
Mark Webber,17,889,2013,105,5,0,5
Adrian Sutil,16,889,2013,23,11,0,9
Jenson Button,18,889,2013,39,9,0,6
Romain Grosjean,154,889,2013,49,8,0,8
Sergio Pérez,814,889,2013,18,12,0,11
Jean-Éric Vergne,817,889,2013,13,13,0,12
Esteban Gutiérrez,820,889,2013,0,18,0,14
Valtteri Bottas,821,889,2013,0,17,0,15
Jules Bianchi,823,889,2013,0,19,0,18
Max Chilton,819,889,2013,0,22,0,19
Giedo van der Garde,822,889,2013,0,21,0,16
Daniel Ricciardo,816,889,2013,11,14,0,10
Nico Rosberg,3,889,2013,84,6,2,4
Pastor Maldonado,812,889,2013,1,16,0,17
Nico Hülkenberg,807,889,2013,7,15,0,13
Kimi Räikkönen,8,890,2013,134,4,1,11
Fernando Alonso,4,890,2013,151,2,2,2
Sebastian Vettel,20,890,2013,197,1,5,1
Felipe Massa,13,890,2013,67,7,0,4
Lewis Hamilton,1,890,2013,139,3,1,9
Mark Webber,17,890,2013,115,5,0,3
Adrian Sutil,16,890,2013,25,11,0,16
Jenson Button,18,890,2013,47,9,0,10
Romain Grosjean,154,890,2013,53,8,0,8
Sergio Pérez,814,890,2013,18,12,0,12
Esteban Gutiérrez,820,890,2013,0,18,0,13
Valtteri Bottas,821,890,2013,0,17,0,15
Jules Bianchi,823,890,2013,0,19,0,19
Charles Pic,818,890,2013,0,20,0,17
Max Chilton,819,890,2013,0,22,0,20
Giedo van der Garde,822,890,2013,0,21,0,18
Daniel Ricciardo,816,890,2013,12,14,0,7
Nico Rosberg,3,890,2013,96,6,2,6
Pastor Maldonado,812,890,2013,1,16,0,14
Nico Hülkenberg,807,890,2013,7,15,0,5
Kimi Räikkönen,8,891,2013,134,4,1,3
Fernando Alonso,4,891,2013,169,2,2,2
Sebastian Vettel,20,891,2013,222,1,6,1
Felipe Massa,13,891,2013,79,7,0,6
Lewis Hamilton,1,891,2013,141,3,1,5
Mark Webber,17,891,2013,130,5,0,15
Adrian Sutil,16,891,2013,25,11,0,10
Paul di Resta,813,891,2013,36,10,0,20
Jenson Button,18,891,2013,48,9,0,7
Sergio Pérez,814,891,2013,18,12,0,8
Jean-Éric Vergne,817,891,2013,13,15,0,14
Esteban Gutiérrez,820,891,2013,0,18,0,12
Valtteri Bottas,821,891,2013,0,17,0,13
Jules Bianchi,823,891,2013,0,19,0,18
Charles Pic,818,891,2013,0,20,0,19
Max Chilton,819,891,2013,0,22,0,17
Giedo van der Garde,822,891,2013,0,21,0,16
Nico Rosberg,3,891,2013,104,6,2,4
Pastor Maldonado,812,891,2013,1,16,0,11
Nico Hülkenberg,807,891,2013,17,14,0,9
Kimi Räikkönen,8,892,2013,149,4,1,2
Fernando Alonso,4,892,2013,187,2,2,6
Sebastian Vettel,20,892,2013,247,1,7,1
Felipe Massa,13,892,2013,87,7,0,9
Lewis Hamilton,1,892,2013,151,3,1,5
Adrian Sutil,16,892,2013,26,11,0,20
Jenson Button,18,892,2013,54,9,0,8
Romain Grosjean,154,892,2013,57,8,0,3
Sergio Pérez,814,892,2013,22,12,0,10
Jean-Éric Vergne,817,892,2013,13,15,0,18
Esteban Gutiérrez,820,892,2013,0,17,0,11
Valtteri Bottas,821,892,2013,0,18,0,12
Jules Bianchi,823,892,2013,0,19,0,16
Charles Pic,818,892,2013,0,20,0,14
Max Chilton,819,892,2013,0,22,0,17
Giedo van der Garde,822,892,2013,0,21,0,15
Daniel Ricciardo,816,892,2013,18,14,0,19
Nico Rosberg,3,892,2013,116,6,2,7
Pastor Maldonado,812,892,2013,1,16,0,13
Nico Hülkenberg,807,892,2013,19,13,0,4
Kimi Räikkönen,8,893,2013,167,3,1,5
Fernando Alonso,4,893,2013,195,2,2,4
Sebastian Vettel,20,893,2013,272,1,8,1
Felipe Massa,13,893,2013,89,7,0,10
Mark Webber,17,893,2013,130,5,0,2
Adrian Sutil,16,893,2013,26,12,0,14
Paul di Resta,813,893,2013,36,10,0,11
Jenson Button,18,893,2013,58,9,0,9
Romain Grosjean,154,893,2013,72,8,0,3
Sergio Pérez,814,893,2013,23,13,0,15
Jean-Éric Vergne,817,893,2013,13,15,0,12
Esteban Gutiérrez,820,893,2013,0,17,0,7
Valtteri Bottas,821,893,2013,0,18,0,17
Charles Pic,818,893,2013,0,20,0,18
Max Chilton,819,893,2013,0,22,0,19
Daniel Ricciardo,816,893,2013,18,14,0,13
Nico Rosberg,3,893,2013,122,6,2,8
Pastor Maldonado,812,893,2013,1,16,0,16
Nico Hülkenberg,807,893,2013,31,11,0,6
Kimi Räikkönen,8,894,2013,177,3,1,7
Fernando Alonso,4,894,2013,207,2,2,11
Sebastian Vettel,20,894,2013,297,1,9,1
Felipe Massa,13,894,2013,90,7,0,4
Lewis Hamilton,1,894,2013,161,4,1,6
Adrian Sutil,16,894,2013,26,12,0,9
Paul di Resta,813,894,2013,36,11,0,8
Jenson Button,18,894,2013,60,9,0,14
Romain Grosjean,154,894,2013,87,8,0,3
Sergio Pérez,814,894,2013,23,13,0,5
Jean-Éric Vergne,817,894,2013,13,15,0,13
Esteban Gutiérrez,820,894,2013,6,16,0,15
Valtteri Bottas,821,894,2013,0,18,0,16
Jules Bianchi,823,894,2013,0,19,0,18
Max Chilton,819,894,2013,0,22,0,17
Daniel Ricciardo,816,894,2013,18,14,0,10
Nico Rosberg,3,894,2013,126,6,2,2
Pastor Maldonado,812,894,2013,1,17,0,12
Nico Hülkenberg,807,894,2013,39,10,0,19
Fernando Alonso,4,895,2013,207,2,2,5
Sebastian Vettel,20,895,2013,322,1,10,1
Felipe Massa,13,895,2013,102,8,0,8
Lewis Hamilton,1,895,2013,169,4,1,7
Mark Webber,17,895,2013,148,5,0,2
Adrian Sutil,16,895,2013,28,13,0,10
Paul di Resta,813,895,2013,40,10,0,6
Jenson Button,18,895,2013,60,9,0,12
Romain Grosjean,154,895,2013,102,7,0,4
Sergio Pérez,814,895,2013,33,12,0,9
Jean-Éric Vergne,817,895,2013,13,15,0,17
Esteban Gutiérrez,820,895,2013,6,16,0,13
Valtteri Bottas,821,895,2013,0,18,0,15
Jules Bianchi,823,895,2013,0,19,0,20
Charles Pic,818,895,2013,0,20,0,19
Max Chilton,819,895,2013,0,22,0,21
Giedo van der Garde,822,895,2013,0,21,0,18
Daniel Ricciardo,816,895,2013,19,14,0,16
Nico Rosberg,3,895,2013,144,6,2,3
Pastor Maldonado,812,895,2013,1,17,0,11
Nico Hülkenberg,807,895,2013,39,11,0,14
Fernando Alonso,4,896,2013,217,2,2,5
Sebastian Vettel,20,896,2013,347,1,11,1
Felipe Massa,13,896,2013,106,8,0,13
Lewis Hamilton,1,896,2013,175,4,1,4
Mark Webber,17,896,2013,166,5,0,3
Paul di Resta,813,896,2013,48,10,0,16
Jenson Button,18,896,2013,60,9,0,10
Romain Grosjean,154,896,2013,114,7,0,2
Sergio Pérez,814,896,2013,35,12,0,7
Jean-Éric Vergne,817,896,2013,13,15,0,12
Esteban Gutiérrez,820,896,2013,6,16,0,14
Valtteri Bottas,821,896,2013,0,18,0,8
Jules Bianchi,823,896,2013,0,19,0,18
Charles Pic,818,896,2013,0,20,0,20
Max Chilton,819,896,2013,0,22,0,21
Giedo van der Garde,822,896,2013,0,21,0,19
Daniel Ricciardo,816,896,2013,19,14,0,11
Nico Rosberg,3,896,2013,159,6,2,9
Pastor Maldonado,812,896,2013,1,17,0,17
Nico Hülkenberg,807,896,2013,39,11,0,6
Fernando Alonso,4,897,2013,227,2,2,3
Sebastian Vettel,20,897,2013,372,1,12,1
Felipe Massa,13,897,2013,106,8,0,7
Lewis Hamilton,1,897,2013,187,3,1,9
Mark Webber,17,897,2013,181,5,0,2
Adrian Sutil,16,897,2013,29,13,0,13
Paul di Resta,813,897,2013,48,10,0,11
Jenson Button,18,897,2013,61,9,0,4
Sergio Pérez,814,897,2013,41,12,0,6
Jean-Éric Vergne,817,897,2013,13,15,0,15
Esteban Gutiérrez,820,897,2013,6,16,0,12
Jules Bianchi,823,897,2013,0,19,0,17
Max Chilton,819,897,2013,0,22,0,19
Giedo van der Garde,822,897,2013,0,21,0,18
Daniel Ricciardo,816,897,2013,19,14,0,10
Nico Rosberg,3,897,2013,161,6,2,5
Pastor Maldonado,812,897,2013,1,18,0,16
Nico Hülkenberg,807,897,2013,47,11,0,8
Heikki Kovalainen,5,897,2013,0,23,0,14
Éric Bernard,103,258,1994,0,17,0,10
Christian Fittipaldi,104,258,1994,0,19,0,4
Heinz-Harald Frentzen,49,258,1994,0,20,0,5
Gerhard Berger,77,258,1994,0,24,0,2
Roland Ratzenberger,107,258,1994,0,27,0,11
Mark Blundell,87,259,1994,0,24,0,9
Christian Fittipaldi,104,259,1994,3,6,0,13
Heinz-Harald Frentzen,49,259,1994,2,7,0,7
Mika Häkkinen,57,259,1994,0,26,0,3
Nicola Larini,78,259,1994,0,28,0,2
Michele Alboreto,105,260,1994,0,24,0,6
Gerhard Berger,77,260,1994,6,4,0,3
Olivier Beretta,106,260,1994,0,30,0,8
Andrea de Cesaris,110,260,1994,0,25,0,4
Jyrki Järvilehto,109,260,1994,0,31,0,7
Jyrki Järvilehto,109,262,1994,0,21,0,6
Alessandro Zanardi,70,262,1994,0,25,0,15
David Coulthard,14,262,1994,0,33,0,5
Andrea de Cesaris,110,263,1994,3,13,0,6
David Coulthard,14,264,1994,2,16,0,5
Jean-Marc Gounon,111,264,1994,0,27,0,16
Alessandro Zanardi,70,266,1994,0,28,0,13
David Coulthard,14,267,1994,4,19,0,4
Jean-Marc Gounon,111,267,1994,0,29,0,11
Jyrki Järvilehto,109,268,1994,1,23,0,9
David Coulthard,14,268,1994,7,11,0,6
David Coulthard,14,269,1994,8,10,0,2
Jean-Marc Gounon,111,269,1994,0,28,0,15
Yannick Dalmas,114,269,1994,0,37,0,14
Nigel Mansell,95,271,1994,0,38,0,4
Nigel Mansell,95,272,1994,3,21,0,1
Franck Lagorce,116,272,1994,0,40,0,11
Felipe Massa,13,899,2014,0,20,0,7
Sebastian Vettel,20,899,2014,0,18,0,3
Kevin Magnussen,824,899,2014,18,2,0,9
Jenson Button,18,899,2014,15,3,0,6
Fernando Alonso,4,899,2014,12,4,0,4
Valtteri Bottas,821,899,2014,10,5,0,8
Nico Hülkenberg,807,899,2014,8,6,0,5
Kimi Räikkönen,8,899,2014,6,7,0,12
Kamui Kobayashi,155,899,2014,0,21,0,13
Lewis Hamilton,1,899,2014,0,19,0,1
Marcus Ericsson,827,899,2014,0,17,0,14
Romain Grosjean,154,899,2014,0,15,0,11
Max Chilton,819,899,2014,0,13,0,15
Daniil Kvyat,825,899,2014,2,9,0,10
Nico Rosberg,3,899,2014,25,1,1,2
Nico Rosberg,3,900,2014,43,1,1,2
Jenson Button,18,900,2014,23,4,0,17
Fernando Alonso,4,900,2014,24,3,0,9
Valtteri Bottas,821,900,2014,14,8,0,8
Nico Hülkenberg,807,900,2014,18,6,0,5
Kimi Räikkönen,8,900,2014,6,9,0,10
Daniil Kvyat,825,900,2014,3,12,0,11
Sergio Pérez,814,900,2014,1,13,0,3
Max Chilton,819,900,2014,0,17,0,13
Jules Bianchi,823,900,2014,0,20,0,16
Romain Grosjean,154,900,2014,0,14,0,12
Pastor Maldonado,812,900,2014,0,21,0,14
Sebastian Vettel,20,900,2014,15,7,0,6
Lewis Hamilton,1,900,2014,25,2,1,1
Felipe Massa,13,900,2014,6,10,0,7
Kamui Kobayashi,155,900,2014,0,18,0,15
Daniel Ricciardo,816,900,2014,0,22,0,4
Nico Rosberg,3,901,2014,61,1,1,2
Kevin Magnussen,824,901,2014,20,7,0,13
Jenson Button,18,901,2014,23,5,0,11
Fernando Alonso,4,901,2014,26,4,0,3
Valtteri Bottas,821,901,2014,18,8,0,7
Nico Hülkenberg,807,901,2014,28,3,0,6
Kimi Räikkönen,8,901,2014,7,12,0,8
Jean-Éric Vergne,817,901,2014,4,13,0,12
Daniil Kvyat,825,901,2014,3,14,0,10
Sergio Pérez,814,901,2014,16,9,0,9
Esteban Gutiérrez,820,901,2014,0,17,0,16
Max Chilton,819,901,2014,0,18,0,19
Jules Bianchi,823,901,2014,0,22,0,17
Pastor Maldonado,812,901,2014,0,20,0,14
Marcus Ericsson,827,901,2014,0,21,0,20
Sebastian Vettel,20,901,2014,23,6,0,5
Lewis Hamilton,1,901,2014,50,2,2,1
Felipe Massa,13,901,2014,12,11,0,15
Kamui Kobayashi,155,901,2014,0,19,0,18
Daniel Ricciardo,816,901,2014,12,10,0,4
Nico Rosberg,3,902,2014,79,1,1,2
Kevin Magnussen,824,902,2014,20,9,0,12
Jenson Button,18,902,2014,23,8,0,11
Fernando Alonso,4,902,2014,41,3,0,6
Valtteri Bottas,821,902,2014,24,7,0,5
Nico Hülkenberg,807,902,2014,36,4,0,10
Kimi Räikkönen,8,902,2014,11,12,0,7
Daniil Kvyat,825,902,2014,4,14,0,14
Sergio Pérez,814,902,2014,18,10,0,9
Adrian Sutil,16,902,2014,0,16,0,17
Esteban Gutiérrez,820,902,2014,0,17,0,16
Max Chilton,819,902,2014,0,18,0,19
Jules Bianchi,823,902,2014,0,22,0,18
Romain Grosjean,154,902,2014,0,15,0,8
Pastor Maldonado,812,902,2014,0,20,0,15
Marcus Ericsson,827,902,2014,0,21,0,20
Sebastian Vettel,20,902,2014,33,5,0,4
Lewis Hamilton,1,902,2014,75,2,3,1
Felipe Massa,13,902,2014,12,11,0,13
Daniel Ricciardo,816,902,2014,24,6,0,3
Nico Rosberg,3,903,2014,97,2,1,1
Kevin Magnussen,824,903,2014,20,9,0,10
Jenson Button,18,903,2014,23,8,0,6
Fernando Alonso,4,903,2014,49,3,0,4
Nico Hülkenberg,807,903,2014,37,6,0,5
Kimi Räikkönen,8,903,2014,17,11,0,12
Max Chilton,819,903,2014,0,18,0,14
Jules Bianchi,823,903,2014,0,22,0,9
Romain Grosjean,154,903,2014,4,13,0,8
Marcus Ericsson,827,903,2014,0,21,0,11
Lewis Hamilton,1,903,2014,100,1,4,2
Felipe Massa,13,903,2014,12,12,0,7
Kamui Kobayashi,155,903,2014,0,19,0,13
Daniel Ricciardo,816,903,2014,39,5,0,3
Nico Rosberg,3,904,2014,122,1,2,2
Kevin Magnussen,824,904,2014,21,9,0,9
Jenson Button,18,904,2014,31,8,0,4
Fernando Alonso,4,904,2014,61,3,0,6
Valtteri Bottas,821,904,2014,34,7,0,7
Nico Hülkenberg,807,904,2014,47,5,0,5
Kimi Räikkönen,8,904,2014,17,12,0,10
Jean-Éric Vergne,817,904,2014,4,14,0,8
Sergio Pérez,814,904,2014,20,10,0,11
Adrian Sutil,16,904,2014,0,18,0,13
Esteban Gutiérrez,820,904,2014,0,19,0,14
Sebastian Vettel,20,904,2014,45,6,0,3
Felipe Massa,13,904,2014,18,11,0,12
Daniel Ricciardo,816,904,2014,54,4,0,1
Nico Rosberg,3,905,2014,140,1,2,1
Kevin Magnussen,824,905,2014,23,9,0,7
Jenson Button,18,905,2014,43,7,0,11
Fernando Alonso,4,905,2014,69,4,0,5
Valtteri Bottas,821,905,2014,40,8,0,3
Nico Hülkenberg,807,905,2014,57,6,0,9
Kimi Räikkönen,8,905,2014,18,12,0,10
Sergio Pérez,814,905,2014,20,10,0,6
Adrian Sutil,16,905,2014,0,17,0,13
Esteban Gutiérrez,820,905,2014,0,19,0,19
Max Chilton,819,905,2014,0,20,0,17
Jules Bianchi,823,905,2014,2,16,0,15
Romain Grosjean,154,905,2014,8,13,0,14
Pastor Maldonado,812,905,2014,0,22,0,12
Marcus Ericsson,827,905,2014,0,18,0,18
Lewis Hamilton,1,905,2014,118,2,4,2
Felipe Massa,13,905,2014,18,11,0,4
Kamui Kobayashi,155,905,2014,0,21,0,16
Daniel Ricciardo,816,905,2014,79,3,1,8
Kevin Magnussen,824,906,2014,29,10,0,7
Jenson Button,18,906,2014,43,8,0,4
Fernando Alonso,4,906,2014,79,4,0,6
Valtteri Bottas,821,906,2014,55,7,0,2
Nico Hülkenberg,807,906,2014,59,6,0,8
Jean-Éric Vergne,817,906,2014,8,14,0,10
Daniil Kvyat,825,906,2014,4,15,0,9
Sergio Pérez,814,906,2014,28,11,0,11
Adrian Sutil,16,906,2014,0,17,0,13
Max Chilton,819,906,2014,0,21,0,16
Jules Bianchi,823,906,2014,2,16,0,14
Romain Grosjean,154,906,2014,8,13,0,12
Pastor Maldonado,812,906,2014,0,19,0,17
Sebastian Vettel,20,906,2014,60,5,0,5
Lewis Hamilton,1,906,2014,136,2,4,1
Kamui Kobayashi,155,906,2014,0,22,0,15
Daniel Ricciardo,816,906,2014,83,3,1,3
Nico Rosberg,3,907,2014,165,1,3,1
Kevin Magnussen,824,907,2014,35,9,0,9
Jenson Button,18,907,2014,55,8,0,8
Fernando Alonso,4,907,2014,87,4,0,5
Valtteri Bottas,821,907,2014,73,5,0,2
Nico Hülkenberg,807,907,2014,63,7,0,7
Kimi Räikkönen,8,907,2014,19,12,0,11
Jean-Éric Vergne,817,907,2014,9,13,0,13
Sergio Pérez,814,907,2014,28,11,0,10
Esteban Gutiérrez,820,907,2014,0,20,0,14
Max Chilton,819,907,2014,0,21,0,17
Jules Bianchi,823,907,2014,2,16,0,15
Pastor Maldonado,812,907,2014,0,19,0,12
Marcus Ericsson,827,907,2014,0,18,0,18
Sebastian Vettel,20,907,2014,70,6,0,4
Lewis Hamilton,1,907,2014,161,2,5,3
Kamui Kobayashi,155,907,2014,0,22,0,16
Daniel Ricciardo,816,907,2014,98,3,1,6
Nico Rosberg,3,908,2014,190,1,4,4
Kevin Magnussen,824,908,2014,37,9,0,12
Jenson Button,18,908,2014,59,8,0,10
Fernando Alonso,4,908,2014,97,4,0,2
Valtteri Bottas,821,908,2014,91,5,0,8
Kimi Räikkönen,8,908,2014,19,12,0,6
Jean-Éric Vergne,817,908,2014,9,13,0,9
Daniil Kvyat,825,908,2014,6,15,0,14
Adrian Sutil,16,908,2014,0,17,0,11
Max Chilton,819,908,2014,0,21,0,16
Jules Bianchi,823,908,2014,2,16,0,15
Pastor Maldonado,812,908,2014,0,19,0,13
Sebastian Vettel,20,908,2014,82,6,0,7
Lewis Hamilton,1,908,2014,176,2,5,3
Felipe Massa,13,908,2014,30,10,0,5
Daniel Ricciardo,816,908,2014,106,3,1,1
Nico Rosberg,3,909,2014,202,1,4,2
Kevin Magnussen,824,909,2014,37,10,0,12
Jenson Button,18,909,2014,60,8,0,6
Fernando Alonso,4,909,2014,115,4,0,7
Valtteri Bottas,821,909,2014,95,5,0,3
Nico Hülkenberg,807,909,2014,69,7,0,10
Kimi Räikkönen,8,909,2014,27,12,0,4
Jean-Éric Vergne,817,909,2014,11,13,0,11
Daniil Kvyat,825,909,2014,6,15,0,9
Sergio Pérez,814,909,2014,29,11,0,8
Adrian Sutil,16,909,2014,0,17,0,14
Esteban Gutiérrez,820,909,2014,0,20,0,15
Max Chilton,819,909,2014,0,21,0,16
Jules Bianchi,823,909,2014,2,16,0,18
Marcus Ericsson,827,909,2014,0,18,0,17
Sebastian Vettel,20,909,2014,88,6,0,5
Felipe Massa,13,909,2014,40,9,0,13
Daniel Ricciardo,816,909,2014,131,3,2,1
Nico Rosberg,3,910,2014,220,1,4,2
Kevin Magnussen,824,910,2014,37,11,0,10
Jenson Button,18,910,2014,68,8,0,8
Valtteri Bottas,821,910,2014,110,5,0,4
Nico Hülkenberg,807,910,2014,70,7,0,12
Kimi Räikkönen,8,910,2014,39,10,0,9
Jean-Éric Vergne,817,910,2014,11,13,0,13
Daniil Kvyat,825,910,2014,8,15,0,11
Sergio Pérez,814,910,2014,33,12,0,7
Adrian Sutil,16,910,2014,0,17,0,15
Esteban Gutiérrez,820,910,2014,0,20,0,19
Jules Bianchi,823,910,2014,2,16,0,18
Romain Grosjean,154,910,2014,8,14,0,16
Pastor Maldonado,812,910,2014,0,19,0,14
Marcus Ericsson,827,910,2014,0,18,0,20
Sebastian Vettel,20,910,2014,98,6,0,6
Lewis Hamilton,1,910,2014,191,2,5,1
Felipe Massa,13,910,2014,40,9,0,3
Kamui Kobayashi,155,910,2014,0,22,0,17
Daniel Ricciardo,816,910,2014,156,3,3,5
Kevin Magnussen,824,911,2014,38,12,0,10
Fernando Alonso,4,911,2014,121,5,0,4
Valtteri Bottas,821,911,2014,122,4,0,11
Nico Hülkenberg,807,911,2014,70,8,0,9
Kimi Räikkönen,8,911,2014,41,10,0,8
Jean-Éric Vergne,817,911,2014,11,13,0,6
Daniil Kvyat,825,911,2014,8,15,0,14
Sergio Pérez,814,911,2014,39,11,0,7
Max Chilton,819,911,2014,0,21,0,17
Jules Bianchi,823,911,2014,2,16,0,16
Romain Grosjean,154,911,2014,8,14,0,13
Pastor Maldonado,812,911,2014,0,19,0,12
Marcus Ericsson,827,911,2014,0,18,0,15
Sebastian Vettel,20,911,2014,106,6,0,2
Lewis Hamilton,1,911,2014,216,2,6,1
Felipe Massa,13,911,2014,55,9,0,5
Daniel Ricciardo,816,911,2014,166,3,3,3
Nico Rosberg,3,912,2014,238,2,4,2
Kevin Magnussen,824,912,2014,39,12,0,14
Jenson Button,18,912,2014,72,7,0,5
Valtteri Bottas,821,912,2014,122,6,0,6
Nico Hülkenberg,807,912,2014,72,8,0,8
Kimi Räikkönen,8,912,2014,45,11,0,12
Jean-Éric Vergne,817,912,2014,19,13,0,9
Daniil Kvyat,825,912,2014,8,15,0,11
Sergio Pérez,814,912,2014,45,10,0,10
Adrian Sutil,16,912,2014,0,17,0,21
Esteban Gutiérrez,820,912,2014,0,20,0,13
Max Chilton,819,912,2014,0,21,0,18
Jules Bianchi,823,912,2014,2,16,0,20
Romain Grosjean,154,912,2014,8,14,0,15
Pastor Maldonado,812,912,2014,0,19,0,16
Marcus Ericsson,827,912,2014,0,18,0,17
Sebastian Vettel,20,912,2014,124,5,0,3
Lewis Hamilton,1,912,2014,241,1,7,1
Felipe Massa,13,912,2014,65,9,0,7
Kamui Kobayashi,155,912,2014,0,22,0,19
Daniel Ricciardo,816,912,2014,181,3,3,4
Nico Rosberg,3,913,2014,256,2,4,2
Kevin Magnussen,824,913,2014,39,12,0,5
Jenson Button,18,913,2014,82,7,0,4
Fernando Alonso,4,913,2014,133,5,0,6
Valtteri Bottas,821,913,2014,130,6,0,3
Nico Hülkenberg,807,913,2014,76,8,0,12
Kimi Räikkönen,8,913,2014,45,11,0,9
Jean-Éric Vergne,817,913,2014,21,13,0,13
Daniil Kvyat,825,913,2014,8,15,0,14
Sergio Pérez,814,913,2014,46,10,0,10
Adrian Sutil,16,913,2014,0,17,0,16
Esteban Gutiérrez,820,913,2014,0,20,0,15
Romain Grosjean,154,913,2014,8,14,0,17
Pastor Maldonado,812,913,2014,0,19,0,18
Marcus Ericsson,827,913,2014,0,18,0,19
Sebastian Vettel,20,913,2014,139,4,0,8
Lewis Hamilton,1,913,2014,266,1,8,1
Felipe Massa,13,913,2014,71,9,0,11
Daniel Ricciardo,816,913,2014,193,3,3,7
Nico Rosberg,3,914,2014,274,2,4,2
Kevin Magnussen,824,914,2014,49,10,0,8
Jenson Button,18,914,2014,94,7,0,12
Fernando Alonso,4,914,2014,141,6,0,6
Valtteri Bottas,821,914,2014,145,4,0,5
Kimi Räikkönen,8,914,2014,47,12,0,13
Jean-Éric Vergne,817,914,2014,21,13,0,10
Daniil Kvyat,825,914,2014,8,15,0,15
Esteban Gutiérrez,820,914,2014,0,20,0,14
Romain Grosjean,154,914,2014,8,14,0,11
Pastor Maldonado,812,914,2014,0,19,0,9
Sebastian Vettel,20,914,2014,143,5,0,7
Lewis Hamilton,1,914,2014,291,1,9,1
Felipe Massa,13,914,2014,71,9,0,4
Daniel Ricciardo,816,914,2014,199,3,3,3
Nico Rosberg,3,915,2014,292,2,4,1
Kevin Magnussen,824,915,2014,53,10,0,9
Jenson Button,18,915,2014,94,7,0,4
Fernando Alonso,4,915,2014,149,6,0,6
Valtteri Bottas,821,915,2014,155,4,0,10
Nico Hülkenberg,807,915,2014,76,9,0,8
Kimi Räikkönen,8,915,2014,47,12,0,7
Jean-Éric Vergne,817,915,2014,22,13,0,13
Daniil Kvyat,825,915,2014,8,15,0,11
Sergio Pérez,814,915,2014,47,11,0,15
Adrian Sutil,16,915,2014,0,18,0,16
Esteban Gutiérrez,820,915,2014,0,20,0,14
Romain Grosjean,154,915,2014,8,14,0,17
Pastor Maldonado,812,915,2014,2,16,0,12
Sebastian Vettel,20,915,2014,149,5,0,5
Lewis Hamilton,1,915,2014,316,1,10,2
Felipe Massa,13,915,2014,83,8,0,3
Nico Rosberg,3,916,2014,317,2,5,14
Kevin Magnussen,824,916,2014,55,10,0,11
Jenson Button,18,916,2014,106,7,0,5
Fernando Alonso,4,916,2014,157,5,0,9
Valtteri Bottas,821,916,2014,156,6,0,3
Nico Hülkenberg,807,916,2014,80,9,0,6
Kimi Räikkönen,8,916,2014,53,11,0,10
Jean-Éric Vergne,817,916,2014,22,13,0,12
Sergio Pérez,814,916,2014,47,12,0,7
Adrian Sutil,16,916,2014,0,18,0,16
Esteban Gutiérrez,820,916,2014,0,20,0,15
Romain Grosjean,154,916,2014,8,14,0,13
Sebastian Vettel,20,916,2014,159,4,0,8
Lewis Hamilton,1,916,2014,334,1,10,1
Felipe Massa,13,916,2014,98,8,0,2
Daniel Ricciardo,816,916,2014,214,3,3,4
Nico Rosberg,3,925,2015,159,2,3,2
Valtteri Bottas,821,923,2015,0,18,0,5
Daniil Kvyat,825,923,2015,0,16,0,9
Romain Grosjean,154,923,2015,0,14,0,11
Kimi Räikkönen,8,923,2015,0,12,0,4
Lewis Hamilton,1,925,2015,169,1,4,1
Max Verstappen,829,923,2015,0,13,0,7
Sergio Pérez,814,923,2015,1,10,0,13
Carlos Sainz,831,923,2015,2,9,0,8
Nico Hülkenberg,807,923,2015,6,7,0,14
Daniel Ricciardo,816,923,2015,8,6,0,10
Felipe Nasr,830,923,2015,10,5,0,12
Felipe Massa,13,923,2015,12,4,0,6
Sebastian Vettel,20,923,2015,15,3,0,1
Nico Rosberg,3,923,2015,18,2,0,3
Lewis Hamilton,1,923,2015,25,1,1,2
Lewis Hamilton,1,921,2015,43,1,1,1
Nico Rosberg,3,921,2015,33,3,0,2
Sebastian Vettel,20,921,2015,40,2,1,3
Felipe Massa,13,921,2015,20,4,0,5
Felipe Nasr,830,921,2015,10,6,0,8
Daniel Ricciardo,816,921,2015,9,8,0,9
Marcus Ericsson,827,921,2015,4,12,0,10
Carlos Sainz,831,921,2015,6,11,0,13
Sergio Pérez,814,921,2015,1,14,0,11
Jenson Button,18,921,2015,0,16,0,14
Kimi Räikkönen,8,921,2015,12,5,0,4
Max Verstappen,829,921,2015,6,10,0,17
Romain Grosjean,154,921,2015,0,15,0,7
Valtteri Bottas,821,921,2015,10,7,0,6
Roberto Merhi,832,921,2015,0,17,0,16
Fernando Alonso,4,921,2015,0,20,0,12
Will Stevens,828,921,2015,0,21,0,15
Lewis Hamilton,1,919,2015,68,1,2,1
Nico Rosberg,3,919,2015,51,3,0,3
Sebastian Vettel,20,919,2015,55,2,1,5
Felipe Massa,13,919,2015,30,4,0,10
Felipe Nasr,830,919,2015,14,7,0,12
Daniel Ricciardo,816,919,2015,11,8,0,6
Nico Hülkenberg,807,919,2015,6,10,0,13
Marcus Ericsson,827,919,2015,5,13,0,14
Sergio Pérez,814,919,2015,1,15,0,8
Kimi Räikkönen,8,919,2015,24,5,0,2
Romain Grosjean,154,919,2015,6,9,0,7
Pastor Maldonado,812,919,2015,0,20,0,15
Daniil Kvyat,825,919,2015,2,14,0,9
Valtteri Bottas,821,919,2015,18,6,0,4
Roberto Merhi,832,919,2015,0,18,0,17
Fernando Alonso,4,919,2015,0,17,0,11
Will Stevens,828,919,2015,0,19,0,16
Lewis Hamilton,1,920,2015,93,1,3,2
Nico Rosberg,3,920,2015,66,2,0,1
Sebastian Vettel,20,920,2015,65,3,1,3
Felipe Massa,13,920,2015,31,5,0,6
Felipe Nasr,830,920,2015,14,8,0,12
Daniel Ricciardo,816,920,2015,19,7,0,7
Nico Hülkenberg,807,920,2015,6,10,0,15
Marcus Ericsson,827,920,2015,5,14,0,14
Carlos Sainz,831,920,2015,6,12,0,9
Sergio Pérez,814,920,2015,5,13,0,13
Jenson Button,18,920,2015,0,17,0,16
Kimi Räikkönen,8,920,2015,42,4,0,5
Max Verstappen,829,920,2015,6,11,0,11
Romain Grosjean,154,920,2015,12,9,0,8
Daniil Kvyat,825,920,2015,4,15,0,10
Valtteri Bottas,821,920,2015,30,6,0,4
Roberto Merhi,832,920,2015,0,18,0,18
Will Stevens,828,920,2015,0,19,0,17
Lewis Hamilton,1,917,2015,111,1,3,3
Nico Rosberg,3,917,2015,91,2,1,1
Sebastian Vettel,20,917,2015,80,3,1,2
Felipe Massa,13,917,2015,39,6,0,15
Felipe Nasr,830,917,2015,14,9,0,9
Daniel Ricciardo,816,917,2015,25,7,0,5
Nico Hülkenberg,807,917,2015,6,12,0,11
Marcus Ericsson,827,917,2015,5,14,0,13
Carlos Sainz,831,917,2015,8,10,0,10
Sergio Pérez,814,917,2015,5,13,0,7
Jenson Button,18,917,2015,0,17,0,8
Kimi Räikkönen,8,917,2015,52,4,0,6
Romain Grosjean,154,917,2015,16,8,0,12
Daniil Kvyat,825,917,2015,5,15,0,4
Valtteri Bottas,821,917,2015,42,5,0,14
Roberto Merhi,832,917,2015,0,18,0,16
Will Stevens,828,917,2015,0,19,0,17
Lewis Hamilton,1,918,2015,126,1,3,1
Nico Rosberg,3,918,2015,116,2,2,2
Sebastian Vettel,20,918,2015,98,3,1,5
Felipe Massa,13,918,2015,39,6,0,6
Felipe Nasr,830,918,2015,16,9,0,16
Daniel Ricciardo,816,918,2015,35,7,0,13
Nico Hülkenberg,807,918,2015,6,13,0,8
Marcus Ericsson,827,918,2015,5,15,0,14
Carlos Sainz,831,918,2015,9,12,0,12
Sergio Pérez,814,918,2015,11,11,0,11
Kimi Räikkönen,8,918,2015,60,4,0,4
Max Verstappen,829,918,2015,6,14,0,15
Romain Grosjean,154,918,2015,16,10,0,10
Pastor Maldonado,812,918,2015,0,20,0,7
Daniil Kvyat,825,918,2015,17,8,0,9
Valtteri Bottas,821,918,2015,42,5,0,3
Will Stevens,828,918,2015,0,19,0,17
Lewis Hamilton,1,924,2015,151,1,4,2
Nico Rosberg,3,924,2015,134,2,2,1
Sebastian Vettel,20,924,2015,108,3,1,4
Felipe Massa,13,924,2015,47,6,0,3
Felipe Nasr,830,924,2015,16,10,0,11
Daniel Ricciardo,816,924,2015,35,7,0,10
Nico Hülkenberg,807,924,2015,10,12,0,6
Marcus Ericsson,827,924,2015,5,16,0,13
Sergio Pérez,814,924,2015,11,11,0,9
Max Verstappen,829,924,2015,6,14,0,8
Pastor Maldonado,812,924,2015,6,15,0,7
Daniil Kvyat,825,924,2015,19,8,0,12
Valtteri Bottas,821,924,2015,57,5,0,5
Roberto Merhi,832,924,2015,0,19,0,14
Sebastian Vettel,20,925,2015,120,3,1,3
Felipe Massa,13,925,2015,62,6,0,4
Nico Hülkenberg,807,925,2015,18,9,0,7
Marcus Ericsson,827,925,2015,5,16,0,11
Sergio Pérez,814,925,2015,13,12,0,9
Kimi Räikkönen,8,925,2015,72,4,0,8
Daniil Kvyat,825,925,2015,19,8,0,6
Valtteri Bottas,821,925,2015,67,5,0,5
Roberto Merhi,832,925,2015,0,19,0,12
Fernando Alonso,4,925,2015,0,18,0,10
Will Stevens,828,925,2015,0,20,0,13
Lewis Hamilton,1,926,2015,194,1,5,6
Nico Rosberg,3,926,2015,177,2,3,8
Sebastian Vettel,20,926,2015,135,3,1,1
Felipe Massa,13,926,2015,74,6,0,12
Felipe Nasr,830,926,2015,16,11,0,11
Daniel Ricciardo,816,926,2015,36,7,0,3
Marcus Ericsson,827,926,2015,5,16,0,10
Jenson Button,18,926,2015,4,17,0,9
Max Verstappen,829,926,2015,10,14,0,4
Romain Grosjean,154,926,2015,17,10,0,7
Pastor Maldonado,812,926,2015,12,13,0,14
Daniil Kvyat,825,926,2015,27,8,0,2
Valtteri Bottas,821,926,2015,77,4,0,13
Roberto Merhi,832,926,2015,0,19,0,15
Fernando Alonso,4,926,2015,1,18,0,5
Will Stevens,828,926,2015,0,20,0,16
Lewis Hamilton,1,927,2015,202,1,5,1
Nico Rosberg,3,927,2015,181,2,3,2
Sebastian Vettel,20,927,2015,160,3,2,12
Felipe Massa,13,927,2015,74,6,0,6
Felipe Nasr,830,927,2015,16,12,0,11
Marcus Ericsson,827,927,2015,6,18,0,10
Sergio Pérez,814,927,2015,15,13,0,5
Jenson Button,18,927,2015,6,17,0,14
Kimi Räikkönen,8,927,2015,76,5,0,7
Max Verstappen,829,927,2015,22,11,0,8
Romain Grosjean,154,927,2015,23,10,0,3
Daniil Kvyat,825,927,2015,45,8,0,4
Valtteri Bottas,821,927,2015,77,4,0,9
Roberto Merhi,832,927,2015,0,19,0,15
Fernando Alonso,4,927,2015,11,15,0,13
Will Stevens,828,927,2015,0,20,0,16
Lewis Hamilton,1,928,2015,227,1,6,1
Nico Rosberg,3,928,2015,199,2,3,17
Sebastian Vettel,20,928,2015,160,3,2,2
Felipe Massa,13,928,2015,82,5,0,3
Felipe Nasr,830,928,2015,16,13,0,13
Daniel Ricciardo,816,928,2015,51,8,0,8
Nico Hülkenberg,807,928,2015,24,12,0,7
Marcus Ericsson,827,928,2015,7,17,0,9
Carlos Sainz,831,928,2015,9,16,0,11
Sergio Pérez,814,928,2015,25,11,0,6
Jenson Button,18,928,2015,6,18,0,14
Kimi Räikkönen,8,928,2015,82,4,0,5
Max Verstappen,829,928,2015,26,10,0,12
Daniil Kvyat,825,928,2015,57,7,0,10
Valtteri Bottas,821,928,2015,79,6,0,4
Roberto Merhi,832,928,2015,0,19,0,16
Fernando Alonso,4,928,2015,11,15,0,18
Will Stevens,828,928,2015,0,20,0,15
Nico Rosberg,3,929,2015,199,2,3,4
Sebastian Vettel,20,929,2015,178,3,2,1
Felipe Nasr,830,929,2015,16,13,0,10
Daniel Ricciardo,816,929,2015,55,8,0,2
Marcus Ericsson,827,929,2015,9,17,0,11
Carlos Sainz,831,929,2015,9,16,0,9
Sergio Pérez,814,929,2015,33,10,0,7
Kimi Räikkönen,8,929,2015,92,5,0,3
Max Verstappen,829,929,2015,26,12,0,8
Romain Grosjean,154,929,2015,38,9,0,13
Pastor Maldonado,812,929,2015,12,14,0,12
Daniil Kvyat,825,929,2015,58,7,0,6
Valtteri Bottas,821,929,2015,91,6,0,5
Will Stevens,828,929,2015,0,20,0,15
Lewis Hamilton,1,930,2015,252,1,7,1
Nico Rosberg,3,930,2015,211,2,3,2
Sebastian Vettel,20,930,2015,203,3,3,3
Felipe Massa,13,930,2015,97,6,0,17
Daniel Ricciardo,816,930,2015,73,7,0,15
Nico Hülkenberg,807,930,2015,30,12,0,6
Marcus Ericsson,827,930,2015,9,17,0,14
Carlos Sainz,831,930,2015,11,16,0,10
Sergio Pérez,814,930,2015,39,9,0,12
Jenson Button,18,930,2015,6,18,0,16
Kimi Räikkönen,8,930,2015,107,4,0,4
Max Verstappen,829,930,2015,30,11,0,9
Romain Grosjean,154,930,2015,38,10,0,7
Pastor Maldonado,812,930,2015,12,14,0,8
Daniil Kvyat,825,930,2015,66,8,0,13
Valtteri Bottas,821,930,2015,101,5,0,5
Fernando Alonso,4,930,2015,11,15,0,11
Will Stevens,828,930,2015,0,20,0,19
Alexander Rossi,833,930,2015,0,21,0,18
Will Stevens,828,931,2015,0,20,0,14
Fernando Alonso,4,931,2015,11,16,0,11
Valtteri Bottas,821,931,2015,111,5,0,12
Daniil Kvyat,825,931,2015,66,8,0,5
Pastor Maldonado,812,931,2015,16,14,0,7
Max Verstappen,829,931,2015,32,12,0,10
Felipe Nasr,830,931,2015,17,13,0,6
Sergio Pérez,814,931,2015,39,10,0,3
Jenson Button,18,931,2015,6,18,0,9
Kimi Räikkönen,8,931,2015,119,4,0,8
Felipe Massa,13,931,2015,97,6,0,4
Roberto Merhi,832,931,2015,0,19,0,13
Daniel Ricciardo,816,931,2015,73,7,0,15
Sebastian Vettel,20,931,2015,218,3,3,2
Lewis Hamilton,1,931,2015,277,1,8,1
Nico Rosberg,3,933,2015,247,3,3,1
Alexander Rossi,833,932,2015,0,21,0,12
Felipe Massa,13,933,2015,109,6,0,6
Fernando Alonso,4,932,2015,11,16,0,11
Lewis Hamilton,1,933,2015,327,1,10,2
Pastor Maldonado,812,932,2015,22,14,0,8
Max Verstappen,829,932,2015,33,12,0,4
Jenson Button,18,932,2015,8,18,0,6
Sergio Pérez,814,932,2015,54,9,0,5
Carlos Sainz,831,932,2015,12,15,0,7
Daniel Ricciardo,816,932,2015,73,8,0,10
Felipe Nasr,830,932,2015,25,13,0,9
Sebastian Vettel,20,932,2015,236,2,3,3
Nico Rosberg,3,932,2015,229,3,3,2
Lewis Hamilton,1,932,2015,302,1,9,1
Daniel Ricciardo,816,933,2015,74,8,0,5
Nico Hülkenberg,807,933,2015,38,12,0,7
Marcus Ericsson,827,933,2015,9,18,0,12
Carlos Sainz,831,933,2015,18,15,0,13
Sergio Pérez,814,933,2015,64,9,0,8
Jenson Button,18,933,2015,16,16,0,14
Max Verstappen,829,933,2015,45,10,0,9
Romain Grosjean,154,933,2015,44,11,0,10
Pastor Maldonado,812,933,2015,26,14,0,11
Daniil Kvyat,825,933,2015,76,7,0,4
Valtteri Bottas,821,933,2015,111,5,0,3
Will Stevens,828,933,2015,0,21,0,16
Alexander Rossi,833,933,2015,0,20,0,15
Lewis Hamilton,1,934,2015,345,1,10,2
Nico Rosberg,3,934,2015,272,2,4,1
Sebastian Vettel,20,934,2015,251,3,3,3
Felipe Nasr,830,934,2015,27,13,0,13
Daniel Ricciardo,816,934,2015,84,8,0,11
Nico Hülkenberg,807,934,2015,44,12,0,6
Marcus Ericsson,827,934,2015,9,18,0,16
Sergio Pérez,814,934,2015,68,9,0,12
Jenson Button,18,934,2015,16,16,0,14
Kimi Räikkönen,8,934,2015,123,5,0,4
Max Verstappen,829,934,2015,47,10,0,9
Romain Grosjean,154,934,2015,45,11,0,8
Pastor Maldonado,812,934,2015,26,14,0,10
Daniil Kvyat,825,934,2015,88,7,0,7
Valtteri Bottas,821,934,2015,126,4,0,5
Fernando Alonso,4,934,2015,11,17,0,15
Will Stevens,828,934,2015,0,21,0,17
Alexander Rossi,833,934,2015,0,20,0,18
Lewis Hamilton,1,935,2015,363,1,10,2
Nico Rosberg,3,935,2015,297,2,5,1
Sebastian Vettel,20,935,2015,266,3,3,4
Felipe Massa,13,935,2015,117,6,0,8
Felipe Nasr,830,935,2015,27,13,0,15
Daniel Ricciardo,816,935,2015,84,8,0,6
Nico Hülkenberg,807,935,2015,52,10,0,7
Marcus Ericsson,827,935,2015,9,18,0,14
Carlos Sainz,831,935,2015,18,15,0,11
Sergio Pérez,814,935,2015,68,9,0,5
Jenson Button,18,935,2015,16,16,0,12
Kimi Räikkönen,8,935,2015,135,5,0,3
Max Verstappen,829,935,2015,49,12,0,16
Romain Grosjean,154,935,2015,49,11,0,9
Daniil Kvyat,825,935,2015,94,7,0,10
Valtteri Bottas,821,935,2015,136,4,0,13
Roberto Merhi,832,935,2015,0,19,0,19
Fernando Alonso,4,935,2015,11,17,0,17
Will Stevens,828,935,2015,0,21,0,18
Lewis Hamilton,1,944,2016,117,2,2,1
Nico Rosberg,3,944,2016,141,1,5,4
Marcus Ericsson,827,937,2016,0,17,0,12
Felipe Nasr,830,937,2016,0,15,0,14
Sergio Pérez,814,937,2016,0,13,0,16
Nico Rosberg,3,937,2016,25,1,1,1
Rio Haryanto,836,937,2016,0,19,0,17
Daniil Kvyat,825,937,2016,0,22,0,7
Kimi Räikkönen,8,937,2016,0,18,0,2
Pascal Wehrlein,835,937,2016,0,16,0,13
Kevin Magnussen,824,937,2016,0,12,0,11
Max Verstappen,829,937,2016,1,10,0,6
Valtteri Bottas,821,937,2016,4,8,0,9
Nico Hülkenberg,807,937,2016,6,7,0,15
Romain Grosjean,154,937,2016,8,6,0,5
Felipe Massa,13,937,2016,10,5,0,8
Daniel Ricciardo,816,937,2016,12,4,0,4
Lewis Hamilton,1,937,2016,18,2,0,3
Nico Rosberg,3,938,2016,50,1,2,1
Lewis Hamilton,1,938,2016,33,2,0,7
Sebastian Vettel,20,938,2016,15,6,0,2
Daniel Ricciardo,816,938,2016,24,3,0,4
Felipe Massa,13,938,2016,14,7,0,6
Romain Grosjean,154,938,2016,18,5,0,19
Nico Hülkenberg,807,938,2016,6,9,0,15
Valtteri Bottas,821,938,2016,6,11,0,10
Carlos Sainz,831,938,2016,2,12,0,9
Max Verstappen,829,938,2016,9,8,0,8
Jolyon Palmer,834,938,2016,0,15,0,22
Kevin Magnussen,824,938,2016,0,14,0,17
Sergio Pérez,814,938,2016,0,17,0,11
Jenson Button,18,938,2016,0,20,0,13
Felipe Nasr,830,938,2016,0,19,0,20
Pascal Wehrlein,835,938,2016,0,18,0,18
Marcus Ericsson,827,938,2016,0,16,0,16
Kimi Räikkönen,8,938,2016,18,4,0,5
Rio Haryanto,836,938,2016,0,21,0,21
Esteban Gutiérrez,820,938,2016,0,22,0,14
Fernando Alonso,4,938,2016,0,23,0,12
Daniil Kvyat,825,938,2016,6,10,0,3
Nico Rosberg,3,939,2016,75,1,3,1
Lewis Hamilton,1,939,2016,39,2,0,2
Daniel Ricciardo,816,939,2016,36,3,0,11
Felipe Massa,13,939,2016,22,6,0,5
Romain Grosjean,154,939,2016,18,8,0,8
Valtteri Bottas,821,939,2016,7,10,0,4
Carlos Sainz,831,939,2016,4,12,0,12
Jolyon Palmer,834,939,2016,0,16,0,13
Kevin Magnussen,824,939,2016,0,14,0,7
Sergio Pérez,814,939,2016,0,15,0,9
Jenson Button,18,939,2016,0,19,0,10
Felipe Nasr,830,939,2016,0,21,0,16
Pascal Wehrlein,835,939,2016,0,20,0,18
Marcus Ericsson,827,939,2016,0,17,0,14
Kimi Räikkönen,8,939,2016,28,5,0,3
Esteban Gutiérrez,820,939,2016,0,22,0,17
Fernando Alonso,4,939,2016,0,18,0,6
Daniil Kvyat,825,939,2016,21,7,0,15
Sebastian Vettel,20,940,2016,33,5,0,3
Daniel Ricciardo,816,940,2016,36,4,0,4
Felipe Massa,13,940,2016,32,6,0,8
Valtteri Bottas,821,940,2016,19,9,0,5
Carlos Sainz,831,940,2016,4,14,0,6
Max Verstappen,829,940,2016,13,10,0,1
Jolyon Palmer,834,940,2016,0,18,0,13
Kevin Magnussen,824,940,2016,6,12,0,14
Sergio Pérez,814,940,2016,2,15,0,7
Jenson Button,18,940,2016,1,16,0,9
Felipe Nasr,830,940,2016,0,21,0,15
Pascal Wehrlein,835,940,2016,0,20,0,16
Marcus Ericsson,827,940,2016,0,19,0,12
Kimi Räikkönen,8,940,2016,43,3,0,2
Rio Haryanto,836,940,2016,0,23,0,17
Esteban Gutiérrez,820,940,2016,0,22,0,11
Daniil Kvyat,825,940,2016,21,8,0,10
Nico Rosberg,3,941,2016,100,1,4,7
Lewis Hamilton,1,941,2016,57,3,0,1
Sebastian Vettel,20,941,2016,48,4,0,4
Daniel Ricciardo,816,941,2016,48,5,0,2
Felipe Massa,13,941,2016,36,7,0,10
Romain Grosjean,154,941,2016,22,10,0,13
Nico Hülkenberg,807,941,2016,6,15,0,6
Valtteri Bottas,821,941,2016,29,8,0,12
Carlos Sainz,831,941,2016,12,11,0,8
Sergio Pérez,814,941,2016,8,13,0,3
Jenson Button,18,941,2016,3,16,0,9
Pascal Wehrlein,835,941,2016,0,21,0,14
Rio Haryanto,836,941,2016,0,23,0,15
Esteban Gutiérrez,820,941,2016,0,19,0,11
Fernando Alonso,4,941,2016,8,12,0,5
Nico Rosberg,3,942,2016,106,1,4,5
Lewis Hamilton,1,942,2016,82,2,1,1
Sebastian Vettel,20,942,2016,60,5,0,2
Daniel Ricciardo,816,942,2016,66,3,0,7
Romain Grosjean,154,942,2016,22,11,0,14
Nico Hülkenberg,807,942,2016,14,14,0,8
Valtteri Bottas,821,942,2016,29,8,0,3
Carlos Sainz,831,942,2016,16,13,0,9
Max Verstappen,829,942,2016,38,6,1,4
Kevin Magnussen,824,942,2016,6,15,0,16
Sergio Pérez,814,942,2016,23,9,0,10
Felipe Nasr,830,942,2016,0,22,0,18
Pascal Wehrlein,835,942,2016,0,21,0,17
Marcus Ericsson,827,942,2016,0,20,0,15
Kimi Räikkönen,8,942,2016,61,4,0,6
Rio Haryanto,836,942,2016,0,23,0,19
Esteban Gutiérrez,820,942,2016,0,18,0,13
Fernando Alonso,4,942,2016,18,12,0,11
Daniil Kvyat,825,942,2016,22,10,0,12
Nico Rosberg,3,943,2016,116,1,4,1
Lewis Hamilton,1,943,2016,107,2,2,5
Sebastian Vettel,20,943,2016,78,3,0,2
Daniel Ricciardo,816,943,2016,72,4,0,7
Felipe Massa,13,943,2016,37,8,0,10
Romain Grosjean,154,943,2016,22,11,0,13
Nico Hülkenberg,807,943,2016,18,13,0,9
Valtteri Bottas,821,943,2016,44,7,0,6
Max Verstappen,829,943,2016,50,6,1,8
Jolyon Palmer,834,943,2016,0,19,0,15
Kevin Magnussen,824,943,2016,6,15,0,14
Sergio Pérez,814,943,2016,24,9,0,3
Jenson Button,18,943,2016,5,16,0,11
Felipe Nasr,830,943,2016,0,22,0,12
Marcus Ericsson,827,943,2016,0,20,0,17
Kimi Räikkönen,8,943,2016,69,5,0,4
Rio Haryanto,836,943,2016,0,23,0,18
Esteban Gutiérrez,820,943,2016,0,18,0,16
Daniel Ricciardo,816,944,2016,78,5,0,5
Felipe Massa,13,944,2016,38,9,0,20
Romain Grosjean,154,944,2016,22,11,0,7
Nico Hülkenberg,807,944,2016,20,12,0,19
Valtteri Bottas,821,944,2016,52,7,0,9
Carlos Sainz,831,944,2016,18,14,0,8
Max Verstappen,829,944,2016,54,6,1,2
Jolyon Palmer,834,944,2016,0,19,0,12
Kevin Magnussen,824,944,2016,6,15,0,14
Sergio Pérez,814,944,2016,39,8,0,17
Jenson Button,18,944,2016,5,16,0,6
Felipe Nasr,830,944,2016,0,21,0,13
Pascal Wehrlein,835,944,2016,0,22,0,10
Marcus Ericsson,827,944,2016,0,20,0,15
Kimi Räikkönen,8,944,2016,81,4,0,3
Rio Haryanto,836,944,2016,0,23,0,16
Esteban Gutiérrez,820,944,2016,0,18,0,11
Fernando Alonso,4,944,2016,18,13,0,18
Nico Rosberg,3,945,2016,153,1,5,3
Lewis Hamilton,1,945,2016,142,2,3,1
Sebastian Vettel,20,945,2016,96,3,0,9
Daniel Ricciardo,816,945,2016,88,5,0,4
Felipe Massa,13,945,2016,38,9,0,11
Nico Hülkenberg,807,945,2016,20,13,0,7
Valtteri Bottas,821,945,2016,54,7,0,14
Carlos Sainz,831,945,2016,22,12,0,8
Max Verstappen,829,945,2016,72,6,1,2
Kevin Magnussen,824,945,2016,6,16,0,17
Sergio Pérez,814,945,2016,39,8,0,6
Jenson Button,18,945,2016,13,15,0,12
Felipe Nasr,830,945,2016,0,22,0,15
Kimi Räikkönen,8,945,2016,96,4,0,5
Esteban Gutiérrez,820,945,2016,0,19,0,16
Fernando Alonso,4,945,2016,18,14,0,13
Daniil Kvyat,825,945,2016,22,11,0,10
Nico Rosberg,3,946,2016,168,1,5,2
Lewis Hamilton,1,946,2016,167,2,4,1
Sebastian Vettel,20,946,2016,98,5,0,4
Daniel Ricciardo,816,946,2016,100,4,0,3
Felipe Massa,13,946,2016,38,9,0,18
Romain Grosjean,154,946,2016,28,10,0,14
Nico Hülkenberg,807,946,2016,26,11,0,10
Valtteri Bottas,821,946,2016,54,7,0,9
Carlos Sainz,831,946,2016,26,12,0,8
Max Verstappen,829,946,2016,90,6,1,5
Jolyon Palmer,834,946,2016,0,20,0,12
Kevin Magnussen,824,946,2016,6,16,0,15
Sergio Pérez,814,946,2016,47,8,0,11
Felipe Nasr,830,946,2016,0,22,0,17
Pascal Wehrlein,835,946,2016,1,17,0,19
Marcus Ericsson,827,946,2016,0,21,0,20
Kimi Räikkönen,8,946,2016,106,3,0,6
Rio Haryanto,836,946,2016,0,23,0,21
Esteban Gutiérrez,820,946,2016,0,19,0,13
Fernando Alonso,4,946,2016,18,14,0,7
Daniil Kvyat,825,946,2016,23,13,0,16
Nico Rosberg,3,947,2016,186,2,5,4
Lewis Hamilton,1,947,2016,192,1,5,1
Sebastian Vettel,20,947,2016,110,5,0,5
Daniel Ricciardo,816,947,2016,115,3,0,2
Romain Grosjean,154,947,2016,28,11,0,13
Nico Hülkenberg,807,947,2016,27,12,0,7
Valtteri Bottas,821,947,2016,56,7,0,9
Carlos Sainz,831,947,2016,30,10,0,14
Max Verstappen,829,947,2016,100,6,1,3
Jolyon Palmer,834,947,2016,0,20,0,19
Kevin Magnussen,824,947,2016,6,16,0,16
Sergio Pérez,814,947,2016,47,8,0,10
Jenson Button,18,947,2016,13,15,0,8
Pascal Wehrlein,835,947,2016,1,17,0,17
Marcus Ericsson,827,947,2016,0,21,0,18
Kimi Räikkönen,8,947,2016,114,4,0,6
Rio Haryanto,836,947,2016,0,23,0,20
Esteban Gutiérrez,820,947,2016,0,19,0,11
Fernando Alonso,4,947,2016,24,13,0,12
Daniil Kvyat,825,947,2016,23,14,0,15
Nico Rosberg,3,948,2016,198,2,5,1
Lewis Hamilton,1,948,2016,217,1,6,3
Sebastian Vettel,20,948,2016,120,5,0,6
Daniel Ricciardo,816,948,2016,133,3,0,2
Felipe Massa,13,948,2016,38,9,0,10
Romain Grosjean,154,948,2016,28,12,0,13
Nico Hülkenberg,807,948,2016,33,10,0,4
Valtteri Bottas,821,948,2016,58,7,0,8
Max Verstappen,829,948,2016,115,6,1,11
Jolyon Palmer,834,948,2016,0,20,0,15
Sergio Pérez,814,948,2016,48,8,0,5
Felipe Nasr,830,948,2016,0,22,0,17
Kimi Räikkönen,8,948,2016,122,4,0,9
Esteban Gutiérrez,820,948,2016,0,19,0,12
Fernando Alonso,4,948,2016,24,13,0,7
Daniil Kvyat,825,948,2016,23,14,0,14
Nico Rosberg,3,949,2016,223,2,6,1
Lewis Hamilton,1,949,2016,232,1,6,2
Sebastian Vettel,20,949,2016,128,4,0,3
Daniel Ricciardo,816,949,2016,151,3,0,5
Felipe Massa,13,949,2016,39,10,0,9
Romain Grosjean,154,949,2016,28,13,0,11
Nico Hülkenberg,807,949,2016,45,9,0,10
Valtteri Bottas,821,949,2016,62,7,0,6
Carlos Sainz,831,949,2016,30,12,0,15
Max Verstappen,829,949,2016,115,6,1,7
Kevin Magnussen,824,949,2016,6,16,0,17
Sergio Pérez,814,949,2016,58,8,0,8
Jenson Button,18,949,2016,17,15,0,12
Marcus Ericsson,827,949,2016,0,21,0,16
Kimi Räikkönen,8,949,2016,124,5,0,4
Esteban Gutiérrez,820,949,2016,0,19,0,13
Fernando Alonso,4,949,2016,30,11,0,14
Esteban Ocon,838,949,2016,0,24,0,18
Nico Rosberg,3,950,2016,248,2,7,1
Lewis Hamilton,1,950,2016,250,1,6,3
Sebastian Vettel,20,950,2016,143,4,0,5
Daniel Ricciardo,816,950,2016,161,3,0,2
Felipe Massa,13,950,2016,41,10,0,12
Carlos Sainz,831,950,2016,30,12,0,14
Max Verstappen,829,950,2016,121,6,1,6
Jolyon Palmer,834,950,2016,0,20,0,15
Kevin Magnussen,824,950,2016,6,16,0,10
Sergio Pérez,814,950,2016,62,8,0,8
Felipe Nasr,830,950,2016,0,22,0,13
Pascal Wehrlein,835,950,2016,1,17,0,16
Marcus Ericsson,827,950,2016,0,21,0,17
Kimi Räikkönen,8,950,2016,136,5,0,4
Esteban Gutiérrez,820,950,2016,0,19,0,11
Fernando Alonso,4,950,2016,30,11,0,7
Daniil Kvyat,825,950,2016,23,14,0,9
Esteban Ocon,838,950,2016,0,24,0,18
Nico Rosberg,3,951,2016,273,1,8,3
Daniel Ricciardo,816,951,2016,179,3,0,1
Felipe Massa,13,951,2016,41,10,0,13
Nico Hülkenberg,807,951,2016,46,9,0,8
Valtteri Bottas,821,951,2016,70,7,0,5
Carlos Sainz,831,951,2016,30,12,0,11
Max Verstappen,829,951,2016,129,6,1,2
Jolyon Palmer,834,951,2016,0,20,0,10
Sergio Pérez,814,951,2016,66,8,0,6
Jenson Button,18,951,2016,17,15,0,9
Pascal Wehrlein,835,951,2016,1,17,0,15
Marcus Ericsson,827,951,2016,0,21,0,12
Kimi Räikkönen,8,951,2016,148,5,0,4
Fernando Alonso,4,951,2016,36,11,0,7
Daniil Kvyat,825,951,2016,25,14,0,14
Esteban Ocon,838,951,2016,0,24,0,16
Nico Rosberg,3,952,2016,288,1,8,1
Lewis Hamilton,1,952,2016,265,2,6,3
Sebastian Vettel,20,952,2016,153,5,0,4
Daniel Ricciardo,816,952,2016,204,3,1,6
Felipe Massa,13,952,2016,41,11,0,9
Romain Grosjean,154,952,2016,28,13,0,11
Nico Hülkenberg,807,952,2016,50,9,0,8
Valtteri Bottas,821,952,2016,80,7,0,10
Carlos Sainz,831,952,2016,30,12,0,17
Max Verstappen,829,952,2016,147,6,1,2
Jolyon Palmer,834,952,2016,1,17,0,12
Kevin Magnussen,824,952,2016,7,16,0,14
Sergio Pérez,814,952,2016,74,8,0,7
Jenson Button,18,952,2016,19,15,0,18
Felipe Nasr,830,952,2016,0,22,0,19
Pascal Wehrlein,835,952,2016,1,18,0,22
Marcus Ericsson,827,952,2016,0,21,0,15
Kimi Räikkönen,8,952,2016,160,4,0,5
Esteban Gutiérrez,820,952,2016,0,20,0,20
Fernando Alonso,4,952,2016,42,10,0,16
Daniil Kvyat,825,952,2016,25,14,0,13
Esteban Ocon,838,952,2016,0,24,0,21
Nico Rosberg,3,953,2016,313,1,9,2
Lewis Hamilton,1,953,2016,280,2,6,1
Sebastian Vettel,20,953,2016,165,6,0,4
Daniel Ricciardo,816,953,2016,212,3,1,3
Felipe Massa,13,953,2016,43,10,0,7
Romain Grosjean,154,953,2016,28,13,0,10
Valtteri Bottas,821,953,2016,81,7,0,16
Carlos Sainz,831,953,2016,30,12,0,6
Jolyon Palmer,834,953,2016,1,17,0,13
Kevin Magnussen,824,953,2016,7,16,0,12
Sergio Pérez,814,953,2016,80,8,0,8
Jenson Button,18,953,2016,19,15,0,9
Felipe Nasr,830,953,2016,0,22,0,15
Pascal Wehrlein,835,953,2016,1,18,0,17
Marcus Ericsson,827,953,2016,0,21,0,14
Fernando Alonso,4,953,2016,42,11,0,5
Daniil Kvyat,825,953,2016,25,14,0,11
Esteban Ocon,838,953,2016,0,24,0,18
Esteban Ocon,838,954,2016,0,24,0,21
Daniil Kvyat,825,954,2016,25,14,0,18
Fernando Alonso,4,954,2016,52,10,0,13
Kimi Räikkönen,8,954,2016,170,5,0,6
Marcus Ericsson,827,954,2016,0,21,0,11
Jenson Button,18,954,2016,21,15,0,12
Sergio Pérez,814,954,2016,84,7,0,10
Kevin Magnussen,824,954,2016,7,16,0,17
Max Verstappen,829,954,2016,165,6,1,4
Carlos Sainz,831,954,2016,38,12,0,16
Nico Hülkenberg,807,954,2016,54,9,0,7
Daniel Ricciardo,816,954,2016,227,3,1,3
Jolyon Palmer,834,954,2016,1,17,0,14
Felipe Nasr,830,954,2016,0,22,0,15
Valtteri Bottas,821,954,2016,81,8,0,8
Esteban Gutiérrez,820,954,2016,0,20,0,19
Felipe Massa,13,954,2016,49,11,0,9
Romain Grosjean,154,954,2016,29,13,0,20
Lewis Hamilton,1,954,2016,305,2,7,1
Sebastian Vettel,20,954,2016,177,4,0,5
Nico Rosberg,3,954,2016,331,1,9,2
Pascal Wehrlein,835,955,2016,1,18,0,15
Jenson Button,18,955,2016,21,15,0,16
Sebastian Vettel,20,956,2016,197,4,0,3
Lewis Hamilton,1,956,2016,355,2,9,1
Nico Rosberg,3,956,2016,367,1,9,2
Esteban Ocon,838,955,2016,0,24,0,12
Daniil Kvyat,825,955,2016,25,14,0,13
Fernando Alonso,4,955,2016,52,10,0,10
Felipe Nasr,830,955,2016,0,22,0,9
Kevin Magnussen,824,955,2016,7,16,0,14
Sergio Pérez,814,955,2016,85,7,0,4
Max Verstappen,829,955,2016,177,6,1,3
Carlos Sainz,831,955,2016,38,12,0,6
Valtteri Bottas,821,955,2016,85,8,0,11
Nico Hülkenberg,807,955,2016,60,9,0,7
Daniel Ricciardo,816,955,2016,242,3,1,8
Sebastian Vettel,20,955,2016,187,4,0,5
Nico Rosberg,3,955,2016,349,1,9,2
Lewis Hamilton,1,955,2016,330,2,8,1
Daniel Ricciardo,816,956,2016,246,3,1,5
Felipe Massa,13,956,2016,51,11,0,9
Romain Grosjean,154,956,2016,29,13,0,11
Nico Hülkenberg,807,956,2016,66,9,0,7
Max Verstappen,829,956,2016,192,5,1,4
Jolyon Palmer,834,956,2016,1,18,0,17
Sergio Pérez,814,956,2016,97,7,0,8
Felipe Nasr,830,956,2016,2,17,0,16
Pascal Wehrlein,835,956,2016,1,19,0,14
Marcus Ericsson,827,956,2016,0,22,0,15
Kimi Räikkönen,8,956,2016,178,6,0,6
Esteban Gutiérrez,820,956,2016,0,21,0,12
Fernando Alonso,4,956,2016,53,10,0,10
Esteban Ocon,838,956,2016,0,23,0,13
Felipe Massa,13,958,2017,8,6,0,14
Sergio Pérez,814,958,2017,6,7,0,9
Carlos Sainz,831,958,2017,4,8,0,7
Esteban Ocon,838,958,2017,1,10,0,10
Nico Hülkenberg,807,958,2017,0,11,0,12
Kevin Magnussen,824,958,2017,0,15,0,8
Daniel Ricciardo,816,958,2017,0,17,0,4
Marcus Ericsson,827,958,2017,0,18,0,15
Jolyon Palmer,834,958,2017,0,19,0,13
Romain Grosjean,154,958,2017,0,20,0,11
Sebastian Vettel,20,959,2017,43,1,1,1
Lewis Hamilton,1,959,2017,43,2,1,2
Valtteri Bottas,821,959,2017,23,4,0,3
Kimi Räikkönen,8,959,2017,22,5,0,4
Felipe Massa,13,959,2017,8,8,0,6
Sergio Pérez,814,959,2017,8,9,0,7
Daniil Kvyat,825,959,2017,2,11,0,12
Esteban Ocon,838,959,2017,2,12,0,10
Nico Hülkenberg,807,959,2017,0,13,0,9
Fernando Alonso,4,959,2017,0,19,0,14
Daniel Ricciardo,816,959,2017,12,6,0,5
Jolyon Palmer,834,959,2017,0,17,0,13
Romain Grosjean,154,959,2017,0,14,0,8
Sebastian Vettel,20,960,2017,68,1,2,2
Lewis Hamilton,1,960,2017,61,2,1,4
Valtteri Bottas,821,960,2017,38,3,0,1
Kimi Räikkönen,8,960,2017,34,4,0,3
Max Verstappen,829,960,2017,25,5,0,5
Felipe Massa,13,960,2017,16,7,0,9
Sergio Pérez,814,960,2017,14,8,0,6
Carlos Sainz,831,960,2017,10,9,0,10
Daniil Kvyat,825,960,2017,2,14,0,12
Esteban Ocon,838,960,2017,3,12,0,7
Nico Hülkenberg,807,960,2017,2,13,0,8
Stoffel Vandoorne,837,960,2017,0,18,0,14
Kevin Magnussen,824,960,2017,4,11,0,13
Lance Stroll,839,960,2017,0,21,0,11
Marcus Ericsson,827,960,2017,0,20,0,15
Pascal Wehrlein,835,960,2017,0,15,0,16
Sebastian Vettel,20,961,2017,86,1,2,2
Lewis Hamilton,1,961,2017,73,2,1,1
Felipe Massa,13,961,2017,18,8,0,13
Sergio Pérez,814,961,2017,22,7,0,4
Carlos Sainz,831,961,2017,11,9,0,7
Daniil Kvyat,825,961,2017,2,14,0,9
Esteban Ocon,838,961,2017,9,10,0,5
Nico Hülkenberg,807,961,2017,6,11,0,6
Fernando Alonso,4,961,2017,0,20,0,12
Kevin Magnussen,824,961,2017,4,13,0,14
Lance Stroll,839,961,2017,0,16,0,16
Daniel Ricciardo,816,961,2017,22,6,0,3
Marcus Ericsson,827,961,2017,0,21,0,11
Jolyon Palmer,834,961,2017,0,18,0,15
Romain Grosjean,154,961,2017,4,12,0,10
Pascal Wehrlein,835,961,2017,0,15,0,8
Sebastian Vettel,20,962,2017,104,1,2,1
Lewis Hamilton,1,962,2017,98,2,2,7
Valtteri Bottas,821,962,2017,63,3,1,4
Kimi Räikkönen,8,962,2017,49,4,0,2
Max Verstappen,829,962,2017,35,6,0,5
Felipe Massa,13,962,2017,18,9,0,9
Sergio Pérez,814,962,2017,34,7,0,13
Carlos Sainz,831,962,2017,17,10,0,6
Daniil Kvyat,825,962,2017,4,15,0,14
Esteban Ocon,838,962,2017,19,8,0,12
Kevin Magnussen,824,962,2017,4,14,0,10
Lance Stroll,839,962,2017,0,17,0,15
Daniel Ricciardo,816,962,2017,37,5,0,3
Jolyon Palmer,834,962,2017,0,20,0,11
Romain Grosjean,154,962,2017,5,12,0,8
Sebastian Vettel,20,963,2017,129,1,3,4
Lewis Hamilton,1,963,2017,104,2,2,1
Valtteri Bottas,821,963,2017,75,3,1,2
Kimi Räikkönen,8,963,2017,67,4,0,7
Sergio Pérez,814,963,2017,34,7,0,5
Esteban Ocon,838,963,2017,19,10,0,6
Nico Hülkenberg,807,963,2017,14,11,0,8
Stoffel Vandoorne,837,963,2017,0,21,0,14
Fernando Alonso,4,963,2017,0,19,0,16
Kevin Magnussen,824,963,2017,5,13,0,12
Lance Stroll,839,963,2017,0,18,0,9
Daniel Ricciardo,816,963,2017,52,5,0,3
Marcus Ericsson,827,963,2017,0,17,0,13
Jolyon Palmer,834,963,2017,0,16,0,11
Romain Grosjean,154,963,2017,9,12,0,10
Pascal Wehrlein,835,963,2017,4,14,0,15
Sebastian Vettel,20,964,2017,141,1,3,4
Lewis Hamilton,1,964,2017,129,2,3,5
Valtteri Bottas,821,964,2017,93,3,1,2
Kimi Räikkönen,8,964,2017,73,4,0,14
Carlos Sainz,831,964,2017,25,9,0,8
Esteban Ocon,838,964,2017,27,8,0,6
Stoffel Vandoorne,837,964,2017,0,21,0,12
Fernando Alonso,4,964,2017,0,19,0,9
Kevin Magnussen,824,964,2017,5,13,0,7
Lance Stroll,839,964,2017,2,16,0,3
Daniel Ricciardo,816,964,2017,67,5,0,1
Marcus Ericsson,827,964,2017,0,18,0,11
Romain Grosjean,154,964,2017,10,12,0,13
Pascal Wehrlein,835,964,2017,4,14,0,10
Sebastian Vettel,20,965,2017,153,1,3,2
Lewis Hamilton,1,965,2017,139,2,3,4
Valtteri Bottas,821,965,2017,111,3,1,1
Kimi Räikkönen,8,965,2017,73,5,0,5
Felipe Massa,13,965,2017,20,10,0,9
Sergio Pérez,814,965,2017,44,7,0,7
Daniil Kvyat,825,965,2017,4,16,0,16
Esteban Ocon,838,965,2017,35,8,0,8
Nico Hülkenberg,807,965,2017,18,11,0,13
Stoffel Vandoorne,837,965,2017,0,20,0,12
Lance Stroll,839,965,2017,17,12,0,10
Daniel Ricciardo,816,965,2017,92,4,1,3
Marcus Ericsson,827,965,2017,0,19,0,15
Jolyon Palmer,834,965,2017,0,18,0,11
Romain Grosjean,154,965,2017,10,14,0,6
Pascal Wehrlein,835,965,2017,5,15,0,14
Sebastian Vettel,20,966,2017,171,1,3,7
Lewis Hamilton,1,966,2017,151,2,3,1
Valtteri Bottas,821,966,2017,136,3,2,2
Kimi Räikkönen,8,966,2017,83,5,0,3
Max Verstappen,829,966,2017,45,7,0,4
Felipe Massa,13,966,2017,22,10,0,10
Sergio Pérez,814,966,2017,50,6,0,9
Daniil Kvyat,825,966,2017,4,16,0,15
Esteban Ocon,838,966,2017,39,8,0,8
Nico Hülkenberg,807,966,2017,18,12,0,6
Stoffel Vandoorne,837,966,2017,0,20,0,11
Kevin Magnussen,824,966,2017,11,14,0,12
Lance Stroll,839,966,2017,18,11,0,16
Daniel Ricciardo,816,966,2017,107,4,1,5
Marcus Ericsson,827,966,2017,0,19,0,14
Romain Grosjean,154,966,2017,18,13,0,13
Pascal Wehrlein,835,966,2017,5,15,0,17
Sebastian Vettel,20,967,2017,177,1,3,1
Lewis Hamilton,1,967,2017,176,2,4,4
Valtteri Bottas,821,967,2017,154,3,2,3
Kimi Räikkönen,8,967,2017,98,5,0,2
Max Verstappen,829,967,2017,57,6,0,5
Sergio Pérez,814,967,2017,52,7,0,8
Carlos Sainz,831,967,2017,29,9,0,7
Daniil Kvyat,825,967,2017,4,16,0,11
Esteban Ocon,838,967,2017,43,8,0,9
Nico Hülkenberg,807,967,2017,26,10,0,17
Stoffel Vandoorne,837,967,2017,0,20,0,10
Fernando Alonso,4,967,2017,2,17,0,6
Kevin Magnussen,824,967,2017,11,14,0,13
Lance Stroll,839,967,2017,18,12,0,14
Marcus Ericsson,827,967,2017,0,19,0,16
Jolyon Palmer,834,967,2017,0,18,0,12
Pascal Wehrlein,835,967,2017,5,15,0,15
Sebastian Vettel,20,968,2017,202,1,4,2
Lewis Hamilton,1,968,2017,188,2,4,1
Valtteri Bottas,821,968,2017,169,3,2,5
Kimi Räikkönen,8,968,2017,116,5,0,4
Felipe Massa,13,968,2017,23,11,0,8
Sergio Pérez,814,968,2017,56,7,0,17
Carlos Sainz,831,968,2017,35,9,0,10
Daniil Kvyat,825,968,2017,4,17,0,12
Esteban Ocon,838,968,2017,45,8,0,9
Nico Hülkenberg,807,968,2017,26,10,0,6
Stoffel Vandoorne,837,968,2017,1,18,0,14
Kevin Magnussen,824,968,2017,11,14,0,15
Lance Stroll,839,968,2017,18,12,0,11
Daniel Ricciardo,816,968,2017,117,4,1,3
Marcus Ericsson,827,968,2017,0,20,0,16
Jolyon Palmer,834,968,2017,0,19,0,13
Romain Grosjean,154,968,2017,18,13,0,7
Sebastian Vettel,20,969,2017,220,1,4,3
Lewis Hamilton,1,969,2017,213,2,5,1
Valtteri Bottas,821,969,2017,179,3,2,2
Kimi Räikkönen,8,969,2017,128,5,0,5
Max Verstappen,829,969,2017,67,6,0,10
Felipe Massa,13,969,2017,27,11,0,8
Sergio Pérez,814,969,2017,56,7,0,9
Carlos Sainz,831,969,2017,36,9,0,14
Daniil Kvyat,825,969,2017,4,17,0,12
Esteban Ocon,838,969,2017,47,8,0,6
Nico Hülkenberg,807,969,2017,34,10,0,13
Fernando Alonso,4,969,2017,10,15,0,17
Kevin Magnussen,824,969,2017,11,14,0,11
Lance Stroll,839,969,2017,18,13,0,7
Daniel Ricciardo,816,969,2017,132,4,1,4
Marcus Ericsson,827,969,2017,0,20,0,18
Romain Grosjean,154,969,2017,24,12,0,15
Pascal Wehrlein,835,969,2017,5,16,0,16
Lewis Hamilton,1,970,2017,238,1,6,1
Valtteri Bottas,821,970,2017,197,3,2,3
Felipe Massa,13,970,2017,31,11,0,11
Sergio Pérez,814,970,2017,58,7,0,5
Carlos Sainz,831,970,2017,36,9,0,4
Esteban Ocon,838,970,2017,55,8,0,10
Stoffel Vandoorne,837,970,2017,1,18,0,7
Lance Stroll,839,970,2017,24,12,0,8
Daniel Ricciardo,816,970,2017,144,4,1,2
Jolyon Palmer,834,970,2017,0,19,0,6
Romain Grosjean,154,970,2017,24,13,0,9
Pascal Wehrlein,835,970,2017,5,16,0,12
Sebastian Vettel,20,971,2017,235,2,4,4
Lewis Hamilton,1,971,2017,263,1,7,2
Valtteri Bottas,821,971,2017,212,3,2,5
Max Verstappen,829,971,2017,68,6,0,1
Felipe Massa,13,971,2017,31,11,0,9
Sergio Pérez,814,971,2017,68,7,0,6
Esteban Ocon,838,971,2017,56,8,0,10
Nico Hülkenberg,807,971,2017,34,10,0,16
Stoffel Vandoorne,837,971,2017,7,17,0,7
Fernando Alonso,4,971,2017,10,15,0,11
Kevin Magnussen,824,971,2017,11,14,0,12
Lance Stroll,839,971,2017,28,12,0,8
Daniel Ricciardo,816,971,2017,162,4,1,3
Marcus Ericsson,827,971,2017,0,20,0,18
Jolyon Palmer,834,971,2017,8,16,0,15
Romain Grosjean,154,971,2017,26,13,0,13
Pascal Wehrlein,835,971,2017,5,18,0,17
Lewis Hamilton,1,972,2017,281,1,7,1
Valtteri Bottas,821,972,2017,222,3,2,4
Kimi Räikkönen,8,972,2017,138,5,0,5
Max Verstappen,829,972,2017,93,6,1,2
Felipe Massa,13,972,2017,33,11,0,10
Sergio Pérez,814,972,2017,76,7,0,7
Esteban Ocon,838,972,2017,57,8,0,6
Stoffel Vandoorne,837,972,2017,13,14,0,14
Fernando Alonso,4,972,2017,10,16,0,11
Kevin Magnussen,824,972,2017,11,15,0,8
Daniel Ricciardo,816,972,2017,177,4,1,3
Jolyon Palmer,834,972,2017,8,17,0,12
Romain Grosjean,154,972,2017,26,13,0,9
Pascal Wehrlein,835,972,2017,5,18,0,15
Pierre Gasly,841,972,2017,0,22,0,13
Sebastian Vettel,20,973,2017,247,2,4,2
Lewis Hamilton,1,973,2017,306,1,8,1
Valtteri Bottas,821,973,2017,234,3,2,5
Kimi Räikkönen,8,973,2017,148,5,0,3
Max Verstappen,829,973,2017,111,6,1,4
Felipe Massa,13,973,2017,34,11,0,9
Sergio Pérez,814,973,2017,82,7,0,8
Carlos Sainz,831,973,2017,48,9,0,7
Daniil Kvyat,825,973,2017,4,19,0,10
Esteban Ocon,838,973,2017,65,8,0,6
Stoffel Vandoorne,837,973,2017,13,15,0,12
Kevin Magnussen,824,973,2017,15,14,0,16
Lance Stroll,839,973,2017,32,12,0,11
Marcus Ericsson,827,973,2017,0,20,0,15
Romain Grosjean,154,973,2017,28,13,0,14
Sebastian Vettel,20,974,2017,265,2,4,4
Lewis Hamilton,1,974,2017,331,1,9,9
Valtteri Bottas,821,974,2017,244,3,2,2
Kimi Räikkönen,8,974,2017,163,5,0,3
Max Verstappen,829,974,2017,123,6,1,1
Felipe Massa,13,974,2017,36,10,0,11
Sergio Pérez,814,974,2017,86,7,0,7
Esteban Ocon,838,974,2017,73,8,0,5
Stoffel Vandoorne,837,974,2017,13,15,0,12
Fernando Alonso,4,974,2017,10,16,0,10
Kevin Magnussen,824,974,2017,15,14,0,8
Lance Stroll,839,974,2017,32,12,0,6
Romain Grosjean,154,974,2017,28,13,0,15
Pascal Wehrlein,835,974,2017,5,18,0,14
Pierre Gasly,841,974,2017,0,22,0,13
Sebastian Vettel,20,975,2017,277,2,4,1
Lewis Hamilton,1,975,2017,333,1,9,4
Valtteri Bottas,821,975,2017,262,3,2,2
Kimi Räikkönen,8,975,2017,178,5,0,3
Max Verstappen,829,975,2017,148,6,2,5
Felipe Massa,13,975,2017,36,11,0,7
Sergio Pérez,814,975,2017,92,7,0,9
Carlos Sainz,831,975,2017,54,9,0,11
Nico Hülkenberg,807,975,2017,34,12,0,10
Fernando Alonso,4,975,2017,11,16,0,8
Lance Stroll,839,975,2017,40,10,0,16
Daniel Ricciardo,816,975,2017,192,4,1,6
Marcus Ericsson,827,975,2017,0,20,0,13
Romain Grosjean,154,975,2017,28,13,0,15
Pascal Wehrlein,835,975,2017,5,18,0,14
Pierre Gasly,841,975,2017,0,22,0,12
Sebastian Vettel,20,976,2017,302,2,5,3
Lewis Hamilton,1,976,2017,345,1,9,2
Valtteri Bottas,821,976,2017,280,3,2,1
Kimi Räikkönen,8,976,2017,193,5,0,4
Max Verstappen,829,976,2017,158,6,2,5
Felipe Massa,13,976,2017,42,10,0,10
Sergio Pérez,814,976,2017,94,7,0,7
Esteban Ocon,838,976,2017,83,8,0,8
Nico Hülkenberg,807,976,2017,35,12,0,6
Stoffel Vandoorne,837,976,2017,13,16,0,12
Fernando Alonso,4,976,2017,15,15,0,9
Kevin Magnussen,824,976,2017,19,14,0,13
Lance Stroll,839,976,2017,40,11,0,18
Marcus Ericsson,827,976,2017,0,20,0,17
Romain Grosjean,154,976,2017,28,13,0,11
Pascal Wehrlein,835,976,2017,5,18,0,14
Pierre Gasly,841,976,2017,0,21,0,16
Brendon Hartley,842,976,2017,0,23,0,15
Sebastian Vettel,20,978,2018,25,1,1,1
Lewis Hamilton,1,978,2018,18,2,0,3
Fernando Alonso,4,978,2018,10,5,0,7
Nico Hülkenberg,807,978,2018,6,7,0,6
Valtteri Bottas,821,978,2018,4,8,0,2
Stoffel Vandoorne,837,978,2018,2,9,0,8
Carlos Sainz,831,978,2018,1,10,0,11
Sergio Pérez,814,978,2018,0,11,0,16
Esteban Ocon,838,978,2018,0,12,0,10
Charles Leclerc,843,978,2018,0,13,0,12
Lance Stroll,839,978,2018,0,14,0,14
Brendon Hartley,842,978,2018,0,15,0,17
Romain Grosjean,154,978,2018,0,16,0,13
Kevin Magnussen,824,978,2018,0,17,0,5
Pierre Gasly,841,978,2018,0,18,0,4
Marcus Ericsson,827,978,2018,0,19,0,9
Sergey Sirotkin,844,978,2018,0,20,0,15
Sergey Sirotkin,844,979,2018,0,20,0,15
Fernando Alonso,4,979,2018,16,4,0,7
Max Verstappen,829,979,2018,8,10,0,5
Kevin Magnussen,824,979,2018,10,9,0,10
Charles Leclerc,843,979,2018,0,16,0,19
Sebastian Vettel,20,981,2018,66,2,2,4
Marcus Ericsson,827,979,2018,2,12,0,16
Pierre Gasly,841,979,2018,12,7,0,18
Kimi Räikkönen,8,979,2018,15,5,0,3
Romain Grosjean,154,979,2018,0,17,0,17
Lance Stroll,839,979,2018,0,18,0,14
Brendon Hartley,842,979,2018,0,19,0,20
Esteban Ocon,838,979,2018,1,14,0,11
Sergio Pérez,814,979,2018,0,15,0,12
Carlos Sainz,831,979,2018,1,13,0,9
Stoffel Vandoorne,837,979,2018,6,11,0,13
Valtteri Bottas,821,979,2018,22,3,0,2
Nico Hülkenberg,807,979,2018,14,6,0,6
Daniel Ricciardo,816,979,2018,12,8,0,1
Sebastian Vettel,20,979,2018,50,1,2,8
Lewis Hamilton,1,979,2018,33,2,0,4
Sebastian Vettel,20,980,2018,54,1,2,4
Lewis Hamilton,1,980,2018,45,2,0,1
Kimi Räikkönen,8,980,2018,30,5,0,2
Fernando Alonso,4,980,2018,22,6,0,7
Stoffel Vandoorne,837,980,2018,6,11,0,9
Carlos Sainz,831,980,2018,3,12,0,5
Sergio Pérez,814,980,2018,0,15,0,3
Charles Leclerc,843,980,2018,0,16,0,6
Lance Stroll,839,980,2018,0,18,0,8
Brendon Hartley,842,980,2018,0,20,0,10
Kevin Magnussen,824,980,2018,11,10,0,13
Pierre Gasly,841,980,2018,12,9,0,12
Marcus Ericsson,827,980,2018,2,13,0,11
Lewis Hamilton,1,981,2018,70,1,1,1
Daniel Ricciardo,816,981,2018,37,5,1,5
Fernando Alonso,4,981,2018,28,6,0,8
Max Verstappen,829,981,2018,18,8,0,3
Valtteri Bottas,821,981,2018,40,4,0,2
Carlos Sainz,831,981,2018,13,10,0,7
Sergio Pérez,814,981,2018,15,9,0,9
Charles Leclerc,843,981,2018,8,13,0,10
Lance Stroll,839,981,2018,4,15,0,11
Brendon Hartley,842,981,2018,1,18,0,12
Kevin Magnussen,824,981,2018,11,12,0,6
Marcus Ericsson,827,981,2018,2,16,0,13
Sergey Sirotkin,844,981,2018,0,20,0,14
Sebastian Vettel,20,982,2018,78,2,2,2
Lewis Hamilton,1,982,2018,95,1,2,3
Kimi Räikkönen,8,982,2018,48,4,0,4
Daniel Ricciardo,816,982,2018,47,5,1,1
Max Verstappen,829,982,2018,33,6,0,9
Nico Hülkenberg,807,982,2018,22,8,0,8
Valtteri Bottas,821,982,2018,58,3,0,5
Stoffel Vandoorne,837,982,2018,8,14,0,14
Carlos Sainz,831,982,2018,19,10,0,10
Sergio Pérez,814,982,2018,17,11,0,12
Esteban Ocon,838,982,2018,1,17,0,6
Lance Stroll,839,982,2018,4,15,0,17
Romain Grosjean,154,982,2018,0,19,0,15
Kevin Magnussen,824,982,2018,19,9,0,13
Pierre Gasly,841,982,2018,12,12,0,7
Marcus Ericsson,827,982,2018,2,16,0,11
Sergey Sirotkin,844,982,2018,0,20,0,16
Sebastian Vettel,20,983,2018,96,2,2,1
Lewis Hamilton,1,983,2018,110,1,2,5
Kimi Räikkönen,8,983,2018,60,5,0,6
Daniel Ricciardo,816,983,2018,72,3,2,4
Max Verstappen,829,983,2018,35,6,0,3
Nico Hülkenberg,807,983,2018,26,8,0,7
Valtteri Bottas,821,983,2018,68,4,0,2
Stoffel Vandoorne,837,983,2018,8,15,0,16
Carlos Sainz,831,983,2018,20,9,0,8
Sergio Pérez,814,983,2018,17,12,0,14
Esteban Ocon,838,983,2018,9,13,0,9
Charles Leclerc,843,983,2018,9,14,0,10
Romain Grosjean,154,983,2018,0,19,0,12
Kevin Magnussen,824,983,2018,19,10,0,13
Pierre Gasly,841,983,2018,18,11,0,11
Marcus Ericsson,827,983,2018,2,17,0,15
Sergey Sirotkin,844,983,2018,0,20,0,17
Sebastian Vettel,20,984,2018,121,1,3,5
Lewis Hamilton,1,984,2018,120,2,2,1
Kimi Räikkönen,8,984,2018,68,5,0,3
Daniel Ricciardo,816,984,2018,84,4,2,4
Fernando Alonso,4,984,2018,32,7,0,16
Max Verstappen,829,984,2018,50,6,0,2
Nico Hülkenberg,807,984,2018,32,8,0,9
Valtteri Bottas,821,984,2018,86,3,0,7
Stoffel Vandoorne,837,984,2018,8,15,0,12
Carlos Sainz,831,984,2018,24,9,0,8
Charles Leclerc,843,984,2018,10,14,0,10
Lance Stroll,839,984,2018,4,16,0,17
Brendon Hartley,842,984,2018,1,18,0,14
Romain Grosjean,154,984,2018,0,19,0,11
Kevin Magnussen,824,984,2018,19,10,0,6
Marcus Ericsson,827,984,2018,2,17,0,13
Sergey Sirotkin,844,984,2018,0,20,0,15
Sebastian Vettel,20,985,2018,131,2,3,3
Kimi Räikkönen,8,985,2018,83,5,0,2
Fernando Alonso,4,985,2018,32,8,0,8
Max Verstappen,829,985,2018,68,6,0,1
Stoffel Vandoorne,837,985,2018,8,15,0,15
Carlos Sainz,831,985,2018,28,9,0,12
Sergio Pérez,814,985,2018,17,12,0,7
Esteban Ocon,838,985,2018,11,13,0,6
Charles Leclerc,843,985,2018,11,14,0,9
Lance Stroll,839,985,2018,4,16,0,14
Romain Grosjean,154,985,2018,0,19,0,4
Kevin Magnussen,824,985,2018,27,10,0,5
Pierre Gasly,841,985,2018,18,11,0,11
Marcus Ericsson,827,985,2018,2,17,0,10
Sergey Sirotkin,844,985,2018,0,20,0,13
Sebastian Vettel,20,986,2018,146,1,3,1
Lewis Hamilton,1,986,2018,145,2,3,2
Kimi Räikkönen,8,986,2018,101,3,0,3
Daniel Ricciardo,816,986,2018,96,4,2,5
Fernando Alonso,4,986,2018,36,8,0,8
Nico Hülkenberg,807,986,2018,34,9,0,6
Valtteri Bottas,821,986,2018,92,6,0,4
Stoffel Vandoorne,837,986,2018,8,16,0,11
Sergio Pérez,814,986,2018,23,11,0,10
Esteban Ocon,838,986,2018,19,12,0,7
Lance Stroll,839,986,2018,4,17,0,12
Kevin Magnussen,824,986,2018,37,7,0,9
Pierre Gasly,841,986,2018,18,13,0,13
Sergey Sirotkin,844,986,2018,0,20,0,14
Lewis Hamilton,1,987,2018,163,2,3,1
Kimi Räikkönen,8,987,2018,116,3,0,3
Fernando Alonso,4,987,2018,40,8,0,16
Max Verstappen,829,987,2018,93,6,1,4
Nico Hülkenberg,807,987,2018,42,7,0,5
Valtteri Bottas,821,987,2018,104,5,0,2
Stoffel Vandoorne,837,987,2018,8,16,0,13
Carlos Sainz,831,987,2018,28,10,0,12
Sergio Pérez,814,987,2018,24,12,0,7
Esteban Ocon,838,987,2018,25,11,0,8
Charles Leclerc,843,987,2018,13,14,0,15
Brendon Hartley,842,987,2018,1,19,0,10
Romain Grosjean,154,987,2018,12,15,0,6
Kevin Magnussen,824,987,2018,39,9,0,11
Pierre Gasly,841,987,2018,18,13,0,14
Marcus Ericsson,827,987,2018,3,18,0,9
Sebastian Vettel,20,988,2018,171,2,4,2
Lewis Hamilton,1,988,2018,188,1,4,1
Kimi Räikkönen,8,988,2018,131,3,0,3
Daniel Ricciardo,816,988,2018,106,5,2,4
Fernando Alonso,4,988,2018,40,8,0,8
Nico Hülkenberg,807,988,2018,52,7,0,12
Valtteri Bottas,821,988,2018,122,4,0,5
Carlos Sainz,831,988,2018,28,12,0,9
Sergio Pérez,814,988,2018,30,10,0,14
Esteban Ocon,838,988,2018,29,11,0,13
Lance Stroll,839,988,2018,4,18,0,17
Brendon Hartley,842,988,2018,2,19,0,11
Romain Grosjean,154,988,2018,20,13,0,10
Kevin Magnussen,824,988,2018,39,9,0,7
Pierre Gasly,841,988,2018,18,14,0,6
Marcus Ericsson,827,988,2018,5,17,0,15
Sergey Sirotkin,844,988,2018,0,20,0,16
Sebastian Vettel,20,989,2018,189,2,4,1
Lewis Hamilton,1,989,2018,213,1,5,2
Max Verstappen,829,989,2018,105,6,1,3
Valtteri Bottas,821,989,2018,132,4,0,4
Stoffel Vandoorne,837,989,2018,8,16,0,15
Carlos Sainz,831,989,2018,30,11,0,11
Sergio Pérez,814,989,2018,30,10,0,5
Esteban Ocon,838,989,2018,29,12,0,6
Lance Stroll,839,989,2018,4,18,0,13
Brendon Hartley,842,989,2018,2,19,0,14
Romain Grosjean,154,989,2018,21,14,0,7
Kevin Magnussen,824,989,2018,45,8,0,8
Pierre Gasly,841,989,2018,26,13,0,9
Marcus Ericsson,827,989,2018,5,17,0,10
Sergey Sirotkin,844,989,2018,0,20,0,12
Sebastian Vettel,20,990,2018,214,2,5,4
Lewis Hamilton,1,990,2018,231,1,5,1
Kimi Räikkönen,8,990,2018,146,3,0,2
Max Verstappen,829,990,2018,120,5,1,5
Nico Hülkenberg,807,990,2018,52,7,0,13
Valtteri Bottas,821,990,2018,144,4,0,3
Stoffel Vandoorne,837,990,2018,8,16,0,12
Carlos Sainz,831,990,2018,30,12,0,8
Sergio Pérez,814,990,2018,40,10,0,7
Esteban Ocon,838,990,2018,37,11,0,6
Charles Leclerc,843,990,2018,13,15,0,11
Lance Stroll,839,990,2018,4,18,0,9
Kevin Magnussen,824,990,2018,49,8,0,16
Pierre Gasly,841,990,2018,28,13,0,14
Marcus Ericsson,827,990,2018,6,17,0,15
Sergey Sirotkin,844,990,2018,0,20,0,10
Brendon Hartley,842,991,2018,2,19,0,17
Pierre Gasly,841,991,2018,28,13,0,13
Carlos Sainz,831,991,2018,34,12,0,8
Sergey Sirotkin,844,991,2018,1,20,0,19
Valtteri Bottas,821,991,2018,159,4,0,4
Marcus Ericsson,827,991,2018,6,18,0,11
Daniel Ricciardo,816,991,2018,118,6,2,6
Kevin Magnussen,824,991,2018,49,8,0,18
Romain Grosjean,154,991,2018,27,14,0,15
Lance Stroll,839,991,2018,6,17,0,14
Charles Leclerc,843,991,2018,13,15,0,9
Sergio Pérez,814,991,2018,46,9,0,16
Stoffel Vandoorne,837,991,2018,8,16,0,12
Nico Hülkenberg,807,991,2018,52,7,0,10
Max Verstappen,829,991,2018,130,5,1,2
Fernando Alonso,4,991,2018,44,11,0,7
Sebastian Vettel,20,991,2018,226,2,5,3
Lewis Hamilton,1,991,2018,256,1,6,1
Kimi Räikkönen,8,991,2018,164,3,0,5
Sebastian Vettel,20,992,2018,241,2,5,3
Lewis Hamilton,1,992,2018,281,1,7,1
Kimi Räikkönen,8,992,2018,174,3,0,4
Daniel Ricciardo,816,992,2018,126,6,2,6
Fernando Alonso,4,992,2018,50,8,0,14
Max Verstappen,829,992,2018,148,5,1,5
Nico Hülkenberg,807,992,2018,53,7,0,12
Valtteri Bottas,821,992,2018,171,4,0,2
Stoffel Vandoorne,837,992,2018,8,16,0,16
Carlos Sainz,831,992,2018,38,12,0,17
Sergio Pérez,814,992,2018,46,10,0,10
Esteban Ocon,838,992,2018,45,11,0,9
Charles Leclerc,843,992,2018,15,15,0,7
Lance Stroll,839,992,2018,6,17,0,15
Romain Grosjean,154,992,2018,27,14,0,11
Kevin Magnussen,824,992,2018,49,9,0,8
Marcus Ericsson,827,992,2018,6,18,0,13
Sergey Sirotkin,844,992,2018,1,20,0,18
Sebastian Vettel,20,993,2018,256,2,5,6
Lewis Hamilton,1,993,2018,306,1,8,1
Kimi Räikkönen,8,993,2018,186,4,0,5
Daniel Ricciardo,816,993,2018,134,6,2,4
Fernando Alonso,4,993,2018,50,9,0,14
Max Verstappen,829,993,2018,158,5,1,3
Valtteri Bottas,821,993,2018,189,3,0,2
Stoffel Vandoorne,837,993,2018,8,16,0,15
Carlos Sainz,831,993,2018,38,12,0,10
Sergio Pérez,814,993,2018,47,10,0,7
Esteban Ocon,838,993,2018,47,11,0,9
Lance Stroll,839,993,2018,6,17,0,17
Brendon Hartley,842,993,2018,2,19,0,13
Romain Grosjean,154,993,2018,27,14,0,8
Pierre Gasly,841,993,2018,28,13,0,11
Marcus Ericsson,827,993,2018,6,18,0,12
Sergey Sirotkin,844,993,2018,1,20,0,16
Sebastian Vettel,20,994,2018,264,2,5,4
Lewis Hamilton,1,994,2018,331,1,9,3
Kimi Räikkönen,8,994,2018,196,4,0,1
Max Verstappen,829,994,2018,173,5,1,2
Nico Hülkenberg,807,994,2018,53,9,0,6
Valtteri Bottas,821,994,2018,207,3,0,5
Stoffel Vandoorne,837,994,2018,8,16,0,11
Carlos Sainz,831,994,2018,39,12,0,7
Sergio Pérez,814,994,2018,53,7,0,8
Lance Stroll,839,994,2018,6,17,0,14
Brendon Hartley,842,994,2018,2,19,0,9
Pierre Gasly,841,994,2018,28,14,0,12
Marcus Ericsson,827,994,2018,6,18,0,10
Sergey Sirotkin,844,994,2018,1,20,0,13
Marcus Ericsson,827,995,2018,7,17,0,9
Kevin Magnussen,824,995,2018,53,9,0,15
Brendon Hartley,842,995,2018,4,19,0,14
Lance Stroll,839,995,2018,6,18,0,12
Esteban Ocon,838,995,2018,49,11,0,11
Valtteri Bottas,821,995,2018,217,4,0,5
Max Verstappen,829,995,2018,191,5,1,1
Lewis Hamilton,1,995,2018,346,1,9,4
Pierre Gasly,841,995,2018,28,14,0,10
Sergey Sirotkin,844,995,2018,1,20,0,13
Nico Hülkenberg,807,995,2018,61,7,0,6
Charles Leclerc,843,995,2018,21,15,0,7
Romain Grosjean,154,995,2018,31,13,0,16
Stoffel Vandoorne,837,995,2018,8,16,0,8
Kimi Räikkönen,8,995,2018,221,3,1,3
Sebastian Vettel,20,995,2018,276,2,5,2
Sebastian Vettel,20,996,2018,294,2,5,6
Lewis Hamilton,1,996,2018,358,1,9,1
Kimi Räikkönen,8,996,2018,236,3,1,3
Daniel Ricciardo,816,996,2018,146,6,2,4
Fernando Alonso,4,996,2018,50,10,0,17
Max Verstappen,829,996,2018,216,5,2,2
Valtteri Bottas,821,996,2018,227,4,0,5
Stoffel Vandoorne,837,996,2018,12,16,0,14
Carlos Sainz,831,996,2018,45,12,0,12
Sergio Pérez,814,996,2018,57,8,0,10
Esteban Ocon,838,996,2018,49,11,0,15
Charles Leclerc,843,996,2018,27,15,0,7
Lance Stroll,839,996,2018,6,18,0,18
Brendon Hartley,842,996,2018,4,19,0,11
Romain Grosjean,154,996,2018,31,13,0,8
Kevin Magnussen,824,996,2018,53,9,0,9
Pierre Gasly,841,996,2018,29,14,0,13
Sergey Sirotkin,844,996,2018,1,20,0,16
Sebastian Vettel,20,997,2018,302,2,5,2
Lewis Hamilton,1,997,2018,383,1,10,1
Daniel Ricciardo,816,997,2018,158,6,2,4
Fernando Alonso,4,997,2018,50,10,0,11
Max Verstappen,829,997,2018,234,5,2,3
Valtteri Bottas,821,997,2018,237,4,0,5
Stoffel Vandoorne,837,997,2018,12,16,0,14
Carlos Sainz,831,997,2018,45,12,0,6
Sergio Pérez,814,997,2018,58,8,0,8
Charles Leclerc,843,997,2018,33,14,0,7
Lance Stroll,839,997,2018,6,18,0,13
Brendon Hartley,842,997,2018,4,19,0,12
Romain Grosjean,154,997,2018,35,13,0,9
Kevin Magnussen,824,997,2018,55,9,0,10
Sergey Sirotkin,844,997,2018,1,20,0,15
Robert Kubica,9,999,2019,0,17,0,16
George Russell,846,999,2019,0,16,0,15
Antonio Giovinazzi,840,999,2019,0,15,0,11
Alexander Albon,847,999,2019,0,14,0,9
Sergio Pérez,814,999,2019,0,13,0,10
Lando Norris,845,999,2019,0,12,0,6
Lewis Hamilton,1,999,2019,18,2,0,1
Lewis Hamilton,1,1001,2019,68,1,2,2
Pierre Gasly,841,999,2019,0,11,0,8
Daniil Kvyat,825,999,2019,1,10,0,12
Lance Stroll,839,999,2019,2,9,0,14
Kimi Räikkönen,8,999,2019,4,8,0,7
Kevin Magnussen,824,999,2019,8,6,0,13
Charles Leclerc,843,999,2019,10,5,0,3
Sebastian Vettel,20,999,2019,12,4,0,5
Max Verstappen,829,999,2019,15,3,0,4
Valtteri Bottas,821,999,2019,26,1,1,2
Valtteri Bottas,821,1001,2019,62,2,1,1
Daniel Ricciardo,816,1000,2019,0,18,0,7
Romain Grosjean,154,1000,2019,0,19,0,11
George Russell,846,1000,2019,0,16,0,16
Alexander Albon,847,1000,2019,2,11,0,10
Pierre Gasly,841,1000,2019,4,10,0,6
Kimi Räikkönen,8,1000,2019,10,6,0,9
Max Verstappen,829,1000,2019,27,3,0,4
Carlos Sainz,831,1000,2019,0,20,0,14
Antonio Giovinazzi,840,1000,2019,0,15,0,15
Robert Kubica,9,1000,2019,0,17,0,17
Lando Norris,845,1000,2019,8,7,0,18
Sergio Pérez,814,1000,2019,1,14,0,8
Lance Stroll,839,1000,2019,2,12,0,12
Kevin Magnussen,824,1000,2019,8,8,0,13
Charles Leclerc,843,1000,2019,26,4,0,5
Sebastian Vettel,20,1000,2019,22,5,0,3
Lewis Hamilton,1,1000,2019,43,2,1,1
Valtteri Bottas,821,1000,2019,44,1,1,2
Max Verstappen,829,1001,2019,39,3,0,4
Sebastian Vettel,20,1001,2019,37,4,0,3
Charles Leclerc,843,1001,2019,36,5,0,5
Kevin Magnussen,824,1001,2019,8,9,0,13
Nico Hülkenberg,807,1001,2019,6,10,0,14
Kimi Räikkönen,8,1001,2019,12,7,0,10
Lance Stroll,839,1001,2019,2,14,0,9
Lando Norris,845,1001,2019,8,8,0,8
Sergio Pérez,814,1001,2019,5,12,0,6
Alexander Albon,847,1001,2019,3,13,0,11
Antonio Giovinazzi,840,1001,2019,0,16,0,12
George Russell,846,1001,2019,0,19,0,15
Robert Kubica,9,1001,2019,0,20,0,16
Carlos Sainz,831,1001,2019,0,18,0,7
Valtteri Bottas,821,1002,2019,87,1,2,2
Lewis Hamilton,1,1002,2019,86,2,2,1
Max Verstappen,829,1002,2019,51,4,0,3
Sebastian Vettel,20,1002,2019,52,3,0,4
Charles Leclerc,843,1002,2019,47,5,0,5
Kevin Magnussen,824,1002,2019,8,10,0,7
Nico Hülkenberg,807,1002,2019,6,11,0,13
Kimi Räikkönen,8,1002,2019,13,8,0,14
Daniil Kvyat,825,1002,2019,1,16,0,9
Pierre Gasly,841,1002,2019,13,7,0,6
Sergio Pérez,814,1002,2019,13,6,0,15
Alexander Albon,847,1002,2019,3,15,0,11
Antonio Giovinazzi,840,1002,2019,0,17,0,16
George Russell,846,1002,2019,0,19,0,17
Robert Kubica,9,1002,2019,0,20,0,18
Romain Grosjean,154,1002,2019,0,18,0,10
Daniel Ricciardo,816,1002,2019,6,13,0,12
Carlos Sainz,831,1002,2019,6,12,0,8
Carlos Sainz,831,1003,2019,10,11,0,6
Daniel Ricciardo,816,1003,2019,6,12,0,9
Romain Grosjean,154,1003,2019,1,17,0,10
Robert Kubica,9,1003,2019,0,20,0,18
Antonio Giovinazzi,840,1003,2019,0,18,0,19
Alexander Albon,847,1003,2019,3,15,0,8
Pierre Gasly,841,1003,2019,21,6,0,5
Lance Stroll,839,1003,2019,4,14,0,16
Kimi Räikkönen,8,1003,2019,13,9,0,17
Max Verstappen,829,1003,2019,66,3,0,4
Lewis Hamilton,1,1003,2019,112,1,3,1
Sergio Pérez,814,1003,2019,13,8,0,12
Daniil Kvyat,825,1003,2019,3,16,0,7
Lando Norris,845,1003,2019,12,10,0,11
Valtteri Bottas,821,1003,2019,105,2,2,3
George Russell,846,1003,2019,0,19,0,15
Sebastian Vettel,20,1003,2019,64,4,0,2
Nico Hülkenberg,807,1003,2019,6,13,0,13
Kevin Magnussen,824,1003,2019,14,7,0,14
Valtteri Bottas,821,1004,2019,120,2,2,4
Lewis Hamilton,1,1004,2019,137,1,4,1
Max Verstappen,829,1004,2019,78,4,0,5
Sebastian Vettel,20,1004,2019,82,3,0,2
Charles Leclerc,843,1004,2019,57,5,0,3
Kevin Magnussen,824,1004,2019,14,8,0,17
Nico Hülkenberg,807,1004,2019,6,15,0,7
Kimi Räikkönen,8,1004,2019,13,10,0,15
Lance Stroll,839,1004,2019,4,16,0,9
Daniil Kvyat,825,1004,2019,9,12,0,10
Pierre Gasly,841,1004,2019,32,6,0,8
Sergio Pérez,814,1004,2019,13,9,0,12
Antonio Giovinazzi,840,1004,2019,0,18,0,13
George Russell,846,1004,2019,0,19,0,16
Robert Kubica,9,1004,2019,0,20,0,18
Romain Grosjean,154,1004,2019,2,17,0,14
Daniel Ricciardo,816,1004,2019,8,13,0,6
Carlos Sainz,831,1004,2019,18,7,0,11
Valtteri Bottas,821,1005,2019,133,2,2,2
Lewis Hamilton,1,1005,2019,162,1,5,1
Max Verstappen,829,1005,2019,88,4,0,4
Sebastian Vettel,20,1005,2019,100,3,0,5
Charles Leclerc,843,1005,2019,72,5,0,3
Kevin Magnussen,824,1005,2019,14,9,0,17
Nico Hülkenberg,807,1005,2019,12,13,0,8
Kimi Räikkönen,8,1005,2019,13,11,0,7
Lance Stroll,839,1005,2019,6,16,0,13
Daniil Kvyat,825,1005,2019,10,14,0,14
Pierre Gasly,841,1005,2019,36,6,0,10
Lando Norris,845,1005,2019,12,12,0,9
Sergio Pérez,814,1005,2019,13,10,0,12
Alexander Albon,847,1005,2019,7,15,0,15
Antonio Giovinazzi,840,1005,2019,0,18,0,16
George Russell,846,1005,2019,0,19,0,19
Robert Kubica,9,1005,2019,0,20,0,18
Romain Grosjean,154,1005,2019,2,17,0,20
Daniel Ricciardo,816,1005,2019,16,8,0,11
Carlos Sainz,831,1005,2019,18,7,0,6
George Russell,846,1006,2019,0,19,0,18
Carlos Sainz,831,1006,2019,26,7,0,8
Kimi Räikkönen,8,1006,2019,19,8,0,9
Lance Stroll,839,1006,2019,6,16,0,14
Valtteri Bottas,821,1006,2019,151,2,2,3
Daniel Ricciardo,816,1006,2019,16,9,0,12
Romain Grosjean,154,1006,2019,2,17,0,16
Robert Kubica,9,1006,2019,0,20,0,20
Antonio Giovinazzi,840,1006,2019,0,18,0,10
Alexander Albon,847,1006,2019,7,15,0,15
Sergio Pérez,814,1006,2019,13,13,0,11
Pierre Gasly,841,1006,2019,37,6,0,7
Lando Norris,845,1006,2019,14,12,0,6
Daniil Kvyat,825,1006,2019,10,14,0,17
Kevin Magnussen,824,1006,2019,14,11,0,19
Nico Hülkenberg,807,1006,2019,16,10,0,13
Charles Leclerc,843,1006,2019,87,5,0,2
Sebastian Vettel,20,1006,2019,111,3,0,4
Max Verstappen,829,1006,2019,100,4,0,1
Lewis Hamilton,1,1006,2019,187,1,6,5
Valtteri Bottas,821,1007,2019,166,2,2,2
Lewis Hamilton,1,1007,2019,197,1,6,1
Max Verstappen,829,1007,2019,126,3,1,5
Sebastian Vettel,20,1007,2019,123,4,0,16
Charles Leclerc,843,1007,2019,105,5,0,3
Nico Hülkenberg,807,1007,2019,16,11,0,10
Kimi Räikkönen,8,1007,2019,21,9,0,8
Lance Stroll,839,1007,2019,6,16,0,13
Daniil Kvyat,825,1007,2019,10,14,0,9
Pierre Gasly,841,1007,2019,43,6,0,4
Lando Norris,845,1007,2019,22,8,0,11
Sergio Pérez,814,1007,2019,13,13,0,17
Alexander Albon,847,1007,2019,7,15,0,12
George Russell,846,1007,2019,0,19,0,14
Robert Kubica,9,1007,2019,0,20,0,15
Daniel Ricciardo,816,1007,2019,16,10,0,7
Carlos Sainz,831,1007,2019,30,7,0,6
Lewis Hamilton,1,1008,2019,223,1,7,9
Max Verstappen,829,1008,2019,136,3,1,1
Sebastian Vettel,20,1008,2019,123,4,0,2
Kevin Magnussen,824,1008,2019,14,12,0,8
Kimi Räikkönen,8,1008,2019,25,8,0,12
Lance Stroll,839,1008,2019,6,16,0,4
Daniil Kvyat,825,1008,2019,12,14,0,3
Pierre Gasly,841,1008,2019,55,6,0,14
Alexander Albon,847,1008,2019,7,15,0,6
Antonio Giovinazzi,840,1008,2019,1,18,0,13
George Russell,846,1008,2019,0,19,0,11
Robert Kubica,9,1008,2019,0,20,0,10
Romain Grosjean,154,1008,2019,2,17,0,7
Carlos Sainz,831,1008,2019,38,7,0,5
Carlos Sainz,831,1009,2019,48,7,0,5
Daniel Ricciardo,816,1009,2019,22,11,0,14
Robert Kubica,9,1009,2019,1,19,0,19
Sergio Pérez,814,1009,2019,13,16,0,11
Lando Norris,845,1009,2019,22,10,0,9
Pierre Gasly,841,1009,2019,55,6,0,6
Daniil Kvyat,825,1009,2019,27,8,0,15
Lance Stroll,839,1009,2019,18,12,0,17
Kimi Räikkönen,8,1009,2019,25,9,0,7
Lewis Hamilton,1,1009,2019,225,1,7,1
Antonio Giovinazzi,840,1009,2019,1,18,0,18
Valtteri Bottas,821,1009,2019,184,2,2,8
George Russell,846,1009,2019,0,20,0,16
Alexander Albon,847,1009,2019,15,15,0,10
Max Verstappen,829,1009,2019,162,3,2,2
Sebastian Vettel,20,1009,2019,141,4,0,3
Charles Leclerc,843,1009,2019,120,5,0,4
Kevin Magnussen,824,1009,2019,18,13,0,13
Nico Hülkenberg,807,1009,2019,17,14,0,12
Valtteri Bottas,821,1010,2019,188,2,2,3
Lewis Hamilton,1,1010,2019,250,1,8,2
Sebastian Vettel,20,1010,2019,156,4,0,4
Charles Leclerc,843,1010,2019,132,5,0,1
Kevin Magnussen,824,1010,2019,18,13,0,12
Nico Hülkenberg,807,1010,2019,17,14,0,8
Kimi Räikkönen,8,1010,2019,31,8,0,16
Lance Stroll,839,1010,2019,18,12,0,10
Daniil Kvyat,825,1010,2019,27,9,0,7
Pierre Gasly,841,1010,2019,63,6,0,9
Lando Norris,845,1010,2019,24,10,0,11
Sergio Pérez,814,1010,2019,13,16,0,6
Alexander Albon,847,1010,2019,16,15,0,5
Antonio Giovinazzi,840,1010,2019,1,18,0,18
George Russell,846,1010,2019,0,20,0,15
Robert Kubica,9,1010,2019,1,19,0,17
Romain Grosjean,154,1010,2019,8,17,0,13
Daniel Ricciardo,816,1010,2019,22,11,0,14
Valtteri Bottas,821,1011,2019,203,2,2,2
Lewis Hamilton,1,1011,2019,268,1,8,3
Max Verstappen,829,1011,2019,181,3,2,8
Sebastian Vettel,20,1011,2019,169,4,0,13
Charles Leclerc,843,1011,2019,157,5,1,1
Nico Hülkenberg,807,1011,2019,21,14,0,5
Kimi Räikkönen,8,1011,2019,31,9,0,15
Lance Stroll,839,1011,2019,19,15,0,12
Pierre Gasly,841,1011,2019,65,6,0,11
Lando Norris,845,1011,2019,24,11,0,10
Sergio Pérez,814,1011,2019,21,13,0,7
Alexander Albon,847,1011,2019,26,10,0,6
Antonio Giovinazzi,840,1011,2019,1,18,0,9
George Russell,846,1011,2019,0,20,0,14
Robert Kubica,9,1011,2019,1,19,0,17
Romain Grosjean,154,1011,2019,8,17,0,16
Daniel Ricciardo,816,1011,2019,22,12,0,4
Valtteri Bottas,821,1012,2019,221,2,2,5
Lewis Hamilton,1,1012,2019,284,1,8,4
Max Verstappen,829,1012,2019,185,3,2,3
Sebastian Vettel,20,1012,2019,169,5,0,1
Charles Leclerc,843,1012,2019,182,4,2,2
Kevin Magnussen,824,1012,2019,18,16,0,17
Nico Hülkenberg,807,1012,2019,31,11,0,9
Lance Stroll,839,1012,2019,19,15,0,13
Daniil Kvyat,825,1012,2019,33,10,0,15
Pierre Gasly,841,1012,2019,65,6,0,8
Lando Norris,845,1012,2019,25,14,0,7
Alexander Albon,847,1012,2019,34,9,0,6
Antonio Giovinazzi,840,1012,2019,3,18,0,10
Robert Kubica,9,1012,2019,1,19,0,16
Romain Grosjean,154,1012,2019,8,17,0,11
Daniel Ricciardo,816,1012,2019,34,8,0,14
Carlos Sainz,831,1012,2019,58,7,0,12
Valtteri Bottas,821,1013,2019,231,2,2,2
Lewis Hamilton,1,1013,2019,296,1,8,1
Max Verstappen,829,1013,2019,200,4,2,4
Charles Leclerc,843,1013,2019,200,3,2,3
Kevin Magnussen,824,1013,2019,18,16,0,9
Nico Hülkenberg,807,1013,2019,33,11,0,10
Kimi Räikkönen,8,1013,2019,31,13,0,13
Lance Stroll,839,1013,2019,19,15,0,11
Daniil Kvyat,825,1013,2019,33,10,0,12
Pierre Gasly,841,1013,2019,69,6,0,14
Lando Norris,845,1013,2019,31,12,0,8
Sergio Pérez,814,1013,2019,27,14,0,7
Alexander Albon,847,1013,2019,42,8,0,5
Antonio Giovinazzi,840,1013,2019,4,18,0,15
Carlos Sainz,831,1013,2019,58,7,0,6
Valtteri Bottas,821,1014,2019,249,2,2,1
Lewis Hamilton,1,1014,2019,322,1,9,3
Sebastian Vettel,20,1014,2019,194,5,1,2
Charles Leclerc,843,1014,2019,215,3,2,6
Kevin Magnussen,824,1014,2019,20,15,0,15
Kimi Räikkönen,8,1014,2019,31,14,0,12
Lance Stroll,839,1014,2019,19,16,0,9
Daniil Kvyat,825,1014,2019,33,12,0,10
Pierre Gasly,841,1014,2019,69,6,0,7
Lando Norris,845,1014,2019,35,9,0,11
Sergio Pérez,814,1014,2019,33,13,0,8
Alexander Albon,847,1014,2019,52,8,0,4
Antonio Giovinazzi,840,1014,2019,4,18,0,14
George Russell,846,1014,2019,0,20,0,16
Robert Kubica,9,1014,2019,1,19,0,17
Romain Grosjean,154,1014,2019,8,17,0,13
Carlos Sainz,831,1014,2019,66,7,0,5
Carlos Sainz,831,1015,2019,76,6,0,13
Daniel Ricciardo,816,1015,2019,34,12,0,8
Romain Grosjean,154,1015,2019,8,17,0,17
Robert Kubica,9,1015,2019,1,19,0,18
George Russell,846,1015,2019,0,20,0,16
Antonio Giovinazzi,840,1015,2019,4,18,0,14
Alexander Albon,847,1015,2019,64,8,0,5
Lance Stroll,839,1015,2019,21,15,0,12
Kevin Magnussen,824,1015,2019,20,16,0,15
Sebastian Vettel,20,1015,2019,212,5,1,2
Lewis Hamilton,1,1015,2019,338,1,9,1
Valtteri Bottas,821,1015,2019,274,2,3,3
Daniil Kvyat,825,1015,2019,34,11,0,11
Max Verstappen,829,1015,2019,212,4,2,6
Pierre Gasly,841,1015,2019,75,7,0,9
Sergio Pérez,814,1015,2019,37,9,0,7
Charles Leclerc,843,1015,2019,223,3,2,4
Nico Hülkenberg,807,1015,2019,34,13,0,10
Carlos Sainz,831,1016,2019,76,7,0,8
Daniel Ricciardo,816,1016,2019,38,10,0,6
Romain Grosjean,154,1016,2019,8,17,0,15
George Russell,846,1016,2019,0,20,0,17
Antonio Giovinazzi,840,1016,2019,4,18,0,14
Alexander Albon,847,1016,2019,74,8,0,5
Pierre Gasly,841,1016,2019,77,6,0,16
Lance Stroll,839,1016,2019,21,15,0,13
Kimi Räikkönen,8,1016,2019,31,14,0,11
Kevin Magnussen,824,1016,2019,20,16,0,18
Lewis Hamilton,1,1016,2019,363,1,10,2
Valtteri Bottas,821,1016,2019,289,2,3,1
Daniil Kvyat,825,1016,2019,34,13,0,12
Max Verstappen,829,1016,2019,220,5,2,3
Lando Norris,845,1016,2019,35,12,0,7
Sergio Pérez,814,1016,2019,43,9,0,10
Charles Leclerc,843,1016,2019,236,3,2,4
Nico Hülkenberg,807,1016,2019,35,11,0,9
Lewis Hamilton,1,1017,2019,381,1,10,7
Max Verstappen,829,1017,2019,235,4,2,1
Sebastian Vettel,20,1017,2019,230,5,1,17
Charles Leclerc,843,1017,2019,249,3,2,18
Kevin Magnussen,824,1017,2019,20,16,0,11
Nico Hülkenberg,807,1017,2019,37,12,0,15
Kimi Räikkönen,8,1017,2019,31,14,0,4
Lance Stroll,839,1017,2019,21,15,0,19
Daniil Kvyat,825,1017,2019,34,13,0,10
Pierre Gasly,841,1017,2019,77,8,0,2
Lando Norris,845,1017,2019,41,11,0,8
Sergio Pérez,814,1017,2019,44,10,0,9
Alexander Albon,847,1017,2019,84,6,0,14
Antonio Giovinazzi,840,1017,2019,4,18,0,5
George Russell,846,1017,2019,0,20,0,12
Robert Kubica,9,1017,2019,1,19,0,16
Romain Grosjean,154,1017,2019,8,17,0,13
Daniel Ricciardo,816,1017,2019,46,9,0,6
Carlos Sainz,831,1017,2019,80,7,0,3
Valtteri Bottas,821,1018,2019,314,2,4,4
Lewis Hamilton,1,1018,2019,387,1,10,1
Max Verstappen,829,1018,2019,260,3,3,2
Sebastian Vettel,20,1018,2019,230,5,1,5
Charles Leclerc,843,1018,2019,249,4,2,3
Kevin Magnussen,824,1018,2019,20,16,0,14
Nico Hülkenberg,807,1018,2019,37,13,0,12
Kimi Räikkönen,8,1018,2019,43,12,0,13
Daniil Kvyat,825,1018,2019,35,14,0,9
Pierre Gasly,841,1018,2019,95,6,0,18
Lando Norris,845,1018,2019,45,11,0,8
Sergio Pérez,814,1018,2019,46,10,0,7
Alexander Albon,847,1018,2019,84,8,0,6
Antonio Giovinazzi,840,1018,2019,14,17,0,16
George Russell,846,1018,2019,0,20,0,17
Robert Kubica,9,1018,2019,1,19,0,19
Romain Grosjean,154,1018,2019,8,18,0,15
Daniel Ricciardo,816,1018,2019,54,9,0,11
Carlos Sainz,831,1018,2019,95,7,0,10
Max Verstappen,829,1023,2020,52,3,0,1
Daniel Ricciardo,816,1023,2020,20,9,0,14
Lance Stroll,839,1023,2020,20,8,0,6
Romain Grosjean,154,1023,2020,0,20,0,16
George Russell,846,1023,2020,0,19,0,18
Kimi Räikkönen,8,1023,2020,0,18,0,15
Alexander Albon,847,1023,2020,26,6,0,5
Daniil Kvyat,825,1023,2020,1,15,0,10
Nicholas Latifi,848,1023,2020,0,17,0,19
Sebastian Vettel,20,1023,2020,10,13,0,12
Antonio Giovinazzi,840,1023,2020,2,14,0,17
Esteban Ocon,838,1023,2020,12,11,0,8
Pierre Gasly,841,1023,2020,12,12,0,11
Carlos Sainz,831,1023,2020,15,10,0,13
Lewis Hamilton,1,1023,2020,88,1,3,2
Lando Norris,845,1023,2020,36,4,0,9
Charles Leclerc,843,1023,2020,33,5,0,4
Valtteri Bottas,821,1023,2020,58,2,1,3
Charles Leclerc,843,1029,2020,57,7,0,7
Max Verstappen,829,1020,2020,0,20,0,3
Lance Stroll,839,1020,2020,0,18,0,7
Romain Grosjean,154,1020,2020,0,16,0,13
Kimi Räikkönen,8,1020,2020,0,14,0,11
Daniil Kvyat,825,1020,2020,0,12,0,10
Daniel Ricciardo,816,1020,2020,0,19,0,8
Kevin Magnussen,824,1020,2020,0,17,0,12
George Russell,846,1020,2020,0,15,0,16
Alexander Albon,847,1020,2020,0,13,0,4
Nicholas Latifi,848,1020,2020,0,11,0,17
Antonio Giovinazzi,840,1020,2020,2,9,0,14
Pierre Gasly,841,1020,2020,6,7,0,15
Sergio Pérez,814,1020,2020,8,6,0,6
Carlos Sainz,831,1020,2020,10,5,0,9
Lewis Hamilton,1,1020,2020,12,4,0,1
Lando Norris,845,1020,2020,16,3,0,5
Valtteri Bottas,821,1020,2020,25,1,1,2
Valtteri Bottas,821,1021,2020,43,1,1,3
Charles Leclerc,843,1021,2020,18,4,0,11
Lando Norris,845,1021,2020,26,3,0,13
Lewis Hamilton,1,1021,2020,37,2,1,1
Carlos Sainz,831,1021,2020,13,7,0,9
Sergio Pérez,814,1021,2020,16,5,0,7
Esteban Ocon,838,1021,2020,4,11,0,14
Antonio Giovinazzi,840,1021,2020,2,13,0,17
Sebastian Vettel,20,1021,2020,1,15,0,6
Nicholas Latifi,848,1021,2020,0,16,0,19
Daniil Kvyat,825,1021,2020,1,14,0,12
Alexander Albon,847,1021,2020,12,8,0,5
Kimi Räikkönen,8,1021,2020,0,17,0,15
George Russell,846,1021,2020,0,20,0,18
Romain Grosjean,154,1021,2020,0,19,0,16
Kevin Magnussen,824,1021,2020,0,18,0,10
Lance Stroll,839,1021,2020,6,10,0,4
Daniel Ricciardo,816,1021,2020,4,12,0,8
Max Verstappen,829,1021,2020,15,6,0,2
Max Verstappen,829,1022,2020,33,3,0,2
Lance Stroll,839,1022,2020,18,8,0,9
Romain Grosjean,154,1022,2020,0,19,0,16
George Russell,846,1022,2020,0,20,0,12
Alexander Albon,847,1022,2020,22,5,0,8
Sebastian Vettel,20,1022,2020,9,10,0,10
Esteban Ocon,838,1022,2020,4,13,0,6
Lewis Hamilton,1,1022,2020,63,1,2,1
Charles Leclerc,843,1022,2020,18,7,0,3
Valtteri Bottas,821,1022,2020,58,2,1,11
Carlos Sainz,831,1022,2020,15,9,0,13
Lando Norris,845,1022,2020,26,4,0,5
Daniel Ricciardo,816,1022,2020,8,11,0,4
Pierre Gasly,841,1022,2020,6,12,0,7
Kimi Räikkönen,8,1022,2020,0,17,0,17
Nicholas Latifi,848,1022,2020,0,18,0,15
Antonio Giovinazzi,840,1022,2020,2,14,0,14
Nico Hülkenberg,807,1023,2020,0,21,0,7
Valtteri Bottas,821,1024,2020,73,3,1,3
Lando Norris,845,1024,2020,38,5,0,10
Lewis Hamilton,1,1024,2020,107,1,3,1
Carlos Sainz,831,1024,2020,15,11,0,6
Sergio Pérez,814,1024,2020,22,8,0,5
Pierre Gasly,841,1024,2020,12,12,0,9
Esteban Ocon,838,1024,2020,16,10,0,13
Antonio Giovinazzi,840,1024,2020,2,15,0,16
Sebastian Vettel,20,1024,2020,10,13,0,7
Nicholas Latifi,848,1024,2020,0,19,0,18
Daniil Kvyat,825,1024,2020,2,16,0,12
Alexander Albon,847,1024,2020,36,6,0,8
Kimi Räikkönen,8,1024,2020,0,18,0,14
George Russell,846,1024,2020,0,20,0,17
Romain Grosjean,154,1024,2020,0,21,0,19
Kevin Magnussen,824,1024,2020,1,17,0,15
Lance Stroll,839,1024,2020,28,7,0,4
Daniel Ricciardo,816,1024,2020,20,9,0,11
Max Verstappen,829,1024,2020,77,2,1,2
Valtteri Bottas,821,1025,2020,89,3,1,2
Charles Leclerc,843,1025,2020,45,4,0,14
Lando Norris,845,1025,2020,39,7,0,7
Lewis Hamilton,1,1025,2020,132,1,4,1
Sergio Pérez,814,1025,2020,32,8,0,10
Pierre Gasly,841,1025,2020,14,13,0,8
Esteban Ocon,838,1025,2020,16,12,0,5
Sebastian Vettel,20,1025,2020,16,11,0,13
Nicholas Latifi,848,1025,2020,0,19,0,16
Daniil Kvyat,825,1025,2020,2,16,0,11
Alexander Albon,847,1025,2020,40,6,0,6
Kimi Räikkönen,8,1025,2020,0,18,0,12
Romain Grosjean,154,1025,2020,0,21,0,15
Kevin Magnussen,824,1025,2020,1,17,0,17
Lance Stroll,839,1025,2020,40,5,0,9
Daniel Ricciardo,816,1025,2020,20,10,0,4
Max Verstappen,829,1025,2020,95,2,1,3
Valtteri Bottas,821,1026,2020,107,3,1,5
Lando Norris,845,1026,2020,45,6,0,4
Lewis Hamilton,1,1026,2020,157,1,5,7
Carlos Sainz,831,1026,2020,23,11,0,2
Sergio Pérez,814,1026,2020,33,9,0,10
Pierre Gasly,841,1026,2020,18,12,0,1
Esteban Ocon,838,1026,2020,26,10,0,8
Antonio Giovinazzi,840,1026,2020,2,15,0,16
Nicholas Latifi,848,1026,2020,0,19,0,11
Daniil Kvyat,825,1026,2020,2,16,0,9
Alexander Albon,847,1026,2020,48,4,0,15
Kimi Räikkönen,8,1026,2020,0,18,0,13
George Russell,846,1026,2020,0,20,0,14
Romain Grosjean,154,1026,2020,0,21,0,12
Lance Stroll,839,1026,2020,42,7,0,3
Daniel Ricciardo,816,1026,2020,33,8,0,6
Valtteri Bottas,821,1027,2020,117,2,1,2
Charles Leclerc,843,1027,2020,45,7,0,8
Lando Norris,845,1027,2020,57,5,0,6
Lewis Hamilton,1,1027,2020,164,1,5,1
Sergio Pérez,814,1027,2020,34,11,0,5
Sebastian Vettel,20,1027,2020,16,13,0,10
Daniil Kvyat,825,1027,2020,4,15,0,7
Alexander Albon,847,1027,2020,48,6,0,3
Kimi Räikkönen,8,1027,2020,0,19,0,9
George Russell,846,1027,2020,0,21,0,11
Romain Grosjean,154,1027,2020,0,20,0,12
Daniel Ricciardo,816,1027,2020,41,10,0,4
Valtteri Bottas,821,1028,2020,135,2,1,1
Charles Leclerc,843,1028,2020,49,8,0,6
Lando Norris,845,1028,2020,65,4,0,15
Lewis Hamilton,1,1028,2020,190,1,6,3
Sergio Pérez,814,1028,2020,44,9,0,4
Pierre Gasly,841,1028,2020,43,10,1,9
Esteban Ocon,838,1028,2020,30,12,0,7
Antonio Giovinazzi,840,1028,2020,2,17,0,11
Sebastian Vettel,20,1028,2020,17,13,0,13
Nicholas Latifi,848,1028,2020,0,19,0,16
Daniil Kvyat,825,1028,2020,10,14,0,8
Alexander Albon,847,1028,2020,63,5,0,10
Kimi Räikkönen,8,1028,2020,2,16,0,14
George Russell,846,1028,2020,0,20,0,18
Romain Grosjean,154,1028,2020,0,21,0,17
Kevin Magnussen,824,1028,2020,1,18,0,12
Daniel Ricciardo,816,1028,2020,53,7,0,5
Max Verstappen,829,1028,2020,110,3,1,2
Lewis Hamilton,1,1029,2020,205,1,6,1
Carlos Sainz,831,1029,2020,41,11,0,5
Sergio Pérez,814,1029,2020,56,9,0,4
Pierre Gasly,841,1029,2020,45,10,1,6
Antonio Giovinazzi,840,1029,2020,2,17,0,10
Sebastian Vettel,20,1029,2020,17,13,0,11
Nicholas Latifi,848,1029,2020,0,19,0,14
Daniil Kvyat,825,1029,2020,14,14,0,15
Kimi Räikkönen,8,1029,2020,2,16,0,12
Romain Grosjean,154,1029,2020,0,21,0,9
Kevin Magnussen,824,1029,2020,1,18,0,13
Daniel Ricciardo,816,1029,2020,63,6,0,3
Max Verstappen,829,1029,2020,128,3,1,2
Nico Hülkenberg,807,1029,2020,6,15,0,8
Valtteri Bottas,821,1030,2020,161,2,2,2
Charles Leclerc,843,1030,2020,63,8,0,4
Lando Norris,845,1030,2020,65,6,0,13
Lewis Hamilton,1,1030,2020,230,1,7,1
Carlos Sainz,831,1030,2020,51,11,0,6
Sergio Pérez,814,1030,2020,68,5,0,7
Pierre Gasly,841,1030,2020,53,10,1,5
Esteban Ocon,838,1030,2020,36,12,0,8
Antonio Giovinazzi,840,1030,2020,3,16,0,15
Sebastian Vettel,20,1030,2020,17,13,0,10
Nicholas Latifi,848,1030,2020,0,20,0,18
Daniil Kvyat,825,1030,2020,14,14,0,19
Alexander Albon,847,1030,2020,64,7,0,12
Kimi Räikkönen,8,1030,2020,2,17,0,11
George Russell,846,1030,2020,0,21,0,14
Romain Grosjean,154,1030,2020,2,18,0,17
Kevin Magnussen,824,1030,2020,1,19,0,16
Daniel Ricciardo,816,1030,2020,78,4,0,9
Max Verstappen,829,1030,2020,147,3,1,3
Valtteri Bottas,821,1031,2020,179,2,2,2
Charles Leclerc,843,1031,2020,75,5,0,5
Lando Norris,845,1031,2020,65,7,0,8
Lewis Hamilton,1,1031,2020,256,1,8,1
Carlos Sainz,831,1031,2020,59,10,0,7
Sergio Pérez,814,1031,2020,74,6,0,6
Antonio Giovinazzi,840,1031,2020,3,16,0,10
Sebastian Vettel,20,1031,2020,18,13,0,12
Nicholas Latifi,848,1031,2020,0,20,0,11
Daniil Kvyat,825,1031,2020,14,14,0,4
Alexander Albon,847,1031,2020,64,8,0,15
Kimi Räikkönen,8,1031,2020,2,17,0,9
Romain Grosjean,154,1031,2020,2,18,0,14
Lance Stroll,839,1031,2020,57,11,0,13
Daniel Ricciardo,816,1031,2020,80,4,0,3
Valtteri Bottas,821,1032,2020,197,2,2,14
Charles Leclerc,843,1032,2020,85,5,0,4
Lando Norris,845,1032,2020,69,7,0,8
Lewis Hamilton,1,1032,2020,282,1,9,1
Carlos Sainz,831,1032,2020,65,8,0,5
Sergio Pérez,814,1032,2020,82,6,0,2
Pierre Gasly,841,1032,2020,63,10,1,13
Esteban Ocon,838,1032,2020,40,12,0,11
Sebastian Vettel,20,1032,2020,18,14,0,3
Daniil Kvyat,825,1032,2020,26,13,0,12
Alexander Albon,847,1032,2020,64,9,0,7
Kimi Räikkönen,8,1032,2020,4,16,0,15
George Russell,846,1032,2020,0,21,0,16
Kevin Magnussen,824,1032,2020,1,19,0,17
Lance Stroll,839,1032,2020,57,11,0,9
Daniel Ricciardo,816,1032,2020,95,4,0,10
Max Verstappen,829,1032,2020,162,3,1,6
Valtteri Bottas,821,1033,2020,197,2,2,8
Charles Leclerc,843,1033,2020,97,5,0,10
Lando Norris,845,1033,2020,74,8,0,4
Lewis Hamilton,1,1033,2020,307,1,10,1
Carlos Sainz,831,1033,2020,75,7,0,5
Sergio Pérez,814,1033,2020,100,4,0,18
Pierre Gasly,841,1033,2020,63,10,1,6
Esteban Ocon,838,1033,2020,40,12,0,9
Antonio Giovinazzi,840,1033,2020,4,17,0,16
Sebastian Vettel,20,1033,2020,33,13,0,13
Nicholas Latifi,848,1033,2020,0,20,0,14
Daniil Kvyat,825,1033,2020,26,14,0,11
Alexander Albon,847,1033,2020,70,9,0,3
Kimi Räikkönen,8,1033,2020,4,16,0,15
George Russell,846,1033,2020,0,21,0,12
Kevin Magnussen,824,1033,2020,1,19,0,17
Daniel Ricciardo,816,1033,2020,96,6,0,7
Max Verstappen,829,1033,2020,170,3,1,2
Valtteri Bottas,821,1034,2020,201,2,2,8
Lando Norris,845,1034,2020,86,7,0,10
Carlos Sainz,831,1034,2020,85,8,0,4
Sergio Pérez,814,1034,2020,100,5,0,1
Pierre Gasly,841,1034,2020,71,10,1,11
Esteban Ocon,838,1034,2020,42,12,0,2
Antonio Giovinazzi,840,1034,2020,4,17,0,13
Sebastian Vettel,20,1034,2020,33,13,0,12
Daniil Kvyat,825,1034,2020,26,14,0,7
Alexander Albon,847,1034,2020,85,9,0,6
Kimi Räikkönen,8,1034,2020,4,16,0,14
George Russell,846,1034,2020,0,21,0,9
Kevin Magnussen,824,1034,2020,1,19,0,15
Lance Stroll,839,1034,2020,59,11,0,3
Daniel Ricciardo,816,1034,2020,102,4,0,5
Valtteri Bottas,821,1035,2020,205,2,2,2
Charles Leclerc,843,1035,2020,98,6,0,13
Lando Norris,845,1035,2020,87,9,0,5
Lewis Hamilton,1,1035,2020,332,1,11,3
Carlos Sainz,831,1035,2020,97,7,0,6
Pierre Gasly,841,1035,2020,71,11,1,8
Esteban Ocon,838,1035,2020,60,12,0,9
Antonio Giovinazzi,840,1035,2020,4,17,0,16
Sebastian Vettel,20,1035,2020,33,13,0,14
Nicholas Latifi,848,1035,2020,0,21,0,17
Daniil Kvyat,825,1035,2020,32,14,0,11
Alexander Albon,847,1035,2020,93,8,0,4
Kimi Räikkönen,8,1035,2020,4,16,0,12
George Russell,846,1035,2020,3,18,0,15
Kevin Magnussen,824,1035,2020,1,20,0,18
Lance Stroll,839,1035,2020,74,10,0,10
Daniel Ricciardo,816,1035,2020,112,5,0,7
Max Verstappen,829,1035,2020,189,3,1,1
Pietro Fittipaldi,849,1035,2020,0,23,0,19
Fernando Alonso,4,1057,2021,77,10,0,13
Nicholas Latifi,848,1057,2021,7,17,0,12
Pierre Gasly,841,1057,2021,92,9,0,6
Esteban Ocon,838,1057,2021,60,11,1,4
Antonio Giovinazzi,840,1057,2021,1,18,0,9
Kimi Räikkönen,8,1057,2021,10,16,0,15
Lance Stroll,839,1057,2021,34,13,0,11
Yuki Tsunoda,851,1057,2021,20,14,0,14
Carlos Sainz,831,1057,2021,146,7,0,8
Daniel Ricciardo,816,1057,2021,105,8,1,5
Charles Leclerc,843,1057,2021,152,6,0,7
Lando Norris,845,1057,2021,153,5,0,10
Valtteri Bottas,821,1057,2021,203,3,1,3
Max Verstappen,829,1057,2021,352,1,9,2
Lewis Hamilton,1,1057,2021,344,2,7,1
Lewis Hamilton,1,1036,2021,25,1,1,2
Max Verstappen,829,1036,2021,18,2,0,1
Lando Norris,845,1036,2021,12,4,0,3
Sergio Pérez,814,1036,2021,10,5,0,11
Charles Leclerc,843,1036,2021,8,6,0,4
Daniel Ricciardo,816,1036,2021,6,7,0,6
Carlos Sainz,831,1036,2021,4,8,0,5
Yuki Tsunoda,851,1036,2021,2,9,0,12
Lance Stroll,839,1036,2021,1,10,0,8
Kimi Räikkönen,8,1036,2021,0,11,0,13
Antonio Giovinazzi,840,1036,2021,0,12,0,14
Esteban Ocon,838,1036,2021,0,13,0,9
Sebastian Vettel,20,1036,2021,0,15,0,15
Mick Schumacher,853,1036,2021,0,16,0,16
Pierre Gasly,841,1036,2021,0,17,0,7
Fernando Alonso,4,1036,2021,0,19,0,10
Nikita Mazepin,852,1036,2021,0,20,0,17
Lance Stroll,839,1040,2021,5,10,0,14
Sergio Pérez,814,1040,2021,10,8,0,4
Nikita Mazepin,852,1040,2021,0,19,0,19
Fernando Alonso,4,1040,2021,1,13,0,8
Nicholas Latifi,848,1040,2021,0,20,0,18
Pierre Gasly,841,1040,2021,6,9,0,10
Carlos Sainz,831,1040,2021,14,6,0,11
Charles Leclerc,843,1040,2021,20,4,0,6
Max Verstappen,829,1040,2021,43,2,1,2
Sebastian Vettel,20,1040,2021,0,17,0,13
George Russell,846,1040,2021,0,16,0,16
Mick Schumacher,853,1040,2021,0,18,0,17
Esteban Ocon,838,1040,2021,2,12,0,7
Antonio Giovinazzi,840,1040,2021,0,15,0,12
Yuki Tsunoda,851,1040,2021,2,11,0,15
Daniel Ricciardo,816,1040,2021,14,7,0,9
Lando Norris,845,1040,2021,27,3,0,5
Valtteri Bottas,821,1040,2021,16,5,0,3
Lewis Hamilton,1,1040,2021,44,1,1,1
Lewis Hamilton,1,1041,2021,69,1,2,1
Max Verstappen,829,1041,2021,61,2,1,2
Valtteri Bottas,821,1041,2021,32,4,0,3
Lando Norris,845,1041,2021,37,3,0,8
Sergio Pérez,814,1041,2021,22,6,0,5
Charles Leclerc,843,1041,2021,28,5,0,4
Daniel Ricciardo,816,1041,2021,16,7,0,6
Carlos Sainz,831,1041,2021,14,8,0,7
Lance Stroll,839,1041,2021,5,11,0,11
Kimi Räikkönen,8,1041,2021,0,14,0,12
Antonio Giovinazzi,840,1041,2021,0,15,0,15
Esteban Ocon,838,1041,2021,8,9,0,9
George Russell,846,1041,2021,0,17,0,14
Sebastian Vettel,20,1041,2021,0,16,0,13
Mick Schumacher,853,1041,2021,0,18,0,18
Pierre Gasly,841,1041,2021,7,10,0,10
Nicholas Latifi,848,1041,2021,0,20,0,16
Fernando Alonso,4,1041,2021,5,12,0,17
Nikita Mazepin,852,1041,2021,0,19,0,19
Lewis Hamilton,1,1042,2021,94,1,3,7
Max Verstappen,829,1042,2021,80,2,1,1
Lando Norris,845,1042,2021,41,4,0,3
Sergio Pérez,814,1042,2021,32,6,0,4
Daniel Ricciardo,816,1042,2021,24,7,0,12
Carlos Sainz,831,1042,2021,20,8,0,2
Yuki Tsunoda,851,1042,2021,2,13,0,16
Lance Stroll,839,1042,2021,5,11,0,8
Kimi Räikkönen,8,1042,2021,0,14,0,11
Antonio Giovinazzi,840,1042,2021,0,15,0,10
Esteban Ocon,838,1042,2021,10,9,0,9
George Russell,846,1042,2021,0,17,0,14
Sebastian Vettel,20,1042,2021,0,16,0,5
Mick Schumacher,853,1042,2021,0,18,0,18
Pierre Gasly,841,1042,2021,8,10,0,6
Nicholas Latifi,848,1042,2021,0,19,0,15
Fernando Alonso,4,1042,2021,5,12,0,13
Nikita Mazepin,852,1042,2021,0,20,0,17
Lewis Hamilton,1,1043,2021,101,2,3,15
Valtteri Bottas,821,1043,2021,47,4,0,12
Lando Norris,845,1043,2021,56,3,0,5
Sergio Pérez,814,1043,2021,44,5,0,1
Charles Leclerc,843,1043,2021,40,6,0,4
Daniel Ricciardo,816,1043,2021,24,8,0,9
Carlos Sainz,831,1043,2021,38,7,0,8
Yuki Tsunoda,851,1043,2021,2,14,0,7
Kimi Räikkönen,8,1043,2021,0,16,0,10
Antonio Giovinazzi,840,1043,2021,1,15,0,11
Sebastian Vettel,20,1043,2021,10,11,0,2
Mick Schumacher,853,1043,2021,0,19,0,13
Pierre Gasly,841,1043,2021,16,9,0,3
Nicholas Latifi,848,1043,2021,0,18,0,16
Fernando Alonso,4,1043,2021,5,13,0,6
Nikita Mazepin,852,1043,2021,0,20,0,14
Lewis Hamilton,1,1045,2021,101,2,3,2
Max Verstappen,829,1045,2021,105,1,2,1
Valtteri Bottas,821,1045,2021,47,6,0,4
Lando Norris,845,1045,2021,66,4,0,5
Sergio Pérez,814,1045,2021,69,3,1,3
Charles Leclerc,843,1045,2021,52,5,0,16
Daniel Ricciardo,816,1045,2021,26,10,0,6
Carlos Sainz,831,1045,2021,42,7,0,11
Yuki Tsunoda,851,1045,2021,8,14,0,13
Lance Stroll,839,1045,2021,9,13,0,10
Kimi Räikkönen,8,1045,2021,1,15,0,17
Antonio Giovinazzi,840,1045,2021,1,16,0,15
Esteban Ocon,838,1045,2021,12,12,0,14
George Russell,846,1045,2021,0,18,0,12
Sebastian Vettel,20,1045,2021,28,9,0,9
Mick Schumacher,853,1045,2021,0,17,0,19
Pierre Gasly,841,1045,2021,31,8,0,7
Nicholas Latifi,848,1045,2021,0,20,0,18
Fernando Alonso,4,1045,2021,13,11,0,8
Nikita Mazepin,852,1045,2021,0,19,0,20
Lewis Hamilton,1,1044,2021,119,2,3,2
Max Verstappen,829,1044,2021,131,1,3,1
Valtteri Bottas,821,1044,2021,59,5,0,3
Lando Norris,845,1044,2021,76,4,0,5
Sergio Pérez,814,1044,2021,84,3,1,4
Charles Leclerc,843,1044,2021,52,6,0,7
Daniel Ricciardo,816,1044,2021,34,9,0,13
Carlos Sainz,831,1044,2021,42,7,0,6
Yuki Tsunoda,851,1044,2021,8,14,0,10
Lance Stroll,839,1044,2021,10,13,0,8
Kimi Räikkönen,8,1044,2021,1,15,0,11
Antonio Giovinazzi,840,1044,2021,1,16,0,15
Esteban Ocon,838,1044,2021,12,12,0,14
Sebastian Vettel,20,1044,2021,30,10,0,12
Mick Schumacher,853,1044,2021,0,18,0,16
Nicholas Latifi,848,1044,2021,0,20,0,17
Fernando Alonso,4,1044,2021,17,11,0,9
Nikita Mazepin,852,1044,2021,0,19,0,18
Lewis Hamilton,1,1046,2021,138,2,3,4
Max Verstappen,829,1046,2021,156,1,4,1
Valtteri Bottas,821,1046,2021,74,5,0,2
Lando Norris,845,1046,2021,86,4,0,3
Sergio Pérez,814,1046,2021,96,3,1,6
Charles Leclerc,843,1046,2021,58,6,0,8
Daniel Ricciardo,816,1046,2021,34,9,0,7
Carlos Sainz,831,1046,2021,50,7,0,5
Yuki Tsunoda,851,1046,2021,9,14,0,12
Lance Stroll,839,1046,2021,14,12,0,13
Kimi Räikkönen,8,1046,2021,1,15,0,15
Antonio Giovinazzi,840,1046,2021,1,16,0,14
George Russell,846,1046,2021,0,17,0,11
Sebastian Vettel,20,1046,2021,30,10,0,17
Mick Schumacher,853,1046,2021,0,18,0,18
Pierre Gasly,841,1046,2021,37,8,0,9
Nicholas Latifi,848,1046,2021,0,20,0,16
Fernando Alonso,4,1046,2021,19,11,0,10
Nikita Mazepin,852,1046,2021,0,19,0,19
Nicholas Latifi,848,1047,2021,0,20,0,14
Pierre Gasly,841,1047,2021,39,9,0,11
George Russell,846,1047,2021,0,17,0,12
Kimi Räikkönen,8,1047,2021,1,15,0,15
Carlos Sainz,831,1047,2021,60,7,0,6
Charles Leclerc,843,1047,2021,62,6,0,2
Sergio Pérez,814,1047,2021,104,3,1,16
Lando Norris,845,1047,2021,101,4,0,4
Nikita Mazepin,852,1047,2021,0,19,0,17
Fernando Alonso,4,1047,2021,20,11,0,7
Mick Schumacher,853,1047,2021,0,18,0,18
Valtteri Bottas,821,1047,2021,92,5,0,3
Lance Stroll,839,1047,2021,14,12,0,8
Esteban Ocon,838,1047,2021,12,13,0,9
Antonio Giovinazzi,840,1047,2021,1,16,0,13
Yuki Tsunoda,851,1047,2021,9,14,0,10
Daniel Ricciardo,816,1047,2021,40,8,0,5
Lewis Hamilton,1,1047,2021,150,2,3,1
Lewis Hamilton,1,1048,2021,177,2,4,2
Max Verstappen,829,1048,2021,185,1,5,9
Daniel Ricciardo,816,1048,2021,50,8,0,11
Carlos Sainz,831,1048,2021,68,7,0,3
Yuki Tsunoda,851,1048,2021,10,14,0,6
Kimi Räikkönen,8,1048,2021,1,15,0,10
Antonio Giovinazzi,840,1048,2021,1,16,0,13
Esteban Ocon,838,1048,2021,14,13,0,1
George Russell,846,1048,2021,0,17,0,8
Mick Schumacher,853,1048,2021,0,18,0,12
Pierre Gasly,841,1048,2021,39,9,0,5
Nicholas Latifi,848,1048,2021,0,19,0,7
Fernando Alonso,4,1048,2021,26,11,0,4
Nicholas Latifi,848,1049,2021,6,15,0,9
Pierre Gasly,841,1049,2021,50,8,0,6
Sebastian Vettel,20,1049,2021,30,12,0,5
George Russell,846,1049,2021,4,16,0,2
Esteban Ocon,838,1049,2021,39,10,1,7
Kimi Räikkönen,8,1049,2021,2,17,0,18
Lance Stroll,839,1049,2021,18,14,0,20
Daniel Ricciardo,816,1049,2021,50,9,0,4
Sergio Pérez,814,1049,2021,104,5,1,19
Valtteri Bottas,821,1049,2021,108,4,0,12
Nikita Mazepin,852,1049,2021,0,20,0,17
Fernando Alonso,4,1049,2021,38,11,0,11
Mick Schumacher,853,1049,2021,0,19,0,16
Yuki Tsunoda,851,1049,2021,18,13,0,15
Charles Leclerc,843,1049,2021,80,7,0,8
Max Verstappen,829,1049,2021,187,2,5,1
Lando Norris,845,1049,2021,113,3,0,14
Antonio Giovinazzi,840,1049,2021,1,18,0,13
Carlos Sainz,831,1049,2021,83,6,0,10
Lewis Hamilton,1,1049,2021,195,1,4,3
Lewis Hamilton,1,1050,2021,203,1,4,2
Max Verstappen,829,1050,2021,200,2,6,1
Valtteri Bottas,821,1050,2021,108,4,0,3
Lando Norris,845,1050,2021,113,3,0,10
Sergio Pérez,814,1050,2021,104,5,1,8
Charles Leclerc,843,1050,2021,82,7,0,5
Daniel Ricciardo,816,1050,2021,56,8,0,11
Carlos Sainz,831,1050,2021,84,6,0,7
Lance Stroll,839,1050,2021,18,14,0,12
Antonio Giovinazzi,840,1050,2021,1,18,0,14
Esteban Ocon,838,1050,2021,42,10,1,9
George Russell,846,1050,2021,13,15,0,17
Sebastian Vettel,20,1050,2021,35,12,0,13
Mick Schumacher,853,1050,2021,0,19,0,18
Pierre Gasly,841,1050,2021,54,9,0,4
Nicholas Latifi,848,1050,2021,7,16,0,16
Fernando Alonso,4,1050,2021,38,11,0,6
Valtteri Bottas,821,1051,2021,123,3,0,3
Lando Norris,845,1051,2021,114,4,0,2
Sergio Pérez,814,1051,2021,108,5,1,5
Charles Leclerc,843,1051,2021,92,6,0,4
Daniel Ricciardo,816,1051,2021,56,9,0,1
Carlos Sainz,831,1051,2021,90,7,0,6
Lance Stroll,839,1051,2021,18,14,0,7
Antonio Giovinazzi,840,1051,2021,1,18,0,13
Esteban Ocon,838,1051,2021,44,11,1,10
George Russell,846,1051,2021,13,15,0,9
Sebastian Vettel,20,1051,2021,35,12,0,12
Mick Schumacher,853,1051,2021,0,19,0,15
Nicholas Latifi,848,1051,2021,7,16,0,11
Fernando Alonso,4,1051,2021,46,10,0,8
Robert Kubica,9,1051,2021,0,21,0,14
Lewis Hamilton,1,1052,2021,222,2,4,1
Max Verstappen,829,1052,2021,227,1,7,2
Valtteri Bottas,821,1052,2021,141,3,0,5
Lando Norris,845,1052,2021,132,4,0,7
Sergio Pérez,814,1052,2021,118,5,1,9
Charles Leclerc,843,1052,2021,104,6,0,15
Daniel Ricciardo,816,1052,2021,83,8,1,4
Carlos Sainz,831,1052,2021,98,7,0,3
Yuki Tsunoda,851,1052,2021,18,14,0,17
Lance Stroll,839,1052,2021,24,13,0,11
Kimi Räikkönen,8,1052,2021,2,17,0,8
Antonio Giovinazzi,840,1052,2021,1,18,0,16
Esteban Ocon,838,1052,2021,45,11,1,14
George Russell,846,1052,2021,15,15,0,10
Sebastian Vettel,20,1052,2021,35,12,0,12
Pierre Gasly,841,1052,2021,66,9,0,13
Nicholas Latifi,848,1052,2021,7,16,0,19
Fernando Alonso,4,1052,2021,50,10,0,6
Nikita Mazepin,852,1052,2021,0,21,0,18
Lewis Hamilton,1,1053,2021,247,1,5,5
Max Verstappen,829,1053,2021,245,2,7,2
Valtteri Bottas,821,1053,2021,151,3,0,1
Lando Norris,845,1053,2021,139,4,0,7
Sergio Pérez,814,1053,2021,120,5,1,3
Charles Leclerc,843,1053,2021,104,7,0,4
Daniel Ricciardo,816,1053,2021,95,8,1,13
Carlos Sainz,831,1053,2021,113,6,0,8
Yuki Tsunoda,851,1053,2021,18,14,0,14
Lance Stroll,839,1053,2021,24,13,0,9
Kimi Räikkönen,8,1053,2021,6,17,0,12
Antonio Giovinazzi,840,1053,2021,1,18,0,11
Esteban Ocon,838,1053,2021,45,11,1,10
George Russell,846,1053,2021,16,15,0,15
Sebastian Vettel,20,1053,2021,35,12,0,18
Mick Schumacher,853,1053,2021,0,19,0,19
Pierre Gasly,841,1053,2021,66,9,0,6
Nicholas Latifi,848,1053,2021,7,16,0,17
Fernando Alonso,4,1053,2021,58,10,0,16
Nikita Mazepin,852,1053,2021,0,21,0,20
Lewis Hamilton,1,1054,2021,257,2,5,2
Max Verstappen,829,1054,2021,263,1,7,1
Valtteri Bottas,821,1054,2021,177,3,1,6
Lando Norris,845,1054,2021,145,4,0,8
Sergio Pérez,814,1054,2021,135,5,1,3
Charles Leclerc,843,1054,2021,116,7,0,4
Daniel Ricciardo,816,1054,2021,95,8,1,5
Carlos Sainz,831,1054,2021,117,6,0,7
Yuki Tsunoda,851,1054,2021,18,14,0,9
Lance Stroll,839,1054,2021,26,13,0,12
Kimi Räikkönen,8,1054,2021,6,17,0,13
Antonio Giovinazzi,840,1054,2021,1,18,0,11
George Russell,846,1054,2021,16,15,0,14
Sebastian Vettel,20,1054,2021,35,12,0,10
Mick Schumacher,853,1054,2021,0,19,0,16
Nicholas Latifi,848,1054,2021,7,16,0,15
Nikita Mazepin,852,1054,2021,0,21,0,17
Lewis Hamilton,1,1055,2021,276,2,5,2
Max Verstappen,829,1055,2021,288,1,8,1
Valtteri Bottas,821,1055,2021,185,3,1,15
Lando Norris,845,1055,2021,149,5,0,10
Sergio Pérez,814,1055,2021,150,4,1,3
Charles Leclerc,843,1055,2021,128,6,0,5
Daniel Ricciardo,816,1055,2021,105,8,1,12
Carlos Sainz,831,1055,2021,123,7,0,6
Lance Stroll,839,1055,2021,26,13,0,14
Kimi Räikkönen,8,1055,2021,6,17,0,8
Antonio Giovinazzi,840,1055,2021,1,18,0,11
Esteban Ocon,838,1055,2021,46,11,1,13
George Russell,846,1055,2021,16,15,0,16
Sebastian Vettel,20,1055,2021,36,12,0,7
Pierre Gasly,841,1055,2021,74,9,0,4
Nicholas Latifi,848,1055,2021,7,16,0,17
Fernando Alonso,4,1055,2021,58,10,0,9
Nikita Mazepin,852,1055,2021,0,21,0,18
Lewis Hamilton,1,1056,2021,294,2,5,1
Max Verstappen,829,1056,2021,313,1,9,2
Valtteri Bottas,821,1056,2021,185,3,1,3
Lando Norris,845,1056,2021,150,5,0,10
Sergio Pérez,814,1056,2021,165,4,1,4
Charles Leclerc,843,1056,2021,138,6,0,5
Carlos Sainz,831,1056,2021,131,7,0,6
Yuki Tsunoda,851,1056,2021,20,14,0,15
Kimi Räikkönen,8,1056,2021,10,16,0,12
Antonio Giovinazzi,840,1056,2021,1,18,0,14
Esteban Ocon,838,1056,2021,46,11,1,8
George Russell,846,1056,2021,16,15,0,13
Sebastian Vettel,20,1056,2021,42,12,0,11
Mick Schumacher,853,1056,2021,0,19,0,18
Pierre Gasly,841,1056,2021,86,9,0,7
Nicholas Latifi,848,1056,2021,7,17,0,16
Fernando Alonso,4,1056,2021,60,10,0,9
Nikita Mazepin,852,1056,2021,0,21,0,17
Lewis Hamilton,1,1039,2021,319,2,6,1
Max Verstappen,829,1039,2021,333,1,9,2
Lando Norris,845,1039,2021,151,5,0,9
Sergio Pérez,814,1039,2021,178,4,1,4
Charles Leclerc,843,1039,2021,148,6,0,8
Daniel Ricciardo,816,1039,2021,105,8,1,12
Carlos Sainz,831,1039,2021,140,7,0,7
Yuki Tsunoda,851,1039,2021,20,14,0,13
Lance Stroll,839,1039,2021,26,13,0,6
Kimi Räikkönen,8,1039,2021,10,16,0,14
Antonio Giovinazzi,840,1039,2021,1,18,0,15
Esteban Ocon,838,1039,2021,50,11,1,5
George Russell,846,1039,2021,16,15,0,17
Sebastian Vettel,20,1039,2021,42,12,0,10
Mick Schumacher,853,1039,2021,0,19,0,16
Pierre Gasly,841,1039,2021,92,9,0,11
Fernando Alonso,4,1039,2021,62,10,0,3
Nikita Mazepin,852,1039,2021,0,21,0,18
Lewis Hamilton,1,1058,2021,370,2,8,2
Max Verstappen,829,1058,2021,370,1,9,1
Valtteri Bottas,821,1058,2021,218,3,1,6
Lando Norris,845,1058,2021,154,6,0,7
Sergio Pérez,814,1058,2021,190,4,1,15
Charles Leclerc,843,1058,2021,158,5,0,10
Daniel Ricciardo,816,1058,2021,115,8,1,12
Carlos Sainz,831,1058,2021,150,7,0,3
Yuki Tsunoda,851,1058,2021,20,14,0,4
Lance Stroll,839,1058,2021,34,13,0,13
Esteban Ocon,838,1058,2021,72,11,1,9
Sebastian Vettel,20,1058,2021,43,12,0,11
Mick Schumacher,853,1058,2021,0,19,0,14
Pierre Gasly,841,1058,2021,100,9,0,5
Fernando Alonso,4,1058,2021,77,10,0,8
Pierre Gasly,841,1059,2022,0,20,0,8
Max Verstappen,829,1059,2022,0,19,0,1
Sergio Pérez,814,1059,2022,0,18,0,4
Nico Hülkenberg,807,1059,2022,0,17,0,12
Lando Norris,845,1059,2022,0,15,0,7
Alexander Albon,847,1059,2022,0,13,0,14
Lance Stroll,839,1059,2022,0,12,0,13
Guanyu Zhou,854,1059,2022,1,10,0,11
Esteban Ocon,838,1059,2022,6,7,0,6
Tiago Monteiro,33,72,2005,0,14,0,12
Michael Schumacher,30,72,2005,0,18,0,7
Nick Heidfeld,2,72,2005,0,19,0,3
Christijan Albers,27,72,2005,0,20,0,13
Christijan Albers,27,73,2005,0,17,0,13
Vitantonio Liuzzi,24,77,2005,1,17,0,9
Robert Doornbos,38,84,2005,0,24,0,13
Robert Doornbos,38,85,2005,0,24,0,18
Robert Doornbos,38,86,2005,0,25,0,13
Antônio Pizzonia,42,86,2005,2,22,0,15
Robert Doornbos,38,88,2005,0,25,0,14
Robert Doornbos,38,89,2005,0,25,0,14
Antônio Pizzonia,42,89,2005,2,22,0,13
Charles Leclerc,843,1059,2022,26,1,1,2
Carlos Sainz,831,1059,2022,18,2,0,3
Lewis Hamilton,1,1059,2022,15,3,0,10
George Russell,846,1059,2022,12,4,0,5
Kevin Magnussen,824,1059,2022,10,5,0,9
Charles Leclerc,843,1060,2022,45,1,1,1
Lewis Hamilton,1,1060,2022,16,5,0,4
George Russell,846,1060,2022,22,4,0,3
Kevin Magnussen,824,1060,2022,12,8,0,14
Valtteri Bottas,821,1060,2022,8,9,0,8
Esteban Ocon,838,1060,2022,14,6,0,7
Yuki Tsunoda,851,1060,2022,4,11,0,15
Fernando Alonso,4,1060,2022,2,13,0,17
Guanyu Zhou,854,1060,2022,1,14,0,11
Mick Schumacher,853,1060,2022,0,15,0,13
Lance Stroll,839,1060,2022,0,16,0,12
Alexander Albon,847,1060,2022,0,18,0,10
Daniel Ricciardo,816,1060,2022,0,19,0,6
Lando Norris,845,1060,2022,6,10,0,5
Nicholas Latifi,848,1060,2022,0,20,0,16
Sergio Pérez,814,1060,2022,12,7,0,2
Pierre Gasly,841,1060,2022,4,12,0,9
Charles Leclerc,843,1061,2022,71,1,2,6
Lewis Hamilton,1,1061,2022,28,5,0,13
George Russell,846,1061,2022,37,2,0,4
Kevin Magnussen,824,1061,2022,12,9,0,9
Valtteri Bottas,821,1061,2022,12,10,0,5
Esteban Ocon,838,1061,2022,20,7,0,14
Yuki Tsunoda,851,1061,2022,4,13,0,7
Guanyu Zhou,854,1061,2022,1,15,0,15
Mick Schumacher,853,1061,2022,0,17,0,17
Lance Stroll,839,1061,2022,0,18,0,10
Alexander Albon,847,1061,2022,1,16,0,11
Daniel Ricciardo,816,1061,2022,8,11,0,18
Lando Norris,845,1061,2022,16,8,0,3
Nicholas Latifi,848,1061,2022,0,20,0,16
Sergio Pérez,814,1061,2022,30,4,0,2
Max Verstappen,829,1061,2022,25,6,1,1
Pierre Gasly,841,1061,2022,6,12,0,12
Sebastian Vettel,20,1061,2022,0,21,0,8
Charles Leclerc,843,1062,2022,86,1,2,2
Carlos Sainz,831,1062,2022,38,5,0,3
Lewis Hamilton,1,1062,2022,28,7,0,6
George Russell,846,1062,2022,49,4,0,5
Kevin Magnussen,824,1062,2022,15,10,0,16
Valtteri Bottas,821,1062,2022,24,8,0,7
Esteban Ocon,838,1062,2022,20,9,0,8
Yuki Tsunoda,851,1062,2022,10,12,0,12
Fernando Alonso,4,1062,2022,2,15,0,11
Mick Schumacher,853,1062,2022,0,19,0,15
Lance Stroll,839,1062,2022,1,18,0,10
Alexander Albon,847,1062,2022,1,17,0,9
Daniel Ricciardo,816,1062,2022,11,11,0,13
Nicholas Latifi,848,1062,2022,0,21,0,14
Sergio Pérez,814,1062,2022,54,3,0,4
Max Verstappen,829,1062,2022,59,2,2,1
Sebastian Vettel,20,1062,2022,4,14,0,17
Carlos Sainz,831,1063,2022,53,5,0,4
Lewis Hamilton,1,1063,2022,36,6,0,5
George Russell,846,1063,2022,59,4,0,3
Kevin Magnussen,824,1063,2022,15,10,0,17
Valtteri Bottas,821,1063,2022,30,8,0,6
Esteban Ocon,838,1063,2022,24,9,0,7
Yuki Tsunoda,851,1063,2022,10,12,0,10
Fernando Alonso,4,1063,2022,2,16,0,9
Mick Schumacher,853,1063,2022,0,19,0,14
Lance Stroll,839,1063,2022,2,17,0,15
Alexander Albon,847,1063,2022,3,15,0,18
Daniel Ricciardo,816,1063,2022,11,11,0,12
Lando Norris,845,1063,2022,35,7,0,8
Nicholas Latifi,848,1063,2022,0,21,0,16
Sergio Pérez,814,1063,2022,66,3,0,2
Max Verstappen,829,1063,2022,85,2,3,1
Pierre Gasly,841,1063,2022,6,13,0,13
Sebastian Vettel,20,1063,2022,4,14,0,11
Charles Leclerc,843,1064,2022,104,2,2,4
Carlos Sainz,831,1064,2022,65,5,0,2
Lewis Hamilton,1,1064,2022,46,6,0,8
George Russell,846,1064,2022,74,4,0,5
Valtteri Bottas,821,1064,2022,38,8,0,9
Esteban Ocon,838,1064,2022,30,9,0,12
Yuki Tsunoda,851,1064,2022,11,11,0,17
Fernando Alonso,4,1064,2022,4,15,0,7
Guanyu Zhou,854,1064,2022,1,18,0,16
Lance Stroll,839,1064,2022,2,17,0,14
Daniel Ricciardo,816,1064,2022,11,12,0,13
Lando Norris,845,1064,2022,39,7,0,6
Nicholas Latifi,848,1064,2022,0,21,0,15
Sergio Pérez,814,1064,2022,85,3,0,1
Max Verstappen,829,1064,2022,110,1,4,3
Pierre Gasly,841,1064,2022,6,13,0,11
Sebastian Vettel,20,1064,2022,4,14,0,10
Lewis Hamilton,1,1065,2022,50,6,0,4
George Russell,846,1065,2022,84,4,0,3
Valtteri Bottas,821,1065,2022,40,8,0,11
Esteban Ocon,838,1065,2022,30,9,0,10
Yuki Tsunoda,851,1065,2022,11,12,0,13
Fernando Alonso,4,1065,2022,10,13,0,7
Mick Schumacher,853,1065,2022,0,19,0,14
Lance Stroll,839,1065,2022,2,17,0,16
Alexander Albon,847,1065,2022,3,16,0,12
Daniel Ricciardo,816,1065,2022,11,11,0,8
Lando Norris,845,1065,2022,48,7,0,9
Nicholas Latifi,848,1065,2022,0,21,0,15
Sergio Pérez,814,1065,2022,110,3,1,2
Max Verstappen,829,1065,2022,125,1,4,1
Pierre Gasly,841,1065,2022,6,14,0,5
Sebastian Vettel,20,1065,2022,5,15,0,6
Charles Leclerc,843,1066,2022,116,3,2,5
Carlos Sainz,831,1066,2022,83,5,0,2
Lewis Hamilton,1,1066,2022,62,6,0,3
George Russell,846,1066,2022,99,4,0,4
Kevin Magnussen,824,1066,2022,15,12,0,17
Valtteri Bottas,821,1066,2022,40,8,0,7
Esteban Ocon,838,1066,2022,31,9,0,6
Fernando Alonso,4,1066,2022,16,11,0,9
Guanyu Zhou,854,1066,2022,1,18,0,8
Lance Stroll,839,1066,2022,2,17,0,10
Alexander Albon,847,1066,2022,3,16,0,13
Daniel Ricciardo,816,1066,2022,15,13,0,11
Lando Norris,845,1066,2022,50,7,0,15
Nicholas Latifi,848,1066,2022,0,21,0,16
Max Verstappen,829,1066,2022,150,1,5,1
Pierre Gasly,841,1066,2022,16,10,0,14
Sebastian Vettel,20,1066,2022,13,14,0,12
Sebastian Vettel,20,1067,2022,13,14,0,9
Max Verstappen,829,1067,2022,175,1,6,7
Sergio Pérez,814,1067,2022,129,2,1,2
Nicholas Latifi,848,1067,2022,0,21,0,12
Lance Stroll,839,1067,2022,3,18,0,11
Fernando Alonso,4,1067,2022,18,10,0,5
Yuki Tsunoda,851,1067,2022,11,15,0,14
Carlos Sainz,831,1067,2022,102,5,0,1
Lewis Hamilton,1,1067,2022,77,6,0,3
Kevin Magnussen,824,1067,2022,15,12,0,10
Daniel Ricciardo,816,1067,2022,15,13,0,13
Charles Leclerc,843,1067,2022,126,3,2,4
Lando Norris,845,1067,2022,50,7,0,6
Mick Schumacher,853,1067,2022,0,19,0,8
Charles Leclerc,843,1068,2022,138,3,2,1
Lewis Hamilton,1,1068,2022,93,6,0,3
George Russell,846,1068,2022,111,5,0,4
Kevin Magnussen,824,1068,2022,16,12,0,8
Valtteri Bottas,821,1068,2022,46,8,0,11
Esteban Ocon,838,1068,2022,39,9,0,5
Yuki Tsunoda,851,1068,2022,11,15,0,16
Fernando Alonso,4,1068,2022,28,10,0,10
Guanyu Zhou,854,1068,2022,5,16,0,14
Mick Schumacher,853,1068,2022,4,17,0,6
Lance Stroll,839,1068,2022,3,19,0,13
Alexander Albon,847,1068,2022,3,18,0,12
Daniel Ricciardo,816,1068,2022,15,14,0,9
Lando Norris,845,1068,2022,58,7,0,7
Max Verstappen,829,1068,2022,181,1,6,2
Pierre Gasly,841,1068,2022,16,11,0,15
Sebastian Vettel,20,1068,2022,15,13,0,17
Carlos Sainz,831,1069,2022,133,4,1,5
Lewis Hamilton,1,1069,2022,109,6,0,2
George Russell,846,1069,2022,128,5,0,3
Valtteri Bottas,821,1069,2022,46,9,0,14
Esteban Ocon,838,1069,2022,52,8,0,8
Fernando Alonso,4,1069,2022,29,10,0,6
Guanyu Zhou,854,1069,2022,5,17,0,16
Mick Schumacher,853,1069,2022,12,15,0,15
Lance Stroll,839,1069,2022,3,19,0,10
Alexander Albon,847,1069,2022,3,18,0,13
Daniel Ricciardo,816,1069,2022,17,12,0,9
Lando Norris,845,1069,2022,64,7,0,7
Sergio Pérez,814,1069,2022,151,3,1,4
Max Verstappen,829,1069,2022,208,1,6,1
Pierre Gasly,841,1069,2022,16,13,0,12
Sebastian Vettel,20,1069,2022,15,14,0,11
Charles Leclerc,843,1070,2022,170,2,3,6
Carlos Sainz,831,1070,2022,144,4,1,4
Lewis Hamilton,1,1070,2022,127,6,0,2
George Russell,846,1070,2022,143,5,0,3
Kevin Magnussen,824,1070,2022,22,11,0,16
Valtteri Bottas,821,1070,2022,46,9,0,20
Esteban Ocon,838,1070,2022,56,8,0,9
Yuki Tsunoda,851,1070,2022,11,16,0,19
Fernando Alonso,4,1070,2022,37,10,0,8
Guanyu Zhou,854,1070,2022,5,17,0,13
Mick Schumacher,853,1070,2022,12,15,0,14
Lance Stroll,839,1070,2022,4,18,0,11
Alexander Albon,847,1070,2022,3,19,0,17
Daniel Ricciardo,816,1070,2022,19,12,0,15
Lando Norris,845,1070,2022,70,7,0,7
Nicholas Latifi,848,1070,2022,0,20,0,18
Sergio Pérez,814,1070,2022,163,3,1,5
Max Verstappen,829,1070,2022,233,1,7,1
Pierre Gasly,841,1070,2022,16,13,0,12
Sebastian Vettel,20,1070,2022,15,14,0,10
Charles Leclerc,843,1071,2022,178,2,3,6
Carlos Sainz,831,1071,2022,156,5,1,3
George Russell,846,1071,2022,158,4,0,4
Kevin Magnussen,824,1071,2022,22,11,0,16
Esteban Ocon,838,1071,2022,58,8,0,7
Yuki Tsunoda,851,1071,2022,11,16,0,13
Fernando Alonso,4,1071,2022,41,10,0,5
Guanyu Zhou,854,1071,2022,5,17,0,14
Mick Schumacher,853,1071,2022,12,15,0,17
Lance Stroll,839,1071,2022,4,18,0,11
Alexander Albon,847,1071,2022,3,19,0,10
Daniel Ricciardo,816,1071,2022,19,12,0,15
Lando Norris,845,1071,2022,76,7,0,12
Nicholas Latifi,848,1071,2022,0,20,0,18
Sergio Pérez,814,1071,2022,173,3,1,2
Max Verstappen,829,1071,2022,258,1,8,1
Pierre Gasly,841,1071,2022,16,13,0,9
Sebastian Vettel,20,1071,2022,16,14,0,8
Charles Leclerc,843,1072,2022,186,3,3,3
Carlos Sainz,831,1072,2022,171,4,1,8
Lewis Hamilton,1,1072,2022,146,6,0,4
George Russell,846,1072,2022,170,5,0,2
Kevin Magnussen,824,1072,2022,22,11,0,15
Esteban Ocon,838,1072,2022,64,8,0,9
Fernando Alonso,4,1072,2022,51,9,0,6
Guanyu Zhou,854,1072,2022,5,17,0,16
Mick Schumacher,853,1072,2022,12,15,0,13
Lance Stroll,839,1072,2022,4,19,0,10
Alexander Albon,847,1072,2022,4,18,0,12
Daniel Ricciardo,816,1072,2022,19,13,0,17
Lando Norris,845,1072,2022,76,7,0,7
Nicholas Latifi,848,1072,2022,0,20,0,18
Sergio Pérez,814,1072,2022,191,2,1,5
Max Verstappen,829,1072,2022,284,1,9,1
Pierre Gasly,841,1072,2022,18,14,0,11
Sebastian Vettel,20,1072,2022,20,12,0,14
Charles Leclerc,843,1073,2022,201,2,3,2
Carlos Sainz,831,1073,2022,175,5,1,4
Lewis Hamilton,1,1073,2022,158,6,0,5
George Russell,846,1073,2022,188,4,0,3
Kevin Magnussen,824,1073,2022,22,11,0,16
Valtteri Bottas,821,1073,2022,46,10,0,13
Esteban Ocon,838,1073,2022,66,8,0,11
Yuki Tsunoda,851,1073,2022,11,16,0,14
Guanyu Zhou,854,1073,2022,5,17,0,10
Mick Schumacher,853,1073,2022,12,15,0,12
Lando Norris,845,1073,2022,82,7,0,7
Nicholas Latifi,848,1073,2022,0,20,0,15
Sergio Pérez,814,1073,2022,201,3,1,6
Max Verstappen,829,1073,2022,310,1,10,1
Pierre Gasly,841,1073,2022,18,14,0,8
Charles Leclerc,843,1074,2022,219,2,3,2
Carlos Sainz,831,1074,2022,187,5,1,3
Lewis Hamilton,1,1074,2022,168,6,0,9
George Russell,846,1074,2022,203,4,0,14
Kevin Magnussen,824,1074,2022,22,12,0,12
Valtteri Bottas,821,1074,2022,46,10,0,11
Mick Schumacher,853,1074,2022,12,15,0,13
Lance Stroll,839,1074,2022,5,18,0,6
Daniel Ricciardo,816,1074,2022,19,14,0,5
Lando Norris,845,1074,2022,88,7,0,4
Sergio Pérez,814,1074,2022,210,3,1,1
Max Verstappen,829,1074,2022,335,1,11,7
Pierre Gasly,841,1074,2022,22,11,0,10
Sebastian Vettel,20,1074,2022,20,13,0,8
Charles Leclerc,843,1075,2022,237,2,3,3
Lewis Hamilton,1,1075,2022,170,6,0,5
George Russell,846,1075,2022,203,4,0,8
Kevin Magnussen,824,1075,2022,22,14,0,14
Valtteri Bottas,821,1075,2022,46,10,0,15
Esteban Ocon,838,1075,2022,66,8,0,4
Yuki Tsunoda,851,1075,2022,11,17,0,13
Fernando Alonso,4,1075,2022,59,9,0,7
Guanyu Zhou,854,1075,2022,6,18,0,16
Mick Schumacher,853,1075,2022,12,16,0,17
Lance Stroll,839,1075,2022,13,15,0,12
Daniel Ricciardo,816,1075,2022,29,11,0,11
Lando Norris,845,1075,2022,100,7,0,10
Nicholas Latifi,848,1075,2022,0,21,0,9
Sergio Pérez,814,1075,2022,235,3,2,2
Max Verstappen,829,1075,2022,341,1,11,1
Pierre Gasly,841,1075,2022,23,13,0,18
Sebastian Vettel,20,1075,2022,24,12,0,6
Sebastian Vettel,20,1076,2022,32,11,0,8
Pierre Gasly,841,1076,2022,23,13,0,14
Max Verstappen,829,1076,2022,366,1,12,1
Sergio Pérez,814,1076,2022,253,2,2,4
Nicholas Latifi,848,1076,2022,2,20,0,17
Lando Norris,845,1076,2022,101,7,0,6
Daniel Ricciardo,816,1076,2022,29,12,0,16
Alexander Albon,847,1076,2022,4,19,0,13
Lewis Hamilton,1,1076,2022,180,6,0,2
George Russell,846,1076,2022,207,4,0,5
Kevin Magnussen,824,1076,2022,22,14,0,9
Esteban Ocon,838,1076,2022,78,8,0,11
Yuki Tsunoda,851,1076,2022,11,17,0,10
Fernando Alonso,4,1076,2022,65,9,0,7
Guanyu Zhou,854,1076,2022,6,18,0,12
Mick Schumacher,853,1076,2022,12,16,0,15
Charles Leclerc,843,1076,2022,252,3,3,3
Sebastian Vettel,20,1077,2022,36,11,0,14
Max Verstappen,829,1077,2022,391,1,13,1
Sergio Pérez,814,1077,2022,265,3,2,3
Nicholas Latifi,848,1077,2022,2,20,0,18
Daniel Ricciardo,816,1077,2022,29,12,0,7
Alexander Albon,847,1077,2022,4,19,0,12
Mick Schumacher,853,1077,2022,12,16,0,16
Guanyu Zhou,854,1077,2022,6,18,0,13
Fernando Alonso,4,1077,2022,71,9,0,19
Esteban Ocon,838,1077,2022,78,8,0,8
Valtteri Bottas,821,1077,2022,46,10,0,10
George Russell,846,1077,2022,218,4,0,4
Carlos Sainz,831,1077,2022,202,5,1,5
Lance Stroll,839,1077,2022,13,15,0,15
Pierre Gasly,841,1077,2022,23,14,0,11
Lewis Hamilton,1,1077,2022,198,6,0,2
Kevin Magnussen,824,1077,2022,24,13,0,17
Lando Norris,845,1077,2022,109,7,0,9
Charles Leclerc,843,1077,2022,267,2,3,6
Charles Leclerc,843,1079,2022,290,2,3,2
Sebastian Vettel,20,1078,2022,36,11,0,11
Pierre Gasly,841,1078,2022,23,14,0,14
Max Verstappen,829,1078,2022,416,1,14,6
Sergio Pérez,814,1078,2022,280,2,2,7
Nicholas Latifi,848,1078,2022,2,20,0,16
Alexander Albon,847,1078,2022,4,19,0,15
Carlos Sainz,831,1078,2022,212,6,1,3
Lewis Hamilton,1,1078,2022,216,5,0,2
George Russell,846,1078,2022,231,4,0,1
Valtteri Bottas,821,1078,2022,47,10,0,9
Esteban Ocon,838,1078,2022,82,8,0,8
Yuki Tsunoda,851,1078,2022,12,17,0,17
Fernando Alonso,4,1078,2022,71,9,0,5
Guanyu Zhou,854,1078,2022,6,18,0,12
Mick Schumacher,853,1078,2022,12,16,0,13
Lance Stroll,839,1078,2022,13,15,0,10
Charles Leclerc,843,1078,2022,275,3,3,4
Carlos Sainz,831,1079,2022,234,6,1,4
Lewis Hamilton,1,1079,2022,240,5,0,18
George Russell,846,1079,2022,265,4,1,5
Kevin Magnussen,824,1079,2022,25,13,0,17
Valtteri Bottas,821,1079,2022,49,10,0,15
Esteban Ocon,838,1079,2022,86,8,0,7
Yuki Tsunoda,851,1079,2022,12,17,0,11
Guanyu Zhou,854,1079,2022,6,18,0,12
Mick Schumacher,853,1079,2022,12,16,0,16
Lance Stroll,839,1079,2022,14,15,0,8
Alexander Albon,847,1079,2022,4,19,0,13
Daniel Ricciardo,816,1079,2022,35,12,0,9
Lando Norris,845,1079,2022,113,7,0,6
Nicholas Latifi,848,1079,2022,2,20,0,19
Sergio Pérez,814,1079,2022,290,3,2,3
Max Verstappen,829,1079,2022,429,1,14,1
Pierre Gasly,841,1079,2022,23,14,0,14
Sebastian Vettel,20,1079,2022,36,11,0,10
Oscar Piastri,856,1081,2023,0,20,0,15
Charles Leclerc,843,1081,2023,0,19,0,7
Esteban Ocon,838,1081,2023,0,18,0,8
Lando Norris,845,1081,2023,0,17,0,17
Guanyu Zhou,854,1081,2023,0,16,0,13
Nico Hülkenberg,807,1081,2023,0,15,0,12
Nyck de Vries,855,1081,2023,0,14,0,14
Kevin Magnussen,824,1081,2023,0,13,0,10
Logan Sargeant,857,1081,2023,0,12,0,16
Yuki Tsunoda,851,1081,2023,0,11,0,11
Pierre Gasly,841,1081,2023,2,9,0,9
Valtteri Bottas,821,1081,2023,4,8,0,18
George Russell,846,1081,2023,6,7,0,4
Lewis Hamilton,1,1081,2023,10,5,0,5
Carlos Sainz,831,1081,2023,12,4,0,6
Fernando Alonso,4,1081,2023,15,3,0,3
Sergio Pérez,814,1081,2023,18,2,0,1
Max Verstappen,829,1081,2023,25,1,1,2
Esteban Ocon,838,1082,2023,4,10,0,14
Guanyu Zhou,854,1082,2023,0,17,0,9
Nico Hülkenberg,807,1082,2023,0,15,0,7
Nyck de Vries,855,1082,2023,0,18,0,15
Logan Sargeant,857,1082,2023,0,16,0,16
Yuki Tsunoda,851,1082,2023,0,14,0,10
Pierre Gasly,841,1082,2023,4,11,0,13
Valtteri Bottas,821,1082,2023,4,9,0,11
Lance Stroll,839,1082,2023,8,7,0,4
Carlos Sainz,831,1082,2023,20,4,0,12
Sergio Pérez,814,1082,2023,43,2,1,5
Lando Norris,845,1082,2023,0,20,0,6
Oscar Piastri,856,1082,2023,0,19,0,8
Fernando Alonso,4,1082,2023,30,3,0,3
Lewis Hamilton,1,1082,2023,20,5,0,2
Kevin Magnussen,824,1082,2023,1,12,0,17
Max Verstappen,829,1082,2023,44,1,1,1
Max Verstappen,829,1083,2023,69,1,2,2
Sergio Pérez,814,1083,2023,54,2,1,1
Fernando Alonso,4,1083,2023,45,3,0,4
Carlos Sainz,831,1083,2023,20,5,0,5
Lewis Hamilton,1,1083,2023,38,4,0,6
Lance Stroll,839,1083,2023,20,6,0,7
George Russell,846,1083,2023,18,7,0,8
Valtteri Bottas,821,1083,2023,4,11,0,18
Pierre Gasly,841,1083,2023,4,14,0,14
Alexander Albon,847,1083,2023,1,18,0,12
Yuki Tsunoda,851,1083,2023,1,16,0,10
Logan Sargeant,857,1083,2023,0,19,0,16
Kevin Magnussen,824,1083,2023,1,17,0,13
Nico Hülkenberg,807,1083,2023,6,9,0,17
Lando Norris,845,1083,2023,8,8,0,9
Esteban Ocon,838,1083,2023,4,12,0,15
Charles Leclerc,843,1083,2023,6,10,0,3
Oscar Piastri,856,1083,2023,4,13,0,11
Max Verstappen,829,1084,2023,93,1,2,1
Sergio Pérez,814,1084,2023,87,2,2,2
Fernando Alonso,4,1084,2023,60,3,0,3
Carlos Sainz,831,1084,2023,34,5,0,5
Lewis Hamilton,1,1084,2023,48,4,0,6
Lance Stroll,839,1084,2023,27,8,0,12
George Russell,846,1084,2023,28,7,0,4
Valtteri Bottas,821,1084,2023,4,12,0,13
Pierre Gasly,841,1084,2023,4,14,0,8
Alexander Albon,847,1084,2023,1,17,0,14
Yuki Tsunoda,851,1084,2023,2,16,0,11
Logan Sargeant,857,1084,2023,0,19,0,20
Kevin Magnussen,824,1084,2023,1,18,0,10
Nyck de Vries,855,1084,2023,0,20,0,18
Nico Hülkenberg,807,1084,2023,6,10,0,15
Guanyu Zhou,854,1084,2023,2,15,0,16
Lando Norris,845,1084,2023,10,9,0,17
Esteban Ocon,838,1084,2023,4,13,0,9
Charles Leclerc,843,1084,2023,28,6,0,7
Oscar Piastri,856,1084,2023,4,11,0,19
Max Verstappen,829,1085,2023,119,1,3,1
Sergio Pérez,814,1085,2023,105,2,2,16
Fernando Alonso,4,1085,2023,75,3,0,2
Carlos Sainz,831,1085,2023,44,5,0,8
Lewis Hamilton,1,1085,2023,56,4,0,4
George Russell,846,1085,2023,40,6,0,5
Valtteri Bottas,821,1085,2023,4,13,0,11
Pierre Gasly,841,1085,2023,8,10,0,7
Alexander Albon,847,1085,2023,1,18,0,14
Yuki Tsunoda,851,1085,2023,2,16,0,15
Logan Sargeant,857,1085,2023,0,19,0,18
Nyck de Vries,855,1085,2023,0,20,0,12
Nico Hülkenberg,807,1085,2023,6,11,0,17
Guanyu Zhou,854,1085,2023,2,15,0,13
Lando Norris,845,1085,2023,10,9,0,9
Esteban Ocon,838,1085,2023,6,12,0,3
Charles Leclerc,843,1085,2023,34,7,0,6
Oscar Piastri,856,1085,2023,4,14,0,10
Max Verstappen,829,1086,2023,144,1,4,1
Sergio Pérez,814,1086,2023,105,2,2,4
Fernando Alonso,4,1086,2023,93,3,0,7
Carlos Sainz,831,1086,2023,48,6,0,5
Lewis Hamilton,1,1086,2023,69,4,0,2
Lance Stroll,839,1086,2023,27,8,0,6
George Russell,846,1086,2023,50,5,0,3
Valtteri Bottas,821,1086,2023,4,14,0,19
Pierre Gasly,841,1086,2023,14,10,0,10
Alexander Albon,847,1086,2023,1,18,0,16
Yuki Tsunoda,851,1086,2023,2,16,0,12
Logan Sargeant,857,1086,2023,0,20,0,20
Kevin Magnussen,824,1086,2023,2,17,0,18
Nyck de Vries,855,1086,2023,0,19,0,14
Nico Hülkenberg,807,1086,2023,6,12,0,15
Guanyu Zhou,854,1086,2023,2,15,0,9
Lando Norris,845,1086,2023,12,11,0,17
Esteban Ocon,838,1086,2023,21,9,0,8
Charles Leclerc,843,1086,2023,42,7,0,11
Oscar Piastri,856,1086,2023,5,13,0,13
Max Verstappen,829,1087,2023,170,1,5,1
Sergio Pérez,814,1087,2023,117,2,2,6
Fernando Alonso,4,1087,2023,99,3,0,2
Carlos Sainz,831,1087,2023,58,6,0,5
Lewis Hamilton,1,1087,2023,87,4,0,3
Lance Stroll,839,1087,2023,35,8,0,9
Valtteri Bottas,821,1087,2023,4,14,0,10
Pierre Gasly,841,1087,2023,15,10,0,12
Alexander Albon,847,1087,2023,1,18,0,7
Yuki Tsunoda,851,1087,2023,2,16,0,14
Kevin Magnussen,824,1087,2023,2,17,0,17
Nyck de Vries,855,1087,2023,0,19,0,18
Nico Hülkenberg,807,1087,2023,6,12,0,15
Guanyu Zhou,854,1087,2023,4,15,0,16
Lando Norris,845,1087,2023,12,11,0,13
Esteban Ocon,838,1087,2023,25,9,0,8
Charles Leclerc,843,1087,2023,42,7,0,4
Oscar Piastri,856,1087,2023,5,13,0,11
Esteban Ocon,838,1088,2023,29,9,0,14
Lando Norris,845,1088,2023,12,11,0,4
Guanyu Zhou,854,1088,2023,4,16,0,12
Nyck de Vries,855,1088,2023,0,19,0,17
Kevin Magnussen,824,1088,2023,2,18,0,18
Logan Sargeant,857,1088,2023,0,20,0,13
Yuki Tsunoda,851,1088,2023,2,17,0,19
Alexander Albon,847,1088,2023,7,12,0,11
Pierre Gasly,841,1088,2023,15,10,0,10
Valtteri Bottas,821,1088,2023,5,15,0,15
George Russell,846,1088,2023,65,6,0,7
Lance Stroll,839,1088,2023,37,8,0,9
Lewis Hamilton,1,1088,2023,102,4,0,8
Carlos Sainz,831,1088,2023,68,5,0,6
Fernando Alonso,4,1088,2023,117,3,0,5
Sergio Pérez,814,1088,2023,126,2,2,3
Max Verstappen,829,1088,2023,195,1,6,1
Charles Leclerc,843,1088,2023,54,7,0,2
Oscar Piastri,856,1088,2023,5,14,0,16
Oscar Piastri,856,1089,2023,5,14,0,4
Charles Leclerc,843,1089,2023,72,6,0,9
Lando Norris,845,1089,2023,24,10,0,2
Guanyu Zhou,854,1089,2023,4,16,0,15
Nico Hülkenberg,807,1089,2023,9,12,0,13
Nyck de Vries,855,1089,2023,0,20,0,17
Yuki Tsunoda,851,1089,2023,2,17,0,16
Pierre Gasly,841,1089,2023,16,11,0,18
George Russell,846,1089,2023,72,7,0,5
Lance Stroll,839,1089,2023,44,8,0,14
Carlos Sainz,831,1089,2023,82,5,0,10
Sergio Pérez,814,1089,2023,148,2,2,6
Fernando Alonso,4,1089,2023,131,3,0,7
Lewis Hamilton,1,1089,2023,106,4,0,3
Alexander Albon,847,1089,2023,7,13,0,8
Max Verstappen,829,1089,2023,229,1,7,1
Valtteri Bottas,821,1089,2023,5,15,0,12
Logan Sargeant,857,1089,2023,0,19,0,11
Max Verstappen,829,1090,2023,255,1,8,1
Sergio Pérez,814,1090,2023,156,2,2,3
Fernando Alonso,4,1090,2023,137,3,0,9
Carlos Sainz,831,1090,2023,83,5,0,8
Lewis Hamilton,1,1090,2023,121,4,0,4
Lance Stroll,839,1090,2023,44,8,0,10
George Russell,846,1090,2023,82,6,0,6
Valtteri Bottas,821,1090,2023,5,15,0,12
Alexander Albon,847,1090,2023,11,13,0,11
Yuki Tsunoda,851,1090,2023,2,17,0,15
Kevin Magnussen,824,1090,2023,2,18,0,17
Nico Hülkenberg,807,1090,2023,9,14,0,14
Guanyu Zhou,854,1090,2023,4,16,0,16
Lando Norris,845,1090,2023,42,9,0,2
Charles Leclerc,843,1090,2023,74,7,0,7
Oscar Piastri,856,1090,2023,17,11,0,5
Max Verstappen,829,1091,2023,281,1,9,1
Sergio Pérez,814,1091,2023,171,2,2,2
Fernando Alonso,4,1091,2023,139,3,0,5
Lewis Hamilton,1,1091,2023,133,4,0,4
Lance Stroll,839,1091,2023,45,9,0,9
George Russell,846,1091,2023,90,5,0,6
Valtteri Bottas,821,1091,2023,5,15,0,12
Pierre Gasly,841,1091,2023,16,12,0,11
Alexander Albon,847,1091,2023,11,13,0,14
Yuki Tsunoda,851,1091,2023,2,17,0,10
Logan Sargeant,857,1091,2023,0,19,0,17
Kevin Magnussen,824,1091,2023,2,18,0,15
Nico Hülkenberg,807,1091,2023,9,14,0,18
Guanyu Zhou,854,1091,2023,4,16,0,13
Lando Norris,845,1091,2023,60,8,0,7
Esteban Ocon,838,1091,2023,31,10,0,8
Charles Leclerc,843,1091,2023,80,7,0,3
Daniel Ricciardo,816,1091,2023,0,21,0,16
Max Verstappen,829,1092,2023,314,1,10,1
Sergio Pérez,814,1092,2023,189,2,2,4
Fernando Alonso,4,1092,2023,149,3,0,2
Carlos Sainz,831,1092,2023,92,7,0,5
Lewis Hamilton,1,1092,2023,148,4,0,6
Lance Stroll,839,1092,2023,47,9,0,11
George Russell,846,1092,2023,99,6,0,17
Valtteri Bottas,821,1092,2023,5,15,0,14
Pierre Gasly,841,1092,2023,22,12,0,3
Alexander Albon,847,1092,2023,11,13,0,8
Yuki Tsunoda,851,1092,2023,3,17,0,15
Kevin Magnussen,824,1092,2023,2,18,0,16
Nico Hülkenberg,807,1092,2023,9,14,0,12
Lando Norris,845,1092,2023,69,8,0,7
Esteban Ocon,838,1092,2023,35,10,0,10
Oscar Piastri,856,1092,2023,34,11,0,9
Max Verstappen,829,1093,2023,339,1,11,1
Sergio Pérez,814,1093,2023,201,2,2,2
Fernando Alonso,4,1093,2023,168,3,0,9
Carlos Sainz,831,1093,2023,102,5,0,3
Lewis Hamilton,1,1093,2023,156,4,0,6
Lance Stroll,839,1093,2023,47,9,0,16
George Russell,846,1093,2023,99,7,0,5
Valtteri Bottas,821,1093,2023,5,15,0,10
Pierre Gasly,841,1093,2023,37,10,0,15
Alexander Albon,847,1093,2023,15,13,0,7
Logan Sargeant,857,1093,2023,0,19,0,13
Kevin Magnussen,824,1093,2023,2,18,0,18
Nico Hülkenberg,807,1093,2023,9,14,0,17
Guanyu Zhou,854,1093,2023,4,16,0,14
Lando Norris,845,1093,2023,75,8,0,8
Charles Leclerc,843,1093,2023,99,6,0,4
Oscar Piastri,856,1093,2023,36,12,0,12
Liam Lawson,858,1093,2023,0,22,0,11
Charles Leclerc,843,1094,2023,111,6,0,4
Lando Norris,845,1094,2023,79,8,0,2
Guanyu Zhou,854,1094,2023,4,16,0,12
Nico Hülkenberg,807,1094,2023,9,14,0,13
Kevin Magnussen,824,1094,2023,2,18,0,10
Logan Sargeant,857,1094,2023,0,19,0,14
Alexander Albon,847,1094,2023,21,13,0,11
Pierre Gasly,841,1094,2023,37,10,0,6
George Russell,846,1094,2023,109,7,0,16
Lewis Hamilton,1,1094,2023,164,4,0,3
Carlos Sainz,831,1094,2023,117,5,0,1
Fernando Alonso,4,1094,2023,170,3,0,15
Sergio Pérez,814,1094,2023,219,2,2,8
Max Verstappen,829,1094,2023,364,1,12,5
Oscar Piastri,856,1094,2023,36,12,0,7
Liam Lawson,858,1094,2023,0,20,0,9
Charles Leclerc,843,1095,2023,123,6,0,4
Esteban Ocon,838,1095,2023,36,12,0,9
Lando Norris,845,1095,2023,97,8,0,2
Guanyu Zhou,854,1095,2023,4,16,0,13
Nico Hülkenberg,807,1095,2023,9,14,0,14
Kevin Magnussen,824,1095,2023,3,18,0,15
Yuki Tsunoda,851,1095,2023,3,17,0,12
Pierre Gasly,841,1095,2023,45,10,0,10
George Russell,846,1095,2023,109,7,0,7
Lewis Hamilton,1,1095,2023,180,3,0,5
Carlos Sainz,831,1095,2023,142,5,1,6
Fernando Alonso,4,1095,2023,170,4,0,8
Max Verstappen,829,1095,2023,374,1,12,1
Oscar Piastri,856,1095,2023,42,11,0,3
Liam Lawson,858,1095,2023,2,19,0,11
Max Verstappen,829,1096,2023,400,1,13,1
Sergio Pérez,814,1096,2023,223,2,2,10
Fernando Alonso,4,1096,2023,174,4,0,6
Lance Stroll,839,1096,2023,47,10,0,11
George Russell,846,1096,2023,115,8,0,4
Valtteri Bottas,821,1096,2023,6,15,0,8
Pierre Gasly,841,1096,2023,46,11,0,12
Alexander Albon,847,1096,2023,21,13,0,13
Yuki Tsunoda,851,1096,2023,3,17,0,15
Kevin Magnussen,824,1096,2023,3,18,0,14
Nico Hülkenberg,807,1096,2023,9,14,0,16
Guanyu Zhou,854,1096,2023,4,16,0,9
Lando Norris,845,1096,2023,115,7,0,3
Esteban Ocon,838,1096,2023,38,12,0,7
Charles Leclerc,843,1096,2023,135,6,0,5
Oscar Piastri,856,1096,2023,57,9,0,2
Liam Lawson,858,1096,2023,2,19,0,17
Daniel Ricciardo,816,1097,2023,0,22,0,15
Lando Norris,845,1097,2023,136,7,0,2
Guanyu Zhou,854,1097,2023,6,16,0,13
Nico Hülkenberg,807,1097,2023,9,15,0,11
Logan Sargeant,857,1097,2023,0,20,0,10
Alexander Albon,847,1097,2023,23,13,0,9
Pierre Gasly,841,1097,2023,46,11,0,6
George Russell,846,1097,2023,132,8,0,5
Sergio Pérez,814,1097,2023,224,2,2,4
Lance Stroll,839,1097,2023,47,10,0,7
Carlos Sainz,831,1097,2023,153,5,1,3
Valtteri Bottas,821,1097,2023,10,14,0,12
Kevin Magnussen,824,1097,2023,3,18,0,14
Yuki Tsunoda,851,1097,2023,3,17,0,8
Max Verstappen,829,1097,2023,433,1,14,1
Daniel Ricciardo,816,1098,2023,0,22,0,7
Oscar Piastri,856,1098,2023,83,9,0,8
Charles Leclerc,843,1098,2023,151,7,0,3
Esteban Ocon,838,1098,2023,44,12,0,10
Lando Norris,845,1098,2023,159,6,0,5
Guanyu Zhou,854,1098,2023,6,17,0,14
Logan Sargeant,857,1098,2023,1,20,0,16
Pierre Gasly,841,1098,2023,56,10,0,11
George Russell,846,1098,2023,143,8,0,6
Lewis Hamilton,1,1098,2023,201,3,0,2
Alexander Albon,847,1098,2023,25,13,0,9
Lance Stroll,839,1098,2023,53,11,0,17
Carlos Sainz,831,1098,2023,171,5,1,4
Valtteri Bottas,821,1098,2023,10,14,0,15
Yuki Tsunoda,851,1098,2023,8,16,0,12
Max Verstappen,829,1098,2023,466,1,15,1
Nico Hülkenberg,807,1098,2023,9,15,0,13
Max Verstappen,829,1099,2023,491,1,16,1
Sergio Pérez,814,1099,2023,240,2,2,4
Fernando Alonso,4,1099,2023,183,5,0,3
Carlos Sainz,831,1099,2023,183,4,1,6
Lewis Hamilton,1,1099,2023,220,3,0,8
Lance Stroll,839,1099,2023,53,11,0,5
Pierre Gasly,841,1099,2023,56,10,0,7
Yuki Tsunoda,851,1099,2023,8,16,0,9
Logan Sargeant,857,1099,2023,1,21,0,11
Nico Hülkenberg,807,1099,2023,9,15,0,12
Lando Norris,845,1099,2023,169,6,0,2
Esteban Ocon,838,1099,2023,45,12,0,10
Oscar Piastri,856,1099,2023,87,9,0,14
Daniel Ricciardo,816,1099,2023,6,17,0,13
Max Verstappen,829,1100,2023,524,1,17,1
Sergio Pérez,814,1100,2023,258,2,2,3
Fernando Alonso,4,1100,2023,198,4,0,9
Carlos Sainz,831,1100,2023,192,6,1,6
Lewis Hamilton,1,1100,2023,226,3,0,7
Lance Stroll,839,1100,2023,63,10,0,5
George Russell,846,1100,2023,156,8,0,8
Valtteri Bottas,821,1100,2023,10,15,0,17
Pierre Gasly,841,1100,2023,62,11,0,11
Alexander Albon,847,1100,2023,27,13,0,12
Yuki Tsunoda,851,1100,2023,13,14,0,18
Logan Sargeant,857,1100,2023,1,21,0,16
Kevin Magnussen,824,1100,2023,3,19,0,13
Nico Hülkenberg,807,1100,2023,9,16,0,19
Guanyu Zhou,854,1100,2023,6,18,0,15
Esteban Ocon,838,1100,2023,46,12,0,4
Charles Leclerc,843,1100,2023,170,7,0,2
Oscar Piastri,856,1100,2023,87,9,0,10
Daniel Ricciardo,816,1100,2023,6,17,0,14
Daniel Ricciardo,816,1101,2023,6,17,0,11
Oscar Piastri,856,1101,2023,89,9,0,6
Charles Leclerc,843,1101,2023,188,7,0,2
Esteban Ocon,838,1101,2023,58,12,0,12
Lando Norris,845,1101,2023,195,6,0,5
Guanyu Zhou,854,1101,2023,6,18,0,17
Nico Hülkenberg,807,1101,2023,9,16,0,15
Kevin Magnussen,824,1101,2023,3,19,0,20
Logan Sargeant,857,1101,2023,1,21,0,16
Yuki Tsunoda,851,1101,2023,13,14,0,8
Alexander Albon,847,1101,2023,27,13,0,14
Pierre Gasly,841,1101,2023,62,11,0,13
Valtteri Bottas,821,1101,2023,10,15,0,19
George Russell,846,1101,2023,160,8,0,3
Lance Stroll,839,1101,2023,73,10,0,10
Lewis Hamilton,1,1101,2023,232,3,0,9
Carlos Sainz,831,1101,2023,200,4,1,18
Fernando Alonso,4,1101,2023,200,5,0,7
Sergio Pérez,814,1101,2023,273,2,2,4
Max Verstappen,829,1101,2023,549,1,18,1
Esteban Ocon,838,1103,2024,0,17,0,13
Nico Hülkenberg,807,1103,2024,0,16,0,10
Alexander Albon,847,1103,2024,0,15,0,11
Yuki Tsunoda,851,1103,2024,0,14,0,15
Daniel Ricciardo,816,1103,2024,0,13,0,16
Kevin Magnussen,824,1103,2024,0,12,0,12
Guanyu Zhou,854,1103,2024,0,11,0,18
Fernando Alonso,4,1103,2024,2,9,0,5
Oscar Piastri,856,1103,2024,4,8,0,4
Lewis Hamilton,1,1103,2024,6,7,0,9
Lando Norris,845,1103,2024,8,6,0,8
George Russell,846,1103,2024,10,5,0,6
Charles Leclerc,843,1103,2024,12,4,0,3
Sergio Pérez,814,1103,2024,18,2,0,2
Max Verstappen,829,1103,2024,26,1,1,1
Valtteri Bottas,821,1103,2024,0,19,0,17
Logan Sargeant,857,1103,2024,0,20,0,14
Sergio Pérez,814,1104,2024,36,2,0,5
Carlos Sainz,831,1104,2024,15,6,0,1
Charles Leclerc,843,1104,2024,28,3,0,2
George Russell,846,1104,2024,18,4,0,17
Lando Norris,845,1104,2024,12,8,0,3
Oscar Piastri,856,1104,2024,16,5,0,4
Fernando Alonso,4,1104,2024,12,7,0,8
Lance Stroll,839,1104,2024,1,12,0,6
Guanyu Zhou,854,1104,2024,0,14,0,15
Kevin Magnussen,824,1104,2024,0,15,0,10
Daniel Ricciardo,816,1104,2024,0,16,0,12
Yuki Tsunoda,851,1104,2024,0,18,0,7
Alexander Albon,847,1104,2024,0,13,0,11
Nico Hülkenberg,807,1104,2024,1,11,0,9
Esteban Ocon,838,1104,2024,0,17,0,16
Pierre Gasly,841,1104,2024,0,21,0,13
Valtteri Bottas,821,1104,2024,0,20,0,14
