Name,Driver id,Race id,Year,Circuit,Circuit id,Constructor id,Starting position,Finishing position
Lewis Hamilton,1,18,2008,Albert Park Grand Prix Circuit,1,1,1,1
Nick Heidfeld,2,18,2008,Albert Park Grand Prix Circuit,1,2,5,2
Nico Rosberg,3,18,2008,Albert Park Grand Prix Circuit,1,3,7,3
Fernando Alonso,4,18,2008,Albert Park Grand Prix Circuit,1,4,11,4
Heikki Kovalainen,5,18,2008,Albert Park Grand Prix Circuit,1,1,3,5
Kazuki Nakajima,6,18,2008,Albert Park Grand Prix Circuit,1,3,13,6
Sébastien Bourdais,7,18,2008,Albert Park Grand Prix Circuit,1,5,17,7
Kimi Räikkönen,8,18,2008,Albert Park Grand Prix Circuit,1,6,15,8
Kimi Räikkönen,8,19,2008,Sepang International Circuit,2,6,2,1
Robert Kubica,9,19,2008,Sepang International Circuit,2,2,4,2
Heikki Kovalainen,5,19,2008,Sepang International Circuit,2,1,8,3
Jarno Trulli,15,19,2008,Sepang International Circuit,2,7,3,4
Lewis Hamilton,1,19,2008,Sepang International Circuit,2,1,9,5
Nick Heidfeld,2,19,2008,Sepang International Circuit,2,2,5,6
Mark Webber,17,19,2008,Sepang International Circuit,2,9,6,7
Fernando Alonso,4,19,2008,Sepang International Circuit,2,4,7,8
David Coulthard,14,19,2008,Sepang International Circuit,2,9,12,9
Jenson Button,18,19,2008,Sepang International Circuit,2,11,11,10
Nelson Piquet Jr.,12,19,2008,Sepang International Circuit,2,4,13,11
Giancarlo Fisichella,21,19,2008,Sepang International Circuit,2,10,17,12
Rubens Barrichello,22,19,2008,Sepang International Circuit,2,11,14,13
Nico Rosberg,3,19,2008,Sepang International Circuit,2,3,16,14
Anthony Davidson,19,19,2008,Sepang International Circuit,2,8,21,15
Takuma Sato,11,19,2008,Sepang International Circuit,2,8,19,16
Kazuki Nakajima,6,19,2008,Sepang International Circuit,2,3,22,17
Felipe Massa,13,20,2008,Bahrain International Circuit,3,6,2,1
Kimi Räikkönen,8,20,2008,Bahrain International Circuit,3,6,4,2
Robert Kubica,9,20,2008,Bahrain International Circuit,3,2,1,3
Nick Heidfeld,2,20,2008,Bahrain International Circuit,3,2,6,4
Heikki Kovalainen,5,20,2008,Bahrain International Circuit,3,1,5,5
Jarno Trulli,15,20,2008,Bahrain International Circuit,3,7,7,6
Mark Webber,17,20,2008,Bahrain International Circuit,3,9,11,7
Nico Rosberg,3,20,2008,Bahrain International Circuit,3,3,8,8
Timo Glock,10,20,2008,Bahrain International Circuit,3,7,13,9
Fernando Alonso,4,20,2008,Bahrain International Circuit,3,4,10,10
Rubens Barrichello,22,20,2008,Bahrain International Circuit,3,11,12,11
Giancarlo Fisichella,21,20,2008,Bahrain International Circuit,3,10,18,12
Lewis Hamilton,1,20,2008,Bahrain International Circuit,3,1,3,13
Kazuki Nakajima,6,20,2008,Bahrain International Circuit,3,3,16,14
Sébastien Bourdais,7,20,2008,Bahrain International Circuit,3,5,15,15
Anthony Davidson,19,20,2008,Bahrain International Circuit,3,8,21,16
Takuma Sato,11,20,2008,Bahrain International Circuit,3,8,22,17
David Coulthard,14,20,2008,Bahrain International Circuit,3,9,17,18
Adrian Sutil,16,20,2008,Bahrain International Circuit,3,10,20,19
Kimi Räikkönen,8,21,2008,Circuit de Barcelona-Catalunya,4,6,1,1
Felipe Massa,13,21,2008,Circuit de Barcelona-Catalunya,4,6,3,2
Lewis Hamilton,1,21,2008,Circuit de Barcelona-Catalunya,4,1,5,3
Robert Kubica,9,21,2008,Circuit de Barcelona-Catalunya,4,2,4,4
Mark Webber,17,21,2008,Circuit de Barcelona-Catalunya,4,9,7,5
Jenson Button,18,21,2008,Circuit de Barcelona-Catalunya,4,11,13,6
Kazuki Nakajima,6,21,2008,Circuit de Barcelona-Catalunya,4,3,12,7
Jarno Trulli,15,21,2008,Circuit de Barcelona-Catalunya,4,7,8,8
Nick Heidfeld,2,21,2008,Circuit de Barcelona-Catalunya,4,2,9,9
Giancarlo Fisichella,21,21,2008,Circuit de Barcelona-Catalunya,4,10,19,10
Timo Glock,10,21,2008,Circuit de Barcelona-Catalunya,4,7,14,11
David Coulthard,14,21,2008,Circuit de Barcelona-Catalunya,4,9,17,12
Takuma Sato,11,21,2008,Circuit de Barcelona-Catalunya,4,8,22,13
Felipe Massa,13,22,2008,Istanbul Park,5,6,1,1
Lewis Hamilton,1,22,2008,Istanbul Park,5,1,3,2
Kimi Räikkönen,8,22,2008,Istanbul Park,5,6,4,3
Robert Kubica,9,22,2008,Istanbul Park,5,2,5,4
Nick Heidfeld,2,22,2008,Istanbul Park,5,2,9,5
Fernando Alonso,4,22,2008,Istanbul Park,5,4,7,6
Mark Webber,17,22,2008,Istanbul Park,5,9,6,7
Nico Rosberg,3,22,2008,Istanbul Park,5,3,11,8
David Coulthard,14,22,2008,Istanbul Park,5,9,10,9
Jarno Trulli,15,22,2008,Istanbul Park,5,7,8,10
Jenson Button,18,22,2008,Istanbul Park,5,11,13,11
Heikki Kovalainen,5,22,2008,Istanbul Park,5,1,2,12
Timo Glock,10,22,2008,Istanbul Park,5,7,15,13
Rubens Barrichello,22,22,2008,Istanbul Park,5,11,12,14
Nelson Piquet Jr.,12,22,2008,Istanbul Park,5,4,17,15
Adrian Sutil,16,22,2008,Istanbul Park,5,10,19,16
Sebastian Vettel,20,22,2008,Istanbul Park,5,5,14,17
Lewis Hamilton,1,23,2008,Circuit de Monaco,6,1,3,1
Robert Kubica,9,23,2008,Circuit de Monaco,6,2,5,2
Felipe Massa,13,23,2008,Circuit de Monaco,6,6,1,3
Mark Webber,17,23,2008,Circuit de Monaco,6,9,9,4
Sebastian Vettel,20,23,2008,Circuit de Monaco,6,5,19,5
Rubens Barrichello,22,23,2008,Circuit de Monaco,6,11,14,6
Kazuki Nakajima,6,23,2008,Circuit de Monaco,6,3,13,7
Heikki Kovalainen,5,23,2008,Circuit de Monaco,6,1,4,8
Kimi Räikkönen,8,23,2008,Circuit de Monaco,6,6,2,9
Fernando Alonso,4,23,2008,Circuit de Monaco,6,4,7,10
Jenson Button,18,23,2008,Circuit de Monaco,6,11,11,11
Timo Glock,10,23,2008,Circuit de Monaco,6,7,10,12
Jarno Trulli,15,23,2008,Circuit de Monaco,6,7,8,13
Nick Heidfeld,2,23,2008,Circuit de Monaco,6,2,12,14
Robert Kubica,9,24,2008,Circuit Gilles Villeneuve,7,2,2,1
Nick Heidfeld,2,24,2008,Circuit Gilles Villeneuve,7,2,8,2
David Coulthard,14,24,2008,Circuit Gilles Villeneuve,7,9,13,3
Timo Glock,10,24,2008,Circuit Gilles Villeneuve,7,7,11,4
Felipe Massa,13,24,2008,Circuit Gilles Villeneuve,7,6,6,5
Jarno Trulli,15,24,2008,Circuit Gilles Villeneuve,7,7,14,6
Rubens Barrichello,22,24,2008,Circuit Gilles Villeneuve,7,11,9,7
Sebastian Vettel,20,24,2008,Circuit Gilles Villeneuve,7,5,19,8
Heikki Kovalainen,5,24,2008,Circuit Gilles Villeneuve,7,1,7,9
Nico Rosberg,3,24,2008,Circuit Gilles Villeneuve,7,3,5,10
Jenson Button,18,24,2008,Circuit Gilles Villeneuve,7,11,20,11
Mark Webber,17,24,2008,Circuit Gilles Villeneuve,7,9,10,12
Sébastien Bourdais,7,24,2008,Circuit Gilles Villeneuve,7,5,18,13
Felipe Massa,13,25,2008,Circuit de Nevers Magny-Cours,8,6,2,1
Kimi Räikkönen,8,25,2008,Circuit de Nevers Magny-Cours,8,6,1,2
Jarno Trulli,15,25,2008,Circuit de Nevers Magny-Cours,8,7,4,3
Heikki Kovalainen,5,25,2008,Circuit de Nevers Magny-Cours,8,1,10,4
Robert Kubica,9,25,2008,Circuit de Nevers Magny-Cours,8,2,5,5
Mark Webber,17,25,2008,Circuit de Nevers Magny-Cours,8,9,6,6
Nelson Piquet Jr.,12,25,2008,Circuit de Nevers Magny-Cours,8,4,9,7
Fernando Alonso,4,25,2008,Circuit de Nevers Magny-Cours,8,4,3,8
David Coulthard,14,25,2008,Circuit de Nevers Magny-Cours,8,9,7,9
Lewis Hamilton,1,25,2008,Circuit de Nevers Magny-Cours,8,1,13,10
Timo Glock,10,25,2008,Circuit de Nevers Magny-Cours,8,7,8,11
Sebastian Vettel,20,25,2008,Circuit de Nevers Magny-Cours,8,5,12,12
Nick Heidfeld,2,25,2008,Circuit de Nevers Magny-Cours,8,2,11,13
Rubens Barrichello,22,25,2008,Circuit de Nevers Magny-Cours,8,11,20,14
Kazuki Nakajima,6,25,2008,Circuit de Nevers Magny-Cours,8,3,15,15
Nico Rosberg,3,25,2008,Circuit de Nevers Magny-Cours,8,3,19,16
Sébastien Bourdais,7,25,2008,Circuit de Nevers Magny-Cours,8,5,14,17
Giancarlo Fisichella,21,25,2008,Circuit de Nevers Magny-Cours,8,10,17,18
Adrian Sutil,16,25,2008,Circuit de Nevers Magny-Cours,8,10,18,19
Lewis Hamilton,1,26,2008,Silverstone Circuit,9,1,4,1
Nick Heidfeld,2,26,2008,Silverstone Circuit,9,2,5,2
Rubens Barrichello,22,26,2008,Silverstone Circuit,9,11,16,3
Kimi Räikkönen,8,26,2008,Silverstone Circuit,9,6,3,4
Heikki Kovalainen,5,26,2008,Silverstone Circuit,9,1,1,5
Fernando Alonso,4,26,2008,Silverstone Circuit,9,4,6,6
Jarno Trulli,15,26,2008,Silverstone Circuit,9,7,14,7
Kazuki Nakajima,6,26,2008,Silverstone Circuit,9,3,15,8
Nico Rosberg,3,26,2008,Silverstone Circuit,9,3,20,9
Mark Webber,17,26,2008,Silverstone Circuit,9,9,2,10
Sébastien Bourdais,7,26,2008,Silverstone Circuit,9,5,13,11
Timo Glock,10,26,2008,Silverstone Circuit,9,7,12,12
Felipe Massa,13,26,2008,Silverstone Circuit,9,6,9,13
Lewis Hamilton,1,27,2008,Hockenheimring,10,1,1,1
Nelson Piquet Jr.,12,27,2008,Hockenheimring,10,4,17,2
Felipe Massa,13,27,2008,Hockenheimring,10,6,2,3
Nick Heidfeld,2,27,2008,Hockenheimring,10,2,12,4
Heikki Kovalainen,5,27,2008,Hockenheimring,10,1,3,5
Kimi Räikkönen,8,27,2008,Hockenheimring,10,6,6,6
Robert Kubica,9,27,2008,Hockenheimring,10,2,7,7
Sebastian Vettel,20,27,2008,Hockenheimring,10,5,9,8
Jarno Trulli,15,27,2008,Hockenheimring,10,7,4,9
Nico Rosberg,3,27,2008,Hockenheimring,10,3,13,10
Fernando Alonso,4,27,2008,Hockenheimring,10,4,5,11
Sébastien Bourdais,7,27,2008,Hockenheimring,10,5,15,12
David Coulthard,14,27,2008,Hockenheimring,10,9,10,13
Kazuki Nakajima,6,27,2008,Hockenheimring,10,3,16,14
Adrian Sutil,16,27,2008,Hockenheimring,10,10,19,15
Giancarlo Fisichella,21,27,2008,Hockenheimring,10,10,20,16
Jenson Button,18,27,2008,Hockenheimring,10,11,14,17
Heikki Kovalainen,5,28,2008,Hungaroring,11,1,2,1
Timo Glock,10,28,2008,Hungaroring,11,7,5,2
Kimi Räikkönen,8,28,2008,Hungaroring,11,6,6,3
Fernando Alonso,4,28,2008,Hungaroring,11,4,7,4
Lewis Hamilton,1,28,2008,Hungaroring,11,1,1,5
Nelson Piquet Jr.,12,28,2008,Hungaroring,11,4,10,6
Jarno Trulli,15,28,2008,Hungaroring,11,7,9,7
Robert Kubica,9,28,2008,Hungaroring,11,2,4,8
Mark Webber,17,28,2008,Hungaroring,11,9,8,9
Nick Heidfeld,2,28,2008,Hungaroring,11,2,15,10
David Coulthard,14,28,2008,Hungaroring,11,9,13,11
Jenson Button,18,28,2008,Hungaroring,11,11,12,12
Kazuki Nakajima,6,28,2008,Hungaroring,11,3,16,13
Nico Rosberg,3,28,2008,Hungaroring,11,3,14,14
Giancarlo Fisichella,21,28,2008,Hungaroring,11,10,18,15
Rubens Barrichello,22,28,2008,Hungaroring,11,11,17,16
Felipe Massa,13,28,2008,Hungaroring,11,6,3,17
Sébastien Bourdais,7,28,2008,Hungaroring,11,5,19,18
Felipe Massa,13,29,2008,Valencia Street Circuit,12,6,1,1
Lewis Hamilton,1,29,2008,Valencia Street Circuit,12,1,2,2
Robert Kubica,9,29,2008,Valencia Street Circuit,12,2,3,3
Heikki Kovalainen,5,29,2008,Valencia Street Circuit,12,1,5,4
Jarno Trulli,15,29,2008,Valencia Street Circuit,12,7,7,5
Sebastian Vettel,20,29,2008,Valencia Street Circuit,12,5,6,6
Timo Glock,10,29,2008,Valencia Street Circuit,12,7,13,7
Nico Rosberg,3,29,2008,Valencia Street Circuit,12,3,9,8
Nick Heidfeld,2,29,2008,Valencia Street Circuit,12,2,8,9
Sébastien Bourdais,7,29,2008,Valencia Street Circuit,12,5,10,10
Nelson Piquet Jr.,12,29,2008,Valencia Street Circuit,12,4,15,11
Mark Webber,17,29,2008,Valencia Street Circuit,12,9,14,12
Jenson Button,18,29,2008,Valencia Street Circuit,12,11,16,13
Giancarlo Fisichella,21,29,2008,Valencia Street Circuit,12,10,18,14
Kazuki Nakajima,6,29,2008,Valencia Street Circuit,12,3,11,15
Rubens Barrichello,22,29,2008,Valencia Street Circuit,12,11,19,16
David Coulthard,14,29,2008,Valencia Street Circuit,12,9,17,17
Felipe Massa,13,30,2008,Circuit de Spa-Francorchamps,13,6,2,1
Nick Heidfeld,2,30,2008,Circuit de Spa-Francorchamps,13,2,5,2
Lewis Hamilton,1,30,2008,Circuit de Spa-Francorchamps,13,1,1,3
Fernando Alonso,4,30,2008,Circuit de Spa-Francorchamps,13,4,6,4
Sebastian Vettel,20,30,2008,Circuit de Spa-Francorchamps,13,5,10,5
Robert Kubica,9,30,2008,Circuit de Spa-Francorchamps,13,2,8,6
Sébastien Bourdais,7,30,2008,Circuit de Spa-Francorchamps,13,5,9,7
Mark Webber,17,30,2008,Circuit de Spa-Francorchamps,13,9,7,8
Timo Glock,10,30,2008,Circuit de Spa-Francorchamps,13,7,13,9
Heikki Kovalainen,5,30,2008,Circuit de Spa-Francorchamps,13,1,3,10
David Coulthard,14,30,2008,Circuit de Spa-Francorchamps,13,9,14,11
Nico Rosberg,3,30,2008,Circuit de Spa-Francorchamps,13,3,15,12
Adrian Sutil,16,30,2008,Circuit de Spa-Francorchamps,13,10,18,13
Kazuki Nakajima,6,30,2008,Circuit de Spa-Francorchamps,13,3,19,14
Jenson Button,18,30,2008,Circuit de Spa-Francorchamps,13,11,17,15
Jarno Trulli,15,30,2008,Circuit de Spa-Francorchamps,13,7,11,16
Giancarlo Fisichella,21,30,2008,Circuit de Spa-Francorchamps,13,10,20,17
Kimi Räikkönen,8,30,2008,Circuit de Spa-Francorchamps,13,6,4,18
Sebastian Vettel,20,31,2008,Autodromo Nazionale di Monza,14,5,1,1
Heikki Kovalainen,5,31,2008,Autodromo Nazionale di Monza,14,1,2,2
Robert Kubica,9,31,2008,Autodromo Nazionale di Monza,14,2,11,3
Fernando Alonso,4,31,2008,Autodromo Nazionale di Monza,14,4,8,4
Nick Heidfeld,2,31,2008,Autodromo Nazionale di Monza,14,2,10,5
Felipe Massa,13,31,2008,Autodromo Nazionale di Monza,14,6,6,6
Lewis Hamilton,1,31,2008,Autodromo Nazionale di Monza,14,1,15,7
Mark Webber,17,31,2008,Autodromo Nazionale di Monza,14,9,3,8
Kimi Räikkönen,8,31,2008,Autodromo Nazionale di Monza,14,6,14,9
Nelson Piquet Jr.,12,31,2008,Autodromo Nazionale di Monza,14,4,17,10
Timo Glock,10,31,2008,Autodromo Nazionale di Monza,14,7,9,11
Kazuki Nakajima,6,31,2008,Autodromo Nazionale di Monza,14,3,18,12
Jarno Trulli,15,31,2008,Autodromo Nazionale di Monza,14,7,7,13
Nico Rosberg,3,31,2008,Autodromo Nazionale di Monza,14,3,5,14
Jenson Button,18,31,2008,Autodromo Nazionale di Monza,14,11,19,15
David Coulthard,14,31,2008,Autodromo Nazionale di Monza,14,9,13,16
Rubens Barrichello,22,31,2008,Autodromo Nazionale di Monza,14,11,16,17
Sébastien Bourdais,7,31,2008,Autodromo Nazionale di Monza,14,5,4,18
Adrian Sutil,16,31,2008,Autodromo Nazionale di Monza,14,10,20,19
Fernando Alonso,4,32,2008,Marina Bay Street Circuit,15,4,15,1
Nico Rosberg,3,32,2008,Marina Bay Street Circuit,15,3,8,2
Lewis Hamilton,1,32,2008,Marina Bay Street Circuit,15,1,2,3
Timo Glock,10,32,2008,Marina Bay Street Circuit,15,7,7,4
Sebastian Vettel,20,32,2008,Marina Bay Street Circuit,15,5,6,5
Nick Heidfeld,2,32,2008,Marina Bay Street Circuit,15,2,9,6
David Coulthard,14,32,2008,Marina Bay Street Circuit,15,9,14,7
Kazuki Nakajima,6,32,2008,Marina Bay Street Circuit,15,3,10,8
Jenson Button,18,32,2008,Marina Bay Street Circuit,15,11,12,9
Heikki Kovalainen,5,32,2008,Marina Bay Street Circuit,15,1,5,10
Robert Kubica,9,32,2008,Marina Bay Street Circuit,15,2,4,11
Sébastien Bourdais,7,32,2008,Marina Bay Street Circuit,15,5,17,12
Felipe Massa,13,32,2008,Marina Bay Street Circuit,15,6,1,13
Giancarlo Fisichella,21,32,2008,Marina Bay Street Circuit,15,10,20,14
Kimi Räikkönen,8,32,2008,Marina Bay Street Circuit,15,6,3,15
Fernando Alonso,4,33,2008,Fuji Speedway,16,4,4,1
Robert Kubica,9,33,2008,Fuji Speedway,16,2,6,2
Kimi Räikkönen,8,33,2008,Fuji Speedway,16,6,2,3
Nelson Piquet Jr.,12,33,2008,Fuji Speedway,16,4,12,4
Jarno Trulli,15,33,2008,Fuji Speedway,16,7,7,5
Sebastian Vettel,20,33,2008,Fuji Speedway,16,5,9,6
Felipe Massa,13,33,2008,Fuji Speedway,16,6,5,7
Mark Webber,17,33,2008,Fuji Speedway,16,9,13,8
Nick Heidfeld,2,33,2008,Fuji Speedway,16,2,16,9
Sébastien Bourdais,7,33,2008,Fuji Speedway,16,5,10,10
Nico Rosberg,3,33,2008,Fuji Speedway,16,3,15,11
Lewis Hamilton,1,33,2008,Fuji Speedway,16,1,1,12
Rubens Barrichello,22,33,2008,Fuji Speedway,16,11,17,13
Jenson Button,18,33,2008,Fuji Speedway,16,11,18,14
Kazuki Nakajima,6,33,2008,Fuji Speedway,16,3,14,15
Lewis Hamilton,1,34,2008,Shanghai International Circuit,17,1,1,1
Felipe Massa,13,34,2008,Shanghai International Circuit,17,6,3,2
Kimi Räikkönen,8,34,2008,Shanghai International Circuit,17,6,2,3
Fernando Alonso,4,34,2008,Shanghai International Circuit,17,4,4,4
Nick Heidfeld,2,34,2008,Shanghai International Circuit,17,2,9,5
Robert Kubica,9,34,2008,Shanghai International Circuit,17,2,11,6
Timo Glock,10,34,2008,Shanghai International Circuit,17,7,12,7
Nelson Piquet Jr.,12,34,2008,Shanghai International Circuit,17,4,10,8
Sebastian Vettel,20,34,2008,Shanghai International Circuit,17,5,6,9
David Coulthard,14,34,2008,Shanghai International Circuit,17,9,15,10
Rubens Barrichello,22,34,2008,Shanghai International Circuit,17,11,13,11
Kazuki Nakajima,6,34,2008,Shanghai International Circuit,17,3,17,12
Sébastien Bourdais,7,34,2008,Shanghai International Circuit,17,5,8,13
Mark Webber,17,34,2008,Shanghai International Circuit,17,9,16,14
Nico Rosberg,3,34,2008,Shanghai International Circuit,17,3,14,15
Jenson Button,18,34,2008,Shanghai International Circuit,17,11,18,16
Giancarlo Fisichella,21,34,2008,Shanghai International Circuit,17,10,20,17
Felipe Massa,13,35,2008,Autódromo José Carlos Pace,18,6,1,1
Fernando Alonso,4,35,2008,Autódromo José Carlos Pace,18,4,6,2
Kimi Räikkönen,8,35,2008,Autódromo José Carlos Pace,18,6,3,3
Sebastian Vettel,20,35,2008,Autódromo José Carlos Pace,18,5,7,4
Lewis Hamilton,1,35,2008,Autódromo José Carlos Pace,18,1,4,5
Timo Glock,10,35,2008,Autódromo José Carlos Pace,18,7,10,6
Heikki Kovalainen,5,35,2008,Autódromo José Carlos Pace,18,1,5,7
Jarno Trulli,15,35,2008,Autódromo José Carlos Pace,18,7,2,8
Mark Webber,17,35,2008,Autódromo José Carlos Pace,18,9,12,9
Nick Heidfeld,2,35,2008,Autódromo José Carlos Pace,18,2,8,10
Robert Kubica,9,35,2008,Autódromo José Carlos Pace,18,2,13,11
Nico Rosberg,3,35,2008,Autódromo José Carlos Pace,18,3,18,12
Jenson Button,18,35,2008,Autódromo José Carlos Pace,18,11,17,13
Sébastien Bourdais,7,35,2008,Autódromo José Carlos Pace,18,5,9,14
Rubens Barrichello,22,35,2008,Autódromo José Carlos Pace,18,11,15,15
Adrian Sutil,16,35,2008,Autódromo José Carlos Pace,18,10,20,16
Kazuki Nakajima,6,35,2008,Autódromo José Carlos Pace,18,3,16,17
Giancarlo Fisichella,21,35,2008,Autódromo José Carlos Pace,18,10,19,18
Kimi Räikkönen,8,36,2007,Albert Park Grand Prix Circuit,1,6,1,1
Fernando Alonso,4,36,2007,Albert Park Grand Prix Circuit,1,1,2,2
Lewis Hamilton,1,36,2007,Albert Park Grand Prix Circuit,1,1,4,3
Nick Heidfeld,2,36,2007,Albert Park Grand Prix Circuit,1,2,3,4
Giancarlo Fisichella,21,36,2007,Albert Park Grand Prix Circuit,1,4,6,5
Felipe Massa,13,36,2007,Albert Park Grand Prix Circuit,1,6,22,6
Nico Rosberg,3,36,2007,Albert Park Grand Prix Circuit,1,3,12,7
Ralf Schumacher,23,36,2007,Albert Park Grand Prix Circuit,1,7,9,8
Jarno Trulli,15,36,2007,Albert Park Grand Prix Circuit,1,7,8,9
Heikki Kovalainen,5,36,2007,Albert Park Grand Prix Circuit,1,4,13,10
Rubens Barrichello,22,36,2007,Albert Park Grand Prix Circuit,1,11,16,11
Takuma Sato,11,36,2007,Albert Park Grand Prix Circuit,1,8,10,12
Mark Webber,17,36,2007,Albert Park Grand Prix Circuit,1,9,7,13
Vitantonio Liuzzi,24,36,2007,Albert Park Grand Prix Circuit,1,5,19,14
Jenson Button,18,36,2007,Albert Park Grand Prix Circuit,1,11,14,15
Anthony Davidson,19,36,2007,Albert Park Grand Prix Circuit,1,8,11,16
Adrian Sutil,16,36,2007,Albert Park Grand Prix Circuit,1,12,20,17
Fernando Alonso,4,37,2007,Sepang International Circuit,2,1,2,1
Lewis Hamilton,1,37,2007,Sepang International Circuit,2,1,4,2
Kimi Räikkönen,8,37,2007,Sepang International Circuit,2,6,3,3
Nick Heidfeld,2,37,2007,Sepang International Circuit,2,2,5,4
Felipe Massa,13,37,2007,Sepang International Circuit,2,6,1,5
Giancarlo Fisichella,21,37,2007,Sepang International Circuit,2,4,12,6
Jarno Trulli,15,37,2007,Sepang International Circuit,2,7,8,7
Heikki Kovalainen,5,37,2007,Sepang International Circuit,2,4,11,8
Alexander Wurz,25,37,2007,Sepang International Circuit,2,3,19,9
Mark Webber,17,37,2007,Sepang International Circuit,2,9,10,10
Rubens Barrichello,22,37,2007,Sepang International Circuit,2,11,22,11
Jenson Button,18,37,2007,Sepang International Circuit,2,11,15,12
Takuma Sato,11,37,2007,Sepang International Circuit,2,8,14,13
Scott Speed,26,37,2007,Sepang International Circuit,2,5,17,14
Ralf Schumacher,23,37,2007,Sepang International Circuit,2,7,9,15
Anthony Davidson,19,37,2007,Sepang International Circuit,2,8,18,16
Vitantonio Liuzzi,24,37,2007,Sepang International Circuit,2,5,16,17
Robert Kubica,9,37,2007,Sepang International Circuit,2,2,7,18
Felipe Massa,13,38,2007,Bahrain International Circuit,3,6,1,1
Lewis Hamilton,1,38,2007,Bahrain International Circuit,3,1,2,2
Kimi Räikkönen,8,38,2007,Bahrain International Circuit,3,6,3,3
Nick Heidfeld,2,38,2007,Bahrain International Circuit,3,2,5,4
Fernando Alonso,4,38,2007,Bahrain International Circuit,3,1,4,5
Robert Kubica,9,38,2007,Bahrain International Circuit,3,2,6,6
Jarno Trulli,15,38,2007,Bahrain International Circuit,3,7,9,7
Giancarlo Fisichella,21,38,2007,Bahrain International Circuit,3,4,7,8
Heikki Kovalainen,5,38,2007,Bahrain International Circuit,3,4,12,9
Nico Rosberg,3,38,2007,Bahrain International Circuit,3,3,10,10
Alexander Wurz,25,38,2007,Bahrain International Circuit,3,3,11,11
Ralf Schumacher,23,38,2007,Bahrain International Circuit,3,7,14,12
Rubens Barrichello,22,38,2007,Bahrain International Circuit,3,11,15,13
Christijan Albers,27,38,2007,Bahrain International Circuit,3,12,22,14
Adrian Sutil,16,38,2007,Bahrain International Circuit,3,12,20,15
Anthony Davidson,19,38,2007,Bahrain International Circuit,3,8,13,16
Felipe Massa,13,39,2007,Circuit de Barcelona-Catalunya,4,6,1,1
Lewis Hamilton,1,39,2007,Circuit de Barcelona-Catalunya,4,1,4,2
Fernando Alonso,4,39,2007,Circuit de Barcelona-Catalunya,4,1,2,3
Robert Kubica,9,39,2007,Circuit de Barcelona-Catalunya,4,2,5,4
David Coulthard,14,39,2007,Circuit de Barcelona-Catalunya,4,9,9,5
Nico Rosberg,3,39,2007,Circuit de Barcelona-Catalunya,4,3,11,6
Heikki Kovalainen,5,39,2007,Circuit de Barcelona-Catalunya,4,4,8,7
Takuma Sato,11,39,2007,Circuit de Barcelona-Catalunya,4,8,13,8
Giancarlo Fisichella,21,39,2007,Circuit de Barcelona-Catalunya,4,4,10,9
Rubens Barrichello,22,39,2007,Circuit de Barcelona-Catalunya,4,11,12,10
Anthony Davidson,19,39,2007,Circuit de Barcelona-Catalunya,4,8,15,11
Jenson Button,18,39,2007,Circuit de Barcelona-Catalunya,4,11,14,12
Adrian Sutil,16,39,2007,Circuit de Barcelona-Catalunya,4,12,20,13
Christijan Albers,27,39,2007,Circuit de Barcelona-Catalunya,4,12,21,14
Fernando Alonso,4,40,2007,Circuit de Monaco,6,1,1,1
Lewis Hamilton,1,40,2007,Circuit de Monaco,6,1,2,2
Felipe Massa,13,40,2007,Circuit de Monaco,6,6,3,3
Giancarlo Fisichella,21,40,2007,Circuit de Monaco,6,4,4,4
Robert Kubica,9,40,2007,Circuit de Monaco,6,2,8,5
Nick Heidfeld,2,40,2007,Circuit de Monaco,6,2,7,6
Alexander Wurz,25,40,2007,Circuit de Monaco,6,3,11,7
Kimi Räikkönen,8,40,2007,Circuit de Monaco,6,6,16,8
Scott Speed,26,40,2007,Circuit de Monaco,6,5,18,9
Rubens Barrichello,22,40,2007,Circuit de Monaco,6,11,9,10
Jenson Button,18,40,2007,Circuit de Monaco,6,11,10,11
Nico Rosberg,3,40,2007,Circuit de Monaco,6,3,5,12
Heikki Kovalainen,5,40,2007,Circuit de Monaco,6,4,15,13
David Coulthard,14,40,2007,Circuit de Monaco,6,9,13,14
Jarno Trulli,15,40,2007,Circuit de Monaco,6,7,14,15
Ralf Schumacher,23,40,2007,Circuit de Monaco,6,7,20,16
Takuma Sato,11,40,2007,Circuit de Monaco,6,8,21,17
Anthony Davidson,19,40,2007,Circuit de Monaco,6,8,17,18
Christijan Albers,27,40,2007,Circuit de Monaco,6,12,22,19
Lewis Hamilton,1,41,2007,Circuit Gilles Villeneuve,7,1,1,1
Nick Heidfeld,2,41,2007,Circuit Gilles Villeneuve,7,2,3,2
Alexander Wurz,25,41,2007,Circuit Gilles Villeneuve,7,3,19,3
Heikki Kovalainen,5,41,2007,Circuit Gilles Villeneuve,7,4,22,4
Kimi Räikkönen,8,41,2007,Circuit Gilles Villeneuve,7,6,4,5
Takuma Sato,11,41,2007,Circuit Gilles Villeneuve,7,8,11,6
Fernando Alonso,4,41,2007,Circuit Gilles Villeneuve,7,1,2,7
Ralf Schumacher,23,41,2007,Circuit Gilles Villeneuve,7,7,18,8
Mark Webber,17,41,2007,Circuit Gilles Villeneuve,7,9,6,9
Nico Rosberg,3,41,2007,Circuit Gilles Villeneuve,7,3,7,10
Anthony Davidson,19,41,2007,Circuit Gilles Villeneuve,7,8,17,11
Rubens Barrichello,22,41,2007,Circuit Gilles Villeneuve,7,11,13,12
Lewis Hamilton,1,42,2007,Indianapolis Motor Speedway,19,1,1,1
Fernando Alonso,4,42,2007,Indianapolis Motor Speedway,19,1,2,2
Felipe Massa,13,42,2007,Indianapolis Motor Speedway,19,6,3,3
Kimi Räikkönen,8,42,2007,Indianapolis Motor Speedway,19,6,4,4
Heikki Kovalainen,5,42,2007,Indianapolis Motor Speedway,19,4,6,5
Jarno Trulli,15,42,2007,Indianapolis Motor Speedway,19,7,8,6
Mark Webber,17,42,2007,Indianapolis Motor Speedway,19,9,9,7
Sebastian Vettel,20,42,2007,Indianapolis Motor Speedway,19,2,7,8
Giancarlo Fisichella,21,42,2007,Indianapolis Motor Speedway,19,4,10,9
Alexander Wurz,25,42,2007,Indianapolis Motor Speedway,19,3,17,10
Anthony Davidson,19,42,2007,Indianapolis Motor Speedway,19,8,16,11
Jenson Button,18,42,2007,Indianapolis Motor Speedway,19,11,13,12
Scott Speed,26,42,2007,Indianapolis Motor Speedway,19,5,20,13
Adrian Sutil,16,42,2007,Indianapolis Motor Speedway,19,12,21,14
Christijan Albers,27,42,2007,Indianapolis Motor Speedway,19,12,22,15
Nico Rosberg,3,42,2007,Indianapolis Motor Speedway,19,3,14,16
Vitantonio Liuzzi,24,42,2007,Indianapolis Motor Speedway,19,5,19,17
Kimi Räikkönen,8,43,2007,Circuit de Nevers Magny-Cours,8,6,3,1
Felipe Massa,13,43,2007,Circuit de Nevers Magny-Cours,8,6,1,2
Lewis Hamilton,1,43,2007,Circuit de Nevers Magny-Cours,8,1,2,3
Robert Kubica,9,43,2007,Circuit de Nevers Magny-Cours,8,2,4,4
Nick Heidfeld,2,43,2007,Circuit de Nevers Magny-Cours,8,2,7,5
Giancarlo Fisichella,21,43,2007,Circuit de Nevers Magny-Cours,8,4,5,6
Fernando Alonso,4,43,2007,Circuit de Nevers Magny-Cours,8,1,10,7
Jenson Button,18,43,2007,Circuit de Nevers Magny-Cours,8,11,12,8
Nico Rosberg,3,43,2007,Circuit de Nevers Magny-Cours,8,3,9,9
Ralf Schumacher,23,43,2007,Circuit de Nevers Magny-Cours,8,7,11,10
Rubens Barrichello,22,43,2007,Circuit de Nevers Magny-Cours,8,11,13,11
Mark Webber,17,43,2007,Circuit de Nevers Magny-Cours,8,9,14,12
David Coulthard,14,43,2007,Circuit de Nevers Magny-Cours,8,9,16,13
Alexander Wurz,25,43,2007,Circuit de Nevers Magny-Cours,8,3,18,14
Heikki Kovalainen,5,43,2007,Circuit de Nevers Magny-Cours,8,4,6,15
Takuma Sato,11,43,2007,Circuit de Nevers Magny-Cours,8,8,22,16
Adrian Sutil,16,43,2007,Circuit de Nevers Magny-Cours,8,12,21,17
Kimi Räikkönen,8,44,2007,Silverstone Circuit,9,6,2,1
Fernando Alonso,4,44,2007,Silverstone Circuit,9,1,3,2
Lewis Hamilton,1,44,2007,Silverstone Circuit,9,1,1,3
Robert Kubica,9,44,2007,Silverstone Circuit,9,2,5,4
Felipe Massa,13,44,2007,Silverstone Circuit,9,6,4,5
Nick Heidfeld,2,44,2007,Silverstone Circuit,9,2,9,6
Heikki Kovalainen,5,44,2007,Silverstone Circuit,9,4,7,7
Giancarlo Fisichella,21,44,2007,Silverstone Circuit,9,4,8,8
Rubens Barrichello,22,44,2007,Silverstone Circuit,9,11,14,9
Jenson Button,18,44,2007,Silverstone Circuit,9,11,18,10
David Coulthard,14,44,2007,Silverstone Circuit,9,9,12,11
Nico Rosberg,3,44,2007,Silverstone Circuit,9,3,17,12
Alexander Wurz,25,44,2007,Silverstone Circuit,9,3,13,13
Takuma Sato,11,44,2007,Silverstone Circuit,9,8,21,14
Christijan Albers,27,44,2007,Silverstone Circuit,9,12,22,15
Vitantonio Liuzzi,24,44,2007,Silverstone Circuit,9,5,16,16
Fernando Alonso,4,45,2007,Nürburgring,20,1,2,1
Felipe Massa,13,45,2007,Nürburgring,20,6,3,2
Mark Webber,17,45,2007,Nürburgring,20,9,6,3
Alexander Wurz,25,45,2007,Nürburgring,20,3,12,4
David Coulthard,14,45,2007,Nürburgring,20,9,20,5
Nick Heidfeld,2,45,2007,Nürburgring,20,2,4,6
Robert Kubica,9,45,2007,Nürburgring,20,2,5,7
Heikki Kovalainen,5,45,2007,Nürburgring,20,4,7,8
Lewis Hamilton,1,45,2007,Nürburgring,20,1,10,9
Giancarlo Fisichella,21,45,2007,Nürburgring,20,4,13,10
Rubens Barrichello,22,45,2007,Nürburgring,20,11,14,11
Anthony Davidson,19,45,2007,Nürburgring,20,8,15,12
Jarno Trulli,15,45,2007,Nürburgring,20,7,8,13
Lewis Hamilton,1,46,2007,Hungaroring,11,1,1,1
Kimi Räikkönen,8,46,2007,Hungaroring,11,6,3,2
Nick Heidfeld,2,46,2007,Hungaroring,11,2,2,3
Fernando Alonso,4,46,2007,Hungaroring,11,1,6,4
Robert Kubica,9,46,2007,Hungaroring,11,2,7,5
Ralf Schumacher,23,46,2007,Hungaroring,11,7,5,6
Nico Rosberg,3,46,2007,Hungaroring,11,3,4,7
Heikki Kovalainen,5,46,2007,Hungaroring,11,4,11,8
Mark Webber,17,46,2007,Hungaroring,11,9,9,9
Jarno Trulli,15,46,2007,Hungaroring,11,7,8,10
David Coulthard,14,46,2007,Hungaroring,11,9,10,11
Giancarlo Fisichella,21,46,2007,Hungaroring,11,4,13,12
Felipe Massa,13,46,2007,Hungaroring,11,6,14,13
Alexander Wurz,25,46,2007,Hungaroring,11,3,12,14
Takuma Sato,11,46,2007,Hungaroring,11,8,19,15
Sebastian Vettel,20,46,2007,Hungaroring,11,5,20,16
Adrian Sutil,16,46,2007,Hungaroring,11,12,21,17
Rubens Barrichello,22,46,2007,Hungaroring,11,11,18,18
Felipe Massa,13,47,2007,Istanbul Park,5,6,1,1
Kimi Räikkönen,8,47,2007,Istanbul Park,5,6,3,2
Fernando Alonso,4,47,2007,Istanbul Park,5,1,4,3
Nick Heidfeld,2,47,2007,Istanbul Park,5,2,6,4
Lewis Hamilton,1,47,2007,Istanbul Park,5,1,2,5
Heikki Kovalainen,5,47,2007,Istanbul Park,5,4,7,6
Nico Rosberg,3,47,2007,Istanbul Park,5,3,8,7
Robert Kubica,9,47,2007,Istanbul Park,5,2,5,8
Giancarlo Fisichella,21,47,2007,Istanbul Park,5,4,10,9
David Coulthard,14,47,2007,Istanbul Park,5,9,13,10
Alexander Wurz,25,47,2007,Istanbul Park,5,3,14,11
Ralf Schumacher,23,47,2007,Istanbul Park,5,7,16,12
Jenson Button,18,47,2007,Istanbul Park,5,11,21,13
Anthony Davidson,19,47,2007,Istanbul Park,5,8,11,14
Vitantonio Liuzzi,24,47,2007,Istanbul Park,5,5,15,15
Jarno Trulli,15,47,2007,Istanbul Park,5,7,9,16
Rubens Barrichello,22,47,2007,Istanbul Park,5,11,22,17
Takuma Sato,11,47,2007,Istanbul Park,5,8,17,18
Sebastian Vettel,20,47,2007,Istanbul Park,5,5,18,19
Sakon Yamamoto,29,47,2007,Istanbul Park,5,12,20,20
Adrian Sutil,16,47,2007,Istanbul Park,5,12,19,21
Fernando Alonso,4,48,2007,Autodromo Nazionale di Monza,14,1,1,1
Lewis Hamilton,1,48,2007,Autodromo Nazionale di Monza,14,1,2,2
Kimi Räikkönen,8,48,2007,Autodromo Nazionale di Monza,14,6,5,3
Nick Heidfeld,2,48,2007,Autodromo Nazionale di Monza,14,2,4,4
Robert Kubica,9,48,2007,Autodromo Nazionale di Monza,14,2,6,5
Nico Rosberg,3,48,2007,Autodromo Nazionale di Monza,14,3,8,6
Heikki Kovalainen,5,48,2007,Autodromo Nazionale di Monza,14,4,7,7
Jenson Button,18,48,2007,Autodromo Nazionale di Monza,14,11,10,8
Mark Webber,17,48,2007,Autodromo Nazionale di Monza,14,9,11,9
Rubens Barrichello,22,48,2007,Autodromo Nazionale di Monza,14,11,12,10
Jarno Trulli,15,48,2007,Autodromo Nazionale di Monza,14,7,9,11
Giancarlo Fisichella,21,48,2007,Autodromo Nazionale di Monza,14,4,15,12
Alexander Wurz,25,48,2007,Autodromo Nazionale di Monza,14,3,13,13
Anthony Davidson,19,48,2007,Autodromo Nazionale di Monza,14,8,14,14
Ralf Schumacher,23,48,2007,Autodromo Nazionale di Monza,14,7,18,15
Takuma Sato,11,48,2007,Autodromo Nazionale di Monza,14,8,17,16
Vitantonio Liuzzi,24,48,2007,Autodromo Nazionale di Monza,14,5,19,17
Sebastian Vettel,20,48,2007,Autodromo Nazionale di Monza,14,5,16,18
Adrian Sutil,16,48,2007,Autodromo Nazionale di Monza,14,12,21,19
Sakon Yamamoto,29,48,2007,Autodromo Nazionale di Monza,14,12,22,20
Kimi Räikkönen,8,49,2007,Circuit de Spa-Francorchamps,13,6,1,1
Felipe Massa,13,49,2007,Circuit de Spa-Francorchamps,13,6,2,2
Fernando Alonso,4,49,2007,Circuit de Spa-Francorchamps,13,1,3,3
Lewis Hamilton,1,49,2007,Circuit de Spa-Francorchamps,13,1,4,4
Nick Heidfeld,2,49,2007,Circuit de Spa-Francorchamps,13,2,6,5
Nico Rosberg,3,49,2007,Circuit de Spa-Francorchamps,13,3,5,6
Mark Webber,17,49,2007,Circuit de Spa-Francorchamps,13,9,7,7
Heikki Kovalainen,5,49,2007,Circuit de Spa-Francorchamps,13,4,9,8
Robert Kubica,9,49,2007,Circuit de Spa-Francorchamps,13,2,14,9
Ralf Schumacher,23,49,2007,Circuit de Spa-Francorchamps,13,7,10,10
Jarno Trulli,15,49,2007,Circuit de Spa-Francorchamps,13,7,8,11
Vitantonio Liuzzi,24,49,2007,Circuit de Spa-Francorchamps,13,5,13,12
Rubens Barrichello,22,49,2007,Circuit de Spa-Francorchamps,13,11,17,13
Adrian Sutil,16,49,2007,Circuit de Spa-Francorchamps,13,12,19,14
Takuma Sato,11,49,2007,Circuit de Spa-Francorchamps,13,8,18,15
Anthony Davidson,19,49,2007,Circuit de Spa-Francorchamps,13,8,20,16
Sakon Yamamoto,29,49,2007,Circuit de Spa-Francorchamps,13,12,21,17
Lewis Hamilton,1,50,2007,Fuji Speedway,16,1,1,1
Heikki Kovalainen,5,50,2007,Fuji Speedway,16,4,11,2
Kimi Räikkönen,8,50,2007,Fuji Speedway,16,6,3,3
David Coulthard,14,50,2007,Fuji Speedway,16,9,12,4
Giancarlo Fisichella,21,50,2007,Fuji Speedway,16,4,10,5
Felipe Massa,13,50,2007,Fuji Speedway,16,6,4,6
Robert Kubica,9,50,2007,Fuji Speedway,16,2,9,7
Adrian Sutil,16,50,2007,Fuji Speedway,16,12,20,8
Vitantonio Liuzzi,24,50,2007,Fuji Speedway,16,5,14,9
Rubens Barrichello,22,50,2007,Fuji Speedway,16,11,17,10
Jenson Button,18,50,2007,Fuji Speedway,16,11,6,11
Sakon Yamamoto,29,50,2007,Fuji Speedway,16,12,22,12
Jarno Trulli,15,50,2007,Fuji Speedway,16,7,13,13
Nick Heidfeld,2,50,2007,Fuji Speedway,16,2,5,14
Takuma Sato,11,50,2007,Fuji Speedway,16,8,21,15
Kimi Räikkönen,8,51,2007,Shanghai International Circuit,17,6,2,1
Fernando Alonso,4,51,2007,Shanghai International Circuit,17,1,4,2
Felipe Massa,13,51,2007,Shanghai International Circuit,17,6,3,3
Sebastian Vettel,20,51,2007,Shanghai International Circuit,17,5,17,4
Jenson Button,18,51,2007,Shanghai International Circuit,17,11,10,5
Vitantonio Liuzzi,24,51,2007,Shanghai International Circuit,17,5,11,6
Nick Heidfeld,2,51,2007,Shanghai International Circuit,17,2,8,7
David Coulthard,14,51,2007,Shanghai International Circuit,17,9,5,8
Heikki Kovalainen,5,51,2007,Shanghai International Circuit,17,4,13,9
Mark Webber,17,51,2007,Shanghai International Circuit,17,9,7,10
Giancarlo Fisichella,21,51,2007,Shanghai International Circuit,17,4,18,11
Alexander Wurz,25,51,2007,Shanghai International Circuit,17,3,19,12
Jarno Trulli,15,51,2007,Shanghai International Circuit,17,7,12,13
Takuma Sato,11,51,2007,Shanghai International Circuit,17,8,20,14
Rubens Barrichello,22,51,2007,Shanghai International Circuit,17,11,16,15
Nico Rosberg,3,51,2007,Shanghai International Circuit,17,3,15,16
Sakon Yamamoto,29,51,2007,Shanghai International Circuit,17,12,22,17
Kimi Räikkönen,8,52,2007,Autódromo José Carlos Pace,18,6,3,1
Felipe Massa,13,52,2007,Autódromo José Carlos Pace,18,6,1,2
Fernando Alonso,4,52,2007,Autódromo José Carlos Pace,18,1,4,3
Nico Rosberg,3,52,2007,Autódromo José Carlos Pace,18,3,10,4
Robert Kubica,9,52,2007,Autódromo José Carlos Pace,18,2,7,5
Nick Heidfeld,2,52,2007,Autódromo José Carlos Pace,18,2,6,6
Lewis Hamilton,1,52,2007,Autódromo José Carlos Pace,18,1,2,7
Jarno Trulli,15,52,2007,Autódromo José Carlos Pace,18,7,8,8
David Coulthard,14,52,2007,Autódromo José Carlos Pace,18,9,9,9
Kazuki Nakajima,6,52,2007,Autódromo José Carlos Pace,18,3,19,10
Ralf Schumacher,23,52,2007,Autódromo José Carlos Pace,18,7,15,11
Takuma Sato,11,52,2007,Autódromo José Carlos Pace,18,8,18,12
Vitantonio Liuzzi,24,52,2007,Autódromo José Carlos Pace,18,5,14,13
Anthony Davidson,19,52,2007,Autódromo José Carlos Pace,18,8,20,14
Fernando Alonso,4,53,2006,Bahrain International Circuit,3,4,4,1
Michael Schumacher,30,53,2006,Bahrain International Circuit,3,6,1,2
Kimi Räikkönen,8,53,2006,Bahrain International Circuit,3,1,22,3
Jenson Button,18,53,2006,Bahrain International Circuit,3,11,3,4
Juan Pablo Montoya,31,53,2006,Bahrain International Circuit,3,1,5,5
Mark Webber,17,53,2006,Bahrain International Circuit,3,3,7,6
Nico Rosberg,3,53,2006,Bahrain International Circuit,3,3,12,7
Christian Klien,32,53,2006,Bahrain International Circuit,3,9,8,8
Felipe Massa,13,53,2006,Bahrain International Circuit,3,6,2,9
David Coulthard,14,53,2006,Bahrain International Circuit,3,9,13,10
Vitantonio Liuzzi,24,53,2006,Bahrain International Circuit,3,5,15,11
Nick Heidfeld,2,53,2006,Bahrain International Circuit,3,2,10,12
Scott Speed,26,53,2006,Bahrain International Circuit,3,5,16,13
Ralf Schumacher,23,53,2006,Bahrain International Circuit,3,7,17,14
Rubens Barrichello,22,53,2006,Bahrain International Circuit,3,11,6,15
Jarno Trulli,15,53,2006,Bahrain International Circuit,3,7,14,16
Tiago Monteiro,33,53,2006,Bahrain International Circuit,3,13,19,17
Takuma Sato,11,53,2006,Bahrain International Circuit,3,8,20,18
Giancarlo Fisichella,21,54,2006,Sepang International Circuit,2,4,1,1
Fernando Alonso,4,54,2006,Sepang International Circuit,2,4,7,2
Jenson Button,18,54,2006,Sepang International Circuit,2,11,2,3
Juan Pablo Montoya,31,54,2006,Sepang International Circuit,2,1,5,4
Felipe Massa,13,54,2006,Sepang International Circuit,2,6,21,5
Michael Schumacher,30,54,2006,Sepang International Circuit,2,6,14,6
Jacques Villeneuve,35,54,2006,Sepang International Circuit,2,2,10,7
Ralf Schumacher,23,54,2006,Sepang International Circuit,2,7,22,8
Jarno Trulli,15,54,2006,Sepang International Circuit,2,7,9,9
Rubens Barrichello,22,54,2006,Sepang International Circuit,2,11,20,10
Vitantonio Liuzzi,24,54,2006,Sepang International Circuit,2,5,13,11
Christijan Albers,27,54,2006,Sepang International Circuit,2,13,15,12
Tiago Monteiro,33,54,2006,Sepang International Circuit,2,13,16,13
Takuma Sato,11,54,2006,Sepang International Circuit,2,8,17,14
Fernando Alonso,4,55,2006,Albert Park Grand Prix Circuit,1,4,3,1
Kimi Räikkönen,8,55,2006,Albert Park Grand Prix Circuit,1,1,4,2
Ralf Schumacher,23,55,2006,Albert Park Grand Prix Circuit,1,7,6,3
Nick Heidfeld,2,55,2006,Albert Park Grand Prix Circuit,1,2,8,4
Giancarlo Fisichella,21,55,2006,Albert Park Grand Prix Circuit,1,4,2,5
Jacques Villeneuve,35,55,2006,Albert Park Grand Prix Circuit,1,2,19,6
Rubens Barrichello,22,55,2006,Albert Park Grand Prix Circuit,1,11,16,7
David Coulthard,14,55,2006,Albert Park Grand Prix Circuit,1,9,11,8
Scott Speed,26,55,2006,Albert Park Grand Prix Circuit,1,5,18,9
Jenson Button,18,55,2006,Albert Park Grand Prix Circuit,1,11,1,10
Christijan Albers,27,55,2006,Albert Park Grand Prix Circuit,1,13,17,11
Takuma Sato,11,55,2006,Albert Park Grand Prix Circuit,1,8,21,12
Yuji Ide,34,55,2006,Albert Park Grand Prix Circuit,1,8,22,13
Michael Schumacher,30,56,2006,Autodromo Enzo e Dino Ferrari,21,6,1,1
Fernando Alonso,4,56,2006,Autodromo Enzo e Dino Ferrari,21,4,5,2
Juan Pablo Montoya,31,56,2006,Autodromo Enzo e Dino Ferrari,21,1,7,3
Felipe Massa,13,56,2006,Autodromo Enzo e Dino Ferrari,21,6,4,4
Kimi Räikkönen,8,56,2006,Autodromo Enzo e Dino Ferrari,21,1,8,5
Mark Webber,17,56,2006,Autodromo Enzo e Dino Ferrari,21,3,10,6
Jenson Button,18,56,2006,Autodromo Enzo e Dino Ferrari,21,11,2,7
Giancarlo Fisichella,21,56,2006,Autodromo Enzo e Dino Ferrari,21,4,11,8
Ralf Schumacher,23,56,2006,Autodromo Enzo e Dino Ferrari,21,7,6,9
Rubens Barrichello,22,56,2006,Autodromo Enzo e Dino Ferrari,21,11,3,10
Nico Rosberg,3,56,2006,Autodromo Enzo e Dino Ferrari,21,3,13,11
Jacques Villeneuve,35,56,2006,Autodromo Enzo e Dino Ferrari,21,2,12,12
Nick Heidfeld,2,56,2006,Autodromo Enzo e Dino Ferrari,21,2,15,13
Vitantonio Liuzzi,24,56,2006,Autodromo Enzo e Dino Ferrari,21,5,16,14
Scott Speed,26,56,2006,Autodromo Enzo e Dino Ferrari,21,5,18,15
Tiago Monteiro,33,56,2006,Autodromo Enzo e Dino Ferrari,21,13,19,16
Michael Schumacher,30,57,2006,Nürburgring,20,6,2,1
Fernando Alonso,4,57,2006,Nürburgring,20,4,1,2
Felipe Massa,13,57,2006,Nürburgring,20,6,3,3
Kimi Räikkönen,8,57,2006,Nürburgring,20,1,5,4
Rubens Barrichello,22,57,2006,Nürburgring,20,11,4,5
Giancarlo Fisichella,21,57,2006,Nürburgring,20,4,11,6
Nico Rosberg,3,57,2006,Nürburgring,20,3,22,7
Jacques Villeneuve,35,57,2006,Nürburgring,20,2,9,8
Jarno Trulli,15,57,2006,Nürburgring,20,7,7,9
Nick Heidfeld,2,57,2006,Nürburgring,20,2,13,10
Scott Speed,26,57,2006,Nürburgring,20,5,17,11
Tiago Monteiro,33,57,2006,Nürburgring,20,13,18,12
Christijan Albers,27,57,2006,Nürburgring,20,13,16,13
Fernando Alonso,4,58,2006,Circuit de Barcelona-Catalunya,4,4,1,1
Michael Schumacher,30,58,2006,Circuit de Barcelona-Catalunya,4,6,3,2
Giancarlo Fisichella,21,58,2006,Circuit de Barcelona-Catalunya,4,4,2,3
Felipe Massa,13,58,2006,Circuit de Barcelona-Catalunya,4,6,4,4
Kimi Räikkönen,8,58,2006,Circuit de Barcelona-Catalunya,4,1,9,5
Jenson Button,18,58,2006,Circuit de Barcelona-Catalunya,4,11,8,6
Rubens Barrichello,22,58,2006,Circuit de Barcelona-Catalunya,4,11,5,7
Nick Heidfeld,2,58,2006,Circuit de Barcelona-Catalunya,4,2,10,8
Mark Webber,17,58,2006,Circuit de Barcelona-Catalunya,4,3,11,9
Jarno Trulli,15,58,2006,Circuit de Barcelona-Catalunya,4,7,7,10
Nico Rosberg,3,58,2006,Circuit de Barcelona-Catalunya,4,3,13,11
Jacques Villeneuve,35,58,2006,Circuit de Barcelona-Catalunya,4,2,22,12
Christian Klien,32,58,2006,Circuit de Barcelona-Catalunya,4,9,14,13
David Coulthard,14,58,2006,Circuit de Barcelona-Catalunya,4,9,21,14
Vitantonio Liuzzi,24,58,2006,Circuit de Barcelona-Catalunya,4,5,15,15
Tiago Monteiro,33,58,2006,Circuit de Barcelona-Catalunya,4,13,17,16
Takuma Sato,11,58,2006,Circuit de Barcelona-Catalunya,4,8,19,17
Fernando Alonso,4,59,2006,Circuit de Monaco,6,4,1,1
Juan Pablo Montoya,31,59,2006,Circuit de Monaco,6,1,4,2
David Coulthard,14,59,2006,Circuit de Monaco,6,9,7,3
Rubens Barrichello,22,59,2006,Circuit de Monaco,6,11,5,4
Michael Schumacher,30,59,2006,Circuit de Monaco,6,6,22,5
Giancarlo Fisichella,21,59,2006,Circuit de Monaco,6,4,9,6
Nick Heidfeld,2,59,2006,Circuit de Monaco,6,2,15,7
Ralf Schumacher,23,59,2006,Circuit de Monaco,6,7,10,8
Felipe Massa,13,59,2006,Circuit de Monaco,6,6,21,9
Vitantonio Liuzzi,24,59,2006,Circuit de Monaco,6,5,12,10
Jenson Button,18,59,2006,Circuit de Monaco,6,11,13,11
Christijan Albers,27,59,2006,Circuit de Monaco,6,13,16,12
Scott Speed,26,59,2006,Circuit de Monaco,6,5,18,13
Jacques Villeneuve,35,59,2006,Circuit de Monaco,6,2,14,14
Tiago Monteiro,33,59,2006,Circuit de Monaco,6,13,17,15
Franck Montagny,36,59,2006,Circuit de Monaco,6,8,20,16
Jarno Trulli,15,59,2006,Circuit de Monaco,6,7,6,17
Fernando Alonso,4,60,2006,Silverstone Circuit,9,4,1,1
Michael Schumacher,30,60,2006,Silverstone Circuit,9,6,3,2
Kimi Räikkönen,8,60,2006,Silverstone Circuit,9,1,2,3
Giancarlo Fisichella,21,60,2006,Silverstone Circuit,9,4,5,4
Felipe Massa,13,60,2006,Silverstone Circuit,9,6,4,5
Juan Pablo Montoya,31,60,2006,Silverstone Circuit,9,1,8,6
Nick Heidfeld,2,60,2006,Silverstone Circuit,9,2,9,7
Jacques Villeneuve,35,60,2006,Silverstone Circuit,9,2,10,8
Nico Rosberg,3,60,2006,Silverstone Circuit,9,3,12,9
Rubens Barrichello,22,60,2006,Silverstone Circuit,9,11,6,10
Jarno Trulli,15,60,2006,Silverstone Circuit,9,7,22,11
David Coulthard,14,60,2006,Silverstone Circuit,9,9,11,12
Vitantonio Liuzzi,24,60,2006,Silverstone Circuit,9,5,13,13
Christian Klien,32,60,2006,Silverstone Circuit,9,9,14,14
Christijan Albers,27,60,2006,Silverstone Circuit,9,13,18,15
Tiago Monteiro,33,60,2006,Silverstone Circuit,9,13,16,16
Takuma Sato,11,60,2006,Silverstone Circuit,9,8,20,17
Franck Montagny,36,60,2006,Silverstone Circuit,9,8,21,18
Fernando Alonso,4,61,2006,Circuit Gilles Villeneuve,7,4,1,1
Michael Schumacher,30,61,2006,Circuit Gilles Villeneuve,7,6,5,2
Kimi Räikkönen,8,61,2006,Circuit Gilles Villeneuve,7,1,3,3
Giancarlo Fisichella,21,61,2006,Circuit Gilles Villeneuve,7,4,2,4
Felipe Massa,13,61,2006,Circuit Gilles Villeneuve,7,6,10,5
Jarno Trulli,15,61,2006,Circuit Gilles Villeneuve,7,7,4,6
Nick Heidfeld,2,61,2006,Circuit Gilles Villeneuve,7,2,13,7
David Coulthard,14,61,2006,Circuit Gilles Villeneuve,7,9,22,8
Jenson Button,18,61,2006,Circuit Gilles Villeneuve,7,11,8,9
Scott Speed,26,61,2006,Circuit Gilles Villeneuve,7,5,17,10
Christian Klien,32,61,2006,Circuit Gilles Villeneuve,7,9,12,11
Mark Webber,17,61,2006,Circuit Gilles Villeneuve,7,3,16,12
Vitantonio Liuzzi,24,61,2006,Circuit Gilles Villeneuve,7,5,15,13
Tiago Monteiro,33,61,2006,Circuit Gilles Villeneuve,7,13,18,14
Takuma Sato,11,61,2006,Circuit Gilles Villeneuve,7,8,20,15
Michael Schumacher,30,62,2006,Indianapolis Motor Speedway,19,6,1,1
Felipe Massa,13,62,2006,Indianapolis Motor Speedway,19,6,2,2
Giancarlo Fisichella,21,62,2006,Indianapolis Motor Speedway,19,4,3,3
Jarno Trulli,15,62,2006,Indianapolis Motor Speedway,19,7,22,4
Fernando Alonso,4,62,2006,Indianapolis Motor Speedway,19,4,5,5
Rubens Barrichello,22,62,2006,Indianapolis Motor Speedway,19,11,4,6
David Coulthard,14,62,2006,Indianapolis Motor Speedway,19,9,17,7
Vitantonio Liuzzi,24,62,2006,Indianapolis Motor Speedway,19,5,20,8
Nico Rosberg,3,62,2006,Indianapolis Motor Speedway,19,3,21,9
Michael Schumacher,30,63,2006,Circuit de Nevers Magny-Cours,8,6,1,1
Fernando Alonso,4,63,2006,Circuit de Nevers Magny-Cours,8,4,3,2
Felipe Massa,13,63,2006,Circuit de Nevers Magny-Cours,8,6,2,3
Ralf Schumacher,23,63,2006,Circuit de Nevers Magny-Cours,8,7,5,4
Kimi Räikkönen,8,63,2006,Circuit de Nevers Magny-Cours,8,1,6,5
Giancarlo Fisichella,21,63,2006,Circuit de Nevers Magny-Cours,8,4,7,6
Pedro de la Rosa,37,63,2006,Circuit de Nevers Magny-Cours,8,1,8,7
Nick Heidfeld,2,63,2006,Circuit de Nevers Magny-Cours,8,2,11,8
David Coulthard,14,63,2006,Circuit de Nevers Magny-Cours,8,9,9,9
Scott Speed,26,63,2006,Circuit de Nevers Magny-Cours,8,5,14,10
Jacques Villeneuve,35,63,2006,Circuit de Nevers Magny-Cours,8,2,16,11
Christian Klien,32,63,2006,Circuit de Nevers Magny-Cours,8,9,12,12
Vitantonio Liuzzi,24,63,2006,Circuit de Nevers Magny-Cours,8,5,22,13
Nico Rosberg,3,63,2006,Circuit de Nevers Magny-Cours,8,3,18,14
Christijan Albers,27,63,2006,Circuit de Nevers Magny-Cours,8,13,15,15
Franck Montagny,36,63,2006,Circuit de Nevers Magny-Cours,8,8,20,16
Michael Schumacher,30,64,2006,Hockenheimring,10,6,2,1
Felipe Massa,13,64,2006,Hockenheimring,10,6,3,2
Kimi Räikkönen,8,64,2006,Hockenheimring,10,1,1,3
Jenson Button,18,64,2006,Hockenheimring,10,11,4,4
Fernando Alonso,4,64,2006,Hockenheimring,10,4,7,5
Giancarlo Fisichella,21,64,2006,Hockenheimring,10,4,5,6
Jarno Trulli,15,64,2006,Hockenheimring,10,7,20,7
Christian Klien,32,64,2006,Hockenheimring,10,9,12,8
Ralf Schumacher,23,64,2006,Hockenheimring,10,7,8,9
Vitantonio Liuzzi,24,64,2006,Hockenheimring,10,5,16,10
David Coulthard,14,64,2006,Hockenheimring,10,9,10,11
Scott Speed,26,64,2006,Hockenheimring,10,5,19,12
Jenson Button,18,65,2006,Hungaroring,11,11,14,1
Pedro de la Rosa,37,65,2006,Hungaroring,11,1,4,2
Nick Heidfeld,2,65,2006,Hungaroring,11,2,10,3
Rubens Barrichello,22,65,2006,Hungaroring,11,11,3,4
David Coulthard,14,65,2006,Hungaroring,11,9,12,5
Ralf Schumacher,23,65,2006,Hungaroring,11,7,6,6
Felipe Massa,13,65,2006,Hungaroring,11,6,2,7
Michael Schumacher,30,65,2006,Hungaroring,11,6,11,8
Tiago Monteiro,33,65,2006,Hungaroring,11,13,16,9
Christijan Albers,27,65,2006,Hungaroring,11,13,22,10
Scott Speed,26,65,2006,Hungaroring,11,5,20,11
Jarno Trulli,15,65,2006,Hungaroring,11,7,8,12
Takuma Sato,11,65,2006,Hungaroring,11,8,19,13
Felipe Massa,13,66,2006,Istanbul Park,5,6,1,1
Fernando Alonso,4,66,2006,Istanbul Park,5,4,3,2
Michael Schumacher,30,66,2006,Istanbul Park,5,6,2,3
Jenson Button,18,66,2006,Istanbul Park,5,11,6,4
Pedro de la Rosa,37,66,2006,Istanbul Park,5,1,11,5
Giancarlo Fisichella,21,66,2006,Istanbul Park,5,4,4,6
Ralf Schumacher,23,66,2006,Istanbul Park,5,7,15,7
Rubens Barrichello,22,66,2006,Istanbul Park,5,11,13,8
Jarno Trulli,15,66,2006,Istanbul Park,5,7,12,9
Mark Webber,17,66,2006,Istanbul Park,5,3,9,10
Christian Klien,32,66,2006,Istanbul Park,5,9,10,11
Robert Kubica,9,66,2006,Istanbul Park,5,2,8,12
Scott Speed,26,66,2006,Istanbul Park,5,5,17,13
Nick Heidfeld,2,66,2006,Istanbul Park,5,2,5,14
David Coulthard,14,66,2006,Istanbul Park,5,9,16,15
Michael Schumacher,30,67,2006,Autodromo Nazionale di Monza,14,6,2,1
Kimi Räikkönen,8,67,2006,Autodromo Nazionale di Monza,14,1,1,2
Robert Kubica,9,67,2006,Autodromo Nazionale di Monza,14,2,6,3
Giancarlo Fisichella,21,67,2006,Autodromo Nazionale di Monza,14,4,9,4
Jenson Button,18,67,2006,Autodromo Nazionale di Monza,14,11,5,5
Rubens Barrichello,22,67,2006,Autodromo Nazionale di Monza,14,11,8,6
Jarno Trulli,15,67,2006,Autodromo Nazionale di Monza,14,7,11,7
Nick Heidfeld,2,67,2006,Autodromo Nazionale di Monza,14,2,3,8
Felipe Massa,13,67,2006,Autodromo Nazionale di Monza,14,6,4,9
Mark Webber,17,67,2006,Autodromo Nazionale di Monza,14,3,19,10
Christian Klien,32,67,2006,Autodromo Nazionale di Monza,14,9,16,11
David Coulthard,14,67,2006,Autodromo Nazionale di Monza,14,9,14,12
Scott Speed,26,67,2006,Autodromo Nazionale di Monza,14,5,15,13
Vitantonio Liuzzi,24,67,2006,Autodromo Nazionale di Monza,14,5,17,14
Ralf Schumacher,23,67,2006,Autodromo Nazionale di Monza,14,7,13,15
Takuma Sato,11,67,2006,Autodromo Nazionale di Monza,14,8,21,16
Christijan Albers,27,67,2006,Autodromo Nazionale di Monza,14,14,18,17
Michael Schumacher,30,68,2006,Shanghai International Circuit,17,6,6,1
Fernando Alonso,4,68,2006,Shanghai International Circuit,17,4,1,2
Giancarlo Fisichella,21,68,2006,Shanghai International Circuit,17,4,2,3
Jenson Button,18,68,2006,Shanghai International Circuit,17,11,4,4
Pedro de la Rosa,37,68,2006,Shanghai International Circuit,17,1,7,5
Rubens Barrichello,22,68,2006,Shanghai International Circuit,17,11,3,6
Nick Heidfeld,2,68,2006,Shanghai International Circuit,17,2,8,7
Mark Webber,17,68,2006,Shanghai International Circuit,17,3,14,8
David Coulthard,14,68,2006,Shanghai International Circuit,17,9,12,9
Vitantonio Liuzzi,24,68,2006,Shanghai International Circuit,17,5,13,10
Nico Rosberg,3,68,2006,Shanghai International Circuit,17,3,15,11
Robert Doornbos,38,68,2006,Shanghai International Circuit,17,9,10,12
Robert Kubica,9,68,2006,Shanghai International Circuit,17,2,9,13
Scott Speed,26,68,2006,Shanghai International Circuit,17,5,11,14
Christijan Albers,27,68,2006,Shanghai International Circuit,17,14,22,15
Sakon Yamamoto,29,68,2006,Shanghai International Circuit,17,8,19,16
Fernando Alonso,4,69,2006,Suzuka Circuit,22,4,5,1
Felipe Massa,13,69,2006,Suzuka Circuit,22,6,1,2
Giancarlo Fisichella,21,69,2006,Suzuka Circuit,22,4,6,3
Jenson Button,18,69,2006,Suzuka Circuit,22,11,7,4
Kimi Räikkönen,8,69,2006,Suzuka Circuit,22,1,11,5
Jarno Trulli,15,69,2006,Suzuka Circuit,22,7,4,6
Ralf Schumacher,23,69,2006,Suzuka Circuit,22,7,3,7
Nick Heidfeld,2,69,2006,Suzuka Circuit,22,2,9,8
Robert Kubica,9,69,2006,Suzuka Circuit,22,2,12,9
Nico Rosberg,3,69,2006,Suzuka Circuit,22,3,10,10
Pedro de la Rosa,37,69,2006,Suzuka Circuit,22,1,13,11
Rubens Barrichello,22,69,2006,Suzuka Circuit,22,11,8,12
Robert Doornbos,38,69,2006,Suzuka Circuit,22,9,18,13
Vitantonio Liuzzi,24,69,2006,Suzuka Circuit,22,5,15,14
Takuma Sato,11,69,2006,Suzuka Circuit,22,8,20,15
Tiago Monteiro,33,69,2006,Suzuka Circuit,22,14,21,16
Sakon Yamamoto,29,69,2006,Suzuka Circuit,22,8,22,17
Scott Speed,26,69,2006,Suzuka Circuit,22,5,19,18
Felipe Massa,13,70,2006,Autódromo José Carlos Pace,18,6,1,1
Fernando Alonso,4,70,2006,Autódromo José Carlos Pace,18,4,4,2
Jenson Button,18,70,2006,Autódromo José Carlos Pace,18,11,14,3
Michael Schumacher,30,70,2006,Autódromo José Carlos Pace,18,6,10,4
Kimi Räikkönen,8,70,2006,Autódromo José Carlos Pace,18,1,2,5
Giancarlo Fisichella,21,70,2006,Autódromo José Carlos Pace,18,4,6,6
Rubens Barrichello,22,70,2006,Autódromo José Carlos Pace,18,11,5,7
Pedro de la Rosa,37,70,2006,Autódromo José Carlos Pace,18,1,12,8
Robert Kubica,9,70,2006,Autódromo José Carlos Pace,18,2,9,9
Takuma Sato,11,70,2006,Autódromo José Carlos Pace,18,8,19,10
Scott Speed,26,70,2006,Autódromo José Carlos Pace,18,5,16,11
Robert Doornbos,38,70,2006,Autódromo José Carlos Pace,18,9,22,12
Vitantonio Liuzzi,24,70,2006,Autódromo José Carlos Pace,18,5,15,13
Christijan Albers,27,70,2006,Autódromo José Carlos Pace,18,14,17,14
Tiago Monteiro,33,70,2006,Autódromo José Carlos Pace,18,14,21,15
Sakon Yamamoto,29,70,2006,Autódromo José Carlos Pace,18,8,20,16
Nick Heidfeld,2,70,2006,Autódromo José Carlos Pace,18,2,8,17
Giancarlo Fisichella,21,71,2005,Albert Park Grand Prix Circuit,1,4,1,1
Rubens Barrichello,22,71,2005,Albert Park Grand Prix Circuit,1,6,11,2
Fernando Alonso,4,71,2005,Albert Park Grand Prix Circuit,1,4,13,3
David Coulthard,14,71,2005,Albert Park Grand Prix Circuit,1,9,5,4
Mark Webber,17,71,2005,Albert Park Grand Prix Circuit,1,3,3,5
Juan Pablo Montoya,31,71,2005,Albert Park Grand Prix Circuit,1,1,9,6
Christian Klien,32,71,2005,Albert Park Grand Prix Circuit,1,9,6,7
Kimi Räikkönen,8,71,2005,Albert Park Grand Prix Circuit,1,1,10,8
Jarno Trulli,15,71,2005,Albert Park Grand Prix Circuit,1,7,2,9
Felipe Massa,13,71,2005,Albert Park Grand Prix Circuit,1,15,18,10
Ralf Schumacher,23,71,2005,Albert Park Grand Prix Circuit,1,7,15,12
Jacques Villeneuve,35,71,2005,Albert Park Grand Prix Circuit,1,15,4,13
Narain Karthikeyan,39,71,2005,Albert Park Grand Prix Circuit,1,17,12,15
Tiago Monteiro,33,71,2005,Albert Park Grand Prix Circuit,1,17,14,16
Patrick Friesacher,40,71,2005,Albert Park Grand Prix Circuit,1,18,16,17
Fernando Alonso,4,72,2005,Sepang International Circuit,2,4,1,1
Jarno Trulli,15,72,2005,Sepang International Circuit,2,7,2,2
Nick Heidfeld,2,72,2005,Sepang International Circuit,2,3,10,3
Juan Pablo Montoya,31,72,2005,Sepang International Circuit,2,1,11,4
Ralf Schumacher,23,72,2005,Sepang International Circuit,2,7,5,5
David Coulthard,14,72,2005,Sepang International Circuit,2,9,8,6
Michael Schumacher,30,72,2005,Sepang International Circuit,2,6,13,7
Christian Klien,32,72,2005,Sepang International Circuit,2,9,7,8
Kimi Räikkönen,8,72,2005,Sepang International Circuit,2,1,6,9
Felipe Massa,13,72,2005,Sepang International Circuit,2,15,14,10
Narain Karthikeyan,39,72,2005,Sepang International Circuit,2,17,17,11
Tiago Monteiro,33,72,2005,Sepang International Circuit,2,17,18,12
Christijan Albers,27,72,2005,Sepang International Circuit,2,18,19,13
Fernando Alonso,4,73,2005,Bahrain International Circuit,3,4,1,1
Jarno Trulli,15,73,2005,Bahrain International Circuit,3,7,3,2
Kimi Räikkönen,8,73,2005,Bahrain International Circuit,3,1,9,3
Ralf Schumacher,23,73,2005,Bahrain International Circuit,3,7,6,4
Pedro de la Rosa,37,73,2005,Bahrain International Circuit,3,1,8,5
Mark Webber,17,73,2005,Bahrain International Circuit,3,3,5,6
Felipe Massa,13,73,2005,Bahrain International Circuit,3,15,12,7
David Coulthard,14,73,2005,Bahrain International Circuit,3,9,14,8
Rubens Barrichello,22,73,2005,Bahrain International Circuit,3,6,20,9
Tiago Monteiro,33,73,2005,Bahrain International Circuit,3,17,16,10
Jacques Villeneuve,35,73,2005,Bahrain International Circuit,3,15,15,11
Patrick Friesacher,40,73,2005,Bahrain International Circuit,3,18,19,12
Christijan Albers,27,73,2005,Bahrain International Circuit,3,18,18,13
Fernando Alonso,4,74,2005,Autodromo Enzo e Dino Ferrari,21,4,2,1
Michael Schumacher,30,74,2005,Autodromo Enzo e Dino Ferrari,21,6,13,2
Alexander Wurz,25,74,2005,Autodromo Enzo e Dino Ferrari,21,1,7,3
Jacques Villeneuve,35,74,2005,Autodromo Enzo e Dino Ferrari,21,15,11,4
Jarno Trulli,15,74,2005,Autodromo Enzo e Dino Ferrari,21,7,5,5
Nick Heidfeld,2,74,2005,Autodromo Enzo e Dino Ferrari,21,3,8,6
Mark Webber,17,74,2005,Autodromo Enzo e Dino Ferrari,21,3,4,7
Vitantonio Liuzzi,24,74,2005,Autodromo Enzo e Dino Ferrari,21,9,15,8
Ralf Schumacher,23,74,2005,Autodromo Enzo e Dino Ferrari,21,7,10,9
Felipe Massa,13,74,2005,Autodromo Enzo e Dino Ferrari,21,15,18,10
David Coulthard,14,74,2005,Autodromo Enzo e Dino Ferrari,21,9,14,11
Narain Karthikeyan,39,74,2005,Autodromo Enzo e Dino Ferrari,21,17,16,12
Tiago Monteiro,33,74,2005,Autodromo Enzo e Dino Ferrari,21,17,17,13
Kimi Räikkönen,8,75,2005,Circuit de Barcelona-Catalunya,4,1,1,1
Fernando Alonso,4,75,2005,Circuit de Barcelona-Catalunya,4,4,3,2
Jarno Trulli,15,75,2005,Circuit de Barcelona-Catalunya,4,7,5,3
Ralf Schumacher,23,75,2005,Circuit de Barcelona-Catalunya,4,7,4,4
Giancarlo Fisichella,21,75,2005,Circuit de Barcelona-Catalunya,4,4,6,5
Mark Webber,17,75,2005,Circuit de Barcelona-Catalunya,4,3,2,6
Juan Pablo Montoya,31,75,2005,Circuit de Barcelona-Catalunya,4,1,7,7
David Coulthard,14,75,2005,Circuit de Barcelona-Catalunya,4,9,9,8
Rubens Barrichello,22,75,2005,Circuit de Barcelona-Catalunya,4,6,16,9
Nick Heidfeld,2,75,2005,Circuit de Barcelona-Catalunya,4,3,17,10
Felipe Massa,13,75,2005,Circuit de Barcelona-Catalunya,4,15,10,11
Tiago Monteiro,33,75,2005,Circuit de Barcelona-Catalunya,4,17,18,12
Narain Karthikeyan,39,75,2005,Circuit de Barcelona-Catalunya,4,17,13,13
Kimi Räikkönen,8,76,2005,Circuit de Monaco,6,1,1,1
Nick Heidfeld,2,76,2005,Circuit de Monaco,6,3,6,2
Mark Webber,17,76,2005,Circuit de Monaco,6,3,3,3
Fernando Alonso,4,76,2005,Circuit de Monaco,6,4,2,4
Juan Pablo Montoya,31,76,2005,Circuit de Monaco,6,1,16,5
Ralf Schumacher,23,76,2005,Circuit de Monaco,6,7,18,6
Michael Schumacher,30,76,2005,Circuit de Monaco,6,6,8,7
Rubens Barrichello,22,76,2005,Circuit de Monaco,6,6,10,8
Felipe Massa,13,76,2005,Circuit de Monaco,6,15,11,9
Jarno Trulli,15,76,2005,Circuit de Monaco,6,7,5,10
Jacques Villeneuve,35,76,2005,Circuit de Monaco,6,15,9,11
Giancarlo Fisichella,21,76,2005,Circuit de Monaco,6,4,4,12
Tiago Monteiro,33,76,2005,Circuit de Monaco,6,17,15,13
Christijan Albers,27,76,2005,Circuit de Monaco,6,18,14,14
Fernando Alonso,4,77,2005,Nürburgring,20,4,6,1
Nick Heidfeld,2,77,2005,Nürburgring,20,3,1,2
Rubens Barrichello,22,77,2005,Nürburgring,20,6,7,3
David Coulthard,14,77,2005,Nürburgring,20,9,12,4
Michael Schumacher,30,77,2005,Nürburgring,20,6,10,5
Giancarlo Fisichella,21,77,2005,Nürburgring,20,4,9,6
Juan Pablo Montoya,31,77,2005,Nürburgring,20,1,5,7
Jarno Trulli,15,77,2005,Nürburgring,20,7,4,8
Vitantonio Liuzzi,24,77,2005,Nürburgring,20,9,14,9
Jenson Button,18,77,2005,Nürburgring,20,16,13,10
Kimi Räikkönen,8,77,2005,Nürburgring,20,1,2,11
Takuma Sato,11,77,2005,Nürburgring,20,16,16,12
Jacques Villeneuve,35,77,2005,Nürburgring,20,15,15,13
Felipe Massa,13,77,2005,Nürburgring,20,15,11,14
Tiago Monteiro,33,77,2005,Nürburgring,20,17,17,15
Narain Karthikeyan,39,77,2005,Nürburgring,20,17,19,16
Christijan Albers,27,77,2005,Nürburgring,20,18,20,17
Patrick Friesacher,40,77,2005,Nürburgring,20,18,18,18
Kimi Räikkönen,8,78,2005,Circuit Gilles Villeneuve,7,1,7,1
Michael Schumacher,30,78,2005,Circuit Gilles Villeneuve,7,6,2,2
Rubens Barrichello,22,78,2005,Circuit Gilles Villeneuve,7,6,20,3
Felipe Massa,13,78,2005,Circuit Gilles Villeneuve,7,15,11,4
Mark Webber,17,78,2005,Circuit Gilles Villeneuve,7,3,14,5
Ralf Schumacher,23,78,2005,Circuit Gilles Villeneuve,7,7,10,6
David Coulthard,14,78,2005,Circuit Gilles Villeneuve,7,9,12,7
Christian Klien,32,78,2005,Circuit Gilles Villeneuve,7,9,16,8
Jacques Villeneuve,35,78,2005,Circuit Gilles Villeneuve,7,15,8,9
Tiago Monteiro,33,78,2005,Circuit Gilles Villeneuve,7,17,18,10
Christijan Albers,27,78,2005,Circuit Gilles Villeneuve,7,18,15,11
Michael Schumacher,30,79,2005,Indianapolis Motor Speedway,19,6,5,1
Rubens Barrichello,22,79,2005,Indianapolis Motor Speedway,19,6,7,2
Tiago Monteiro,33,79,2005,Indianapolis Motor Speedway,19,17,17,3
Narain Karthikeyan,39,79,2005,Indianapolis Motor Speedway,19,17,19,4
Christijan Albers,27,79,2005,Indianapolis Motor Speedway,19,18,18,5
Patrick Friesacher,40,79,2005,Indianapolis Motor Speedway,19,18,20,6
Fernando Alonso,4,80,2005,Circuit de Nevers Magny-Cours,8,4,1,1
Kimi Räikkönen,8,80,2005,Circuit de Nevers Magny-Cours,8,1,13,2
Michael Schumacher,30,80,2005,Circuit de Nevers Magny-Cours,8,6,3,3
Jenson Button,18,80,2005,Circuit de Nevers Magny-Cours,8,16,7,4
Jarno Trulli,15,80,2005,Circuit de Nevers Magny-Cours,8,7,2,5
Giancarlo Fisichella,21,80,2005,Circuit de Nevers Magny-Cours,8,4,6,6
Ralf Schumacher,23,80,2005,Circuit de Nevers Magny-Cours,8,7,11,7
Jacques Villeneuve,35,80,2005,Circuit de Nevers Magny-Cours,8,15,10,8
Rubens Barrichello,22,80,2005,Circuit de Nevers Magny-Cours,8,6,5,9
David Coulthard,14,80,2005,Circuit de Nevers Magny-Cours,8,9,15,10
Takuma Sato,11,80,2005,Circuit de Nevers Magny-Cours,8,16,4,11
Mark Webber,17,80,2005,Circuit de Nevers Magny-Cours,8,3,12,12
Tiago Monteiro,33,80,2005,Circuit de Nevers Magny-Cours,8,17,19,13
Nick Heidfeld,2,80,2005,Circuit de Nevers Magny-Cours,8,3,14,14
Narain Karthikeyan,39,80,2005,Circuit de Nevers Magny-Cours,8,17,17,15
Juan Pablo Montoya,31,81,2005,Silverstone Circuit,9,1,3,1
Fernando Alonso,4,81,2005,Silverstone Circuit,9,4,1,2
Kimi Räikkönen,8,81,2005,Silverstone Circuit,9,1,12,3
Giancarlo Fisichella,21,81,2005,Silverstone Circuit,9,4,6,4
Jenson Button,18,81,2005,Silverstone Circuit,9,16,2,5
Michael Schumacher,30,81,2005,Silverstone Circuit,9,6,9,6
Rubens Barrichello,22,81,2005,Silverstone Circuit,9,6,5,7
Ralf Schumacher,23,81,2005,Silverstone Circuit,9,7,8,8
Jarno Trulli,15,81,2005,Silverstone Circuit,9,7,4,9
Felipe Massa,13,81,2005,Silverstone Circuit,9,15,16,10
Mark Webber,17,81,2005,Silverstone Circuit,9,3,11,11
Nick Heidfeld,2,81,2005,Silverstone Circuit,9,3,14,12
David Coulthard,14,81,2005,Silverstone Circuit,9,9,13,13
Jacques Villeneuve,35,81,2005,Silverstone Circuit,9,15,10,14
Christian Klien,32,81,2005,Silverstone Circuit,9,9,15,15
Takuma Sato,11,81,2005,Silverstone Circuit,9,16,7,16
Tiago Monteiro,33,81,2005,Silverstone Circuit,9,17,20,17
Christijan Albers,27,81,2005,Silverstone Circuit,9,18,18,18
Patrick Friesacher,40,81,2005,Silverstone Circuit,9,18,19,19
Fernando Alonso,4,82,2005,Hockenheimring,10,4,3,1
Juan Pablo Montoya,31,82,2005,Hockenheimring,10,1,20,2
Jenson Button,18,82,2005,Hockenheimring,10,16,2,3
Giancarlo Fisichella,21,82,2005,Hockenheimring,10,4,4,4
Michael Schumacher,30,82,2005,Hockenheimring,10,6,5,5
Ralf Schumacher,23,82,2005,Hockenheimring,10,7,12,6
David Coulthard,14,82,2005,Hockenheimring,10,9,11,7
Felipe Massa,13,82,2005,Hockenheimring,10,15,13,8
Christian Klien,32,82,2005,Hockenheimring,10,9,10,9
Rubens Barrichello,22,82,2005,Hockenheimring,10,6,15,10
Nick Heidfeld,2,82,2005,Hockenheimring,10,3,7,11
Takuma Sato,11,82,2005,Hockenheimring,10,16,8,12
Christijan Albers,27,82,2005,Hockenheimring,10,18,16,13
Jarno Trulli,15,82,2005,Hockenheimring,10,7,9,14
Jacques Villeneuve,35,82,2005,Hockenheimring,10,15,14,15
Narain Karthikeyan,39,82,2005,Hockenheimring,10,17,19,16
Tiago Monteiro,33,82,2005,Hockenheimring,10,17,18,17
Robert Doornbos,38,82,2005,Hockenheimring,10,18,17,18
Kimi Räikkönen,8,83,2005,Hungaroring,11,1,4,1
Michael Schumacher,30,83,2005,Hungaroring,11,6,1,2
Ralf Schumacher,23,83,2005,Hungaroring,11,7,5,3
Jarno Trulli,15,83,2005,Hungaroring,11,7,3,4
Jenson Button,18,83,2005,Hungaroring,11,16,8,5
Nick Heidfeld,2,83,2005,Hungaroring,11,3,12,6
Mark Webber,17,83,2005,Hungaroring,11,3,16,7
Takuma Sato,11,83,2005,Hungaroring,11,16,10,8
Giancarlo Fisichella,21,83,2005,Hungaroring,11,4,9,9
Rubens Barrichello,22,83,2005,Hungaroring,11,6,7,10
Fernando Alonso,4,83,2005,Hungaroring,11,4,6,11
Narain Karthikeyan,39,83,2005,Hungaroring,11,17,18,12
Tiago Monteiro,33,83,2005,Hungaroring,11,17,20,13
Felipe Massa,13,83,2005,Hungaroring,11,15,14,14
Kimi Räikkönen,8,84,2005,Istanbul Park,5,1,1,1
Fernando Alonso,4,84,2005,Istanbul Park,5,4,3,2
Juan Pablo Montoya,31,84,2005,Istanbul Park,5,1,4,3
Giancarlo Fisichella,21,84,2005,Istanbul Park,5,4,2,4
Jenson Button,18,84,2005,Istanbul Park,5,16,13,5
Jarno Trulli,15,84,2005,Istanbul Park,5,7,5,6
David Coulthard,14,84,2005,Istanbul Park,5,9,12,7
Christian Klien,32,84,2005,Istanbul Park,5,9,10,8
Takuma Sato,11,84,2005,Istanbul Park,5,16,20,9
Rubens Barrichello,22,84,2005,Istanbul Park,5,6,11,10
Jacques Villeneuve,35,84,2005,Istanbul Park,5,15,16,11
Ralf Schumacher,23,84,2005,Istanbul Park,5,7,9,12
Robert Doornbos,38,84,2005,Istanbul Park,5,18,17,13
Narain Karthikeyan,39,84,2005,Istanbul Park,5,17,18,14
Tiago Monteiro,33,84,2005,Istanbul Park,5,17,14,15
Juan Pablo Montoya,31,85,2005,Autodromo Nazionale di Monza,14,1,1,1
Fernando Alonso,4,85,2005,Autodromo Nazionale di Monza,14,4,2,2
Giancarlo Fisichella,21,85,2005,Autodromo Nazionale di Monza,14,4,8,3
Kimi Räikkönen,8,85,2005,Autodromo Nazionale di Monza,14,1,11,4
Jarno Trulli,15,85,2005,Autodromo Nazionale di Monza,14,7,5,5
Ralf Schumacher,23,85,2005,Autodromo Nazionale di Monza,14,7,9,6
Antônio Pizzonia,42,85,2005,Autodromo Nazionale di Monza,14,3,16,7
Jenson Button,18,85,2005,Autodromo Nazionale di Monza,14,16,3,8
Felipe Massa,13,85,2005,Autodromo Nazionale di Monza,14,15,15,9
Michael Schumacher,30,85,2005,Autodromo Nazionale di Monza,14,6,6,10
Jacques Villeneuve,35,85,2005,Autodromo Nazionale di Monza,14,15,12,11
Rubens Barrichello,22,85,2005,Autodromo Nazionale di Monza,14,6,7,12
Christian Klien,32,85,2005,Autodromo Nazionale di Monza,14,9,13,13
Mark Webber,17,85,2005,Autodromo Nazionale di Monza,14,3,14,14
David Coulthard,14,85,2005,Autodromo Nazionale di Monza,14,9,10,15
Takuma Sato,11,85,2005,Autodromo Nazionale di Monza,14,16,4,16
Tiago Monteiro,33,85,2005,Autodromo Nazionale di Monza,14,17,17,17
Robert Doornbos,38,85,2005,Autodromo Nazionale di Monza,14,18,18,18
Christijan Albers,27,85,2005,Autodromo Nazionale di Monza,14,18,20,19
Narain Karthikeyan,39,85,2005,Autodromo Nazionale di Monza,14,17,19,20
Kimi Räikkönen,8,86,2005,Circuit de Spa-Francorchamps,13,1,2,1
Fernando Alonso,4,86,2005,Circuit de Spa-Francorchamps,13,4,4,2
Jenson Button,18,86,2005,Circuit de Spa-Francorchamps,13,16,8,3
Mark Webber,17,86,2005,Circuit de Spa-Francorchamps,13,3,9,4
Rubens Barrichello,22,86,2005,Circuit de Spa-Francorchamps,13,6,12,5
Jacques Villeneuve,35,86,2005,Circuit de Spa-Francorchamps,13,15,14,6
Ralf Schumacher,23,86,2005,Circuit de Spa-Francorchamps,13,7,5,7
Tiago Monteiro,33,86,2005,Circuit de Spa-Francorchamps,13,17,19,8
Christian Klien,32,86,2005,Circuit de Spa-Francorchamps,13,9,16,9
Felipe Massa,13,86,2005,Circuit de Spa-Francorchamps,13,15,7,10
Narain Karthikeyan,39,86,2005,Circuit de Spa-Francorchamps,13,17,20,11
Christijan Albers,27,86,2005,Circuit de Spa-Francorchamps,13,18,18,12
Robert Doornbos,38,86,2005,Circuit de Spa-Francorchamps,13,18,17,13
Juan Pablo Montoya,31,86,2005,Circuit de Spa-Francorchamps,13,1,1,14
Antônio Pizzonia,42,86,2005,Circuit de Spa-Francorchamps,13,3,15,15
Juan Pablo Montoya,31,87,2005,Autódromo José Carlos Pace,18,1,2,1
Kimi Räikkönen,8,87,2005,Autódromo José Carlos Pace,18,1,5,2
Fernando Alonso,4,87,2005,Autódromo José Carlos Pace,18,4,1,3
Michael Schumacher,30,87,2005,Autódromo José Carlos Pace,18,6,7,4
Giancarlo Fisichella,21,87,2005,Autódromo José Carlos Pace,18,4,3,5
Rubens Barrichello,22,87,2005,Autódromo José Carlos Pace,18,6,9,6
Jenson Button,18,87,2005,Autódromo José Carlos Pace,18,16,4,7
Ralf Schumacher,23,87,2005,Autódromo José Carlos Pace,18,7,10,8
Christian Klien,32,87,2005,Autódromo José Carlos Pace,18,9,6,9
Takuma Sato,11,87,2005,Autódromo José Carlos Pace,18,16,19,10
Felipe Massa,13,87,2005,Autódromo José Carlos Pace,18,15,8,11
Jacques Villeneuve,35,87,2005,Autódromo José Carlos Pace,18,15,20,12
Jarno Trulli,15,87,2005,Autódromo José Carlos Pace,18,7,17,13
Christijan Albers,27,87,2005,Autódromo José Carlos Pace,18,18,16,14
Narain Karthikeyan,39,87,2005,Autódromo José Carlos Pace,18,17,15,15
Kimi Räikkönen,8,88,2005,Suzuka Circuit,22,1,17,1
Giancarlo Fisichella,21,88,2005,Suzuka Circuit,22,4,3,2
Fernando Alonso,4,88,2005,Suzuka Circuit,22,4,16,3
Mark Webber,17,88,2005,Suzuka Circuit,22,3,7,4
Jenson Button,18,88,2005,Suzuka Circuit,22,16,2,5
David Coulthard,14,88,2005,Suzuka Circuit,22,9,6,6
Michael Schumacher,30,88,2005,Suzuka Circuit,22,6,14,7
Ralf Schumacher,23,88,2005,Suzuka Circuit,22,7,1,8
Christian Klien,32,88,2005,Suzuka Circuit,22,9,4,9
Felipe Massa,13,88,2005,Suzuka Circuit,22,15,10,10
Rubens Barrichello,22,88,2005,Suzuka Circuit,22,6,9,11
Jacques Villeneuve,35,88,2005,Suzuka Circuit,22,15,8,12
Tiago Monteiro,33,88,2005,Suzuka Circuit,22,17,20,13
Robert Doornbos,38,88,2005,Suzuka Circuit,22,18,15,14
Narain Karthikeyan,39,88,2005,Suzuka Circuit,22,17,11,15
Christijan Albers,27,88,2005,Suzuka Circuit,22,18,13,16
Fernando Alonso,4,89,2005,Shanghai International Circuit,17,4,1,1
Kimi Räikkönen,8,89,2005,Shanghai International Circuit,17,1,3,2
Ralf Schumacher,23,89,2005,Shanghai International Circuit,17,7,9,3
Giancarlo Fisichella,21,89,2005,Shanghai International Circuit,17,4,2,4
Christian Klien,32,89,2005,Shanghai International Circuit,17,9,14,5
Felipe Massa,13,89,2005,Shanghai International Circuit,17,15,11,6
Mark Webber,17,89,2005,Shanghai International Circuit,17,3,10,7
Jenson Button,18,89,2005,Shanghai International Circuit,17,16,4,8
David Coulthard,14,89,2005,Shanghai International Circuit,17,9,7,9
Jacques Villeneuve,35,89,2005,Shanghai International Circuit,17,15,16,10
Tiago Monteiro,33,89,2005,Shanghai International Circuit,17,17,19,11
Rubens Barrichello,22,89,2005,Shanghai International Circuit,17,6,8,12
Antônio Pizzonia,42,89,2005,Shanghai International Circuit,17,3,13,13
Robert Doornbos,38,89,2005,Shanghai International Circuit,17,18,20,14
Jarno Trulli,15,89,2005,Shanghai International Circuit,17,7,12,15
Christijan Albers,27,89,2005,Shanghai International Circuit,17,18,18,16
Michael Schumacher,30,90,2004,Albert Park Grand Prix Circuit,1,6,1,1
Rubens Barrichello,22,90,2004,Albert Park Grand Prix Circuit,1,6,2,2
Fernando Alonso,4,90,2004,Albert Park Grand Prix Circuit,1,4,5,3
Ralf Schumacher,23,90,2004,Albert Park Grand Prix Circuit,1,3,8,4
Juan Pablo Montoya,31,90,2004,Albert Park Grand Prix Circuit,1,3,3,5
Jenson Button,18,90,2004,Albert Park Grand Prix Circuit,1,16,4,6
Jarno Trulli,15,90,2004,Albert Park Grand Prix Circuit,1,4,9,7
David Coulthard,14,90,2004,Albert Park Grand Prix Circuit,1,1,12,8
Takuma Sato,11,90,2004,Albert Park Grand Prix Circuit,1,16,7,9
Giancarlo Fisichella,21,90,2004,Albert Park Grand Prix Circuit,1,15,14,10
Christian Klien,32,90,2004,Albert Park Grand Prix Circuit,1,19,19,11
Cristiano da Matta,43,90,2004,Albert Park Grand Prix Circuit,1,7,13,12
Olivier Panis,44,90,2004,Albert Park Grand Prix Circuit,1,7,18,13
Giorgio Pantano,45,90,2004,Albert Park Grand Prix Circuit,1,17,16,14
Michael Schumacher,30,91,2004,Sepang International Circuit,2,6,1,1
Juan Pablo Montoya,31,91,2004,Sepang International Circuit,2,3,4,2
Jenson Button,18,91,2004,Sepang International Circuit,2,16,6,3
Rubens Barrichello,22,91,2004,Sepang International Circuit,2,6,3,4
Jarno Trulli,15,91,2004,Sepang International Circuit,2,4,8,5
David Coulthard,14,91,2004,Sepang International Circuit,2,1,9,6
Fernando Alonso,4,91,2004,Sepang International Circuit,2,4,19,7
Felipe Massa,13,91,2004,Sepang International Circuit,2,15,11,8
Cristiano da Matta,43,91,2004,Sepang International Circuit,2,7,10,9
Christian Klien,32,91,2004,Sepang International Circuit,2,19,13,10
Giancarlo Fisichella,21,91,2004,Sepang International Circuit,2,15,12,11
Olivier Panis,44,91,2004,Sepang International Circuit,2,7,14,12
Giorgio Pantano,45,91,2004,Sepang International Circuit,2,17,18,13
Gianmaria Bruni,46,91,2004,Sepang International Circuit,2,18,16,14
Takuma Sato,11,91,2004,Sepang International Circuit,2,16,20,15
Zsolt Baumgartner,47,91,2004,Sepang International Circuit,2,18,17,16
Michael Schumacher,30,92,2004,Bahrain International Circuit,3,6,1,1
Rubens Barrichello,22,92,2004,Bahrain International Circuit,3,6,2,2
Jenson Button,18,92,2004,Bahrain International Circuit,3,16,6,3
Jarno Trulli,15,92,2004,Bahrain International Circuit,3,4,7,4
Takuma Sato,11,92,2004,Bahrain International Circuit,3,16,5,5
Fernando Alonso,4,92,2004,Bahrain International Circuit,3,4,16,6
Ralf Schumacher,23,92,2004,Bahrain International Circuit,3,3,4,7
Mark Webber,17,92,2004,Bahrain International Circuit,3,19,14,8
Olivier Panis,44,92,2004,Bahrain International Circuit,3,7,8,9
Cristiano da Matta,43,92,2004,Bahrain International Circuit,3,7,9,10
Giancarlo Fisichella,21,92,2004,Bahrain International Circuit,3,15,11,11
Felipe Massa,13,92,2004,Bahrain International Circuit,3,15,13,12
Juan Pablo Montoya,31,92,2004,Bahrain International Circuit,3,3,3,13
Christian Klien,32,92,2004,Bahrain International Circuit,3,19,12,14
Nick Heidfeld,2,92,2004,Bahrain International Circuit,3,17,18,15
Giorgio Pantano,45,92,2004,Bahrain International Circuit,3,17,15,16
Gianmaria Bruni,46,92,2004,Bahrain International Circuit,3,18,17,17
Michael Schumacher,30,93,2004,Autodromo Enzo e Dino Ferrari,21,6,2,1
Jenson Button,18,93,2004,Autodromo Enzo e Dino Ferrari,21,16,1,2
Juan Pablo Montoya,31,93,2004,Autodromo Enzo e Dino Ferrari,21,3,3,3
Fernando Alonso,4,93,2004,Autodromo Enzo e Dino Ferrari,21,4,6,4
Jarno Trulli,15,93,2004,Autodromo Enzo e Dino Ferrari,21,4,9,5
Rubens Barrichello,22,93,2004,Autodromo Enzo e Dino Ferrari,21,6,4,6
Ralf Schumacher,23,93,2004,Autodromo Enzo e Dino Ferrari,21,3,5,7
Kimi Räikkönen,8,93,2004,Autodromo Enzo e Dino Ferrari,21,1,20,8
Giancarlo Fisichella,21,93,2004,Autodromo Enzo e Dino Ferrari,21,15,18,9
Felipe Massa,13,93,2004,Autodromo Enzo e Dino Ferrari,21,15,12,10
Olivier Panis,44,93,2004,Autodromo Enzo e Dino Ferrari,21,7,13,11
David Coulthard,14,93,2004,Autodromo Enzo e Dino Ferrari,21,1,11,12
Mark Webber,17,93,2004,Autodromo Enzo e Dino Ferrari,21,19,8,13
Christian Klien,32,93,2004,Autodromo Enzo e Dino Ferrari,21,19,14,14
Zsolt Baumgartner,47,93,2004,Autodromo Enzo e Dino Ferrari,21,18,19,15
Takuma Sato,11,93,2004,Autodromo Enzo e Dino Ferrari,21,16,7,16
Michael Schumacher,30,94,2004,Circuit de Barcelona-Catalunya,4,6,1,1
Rubens Barrichello,22,94,2004,Circuit de Barcelona-Catalunya,4,6,5,2
Jarno Trulli,15,94,2004,Circuit de Barcelona-Catalunya,4,4,4,3
Fernando Alonso,4,94,2004,Circuit de Barcelona-Catalunya,4,4,8,4
Takuma Sato,11,94,2004,Circuit de Barcelona-Catalunya,4,16,3,5
Ralf Schumacher,23,94,2004,Circuit de Barcelona-Catalunya,4,3,6,6
Giancarlo Fisichella,21,94,2004,Circuit de Barcelona-Catalunya,4,15,12,7
Jenson Button,18,94,2004,Circuit de Barcelona-Catalunya,4,16,14,8
Felipe Massa,13,94,2004,Circuit de Barcelona-Catalunya,4,15,17,9
David Coulthard,14,94,2004,Circuit de Barcelona-Catalunya,4,1,10,10
Kimi Räikkönen,8,94,2004,Circuit de Barcelona-Catalunya,4,1,13,11
Mark Webber,17,94,2004,Circuit de Barcelona-Catalunya,4,19,9,12
Cristiano da Matta,43,94,2004,Circuit de Barcelona-Catalunya,4,7,11,13
Jarno Trulli,15,95,2004,Circuit de Monaco,6,4,1,1
Jenson Button,18,95,2004,Circuit de Monaco,6,16,2,2
Rubens Barrichello,22,95,2004,Circuit de Monaco,6,6,6,3
Juan Pablo Montoya,31,95,2004,Circuit de Monaco,6,3,9,4
Felipe Massa,13,95,2004,Circuit de Monaco,6,15,16,5
Cristiano da Matta,43,95,2004,Circuit de Monaco,6,7,15,6
Nick Heidfeld,2,95,2004,Circuit de Monaco,6,17,17,7
Olivier Panis,44,95,2004,Circuit de Monaco,6,7,13,8
Zsolt Baumgartner,47,95,2004,Circuit de Monaco,6,18,19,9
Ralf Schumacher,23,95,2004,Circuit de Monaco,6,3,12,10
Michael Schumacher,30,96,2004,Nürburgring,20,6,1,1
Rubens Barrichello,22,96,2004,Nürburgring,20,6,7,2
Jenson Button,18,96,2004,Nürburgring,20,16,5,3
Jarno Trulli,15,96,2004,Nürburgring,20,4,3,4
Fernando Alonso,4,96,2004,Nürburgring,20,4,6,5
Giancarlo Fisichella,21,96,2004,Nürburgring,20,15,19,6
Mark Webber,17,96,2004,Nürburgring,20,19,14,7
Juan Pablo Montoya,31,96,2004,Nürburgring,20,3,8,8
Felipe Massa,13,96,2004,Nürburgring,20,15,16,9
Nick Heidfeld,2,96,2004,Nürburgring,20,17,13,10
Olivier Panis,44,96,2004,Nürburgring,20,7,10,11
Christian Klien,32,96,2004,Nürburgring,20,19,12,12
Giorgio Pantano,45,96,2004,Nürburgring,20,17,15,13
Gianmaria Bruni,46,96,2004,Nürburgring,20,18,20,14
Zsolt Baumgartner,47,96,2004,Nürburgring,20,18,17,15
Michael Schumacher,30,97,2004,Circuit Gilles Villeneuve,7,6,6,1
Rubens Barrichello,22,97,2004,Circuit Gilles Villeneuve,7,6,7,2
Jenson Button,18,97,2004,Circuit Gilles Villeneuve,7,16,2,3
Giancarlo Fisichella,21,97,2004,Circuit Gilles Villeneuve,7,15,11,4
Kimi Räikkönen,8,97,2004,Circuit Gilles Villeneuve,7,1,8,5
David Coulthard,14,97,2004,Circuit Gilles Villeneuve,7,1,9,6
Timo Glock,10,97,2004,Circuit Gilles Villeneuve,7,17,16,7
Nick Heidfeld,2,97,2004,Circuit Gilles Villeneuve,7,17,15,8
Christian Klien,32,97,2004,Circuit Gilles Villeneuve,7,19,10,9
Zsolt Baumgartner,47,97,2004,Circuit Gilles Villeneuve,7,18,18,10
Michael Schumacher,30,98,2004,Indianapolis Motor Speedway,19,6,2,1
Rubens Barrichello,22,98,2004,Indianapolis Motor Speedway,19,6,1,2
Takuma Sato,11,98,2004,Indianapolis Motor Speedway,19,16,3,3
Jarno Trulli,15,98,2004,Indianapolis Motor Speedway,19,4,20,4
Olivier Panis,44,98,2004,Indianapolis Motor Speedway,19,7,8,5
Kimi Räikkönen,8,98,2004,Indianapolis Motor Speedway,19,1,7,6
David Coulthard,14,98,2004,Indianapolis Motor Speedway,19,1,12,7
Zsolt Baumgartner,47,98,2004,Indianapolis Motor Speedway,19,18,19,8
Giancarlo Fisichella,21,98,2004,Indianapolis Motor Speedway,19,15,14,9
Michael Schumacher,30,99,2004,Circuit de Nevers Magny-Cours,8,6,2,1
Fernando Alonso,4,99,2004,Circuit de Nevers Magny-Cours,8,4,1,2
Rubens Barrichello,22,99,2004,Circuit de Nevers Magny-Cours,8,6,10,3
Jarno Trulli,15,99,2004,Circuit de Nevers Magny-Cours,8,4,5,4
Jenson Button,18,99,2004,Circuit de Nevers Magny-Cours,8,16,4,5
David Coulthard,14,99,2004,Circuit de Nevers Magny-Cours,8,1,3,6
Kimi Räikkönen,8,99,2004,Circuit de Nevers Magny-Cours,8,1,9,7
Juan Pablo Montoya,31,99,2004,Circuit de Nevers Magny-Cours,8,3,6,8
Mark Webber,17,99,2004,Circuit de Nevers Magny-Cours,8,19,12,9
Marc Gené,48,99,2004,Circuit de Nevers Magny-Cours,8,3,8,10
Christian Klien,32,99,2004,Circuit de Nevers Magny-Cours,8,19,13,11
Giancarlo Fisichella,21,99,2004,Circuit de Nevers Magny-Cours,8,15,15,12
Felipe Massa,13,99,2004,Circuit de Nevers Magny-Cours,8,15,16,13
Cristiano da Matta,43,99,2004,Circuit de Nevers Magny-Cours,8,7,11,14
Olivier Panis,44,99,2004,Circuit de Nevers Magny-Cours,8,7,14,15
Nick Heidfeld,2,99,2004,Circuit de Nevers Magny-Cours,8,17,17,16
Giorgio Pantano,45,99,2004,Circuit de Nevers Magny-Cours,8,17,18,17
Gianmaria Bruni,46,99,2004,Circuit de Nevers Magny-Cours,8,18,19,18
Michael Schumacher,30,100,2004,Silverstone Circuit,9,6,4,1
Kimi Räikkönen,8,100,2004,Silverstone Circuit,9,1,1,2
Rubens Barrichello,22,100,2004,Silverstone Circuit,9,6,2,3
Jenson Button,18,100,2004,Silverstone Circuit,9,16,3,4
Juan Pablo Montoya,31,100,2004,Silverstone Circuit,9,3,7,5
Giancarlo Fisichella,21,100,2004,Silverstone Circuit,9,15,20,6
David Coulthard,14,100,2004,Silverstone Circuit,9,1,6,7
Mark Webber,17,100,2004,Silverstone Circuit,9,19,9,8
Felipe Massa,13,100,2004,Silverstone Circuit,9,15,10,9
Fernando Alonso,4,100,2004,Silverstone Circuit,9,4,16,10
Takuma Sato,11,100,2004,Silverstone Circuit,9,16,8,11
Marc Gené,48,100,2004,Silverstone Circuit,9,3,11,12
Cristiano da Matta,43,100,2004,Silverstone Circuit,9,7,12,13
Christian Klien,32,100,2004,Silverstone Circuit,9,19,13,14
Nick Heidfeld,2,100,2004,Silverstone Circuit,9,17,15,15
Gianmaria Bruni,46,100,2004,Silverstone Circuit,9,18,18,16
Michael Schumacher,30,101,2004,Hockenheimring,10,6,1,1
Jenson Button,18,101,2004,Hockenheimring,10,16,13,2
Fernando Alonso,4,101,2004,Hockenheimring,10,4,5,3
David Coulthard,14,101,2004,Hockenheimring,10,1,4,4
Juan Pablo Montoya,31,101,2004,Hockenheimring,10,3,2,5
Mark Webber,17,101,2004,Hockenheimring,10,19,11,6
Antônio Pizzonia,42,101,2004,Hockenheimring,10,3,10,7
Takuma Sato,11,101,2004,Hockenheimring,10,16,8,8
Giancarlo Fisichella,21,101,2004,Hockenheimring,10,15,14,9
Christian Klien,32,101,2004,Hockenheimring,10,19,12,10
Jarno Trulli,15,101,2004,Hockenheimring,10,4,6,11
Rubens Barrichello,22,101,2004,Hockenheimring,10,6,7,12
Felipe Massa,13,101,2004,Hockenheimring,10,15,16,13
Olivier Panis,44,101,2004,Hockenheimring,10,7,9,14
Giorgio Pantano,45,101,2004,Hockenheimring,10,17,17,15
Zsolt Baumgartner,47,101,2004,Hockenheimring,10,18,20,16
Gianmaria Bruni,46,101,2004,Hockenheimring,10,18,19,17
Michael Schumacher,30,102,2004,Hungaroring,11,6,1,1
Rubens Barrichello,22,102,2004,Hungaroring,11,6,2,2
Fernando Alonso,4,102,2004,Hungaroring,11,4,5,3
Juan Pablo Montoya,31,102,2004,Hungaroring,11,3,7,4
Jenson Button,18,102,2004,Hungaroring,11,16,4,5
Takuma Sato,11,102,2004,Hungaroring,11,16,3,6
Antônio Pizzonia,42,102,2004,Hungaroring,11,3,6,7
Giancarlo Fisichella,21,102,2004,Hungaroring,11,15,8,8
David Coulthard,14,102,2004,Hungaroring,11,1,12,9
Mark Webber,17,102,2004,Hungaroring,11,19,11,10
Olivier Panis,44,102,2004,Hungaroring,11,7,13,11
Nick Heidfeld,2,102,2004,Hungaroring,11,17,16,12
Christian Klien,32,102,2004,Hungaroring,11,19,14,13
Gianmaria Bruni,46,102,2004,Hungaroring,11,18,19,14
Zsolt Baumgartner,47,102,2004,Hungaroring,11,18,18,15
Kimi Räikkönen,8,103,2004,Circuit de Spa-Francorchamps,13,1,10,1
Michael Schumacher,30,103,2004,Circuit de Spa-Francorchamps,13,6,2,2
Rubens Barrichello,22,103,2004,Circuit de Spa-Francorchamps,13,6,6,3
Felipe Massa,13,103,2004,Circuit de Spa-Francorchamps,13,15,8,4
Giancarlo Fisichella,21,103,2004,Circuit de Spa-Francorchamps,13,15,5,5
Christian Klien,32,103,2004,Circuit de Spa-Francorchamps,13,19,13,6
David Coulthard,14,103,2004,Circuit de Spa-Francorchamps,13,1,4,7
Olivier Panis,44,103,2004,Circuit de Spa-Francorchamps,13,7,9,8
Jarno Trulli,15,103,2004,Circuit de Spa-Francorchamps,13,4,1,9
Ricardo Zonta,41,103,2004,Circuit de Spa-Francorchamps,13,7,20,10
Nick Heidfeld,2,103,2004,Circuit de Spa-Francorchamps,13,17,16,11
Rubens Barrichello,22,104,2004,Autodromo Nazionale di Monza,14,6,1,1
Michael Schumacher,30,104,2004,Autodromo Nazionale di Monza,14,6,3,2
Jenson Button,18,104,2004,Autodromo Nazionale di Monza,14,16,6,3
Takuma Sato,11,104,2004,Autodromo Nazionale di Monza,14,16,5,4
Juan Pablo Montoya,31,104,2004,Autodromo Nazionale di Monza,14,3,2,5
David Coulthard,14,104,2004,Autodromo Nazionale di Monza,14,1,10,6
Antônio Pizzonia,42,104,2004,Autodromo Nazionale di Monza,14,3,8,7
Giancarlo Fisichella,21,104,2004,Autodromo Nazionale di Monza,14,15,15,8
Mark Webber,17,104,2004,Autodromo Nazionale di Monza,14,19,12,9
Jarno Trulli,15,104,2004,Autodromo Nazionale di Monza,14,4,9,10
Ricardo Zonta,41,104,2004,Autodromo Nazionale di Monza,14,7,11,11
Felipe Massa,13,104,2004,Autodromo Nazionale di Monza,14,15,16,12
Christian Klien,32,104,2004,Autodromo Nazionale di Monza,14,19,14,13
Nick Heidfeld,2,104,2004,Autodromo Nazionale di Monza,14,17,20,14
Zsolt Baumgartner,47,104,2004,Autodromo Nazionale di Monza,14,18,19,15
Rubens Barrichello,22,105,2004,Shanghai International Circuit,17,6,1,1
Jenson Button,18,105,2004,Shanghai International Circuit,17,16,3,2
Kimi Räikkönen,8,105,2004,Shanghai International Circuit,17,1,2,3
Fernando Alonso,4,105,2004,Shanghai International Circuit,17,4,6,4
Juan Pablo Montoya,31,105,2004,Shanghai International Circuit,17,3,10,5
Takuma Sato,11,105,2004,Shanghai International Circuit,17,16,18,6
Giancarlo Fisichella,21,105,2004,Shanghai International Circuit,17,15,7,7
Felipe Massa,13,105,2004,Shanghai International Circuit,17,15,4,8
David Coulthard,14,105,2004,Shanghai International Circuit,17,1,9,9
Mark Webber,17,105,2004,Shanghai International Circuit,17,19,11,10
Jacques Villeneuve,35,105,2004,Shanghai International Circuit,17,4,12,11
Michael Schumacher,30,105,2004,Shanghai International Circuit,17,6,20,12
Nick Heidfeld,2,105,2004,Shanghai International Circuit,17,17,14,13
Olivier Panis,44,105,2004,Shanghai International Circuit,17,7,8,14
Timo Glock,10,105,2004,Shanghai International Circuit,17,17,16,15
Zsolt Baumgartner,47,105,2004,Shanghai International Circuit,17,18,19,16
Michael Schumacher,30,106,2004,Suzuka Circuit,22,6,1,1
Ralf Schumacher,23,106,2004,Suzuka Circuit,22,3,2,2
Jenson Button,18,106,2004,Suzuka Circuit,22,16,5,3
Takuma Sato,11,106,2004,Suzuka Circuit,22,16,4,4
Fernando Alonso,4,106,2004,Suzuka Circuit,22,4,11,5
Kimi Räikkönen,8,106,2004,Suzuka Circuit,22,1,12,6
Juan Pablo Montoya,31,106,2004,Suzuka Circuit,22,3,13,7
Giancarlo Fisichella,21,106,2004,Suzuka Circuit,22,15,7,8
Felipe Massa,13,106,2004,Suzuka Circuit,22,15,19,9
Jacques Villeneuve,35,106,2004,Suzuka Circuit,22,4,9,10
Jarno Trulli,15,106,2004,Suzuka Circuit,22,7,6,11
Christian Klien,32,106,2004,Suzuka Circuit,22,19,14,12
Nick Heidfeld,2,106,2004,Suzuka Circuit,22,17,16,13
Olivier Panis,44,106,2004,Suzuka Circuit,22,7,10,14
Timo Glock,10,106,2004,Suzuka Circuit,22,17,17,15
Gianmaria Bruni,46,106,2004,Suzuka Circuit,22,18,18,16
Juan Pablo Montoya,31,107,2004,Autódromo José Carlos Pace,18,3,2,1
Kimi Räikkönen,8,107,2004,Autódromo José Carlos Pace,18,1,3,2
Rubens Barrichello,22,107,2004,Autódromo José Carlos Pace,18,6,1,3
Fernando Alonso,4,107,2004,Autódromo José Carlos Pace,18,4,8,4
Ralf Schumacher,23,107,2004,Autódromo José Carlos Pace,18,3,7,5
Takuma Sato,11,107,2004,Autódromo José Carlos Pace,18,16,6,6
Michael Schumacher,30,107,2004,Autódromo José Carlos Pace,18,6,18,7
Felipe Massa,13,107,2004,Autódromo José Carlos Pace,18,15,4,8
Giancarlo Fisichella,21,107,2004,Autódromo José Carlos Pace,18,15,10,9
Jacques Villeneuve,35,107,2004,Autódromo José Carlos Pace,18,4,13,10
David Coulthard,14,107,2004,Autódromo José Carlos Pace,18,1,12,11
Jarno Trulli,15,107,2004,Autódromo José Carlos Pace,18,7,9,12
Ricardo Zonta,41,107,2004,Autódromo José Carlos Pace,18,7,14,13
Christian Klien,32,107,2004,Autódromo José Carlos Pace,18,19,15,14
Timo Glock,10,107,2004,Autódromo José Carlos Pace,18,17,17,15
Zsolt Baumgartner,47,107,2004,Autódromo José Carlos Pace,18,18,19,16
Gianmaria Bruni,46,107,2004,Autódromo José Carlos Pace,18,18,20,17
David Coulthard,14,108,2003,Albert Park Grand Prix Circuit,1,1,11,1
Juan Pablo Montoya,31,108,2003,Albert Park Grand Prix Circuit,1,3,3,2
Kimi Räikkönen,8,108,2003,Albert Park Grand Prix Circuit,1,1,15,3
Michael Schumacher,30,108,2003,Albert Park Grand Prix Circuit,1,6,1,4
Jarno Trulli,15,108,2003,Albert Park Grand Prix Circuit,1,4,12,5
Heinz-Harald Frentzen,49,108,2003,Albert Park Grand Prix Circuit,1,15,4,6
Fernando Alonso,4,108,2003,Albert Park Grand Prix Circuit,1,4,10,7
Ralf Schumacher,23,108,2003,Albert Park Grand Prix Circuit,1,3,9,8
Jacques Villeneuve,35,108,2003,Albert Park Grand Prix Circuit,1,16,6,9
Jenson Button,18,108,2003,Albert Park Grand Prix Circuit,1,16,8,10
Jos Verstappen,50,108,2003,Albert Park Grand Prix Circuit,1,18,20,11
Kimi Räikkönen,8,109,2003,Sepang International Circuit,2,1,7,1
Rubens Barrichello,22,109,2003,Sepang International Circuit,2,6,5,2
Fernando Alonso,4,109,2003,Sepang International Circuit,2,4,1,3
Ralf Schumacher,23,109,2003,Sepang International Circuit,2,3,17,4
Jarno Trulli,15,109,2003,Sepang International Circuit,2,4,2,5
Michael Schumacher,30,109,2003,Sepang International Circuit,2,6,3,6
Jenson Button,18,109,2003,Sepang International Circuit,2,16,9,7
Nick Heidfeld,2,109,2003,Sepang International Circuit,2,15,6,8
Heinz-Harald Frentzen,49,109,2003,Sepang International Circuit,2,15,13,9
Ralph Firman,52,109,2003,Sepang International Circuit,2,17,20,10
Cristiano da Matta,43,109,2003,Sepang International Circuit,2,7,11,11
Juan Pablo Montoya,31,109,2003,Sepang International Circuit,2,3,8,12
Jos Verstappen,50,109,2003,Sepang International Circuit,2,18,18,13
Giancarlo Fisichella,21,110,2003,Autódromo José Carlos Pace,18,17,8,1
Kimi Räikkönen,8,110,2003,Autódromo José Carlos Pace,18,1,4,2
Fernando Alonso,4,110,2003,Autódromo José Carlos Pace,18,4,10,3
David Coulthard,14,110,2003,Autódromo José Carlos Pace,18,1,2,4
Heinz-Harald Frentzen,49,110,2003,Autódromo José Carlos Pace,18,15,14,5
Jacques Villeneuve,35,110,2003,Autódromo José Carlos Pace,18,16,13,6
Ralf Schumacher,23,110,2003,Autódromo José Carlos Pace,18,3,6,7
Jarno Trulli,15,110,2003,Autódromo José Carlos Pace,18,4,5,8
Mark Webber,17,110,2003,Autódromo José Carlos Pace,18,19,3,9
Cristiano da Matta,43,110,2003,Autódromo José Carlos Pace,18,7,18,10
Michael Schumacher,30,111,2003,Autodromo Enzo e Dino Ferrari,21,6,1,1
Kimi Räikkönen,8,111,2003,Autodromo Enzo e Dino Ferrari,21,1,6,2
Rubens Barrichello,22,111,2003,Autodromo Enzo e Dino Ferrari,21,6,3,3
Ralf Schumacher,23,111,2003,Autodromo Enzo e Dino Ferrari,21,3,2,4
David Coulthard,14,111,2003,Autodromo Enzo e Dino Ferrari,21,1,12,5
Fernando Alonso,4,111,2003,Autodromo Enzo e Dino Ferrari,21,4,8,6
Juan Pablo Montoya,31,111,2003,Autodromo Enzo e Dino Ferrari,21,3,4,7
Jenson Button,18,111,2003,Autodromo Enzo e Dino Ferrari,21,16,9,8
Olivier Panis,44,111,2003,Autodromo Enzo e Dino Ferrari,21,7,10,9
Nick Heidfeld,2,111,2003,Autodromo Enzo e Dino Ferrari,21,15,11,10
Heinz-Harald Frentzen,49,111,2003,Autodromo Enzo e Dino Ferrari,21,15,14,11
Cristiano da Matta,43,111,2003,Autodromo Enzo e Dino Ferrari,21,7,13,12
Jarno Trulli,15,111,2003,Autodromo Enzo e Dino Ferrari,21,4,16,13
Antônio Pizzonia,42,111,2003,Autodromo Enzo e Dino Ferrari,21,19,15,14
Giancarlo Fisichella,21,111,2003,Autodromo Enzo e Dino Ferrari,21,17,17,15
Michael Schumacher,30,112,2003,Circuit de Barcelona-Catalunya,4,6,1,1
Fernando Alonso,4,112,2003,Circuit de Barcelona-Catalunya,4,4,3,2
Rubens Barrichello,22,112,2003,Circuit de Barcelona-Catalunya,4,6,2,3
Juan Pablo Montoya,31,112,2003,Circuit de Barcelona-Catalunya,4,3,9,4
Ralf Schumacher,23,112,2003,Circuit de Barcelona-Catalunya,4,3,7,5
Cristiano da Matta,43,112,2003,Circuit de Barcelona-Catalunya,4,7,13,6
Mark Webber,17,112,2003,Circuit de Barcelona-Catalunya,4,19,12,7
Ralph Firman,52,112,2003,Circuit de Barcelona-Catalunya,4,17,15,8
Jenson Button,18,112,2003,Circuit de Barcelona-Catalunya,4,16,5,9
Nick Heidfeld,2,112,2003,Circuit de Barcelona-Catalunya,4,15,14,10
Justin Wilson,51,112,2003,Circuit de Barcelona-Catalunya,4,18,18,11
Jos Verstappen,50,112,2003,Circuit de Barcelona-Catalunya,4,18,19,12
Michael Schumacher,30,113,2003,Red Bull Ring,70,6,1,1
Kimi Räikkönen,8,113,2003,Red Bull Ring,70,1,2,2
Rubens Barrichello,22,113,2003,Red Bull Ring,70,6,5,3
Jenson Button,18,113,2003,Red Bull Ring,70,16,7,4
David Coulthard,14,113,2003,Red Bull Ring,70,1,14,5
Ralf Schumacher,23,113,2003,Red Bull Ring,70,3,10,6
Mark Webber,17,113,2003,Red Bull Ring,70,19,17,7
Jarno Trulli,15,113,2003,Red Bull Ring,70,4,6,8
Antônio Pizzonia,42,113,2003,Red Bull Ring,70,19,8,9
Cristiano da Matta,43,113,2003,Red Bull Ring,70,7,13,10
Ralph Firman,52,113,2003,Red Bull Ring,70,17,16,11
Jacques Villeneuve,35,113,2003,Red Bull Ring,70,16,12,12
Justin Wilson,51,113,2003,Red Bull Ring,70,18,18,13
Juan Pablo Montoya,31,114,2003,Circuit de Monaco,6,3,3,1
Kimi Räikkönen,8,114,2003,Circuit de Monaco,6,1,2,2
Michael Schumacher,30,114,2003,Circuit de Monaco,6,6,5,3
Ralf Schumacher,23,114,2003,Circuit de Monaco,6,3,1,4
Fernando Alonso,4,114,2003,Circuit de Monaco,6,4,8,5
Jarno Trulli,15,114,2003,Circuit de Monaco,6,4,4,6
David Coulthard,14,114,2003,Circuit de Monaco,6,1,6,7
Rubens Barrichello,22,114,2003,Circuit de Monaco,6,6,7,8
Cristiano da Matta,43,114,2003,Circuit de Monaco,6,7,10,9
Giancarlo Fisichella,21,114,2003,Circuit de Monaco,6,17,12,10
Nick Heidfeld,2,114,2003,Circuit de Monaco,6,15,14,11
Ralph Firman,52,114,2003,Circuit de Monaco,6,17,16,12
Olivier Panis,44,114,2003,Circuit de Monaco,6,7,17,13
Michael Schumacher,30,115,2003,Circuit Gilles Villeneuve,7,6,3,1
Ralf Schumacher,23,115,2003,Circuit Gilles Villeneuve,7,3,1,2
Juan Pablo Montoya,31,115,2003,Circuit Gilles Villeneuve,7,3,2,3
Fernando Alonso,4,115,2003,Circuit Gilles Villeneuve,7,4,4,4
Rubens Barrichello,22,115,2003,Circuit Gilles Villeneuve,7,6,5,5
Kimi Räikkönen,8,115,2003,Circuit Gilles Villeneuve,7,1,20,6
Mark Webber,17,115,2003,Circuit Gilles Villeneuve,7,19,6,7
Olivier Panis,44,115,2003,Circuit Gilles Villeneuve,7,7,7,8
Jos Verstappen,50,115,2003,Circuit Gilles Villeneuve,7,18,15,9
Antônio Pizzonia,42,115,2003,Circuit Gilles Villeneuve,7,19,13,10
Cristiano da Matta,43,115,2003,Circuit Gilles Villeneuve,7,7,9,11
Ralf Schumacher,23,116,2003,Nürburgring,20,3,3,1
Juan Pablo Montoya,31,116,2003,Nürburgring,20,3,4,2
Rubens Barrichello,22,116,2003,Nürburgring,20,6,5,3
Fernando Alonso,4,116,2003,Nürburgring,20,4,8,4
Michael Schumacher,30,116,2003,Nürburgring,20,6,2,5
Mark Webber,17,116,2003,Nürburgring,20,19,11,6
Jenson Button,18,116,2003,Nürburgring,20,16,12,7
Nick Heidfeld,2,116,2003,Nürburgring,20,15,20,8
Heinz-Harald Frentzen,49,116,2003,Nürburgring,20,15,15,9
Antônio Pizzonia,42,116,2003,Nürburgring,20,19,16,10
Ralph Firman,52,116,2003,Nürburgring,20,17,14,11
Giancarlo Fisichella,21,116,2003,Nürburgring,20,17,13,12
Justin Wilson,51,116,2003,Nürburgring,20,18,19,13
Jos Verstappen,50,116,2003,Nürburgring,20,18,18,14
David Coulthard,14,116,2003,Nürburgring,20,1,9,15
Ralf Schumacher,23,117,2003,Circuit de Nevers Magny-Cours,8,3,1,1
Juan Pablo Montoya,31,117,2003,Circuit de Nevers Magny-Cours,8,3,2,2
Michael Schumacher,30,117,2003,Circuit de Nevers Magny-Cours,8,6,3,3
Kimi Räikkönen,8,117,2003,Circuit de Nevers Magny-Cours,8,1,4,4
David Coulthard,14,117,2003,Circuit de Nevers Magny-Cours,8,1,5,5
Mark Webber,17,117,2003,Circuit de Nevers Magny-Cours,8,19,9,6
Rubens Barrichello,22,117,2003,Circuit de Nevers Magny-Cours,8,6,8,7
Olivier Panis,44,117,2003,Circuit de Nevers Magny-Cours,8,7,10,8
Jacques Villeneuve,35,117,2003,Circuit de Nevers Magny-Cours,8,16,12,9
Antônio Pizzonia,42,117,2003,Circuit de Nevers Magny-Cours,8,19,11,10
Cristiano da Matta,43,117,2003,Circuit de Nevers Magny-Cours,8,7,13,11
Heinz-Harald Frentzen,49,117,2003,Circuit de Nevers Magny-Cours,8,15,16,12
Nick Heidfeld,2,117,2003,Circuit de Nevers Magny-Cours,8,15,15,13
Justin Wilson,51,117,2003,Circuit de Nevers Magny-Cours,8,18,20,14
Ralph Firman,52,117,2003,Circuit de Nevers Magny-Cours,8,17,18,15
Jos Verstappen,50,117,2003,Circuit de Nevers Magny-Cours,8,18,19,16
Rubens Barrichello,22,118,2003,Silverstone Circuit,9,6,1,1
Juan Pablo Montoya,31,118,2003,Silverstone Circuit,9,3,7,2
Kimi Räikkönen,8,118,2003,Silverstone Circuit,9,1,3,3
Michael Schumacher,30,118,2003,Silverstone Circuit,9,6,5,4
David Coulthard,14,118,2003,Silverstone Circuit,9,1,12,5
Jarno Trulli,15,118,2003,Silverstone Circuit,9,4,2,6
Cristiano da Matta,43,118,2003,Silverstone Circuit,9,7,6,7
Jenson Button,18,118,2003,Silverstone Circuit,9,16,20,8
Ralf Schumacher,23,118,2003,Silverstone Circuit,9,3,4,9
Jacques Villeneuve,35,118,2003,Silverstone Circuit,9,16,9,10
Olivier Panis,44,118,2003,Silverstone Circuit,9,7,13,11
Heinz-Harald Frentzen,49,118,2003,Silverstone Circuit,9,15,14,12
Ralph Firman,52,118,2003,Silverstone Circuit,9,17,17,13
Mark Webber,17,118,2003,Silverstone Circuit,9,19,11,14
Jos Verstappen,50,118,2003,Silverstone Circuit,9,18,19,15
Justin Wilson,51,118,2003,Silverstone Circuit,9,18,18,16
Nick Heidfeld,2,118,2003,Silverstone Circuit,9,15,16,17
Juan Pablo Montoya,31,119,2003,Hockenheimring,10,3,1,1
David Coulthard,14,119,2003,Hockenheimring,10,1,10,2
Jarno Trulli,15,119,2003,Hockenheimring,10,4,4,3
Fernando Alonso,4,119,2003,Hockenheimring,10,4,8,4
Olivier Panis,44,119,2003,Hockenheimring,10,7,7,5
Cristiano da Matta,43,119,2003,Hockenheimring,10,7,9,6
Michael Schumacher,30,119,2003,Hockenheimring,10,6,6,7
Jenson Button,18,119,2003,Hockenheimring,10,16,17,8
Jacques Villeneuve,35,119,2003,Hockenheimring,10,16,13,9
Nick Heidfeld,2,119,2003,Hockenheimring,10,15,15,10
Mark Webber,17,119,2003,Hockenheimring,10,19,11,11
Nicolas Kiesa,53,119,2003,Hockenheimring,10,18,20,12
Giancarlo Fisichella,21,119,2003,Hockenheimring,10,17,13,13
Fernando Alonso,4,120,2003,Hungaroring,11,4,1,1
Kimi Räikkönen,8,120,2003,Hungaroring,11,1,7,2
Juan Pablo Montoya,31,120,2003,Hungaroring,11,3,4,3
Ralf Schumacher,23,120,2003,Hungaroring,11,3,2,4
David Coulthard,14,120,2003,Hungaroring,11,1,9,5
Mark Webber,17,120,2003,Hungaroring,11,19,3,6
Jarno Trulli,15,120,2003,Hungaroring,11,4,6,7
Michael Schumacher,30,120,2003,Hungaroring,11,6,8,8
Nick Heidfeld,2,120,2003,Hungaroring,11,15,11,9
Jenson Button,18,120,2003,Hungaroring,11,16,14,10
Cristiano da Matta,43,120,2003,Hungaroring,11,7,15,11
Jos Verstappen,50,120,2003,Hungaroring,11,18,18,12
Nicolas Kiesa,53,120,2003,Hungaroring,11,18,20,13
Michael Schumacher,30,121,2003,Autodromo Nazionale di Monza,14,6,1,1
Juan Pablo Montoya,31,121,2003,Autodromo Nazionale di Monza,14,3,2,2
Rubens Barrichello,22,121,2003,Autodromo Nazionale di Monza,14,6,3,3
Kimi Räikkönen,8,121,2003,Autodromo Nazionale di Monza,14,1,4,4
Marc Gené,48,121,2003,Autodromo Nazionale di Monza,14,3,5,5
Jacques Villeneuve,35,121,2003,Autodromo Nazionale di Monza,14,16,10,6
Mark Webber,17,121,2003,Autodromo Nazionale di Monza,14,19,11,7
Fernando Alonso,4,121,2003,Autodromo Nazionale di Monza,14,4,20,8
Nick Heidfeld,2,121,2003,Autodromo Nazionale di Monza,14,15,16,9
Giancarlo Fisichella,21,121,2003,Autodromo Nazionale di Monza,14,17,13,10
Zsolt Baumgartner,47,121,2003,Autodromo Nazionale di Monza,14,17,18,11
Nicolas Kiesa,53,121,2003,Autodromo Nazionale di Monza,14,18,19,12
Heinz-Harald Frentzen,49,121,2003,Autodromo Nazionale di Monza,14,15,14,13
Michael Schumacher,30,122,2003,Indianapolis Motor Speedway,19,6,7,1
Kimi Räikkönen,8,122,2003,Indianapolis Motor Speedway,19,1,1,2
Heinz-Harald Frentzen,49,122,2003,Indianapolis Motor Speedway,19,15,15,3
Jarno Trulli,15,122,2003,Indianapolis Motor Speedway,19,4,10,4
Nick Heidfeld,2,122,2003,Indianapolis Motor Speedway,19,15,13,5
Juan Pablo Montoya,31,122,2003,Indianapolis Motor Speedway,19,3,4,6
Giancarlo Fisichella,21,122,2003,Indianapolis Motor Speedway,19,17,17,7
Justin Wilson,51,122,2003,Indianapolis Motor Speedway,19,19,16,8
Cristiano da Matta,43,122,2003,Indianapolis Motor Speedway,19,7,9,9
Jos Verstappen,50,122,2003,Indianapolis Motor Speedway,19,18,19,10
Nicolas Kiesa,53,122,2003,Indianapolis Motor Speedway,19,18,20,11
Rubens Barrichello,22,123,2003,Suzuka Circuit,22,6,1,1
Kimi Räikkönen,8,123,2003,Suzuka Circuit,22,1,8,2
David Coulthard,14,123,2003,Suzuka Circuit,22,1,7,3
Jenson Button,18,123,2003,Suzuka Circuit,22,16,9,4
Jarno Trulli,15,123,2003,Suzuka Circuit,22,4,20,5
Takuma Sato,11,123,2003,Suzuka Circuit,22,16,13,6
Cristiano da Matta,43,123,2003,Suzuka Circuit,22,7,3,7
Michael Schumacher,30,123,2003,Suzuka Circuit,22,6,14,8
Nick Heidfeld,2,123,2003,Suzuka Circuit,22,15,11,9
Olivier Panis,44,123,2003,Suzuka Circuit,22,7,4,10
Mark Webber,17,123,2003,Suzuka Circuit,22,19,6,11
Ralf Schumacher,23,123,2003,Suzuka Circuit,22,3,19,12
Justin Wilson,51,123,2003,Suzuka Circuit,22,19,10,13
Ralph Firman,52,123,2003,Suzuka Circuit,22,17,15,14
Jos Verstappen,50,123,2003,Suzuka Circuit,22,18,17,15
Nicolas Kiesa,53,123,2003,Suzuka Circuit,22,18,18,16
Michael Schumacher,30,124,2002,Albert Park Grand Prix Circuit,1,6,2,1
Juan Pablo Montoya,31,124,2002,Albert Park Grand Prix Circuit,1,3,6,2
Kimi Räikkönen,8,124,2002,Albert Park Grand Prix Circuit,1,1,5,3
Eddie Irvine,56,124,2002,Albert Park Grand Prix Circuit,1,19,19,4
Mark Webber,17,124,2002,Albert Park Grand Prix Circuit,1,18,18,5
Mika Salo,63,124,2002,Albert Park Grand Prix Circuit,1,7,14,6
Alex Yoong,62,124,2002,Albert Park Grand Prix Circuit,1,18,21,7
Pedro de la Rosa,37,124,2002,Albert Park Grand Prix Circuit,1,19,20,8
Ralf Schumacher,23,125,2002,Sepang International Circuit,2,3,4,1
Juan Pablo Montoya,31,125,2002,Sepang International Circuit,2,3,2,2
Michael Schumacher,30,125,2002,Sepang International Circuit,2,6,1,3
Jenson Button,18,125,2002,Sepang International Circuit,2,4,8,4
Nick Heidfeld,2,125,2002,Sepang International Circuit,2,15,7,5
Felipe Massa,13,125,2002,Sepang International Circuit,2,15,14,6
Allan McNish,66,125,2002,Sepang International Circuit,2,7,19,7
Jacques Villeneuve,35,125,2002,Sepang International Circuit,2,16,13,8
Takuma Sato,11,125,2002,Sepang International Circuit,2,17,15,9
Pedro de la Rosa,37,125,2002,Sepang International Circuit,2,19,17,10
Heinz-Harald Frentzen,49,125,2002,Sepang International Circuit,2,21,11,11
Mika Salo,63,125,2002,Sepang International Circuit,2,7,10,12
Giancarlo Fisichella,21,125,2002,Sepang International Circuit,2,17,9,13
Michael Schumacher,30,126,2002,Autódromo José Carlos Pace,18,6,2,1
Ralf Schumacher,23,126,2002,Autódromo José Carlos Pace,18,3,3,2
David Coulthard,14,126,2002,Autódromo José Carlos Pace,18,1,4,3
Jenson Button,18,126,2002,Autódromo José Carlos Pace,18,4,7,4
Juan Pablo Montoya,31,126,2002,Autódromo José Carlos Pace,18,3,1,5
Mika Salo,63,126,2002,Autódromo José Carlos Pace,18,7,10,6
Eddie Irvine,56,126,2002,Autódromo José Carlos Pace,18,19,13,7
Pedro de la Rosa,37,126,2002,Autódromo José Carlos Pace,18,19,11,8
Takuma Sato,11,126,2002,Autódromo José Carlos Pace,18,17,19,9
Jacques Villeneuve,35,126,2002,Autódromo José Carlos Pace,18,16,15,10
Mark Webber,17,126,2002,Autódromo José Carlos Pace,18,18,20,11
Kimi Räikkönen,8,126,2002,Autódromo José Carlos Pace,18,1,5,12
Alex Yoong,62,126,2002,Autódromo José Carlos Pace,18,18,22,13
Michael Schumacher,30,127,2002,Autodromo Enzo e Dino Ferrari,21,6,1,1
Rubens Barrichello,22,127,2002,Autodromo Enzo e Dino Ferrari,21,6,2,2
Ralf Schumacher,23,127,2002,Autodromo Enzo e Dino Ferrari,21,3,3,3
Juan Pablo Montoya,31,127,2002,Autodromo Enzo e Dino Ferrari,21,3,4,4
Jenson Button,18,127,2002,Autodromo Enzo e Dino Ferrari,21,4,9,5
David Coulthard,14,127,2002,Autodromo Enzo e Dino Ferrari,21,1,6,6
Jacques Villeneuve,35,127,2002,Autodromo Enzo e Dino Ferrari,21,16,10,7
Felipe Massa,13,127,2002,Autodromo Enzo e Dino Ferrari,21,15,11,8
Jarno Trulli,15,127,2002,Autodromo Enzo e Dino Ferrari,21,4,8,9
Nick Heidfeld,2,127,2002,Autodromo Enzo e Dino Ferrari,21,15,7,10
Mark Webber,17,127,2002,Autodromo Enzo e Dino Ferrari,21,18,19,11
Michael Schumacher,30,128,2002,Circuit de Barcelona-Catalunya,4,6,1,1
Juan Pablo Montoya,31,128,2002,Circuit de Barcelona-Catalunya,4,3,4,2
David Coulthard,14,128,2002,Circuit de Barcelona-Catalunya,4,1,7,3
Nick Heidfeld,2,128,2002,Circuit de Barcelona-Catalunya,4,15,8,4
Felipe Massa,13,128,2002,Circuit de Barcelona-Catalunya,4,15,11,5
Heinz-Harald Frentzen,49,128,2002,Circuit de Barcelona-Catalunya,4,21,10,6
Jacques Villeneuve,35,128,2002,Circuit de Barcelona-Catalunya,4,16,15,7
Allan McNish,66,128,2002,Circuit de Barcelona-Catalunya,4,7,19,8
Mika Salo,63,128,2002,Circuit de Barcelona-Catalunya,4,7,17,9
Jarno Trulli,15,128,2002,Circuit de Barcelona-Catalunya,4,4,9,10
Ralf Schumacher,23,128,2002,Circuit de Barcelona-Catalunya,4,3,3,11
Jenson Button,18,128,2002,Circuit de Barcelona-Catalunya,4,4,6,12
Michael Schumacher,30,129,2002,Red Bull Ring,70,6,3,1
Rubens Barrichello,22,129,2002,Red Bull Ring,70,6,1,2
Juan Pablo Montoya,31,129,2002,Red Bull Ring,70,3,4,3
Ralf Schumacher,23,129,2002,Red Bull Ring,70,3,2,4
Giancarlo Fisichella,21,129,2002,Red Bull Ring,70,17,15,5
David Coulthard,14,129,2002,Red Bull Ring,70,1,8,6
Jenson Button,18,129,2002,Red Bull Ring,70,4,13,7
Mika Salo,63,129,2002,Red Bull Ring,70,7,10,8
Allan McNish,66,129,2002,Red Bull Ring,70,7,14,9
Jacques Villeneuve,35,129,2002,Red Bull Ring,70,16,17,10
Heinz-Harald Frentzen,49,129,2002,Red Bull Ring,70,21,11,11
Mark Webber,17,129,2002,Red Bull Ring,70,18,21,12
David Coulthard,14,130,2002,Circuit de Monaco,6,1,2,1
Michael Schumacher,30,130,2002,Circuit de Monaco,6,6,3,2
Ralf Schumacher,23,130,2002,Circuit de Monaco,6,3,4,3
Jarno Trulli,15,130,2002,Circuit de Monaco,6,4,7,4
Giancarlo Fisichella,21,130,2002,Circuit de Monaco,6,17,11,5
Heinz-Harald Frentzen,49,130,2002,Circuit de Monaco,6,21,12,6
Rubens Barrichello,22,130,2002,Circuit de Monaco,6,6,5,7
Nick Heidfeld,2,130,2002,Circuit de Monaco,6,15,15,8
Eddie Irvine,56,130,2002,Circuit de Monaco,6,19,19,9
Pedro de la Rosa,37,130,2002,Circuit de Monaco,6,19,17,10
Mark Webber,17,130,2002,Circuit de Monaco,6,18,20,11
Enrique Bernoldi,59,130,2002,Circuit de Monaco,6,21,21,12
Michael Schumacher,30,131,2002,Circuit Gilles Villeneuve,7,6,2,1
David Coulthard,14,131,2002,Circuit Gilles Villeneuve,7,1,8,2
Rubens Barrichello,22,131,2002,Circuit Gilles Villeneuve,7,6,3,3
Kimi Räikkönen,8,131,2002,Circuit Gilles Villeneuve,7,1,5,4
Giancarlo Fisichella,21,131,2002,Circuit Gilles Villeneuve,7,17,6,5
Jarno Trulli,15,131,2002,Circuit Gilles Villeneuve,7,4,10,6
Ralf Schumacher,23,131,2002,Circuit Gilles Villeneuve,7,3,4,7
Olivier Panis,44,131,2002,Circuit Gilles Villeneuve,7,16,11,8
Felipe Massa,13,131,2002,Circuit Gilles Villeneuve,7,15,12,9
Takuma Sato,11,131,2002,Circuit Gilles Villeneuve,7,17,15,10
Mark Webber,17,131,2002,Circuit Gilles Villeneuve,7,18,21,11
Nick Heidfeld,2,131,2002,Circuit Gilles Villeneuve,7,15,7,12
Heinz-Harald Frentzen,49,131,2002,Circuit Gilles Villeneuve,7,21,19,13
Alex Yoong,62,131,2002,Circuit Gilles Villeneuve,7,18,22,14
Jenson Button,18,131,2002,Circuit Gilles Villeneuve,7,4,13,15
Rubens Barrichello,22,132,2002,Nürburgring,20,6,4,1
Michael Schumacher,30,132,2002,Nürburgring,20,6,3,2
Kimi Räikkönen,8,132,2002,Nürburgring,20,1,6,3
Ralf Schumacher,23,132,2002,Nürburgring,20,3,2,4
Jenson Button,18,132,2002,Nürburgring,20,4,8,5
Felipe Massa,13,132,2002,Nürburgring,20,15,11,6
Nick Heidfeld,2,132,2002,Nürburgring,20,15,9,7
Jarno Trulli,15,132,2002,Nürburgring,20,4,7,8
Olivier Panis,44,132,2002,Nürburgring,20,16,12,9
Pedro de la Rosa,37,132,2002,Nürburgring,20,19,16,10
Enrique Bernoldi,59,132,2002,Nürburgring,20,21,21,11
Jacques Villeneuve,35,132,2002,Nürburgring,20,16,19,12
Heinz-Harald Frentzen,49,132,2002,Nürburgring,20,21,15,13
Allan McNish,66,132,2002,Nürburgring,20,7,13,14
Mark Webber,17,132,2002,Nürburgring,20,18,20,15
Takuma Sato,11,132,2002,Nürburgring,20,17,14,16
Michael Schumacher,30,133,2002,Silverstone Circuit,9,6,3,1
Rubens Barrichello,22,133,2002,Silverstone Circuit,9,6,2,2
Juan Pablo Montoya,31,133,2002,Silverstone Circuit,9,3,1,3
Jacques Villeneuve,35,133,2002,Silverstone Circuit,9,16,9,4
Olivier Panis,44,133,2002,Silverstone Circuit,9,16,13,5
Nick Heidfeld,2,133,2002,Silverstone Circuit,9,15,10,6
Giancarlo Fisichella,21,133,2002,Silverstone Circuit,9,17,17,7
Ralf Schumacher,23,133,2002,Silverstone Circuit,9,3,4,8
Felipe Massa,13,133,2002,Silverstone Circuit,9,15,11,9
David Coulthard,14,133,2002,Silverstone Circuit,9,1,6,10
Pedro de la Rosa,37,133,2002,Silverstone Circuit,9,19,21,11
Jenson Button,18,133,2002,Silverstone Circuit,9,4,12,12
Michael Schumacher,30,134,2002,Circuit de Nevers Magny-Cours,8,6,2,1
Kimi Räikkönen,8,134,2002,Circuit de Nevers Magny-Cours,8,1,4,2
David Coulthard,14,134,2002,Circuit de Nevers Magny-Cours,8,1,6,3
Juan Pablo Montoya,31,134,2002,Circuit de Nevers Magny-Cours,8,3,1,4
Ralf Schumacher,23,134,2002,Circuit de Nevers Magny-Cours,8,3,5,5
Jenson Button,18,134,2002,Circuit de Nevers Magny-Cours,8,4,7,6
Nick Heidfeld,2,134,2002,Circuit de Nevers Magny-Cours,8,15,10,7
Mark Webber,17,134,2002,Circuit de Nevers Magny-Cours,8,18,18,8
Pedro de la Rosa,37,134,2002,Circuit de Nevers Magny-Cours,8,19,15,9
Alex Yoong,62,134,2002,Circuit de Nevers Magny-Cours,8,18,19,10
Allan McNish,66,134,2002,Circuit de Nevers Magny-Cours,8,7,17,11
Michael Schumacher,30,135,2002,Hockenheimring,10,6,1,1
Juan Pablo Montoya,31,135,2002,Hockenheimring,10,3,4,2
Ralf Schumacher,23,135,2002,Hockenheimring,10,3,2,3
Rubens Barrichello,22,135,2002,Hockenheimring,10,6,3,4
David Coulthard,14,135,2002,Hockenheimring,10,1,9,5
Nick Heidfeld,2,135,2002,Hockenheimring,10,15,10,6
Felipe Massa,13,135,2002,Hockenheimring,10,15,14,7
Takuma Sato,11,135,2002,Hockenheimring,10,17,12,8
Mika Salo,63,135,2002,Hockenheimring,10,7,19,9
Rubens Barrichello,22,136,2002,Hungaroring,11,6,1,1
Michael Schumacher,30,136,2002,Hungaroring,11,6,2,2
Ralf Schumacher,23,136,2002,Hungaroring,11,3,3,3
Kimi Räikkönen,8,136,2002,Hungaroring,11,1,11,4
David Coulthard,14,136,2002,Hungaroring,11,1,10,5
Giancarlo Fisichella,21,136,2002,Hungaroring,11,17,5,6
Felipe Massa,13,136,2002,Hungaroring,11,15,7,7
Jarno Trulli,15,136,2002,Hungaroring,11,4,6,8
Nick Heidfeld,2,136,2002,Hungaroring,11,15,8,9
Takuma Sato,11,136,2002,Hungaroring,11,17,14,10
Juan Pablo Montoya,31,136,2002,Hungaroring,11,3,4,11
Olivier Panis,44,136,2002,Hungaroring,11,16,12,12
Pedro de la Rosa,37,136,2002,Hungaroring,11,19,15,13
Allan McNish,66,136,2002,Hungaroring,11,7,18,14
Mika Salo,63,136,2002,Hungaroring,11,7,17,15
Mark Webber,17,136,2002,Hungaroring,11,18,19,16
Michael Schumacher,30,137,2002,Circuit de Spa-Francorchamps,13,6,1,1
Rubens Barrichello,22,137,2002,Circuit de Spa-Francorchamps,13,6,3,2
Juan Pablo Montoya,31,137,2002,Circuit de Spa-Francorchamps,13,3,5,3
David Coulthard,14,137,2002,Circuit de Spa-Francorchamps,13,1,6,4
Ralf Schumacher,23,137,2002,Circuit de Spa-Francorchamps,13,3,4,5
Eddie Irvine,56,137,2002,Circuit de Spa-Francorchamps,13,19,8,6
Mika Salo,63,137,2002,Circuit de Spa-Francorchamps,13,7,9,7
Jacques Villeneuve,35,137,2002,Circuit de Spa-Francorchamps,13,16,12,8
Allan McNish,66,137,2002,Circuit de Spa-Francorchamps,13,7,13,9
Nick Heidfeld,2,137,2002,Circuit de Spa-Francorchamps,13,15,18,10
Takuma Sato,11,137,2002,Circuit de Spa-Francorchamps,13,17,16,11
Olivier Panis,44,137,2002,Circuit de Spa-Francorchamps,13,16,15,12
Rubens Barrichello,22,138,2002,Autodromo Nazionale di Monza,14,6,4,1
Michael Schumacher,30,138,2002,Autodromo Nazionale di Monza,14,6,2,2
Eddie Irvine,56,138,2002,Autodromo Nazionale di Monza,14,19,5,3
Jarno Trulli,15,138,2002,Autodromo Nazionale di Monza,14,4,11,4
Jenson Button,18,138,2002,Autodromo Nazionale di Monza,14,4,17,5
Olivier Panis,44,138,2002,Autodromo Nazionale di Monza,14,16,16,6
David Coulthard,14,138,2002,Autodromo Nazionale di Monza,14,1,7,7
Giancarlo Fisichella,21,138,2002,Autodromo Nazionale di Monza,14,17,12,8
Jacques Villeneuve,35,138,2002,Autodromo Nazionale di Monza,14,16,9,9
Nick Heidfeld,2,138,2002,Autodromo Nazionale di Monza,14,15,15,10
Mika Salo,63,138,2002,Autodromo Nazionale di Monza,14,7,10,11
Takuma Sato,11,138,2002,Autodromo Nazionale di Monza,14,17,18,12
Alex Yoong,62,138,2002,Autodromo Nazionale di Monza,14,18,20,13
Rubens Barrichello,22,139,2002,Indianapolis Motor Speedway,19,6,2,1
Michael Schumacher,30,139,2002,Indianapolis Motor Speedway,19,6,1,2
David Coulthard,14,139,2002,Indianapolis Motor Speedway,19,1,3,3
Juan Pablo Montoya,31,139,2002,Indianapolis Motor Speedway,19,3,4,4
Jarno Trulli,15,139,2002,Indianapolis Motor Speedway,19,4,8,5
Jacques Villeneuve,35,139,2002,Indianapolis Motor Speedway,19,16,7,6
Giancarlo Fisichella,21,139,2002,Indianapolis Motor Speedway,19,17,9,7
Jenson Button,18,139,2002,Indianapolis Motor Speedway,19,4,14,8
Nick Heidfeld,2,139,2002,Indianapolis Motor Speedway,19,15,10,9
Eddie Irvine,56,139,2002,Indianapolis Motor Speedway,19,19,13,10
Takuma Sato,11,139,2002,Indianapolis Motor Speedway,19,17,15,11
Olivier Panis,44,139,2002,Indianapolis Motor Speedway,19,16,12,12
Heinz-Harald Frentzen,49,139,2002,Indianapolis Motor Speedway,19,15,11,13
Mika Salo,63,139,2002,Indianapolis Motor Speedway,19,7,19,14
Allan McNish,66,139,2002,Indianapolis Motor Speedway,19,7,16,15
Ralf Schumacher,23,139,2002,Indianapolis Motor Speedway,19,3,5,16
Michael Schumacher,30,140,2002,Suzuka Circuit,22,6,1,1
Rubens Barrichello,22,140,2002,Suzuka Circuit,22,6,2,2
Kimi Räikkönen,8,140,2002,Suzuka Circuit,22,1,4,3
Juan Pablo Montoya,31,140,2002,Suzuka Circuit,22,3,6,4
Takuma Sato,11,140,2002,Suzuka Circuit,22,17,7,5
Jenson Button,18,140,2002,Suzuka Circuit,22,4,10,6
Nick Heidfeld,2,140,2002,Suzuka Circuit,22,15,12,7
Mika Salo,63,140,2002,Suzuka Circuit,22,7,13,8
Eddie Irvine,56,140,2002,Suzuka Circuit,22,19,14,9
Mark Webber,17,140,2002,Suzuka Circuit,22,18,19,10
Ralf Schumacher,23,140,2002,Suzuka Circuit,22,3,5,11
Michael Schumacher,30,141,2001,Albert Park Grand Prix Circuit,1,6,1,1
David Coulthard,14,141,2001,Albert Park Grand Prix Circuit,1,1,6,2
Rubens Barrichello,22,141,2001,Albert Park Grand Prix Circuit,1,6,2,3
Nick Heidfeld,2,141,2001,Albert Park Grand Prix Circuit,1,15,10,4
Heinz-Harald Frentzen,49,141,2001,Albert Park Grand Prix Circuit,1,17,4,5
Kimi Räikkönen,8,141,2001,Albert Park Grand Prix Circuit,1,15,13,6
Olivier Panis,44,141,2001,Albert Park Grand Prix Circuit,1,16,9,7
Luciano Burti,54,141,2001,Albert Park Grand Prix Circuit,1,19,21,8
Jean Alesi,55,141,2001,Albert Park Grand Prix Circuit,1,20,14,9
Jos Verstappen,50,141,2001,Albert Park Grand Prix Circuit,1,21,15,10
Eddie Irvine,56,141,2001,Albert Park Grand Prix Circuit,1,19,12,11
Fernando Alonso,4,141,2001,Albert Park Grand Prix Circuit,1,18,19,12
Giancarlo Fisichella,21,141,2001,Albert Park Grand Prix Circuit,1,22,17,13
Michael Schumacher,30,142,2001,Sepang International Circuit,2,6,1,1
Rubens Barrichello,22,142,2001,Sepang International Circuit,2,6,2,2
David Coulthard,14,142,2001,Sepang International Circuit,2,1,8,3
Heinz-Harald Frentzen,49,142,2001,Sepang International Circuit,2,17,9,4
Ralf Schumacher,23,142,2001,Sepang International Circuit,2,3,3,5
Mika Häkkinen,57,142,2001,Sepang International Circuit,2,1,4,6
Jos Verstappen,50,142,2001,Sepang International Circuit,2,21,18,7
Jarno Trulli,15,142,2001,Sepang International Circuit,2,17,5,8
Jean Alesi,55,142,2001,Sepang International Circuit,2,20,13,9
Luciano Burti,54,142,2001,Sepang International Circuit,2,19,15,10
Jenson Button,18,142,2001,Sepang International Circuit,2,22,17,11
Gastón Mazzacane,60,142,2001,Sepang International Circuit,2,20,19,12
Fernando Alonso,4,142,2001,Sepang International Circuit,2,18,21,13
Tarso Marques,58,142,2001,Sepang International Circuit,2,18,20,14
David Coulthard,14,143,2001,Autódromo José Carlos Pace,18,1,5,1
Michael Schumacher,30,143,2001,Autódromo José Carlos Pace,18,6,1,2
Nick Heidfeld,2,143,2001,Autódromo José Carlos Pace,18,15,9,3
Olivier Panis,44,143,2001,Autódromo José Carlos Pace,18,16,11,4
Jarno Trulli,15,143,2001,Autódromo José Carlos Pace,18,17,7,5
Giancarlo Fisichella,21,143,2001,Autódromo José Carlos Pace,18,22,18,6
Jacques Villeneuve,35,143,2001,Autódromo José Carlos Pace,18,16,12,7
Jean Alesi,55,143,2001,Autódromo José Carlos Pace,18,20,15,8
Tarso Marques,58,143,2001,Autódromo José Carlos Pace,18,18,22,9
Jenson Button,18,143,2001,Autódromo José Carlos Pace,18,22,20,10
Heinz-Harald Frentzen,49,143,2001,Autódromo José Carlos Pace,18,17,8,11
Ralf Schumacher,23,144,2001,Autodromo Enzo e Dino Ferrari,21,3,3,1
David Coulthard,14,144,2001,Autodromo Enzo e Dino Ferrari,21,1,1,2
Rubens Barrichello,22,144,2001,Autodromo Enzo e Dino Ferrari,21,6,6,3
Mika Häkkinen,57,144,2001,Autodromo Enzo e Dino Ferrari,21,1,2,4
Jarno Trulli,15,144,2001,Autodromo Enzo e Dino Ferrari,21,17,5,5
Heinz-Harald Frentzen,49,144,2001,Autodromo Enzo e Dino Ferrari,21,17,9,6
Nick Heidfeld,2,144,2001,Autodromo Enzo e Dino Ferrari,21,15,12,7
Olivier Panis,44,144,2001,Autodromo Enzo e Dino Ferrari,21,16,8,8
Jean Alesi,55,144,2001,Autodromo Enzo e Dino Ferrari,21,20,14,9
Enrique Bernoldi,59,144,2001,Autodromo Enzo e Dino Ferrari,21,21,16,10
Luciano Burti,54,144,2001,Autodromo Enzo e Dino Ferrari,21,19,15,11
Jenson Button,18,144,2001,Autodromo Enzo e Dino Ferrari,21,22,21,12
Michael Schumacher,30,145,2001,Circuit de Barcelona-Catalunya,4,6,1,1
Juan Pablo Montoya,31,145,2001,Circuit de Barcelona-Catalunya,4,3,12,2
Jacques Villeneuve,35,145,2001,Circuit de Barcelona-Catalunya,4,16,7,3
Jarno Trulli,15,145,2001,Circuit de Barcelona-Catalunya,4,17,6,4
David Coulthard,14,145,2001,Circuit de Barcelona-Catalunya,4,1,3,5
Nick Heidfeld,2,145,2001,Circuit de Barcelona-Catalunya,4,15,10,6
Olivier Panis,44,145,2001,Circuit de Barcelona-Catalunya,4,16,11,7
Kimi Räikkönen,8,145,2001,Circuit de Barcelona-Catalunya,4,15,9,8
Mika Häkkinen,57,145,2001,Circuit de Barcelona-Catalunya,4,1,2,9
Jean Alesi,55,145,2001,Circuit de Barcelona-Catalunya,4,20,15,10
Luciano Burti,54,145,2001,Circuit de Barcelona-Catalunya,4,20,14,11
Jos Verstappen,50,145,2001,Circuit de Barcelona-Catalunya,4,21,17,12
Fernando Alonso,4,145,2001,Circuit de Barcelona-Catalunya,4,18,18,13
Giancarlo Fisichella,21,145,2001,Circuit de Barcelona-Catalunya,4,22,19,14
Jenson Button,18,145,2001,Circuit de Barcelona-Catalunya,4,22,21,15
Tarso Marques,58,145,2001,Circuit de Barcelona-Catalunya,4,18,22,16
David Coulthard,14,146,2001,Red Bull Ring,70,1,7,1
Michael Schumacher,30,146,2001,Red Bull Ring,70,6,1,2
Rubens Barrichello,22,146,2001,Red Bull Ring,70,6,4,3
Kimi Räikkönen,8,146,2001,Red Bull Ring,70,15,9,4
Olivier Panis,44,146,2001,Red Bull Ring,70,16,10,5
Jos Verstappen,50,146,2001,Red Bull Ring,70,21,16,6
Eddie Irvine,56,146,2001,Red Bull Ring,70,19,13,7
Jacques Villeneuve,35,146,2001,Red Bull Ring,70,16,12,8
Nick Heidfeld,2,146,2001,Red Bull Ring,70,15,6,9
Jean Alesi,55,146,2001,Red Bull Ring,70,20,20,10
Luciano Burti,54,146,2001,Red Bull Ring,70,20,17,11
Michael Schumacher,30,147,2001,Circuit de Monaco,6,6,2,1
Rubens Barrichello,22,147,2001,Circuit de Monaco,6,6,4,2
Eddie Irvine,56,147,2001,Circuit de Monaco,6,19,6,3
Jacques Villeneuve,35,147,2001,Circuit de Monaco,6,16,9,4
David Coulthard,14,147,2001,Circuit de Monaco,6,1,1,5
Jean Alesi,55,147,2001,Circuit de Monaco,6,20,11,6
Jenson Button,18,147,2001,Circuit de Monaco,6,22,17,7
Jos Verstappen,50,147,2001,Circuit de Monaco,6,21,19,8
Enrique Bernoldi,59,147,2001,Circuit de Monaco,6,21,20,9
Kimi Räikkönen,8,147,2001,Circuit de Monaco,6,15,15,10
Ralf Schumacher,23,148,2001,Circuit Gilles Villeneuve,7,3,2,1
Michael Schumacher,30,148,2001,Circuit Gilles Villeneuve,7,6,1,2
Mika Häkkinen,57,148,2001,Circuit Gilles Villeneuve,7,1,8,3
Kimi Räikkönen,8,148,2001,Circuit Gilles Villeneuve,7,15,7,4
Jean Alesi,55,148,2001,Circuit Gilles Villeneuve,7,20,16,5
Pedro de la Rosa,37,148,2001,Circuit Gilles Villeneuve,7,19,14,6
Ricardo Zonta,41,148,2001,Circuit Gilles Villeneuve,7,17,12,7
Luciano Burti,54,148,2001,Circuit Gilles Villeneuve,7,20,19,8
Tarso Marques,58,148,2001,Circuit Gilles Villeneuve,7,18,21,9
Jos Verstappen,50,148,2001,Circuit Gilles Villeneuve,7,21,13,10
Jarno Trulli,15,148,2001,Circuit Gilles Villeneuve,7,17,4,11
Michael Schumacher,30,149,2001,Nürburgring,20,6,1,1
Juan Pablo Montoya,31,149,2001,Nürburgring,20,3,3,2
David Coulthard,14,149,2001,Nürburgring,20,1,5,3
Ralf Schumacher,23,149,2001,Nürburgring,20,3,2,4
Rubens Barrichello,22,149,2001,Nürburgring,20,6,4,5
Mika Häkkinen,57,149,2001,Nürburgring,20,1,6,6
Eddie Irvine,56,149,2001,Nürburgring,20,19,12,7
Pedro de la Rosa,37,149,2001,Nürburgring,20,19,16,8
Jacques Villeneuve,35,149,2001,Nürburgring,20,16,11,9
Kimi Räikkönen,8,149,2001,Nürburgring,20,15,9,10
Giancarlo Fisichella,21,149,2001,Nürburgring,20,22,15,11
Luciano Burti,54,149,2001,Nürburgring,20,20,17,12
Jenson Button,18,149,2001,Nürburgring,20,22,20,13
Fernando Alonso,4,149,2001,Nürburgring,20,18,21,14
Jean Alesi,55,149,2001,Nürburgring,20,20,14,15
Michael Schumacher,30,150,2001,Circuit de Nevers Magny-Cours,8,6,2,1
Ralf Schumacher,23,150,2001,Circuit de Nevers Magny-Cours,8,3,1,2
Rubens Barrichello,22,150,2001,Circuit de Nevers Magny-Cours,8,6,8,3
David Coulthard,14,150,2001,Circuit de Nevers Magny-Cours,8,1,3,4
Jarno Trulli,15,150,2001,Circuit de Nevers Magny-Cours,8,17,5,5
Nick Heidfeld,2,150,2001,Circuit de Nevers Magny-Cours,8,15,9,6
Kimi Räikkönen,8,150,2001,Circuit de Nevers Magny-Cours,8,15,13,7
Heinz-Harald Frentzen,49,150,2001,Circuit de Nevers Magny-Cours,8,17,7,8
Olivier Panis,44,150,2001,Circuit de Nevers Magny-Cours,8,16,11,9
Luciano Burti,54,150,2001,Circuit de Nevers Magny-Cours,8,20,15,10
Giancarlo Fisichella,21,150,2001,Circuit de Nevers Magny-Cours,8,22,16,11
Jean Alesi,55,150,2001,Circuit de Nevers Magny-Cours,8,20,19,12
Jos Verstappen,50,150,2001,Circuit de Nevers Magny-Cours,8,21,18,13
Pedro de la Rosa,37,150,2001,Circuit de Nevers Magny-Cours,8,19,14,14
Tarso Marques,58,150,2001,Circuit de Nevers Magny-Cours,8,18,22,15
Jenson Button,18,150,2001,Circuit de Nevers Magny-Cours,8,22,17,16
Fernando Alonso,4,150,2001,Circuit de Nevers Magny-Cours,8,18,21,17
Mika Häkkinen,57,151,2001,Silverstone Circuit,9,1,2,1
Michael Schumacher,30,151,2001,Silverstone Circuit,9,6,1,2
Rubens Barrichello,22,151,2001,Silverstone Circuit,9,6,6,3
Juan Pablo Montoya,31,151,2001,Silverstone Circuit,9,3,8,4
Kimi Räikkönen,8,151,2001,Silverstone Circuit,9,15,7,5
Nick Heidfeld,2,151,2001,Silverstone Circuit,9,15,9,6
Heinz-Harald Frentzen,49,151,2001,Silverstone Circuit,9,17,5,7
Jacques Villeneuve,35,151,2001,Silverstone Circuit,9,16,12,8
Eddie Irvine,56,151,2001,Silverstone Circuit,9,19,15,9
Jos Verstappen,50,151,2001,Silverstone Circuit,9,21,17,10
Jean Alesi,55,151,2001,Silverstone Circuit,9,20,14,11
Pedro de la Rosa,37,151,2001,Silverstone Circuit,9,19,13,12
Giancarlo Fisichella,21,151,2001,Silverstone Circuit,9,22,19,13
Enrique Bernoldi,59,151,2001,Silverstone Circuit,9,21,20,14
Jenson Button,18,151,2001,Silverstone Circuit,9,22,18,15
Fernando Alonso,4,151,2001,Silverstone Circuit,9,18,21,16
Ralf Schumacher,23,152,2001,Hockenheimring,10,3,2,1
Rubens Barrichello,22,152,2001,Hockenheimring,10,6,6,2
Jacques Villeneuve,35,152,2001,Hockenheimring,10,16,12,3
Giancarlo Fisichella,21,152,2001,Hockenheimring,10,22,17,4
Jenson Button,18,152,2001,Hockenheimring,10,22,18,5
Jean Alesi,55,152,2001,Hockenheimring,10,20,14,6
Olivier Panis,44,152,2001,Hockenheimring,10,16,13,7
Enrique Bernoldi,59,152,2001,Hockenheimring,10,21,19,8
Jos Verstappen,50,152,2001,Hockenheimring,10,21,20,9
Fernando Alonso,4,152,2001,Hockenheimring,10,18,21,10
Michael Schumacher,30,153,2001,Hungaroring,11,6,1,1
Rubens Barrichello,22,153,2001,Hungaroring,11,6,3,2
David Coulthard,14,153,2001,Hungaroring,11,1,2,3
Ralf Schumacher,23,153,2001,Hungaroring,11,3,4,4
Mika Häkkinen,57,153,2001,Hungaroring,11,1,6,5
Nick Heidfeld,2,153,2001,Hungaroring,11,15,7,6
Kimi Räikkönen,8,153,2001,Hungaroring,11,15,9,7
Juan Pablo Montoya,31,153,2001,Hungaroring,11,3,8,8
Jacques Villeneuve,35,153,2001,Hungaroring,11,16,10,9
Jean Alesi,55,153,2001,Hungaroring,11,17,12,10
Pedro de la Rosa,37,153,2001,Hungaroring,11,19,13,11
Jos Verstappen,50,153,2001,Hungaroring,11,21,21,12
Michael Schumacher,30,154,2001,Circuit de Spa-Francorchamps,13,6,3,1
David Coulthard,14,154,2001,Circuit de Spa-Francorchamps,13,1,9,2
Giancarlo Fisichella,21,154,2001,Circuit de Spa-Francorchamps,13,22,8,3
Mika Häkkinen,57,154,2001,Circuit de Spa-Francorchamps,13,1,7,4
Rubens Barrichello,22,154,2001,Circuit de Spa-Francorchamps,13,6,5,5
Jean Alesi,55,154,2001,Circuit de Spa-Francorchamps,13,17,13,6
Ralf Schumacher,23,154,2001,Circuit de Spa-Francorchamps,13,3,2,7
Jacques Villeneuve,35,154,2001,Circuit de Spa-Francorchamps,13,16,6,8
Heinz-Harald Frentzen,49,154,2001,Circuit de Spa-Francorchamps,13,20,4,9
Jos Verstappen,50,154,2001,Circuit de Spa-Francorchamps,13,21,19,10
Olivier Panis,44,154,2001,Circuit de Spa-Francorchamps,13,16,11,11
Enrique Bernoldi,59,154,2001,Circuit de Spa-Francorchamps,13,21,21,12
Tarso Marques,58,154,2001,Circuit de Spa-Francorchamps,13,18,22,13
Juan Pablo Montoya,31,155,2001,Autodromo Nazionale di Monza,14,3,1,1
Rubens Barrichello,22,155,2001,Autodromo Nazionale di Monza,14,6,2,2
Ralf Schumacher,23,155,2001,Autodromo Nazionale di Monza,14,3,4,3
Michael Schumacher,30,155,2001,Autodromo Nazionale di Monza,14,6,3,4
Pedro de la Rosa,37,155,2001,Autodromo Nazionale di Monza,14,19,10,5
Jacques Villeneuve,35,155,2001,Autodromo Nazionale di Monza,14,16,15,6
Kimi Räikkönen,8,155,2001,Autodromo Nazionale di Monza,14,15,9,7
Jean Alesi,55,155,2001,Autodromo Nazionale di Monza,14,17,16,8
Olivier Panis,44,155,2001,Autodromo Nazionale di Monza,14,16,17,9
Giancarlo Fisichella,21,155,2001,Autodromo Nazionale di Monza,14,22,14,10
Nick Heidfeld,2,155,2001,Autodromo Nazionale di Monza,14,15,8,11
Tomáš Enge,61,155,2001,Autodromo Nazionale di Monza,14,20,20,12
Fernando Alonso,4,155,2001,Autodromo Nazionale di Monza,14,18,21,13
Mika Häkkinen,57,156,2001,Indianapolis Motor Speedway,19,1,4,1
Michael Schumacher,30,156,2001,Indianapolis Motor Speedway,19,6,1,2
David Coulthard,14,156,2001,Indianapolis Motor Speedway,19,1,7,3
Jarno Trulli,15,156,2001,Indianapolis Motor Speedway,19,17,8,4
Eddie Irvine,56,156,2001,Indianapolis Motor Speedway,19,19,14,5
Nick Heidfeld,2,156,2001,Indianapolis Motor Speedway,19,15,6,6
Jean Alesi,55,156,2001,Indianapolis Motor Speedway,19,17,9,7
Giancarlo Fisichella,21,156,2001,Indianapolis Motor Speedway,19,22,12,8
Jenson Button,18,156,2001,Indianapolis Motor Speedway,19,22,10,9
Heinz-Harald Frentzen,49,156,2001,Indianapolis Motor Speedway,19,20,15,10
Olivier Panis,44,156,2001,Indianapolis Motor Speedway,19,16,13,11
Pedro de la Rosa,37,156,2001,Indianapolis Motor Speedway,19,19,16,12
Enrique Bernoldi,59,156,2001,Indianapolis Motor Speedway,19,21,19,13
Tomáš Enge,61,156,2001,Indianapolis Motor Speedway,19,20,21,14
Rubens Barrichello,22,156,2001,Indianapolis Motor Speedway,19,6,5,15
Michael Schumacher,30,157,2001,Suzuka Circuit,22,6,1,1
Juan Pablo Montoya,31,157,2001,Suzuka Circuit,22,3,2,2
David Coulthard,14,157,2001,Suzuka Circuit,22,1,7,3
Mika Häkkinen,57,157,2001,Suzuka Circuit,22,1,5,4
Rubens Barrichello,22,157,2001,Suzuka Circuit,22,6,4,5
Ralf Schumacher,23,157,2001,Suzuka Circuit,22,3,3,6
Jenson Button,18,157,2001,Suzuka Circuit,22,22,9,7
Jarno Trulli,15,157,2001,Suzuka Circuit,22,17,8,8
Nick Heidfeld,2,157,2001,Suzuka Circuit,22,15,10,9
Jacques Villeneuve,35,157,2001,Suzuka Circuit,22,16,14,10
Fernando Alonso,4,157,2001,Suzuka Circuit,22,18,18,11
Heinz-Harald Frentzen,49,157,2001,Suzuka Circuit,22,20,15,12
Olivier Panis,44,157,2001,Suzuka Circuit,22,16,17,13
Enrique Bernoldi,59,157,2001,Suzuka Circuit,22,21,20,14
Jos Verstappen,50,157,2001,Suzuka Circuit,22,21,21,15
Alex Yoong,62,157,2001,Suzuka Circuit,22,18,22,16
Giancarlo Fisichella,21,157,2001,Suzuka Circuit,22,22,6,17
Michael Schumacher,30,158,2000,Albert Park Grand Prix Circuit,1,6,3,1
Rubens Barrichello,22,158,2000,Albert Park Grand Prix Circuit,1,6,4,2
Ralf Schumacher,23,158,2000,Albert Park Grand Prix Circuit,1,3,11,3
Jacques Villeneuve,35,158,2000,Albert Park Grand Prix Circuit,1,16,8,4
Giancarlo Fisichella,21,158,2000,Albert Park Grand Prix Circuit,1,22,9,5
Ricardo Zonta,41,158,2000,Albert Park Grand Prix Circuit,1,16,16,6
Alexander Wurz,25,158,2000,Albert Park Grand Prix Circuit,1,22,14,7
Marc Gené,48,158,2000,Albert Park Grand Prix Circuit,1,18,18,8
Nick Heidfeld,2,158,2000,Albert Park Grand Prix Circuit,1,20,15,9
Michael Schumacher,30,159,2000,Autódromo José Carlos Pace,18,6,3,1
Giancarlo Fisichella,21,159,2000,Autódromo José Carlos Pace,18,22,5,2
Heinz-Harald Frentzen,49,159,2000,Autódromo José Carlos Pace,18,17,7,3
Jarno Trulli,15,159,2000,Autódromo José Carlos Pace,18,17,12,4
Ralf Schumacher,23,159,2000,Autódromo José Carlos Pace,18,3,11,5
Jenson Button,18,159,2000,Autódromo José Carlos Pace,18,3,9,6
Jos Verstappen,50,159,2000,Autódromo José Carlos Pace,18,21,14,7
Pedro de la Rosa,37,159,2000,Autódromo José Carlos Pace,18,21,16,8
Ricardo Zonta,41,159,2000,Autódromo José Carlos Pace,18,16,8,9
Gastón Mazzacane,60,159,2000,Autódromo José Carlos Pace,18,18,20,10
Michael Schumacher,30,160,2000,Autodromo Enzo e Dino Ferrari,21,6,2,1
Mika Häkkinen,57,160,2000,Autodromo Enzo e Dino Ferrari,21,1,1,2
David Coulthard,14,160,2000,Autodromo Enzo e Dino Ferrari,21,1,3,3
Rubens Barrichello,22,160,2000,Autodromo Enzo e Dino Ferrari,21,6,4,4
Jacques Villeneuve,35,160,2000,Autodromo Enzo e Dino Ferrari,21,16,9,5
Mika Salo,63,160,2000,Autodromo Enzo e Dino Ferrari,21,15,12,6
Eddie Irvine,56,160,2000,Autodromo Enzo e Dino Ferrari,21,19,7,7
Pedro Diniz,64,160,2000,Autodromo Enzo e Dino Ferrari,21,15,10,8
Alexander Wurz,25,160,2000,Autodromo Enzo e Dino Ferrari,21,22,11,9
Johnny Herbert,65,160,2000,Autodromo Enzo e Dino Ferrari,21,19,17,10
Giancarlo Fisichella,21,160,2000,Autodromo Enzo e Dino Ferrari,21,22,19,11
Ricardo Zonta,41,160,2000,Autodromo Enzo e Dino Ferrari,21,16,14,12
Gastón Mazzacane,60,160,2000,Autodromo Enzo e Dino Ferrari,21,18,20,13
Jos Verstappen,50,160,2000,Autodromo Enzo e Dino Ferrari,21,21,16,14
Jarno Trulli,15,160,2000,Autodromo Enzo e Dino Ferrari,21,17,8,15
David Coulthard,14,161,2000,Silverstone Circuit,9,1,4,1
Mika Häkkinen,57,161,2000,Silverstone Circuit,9,1,3,2
Michael Schumacher,30,161,2000,Silverstone Circuit,9,6,5,3
Ralf Schumacher,23,161,2000,Silverstone Circuit,9,3,7,4
Jenson Button,18,161,2000,Silverstone Circuit,9,3,6,5
Jarno Trulli,15,161,2000,Silverstone Circuit,9,17,11,6
Giancarlo Fisichella,21,161,2000,Silverstone Circuit,9,22,12,7
Mika Salo,63,161,2000,Silverstone Circuit,9,15,18,8
Alexander Wurz,25,161,2000,Silverstone Circuit,9,22,20,9
Jean Alesi,55,161,2000,Silverstone Circuit,9,20,15,10
Pedro Diniz,64,161,2000,Silverstone Circuit,9,15,13,11
Johnny Herbert,65,161,2000,Silverstone Circuit,9,19,14,12
Eddie Irvine,56,161,2000,Silverstone Circuit,9,19,9,13
Marc Gené,48,161,2000,Silverstone Circuit,9,18,21,14
Gastón Mazzacane,60,161,2000,Silverstone Circuit,9,18,22,15
Jacques Villeneuve,35,161,2000,Silverstone Circuit,9,16,10,16
Heinz-Harald Frentzen,49,161,2000,Silverstone Circuit,9,17,2,17
Mika Häkkinen,57,162,2000,Circuit de Barcelona-Catalunya,4,1,2,1
David Coulthard,14,162,2000,Circuit de Barcelona-Catalunya,4,1,4,2
Rubens Barrichello,22,162,2000,Circuit de Barcelona-Catalunya,4,6,3,3
Ralf Schumacher,23,162,2000,Circuit de Barcelona-Catalunya,4,3,5,4
Michael Schumacher,30,162,2000,Circuit de Barcelona-Catalunya,4,6,1,5
Heinz-Harald Frentzen,49,162,2000,Circuit de Barcelona-Catalunya,4,17,8,6
Mika Salo,63,162,2000,Circuit de Barcelona-Catalunya,4,15,12,7
Ricardo Zonta,41,162,2000,Circuit de Barcelona-Catalunya,4,16,16,8
Giancarlo Fisichella,21,162,2000,Circuit de Barcelona-Catalunya,4,22,13,9
Alexander Wurz,25,162,2000,Circuit de Barcelona-Catalunya,4,22,18,10
Eddie Irvine,56,162,2000,Circuit de Barcelona-Catalunya,4,19,9,11
Jarno Trulli,15,162,2000,Circuit de Barcelona-Catalunya,4,17,7,12
Johnny Herbert,65,162,2000,Circuit de Barcelona-Catalunya,4,19,14,13
Marc Gené,48,162,2000,Circuit de Barcelona-Catalunya,4,18,20,14
Gastón Mazzacane,60,162,2000,Circuit de Barcelona-Catalunya,4,18,21,15
Nick Heidfeld,2,162,2000,Circuit de Barcelona-Catalunya,4,20,19,16
Jenson Button,18,162,2000,Circuit de Barcelona-Catalunya,4,3,10,17
Michael Schumacher,30,163,2000,Nürburgring,20,6,2,1
Mika Häkkinen,57,163,2000,Nürburgring,20,1,3,2
David Coulthard,14,163,2000,Nürburgring,20,1,1,3
Rubens Barrichello,22,163,2000,Nürburgring,20,6,4,4
Giancarlo Fisichella,21,163,2000,Nürburgring,20,22,7,5
Pedro de la Rosa,37,163,2000,Nürburgring,20,21,12,6
Pedro Diniz,64,163,2000,Nürburgring,20,15,15,7
Gastón Mazzacane,60,163,2000,Nürburgring,20,18,21,8
Jean Alesi,55,163,2000,Nürburgring,20,20,17,9
Jenson Button,18,163,2000,Nürburgring,20,3,11,10
Johnny Herbert,65,163,2000,Nürburgring,20,19,16,11
Alexander Wurz,25,163,2000,Nürburgring,20,22,14,12
David Coulthard,14,164,2000,Circuit de Monaco,6,1,3,1
Rubens Barrichello,22,164,2000,Circuit de Monaco,6,6,6,2
Giancarlo Fisichella,21,164,2000,Circuit de Monaco,6,22,8,3
Eddie Irvine,56,164,2000,Circuit de Monaco,6,19,10,4
Mika Salo,63,164,2000,Circuit de Monaco,6,15,13,5
Mika Häkkinen,57,164,2000,Circuit de Monaco,6,1,5,6
Jacques Villeneuve,35,164,2000,Circuit de Monaco,6,16,17,7
Nick Heidfeld,2,164,2000,Circuit de Monaco,6,20,18,8
Johnny Herbert,65,164,2000,Circuit de Monaco,6,19,11,9
Heinz-Harald Frentzen,49,164,2000,Circuit de Monaco,6,17,4,10
Michael Schumacher,30,165,2000,Circuit Gilles Villeneuve,7,6,1,1
Rubens Barrichello,22,165,2000,Circuit Gilles Villeneuve,7,6,3,2
Giancarlo Fisichella,21,165,2000,Circuit Gilles Villeneuve,7,22,10,3
Mika Häkkinen,57,165,2000,Circuit Gilles Villeneuve,7,1,4,4
Jos Verstappen,50,165,2000,Circuit Gilles Villeneuve,7,21,13,5
Jarno Trulli,15,165,2000,Circuit Gilles Villeneuve,7,17,7,6
David Coulthard,14,165,2000,Circuit Gilles Villeneuve,7,1,2,7
Ricardo Zonta,41,165,2000,Circuit Gilles Villeneuve,7,16,8,8
Alexander Wurz,25,165,2000,Circuit Gilles Villeneuve,7,22,14,9
Pedro Diniz,64,165,2000,Circuit Gilles Villeneuve,7,15,19,10
Jenson Button,18,165,2000,Circuit Gilles Villeneuve,7,3,18,11
Gastón Mazzacane,60,165,2000,Circuit Gilles Villeneuve,7,18,22,12
Eddie Irvine,56,165,2000,Circuit Gilles Villeneuve,7,19,16,13
Ralf Schumacher,23,165,2000,Circuit Gilles Villeneuve,7,3,12,14
Jacques Villeneuve,35,165,2000,Circuit Gilles Villeneuve,7,16,6,15
Marc Gené,48,165,2000,Circuit Gilles Villeneuve,7,18,20,16
David Coulthard,14,166,2000,Circuit de Nevers Magny-Cours,8,1,2,1
Mika Häkkinen,57,166,2000,Circuit de Nevers Magny-Cours,8,1,4,2
Rubens Barrichello,22,166,2000,Circuit de Nevers Magny-Cours,8,6,3,3
Jacques Villeneuve,35,166,2000,Circuit de Nevers Magny-Cours,8,16,7,4
Ralf Schumacher,23,166,2000,Circuit de Nevers Magny-Cours,8,3,5,5
Jarno Trulli,15,166,2000,Circuit de Nevers Magny-Cours,8,17,9,6
Heinz-Harald Frentzen,49,166,2000,Circuit de Nevers Magny-Cours,8,17,8,7
Jenson Button,18,166,2000,Circuit de Nevers Magny-Cours,8,3,10,8
Giancarlo Fisichella,21,166,2000,Circuit de Nevers Magny-Cours,8,22,14,9
Mika Salo,63,166,2000,Circuit de Nevers Magny-Cours,8,15,12,10
Pedro Diniz,64,166,2000,Circuit de Nevers Magny-Cours,8,15,15,11
Nick Heidfeld,2,166,2000,Circuit de Nevers Magny-Cours,8,20,16,12
Eddie Irvine,56,166,2000,Circuit de Nevers Magny-Cours,8,19,6,13
Jean Alesi,55,166,2000,Circuit de Nevers Magny-Cours,8,20,18,14
Marc Gené,48,166,2000,Circuit de Nevers Magny-Cours,8,18,21,15
Mika Häkkinen,57,167,2000,Red Bull Ring,70,1,1,1
David Coulthard,14,167,2000,Red Bull Ring,70,1,2,2
Rubens Barrichello,22,167,2000,Red Bull Ring,70,6,3,3
Jacques Villeneuve,35,167,2000,Red Bull Ring,70,16,7,4
Jenson Button,18,167,2000,Red Bull Ring,70,3,18,5
Mika Salo,63,167,2000,Red Bull Ring,70,15,9,6
Johnny Herbert,65,167,2000,Red Bull Ring,70,19,16,7
Marc Gené,48,167,2000,Red Bull Ring,70,18,20,8
Pedro Diniz,64,167,2000,Red Bull Ring,70,15,11,9
Alexander Wurz,25,167,2000,Red Bull Ring,70,22,14,10
Luciano Burti,54,167,2000,Red Bull Ring,70,19,21,11
Gastón Mazzacane,60,167,2000,Red Bull Ring,70,18,22,12
Rubens Barrichello,22,168,2000,Hockenheimring,10,6,18,1
Mika Häkkinen,57,168,2000,Hockenheimring,10,1,4,2
David Coulthard,14,168,2000,Hockenheimring,10,1,1,3
Jenson Button,18,168,2000,Hockenheimring,10,3,16,4
Mika Salo,63,168,2000,Hockenheimring,10,15,15,5
Pedro de la Rosa,37,168,2000,Hockenheimring,10,21,5,6
Ralf Schumacher,23,168,2000,Hockenheimring,10,3,14,7
Jacques Villeneuve,35,168,2000,Hockenheimring,10,16,9,8
Jarno Trulli,15,168,2000,Hockenheimring,10,17,6,9
Eddie Irvine,56,168,2000,Hockenheimring,10,19,10,10
Gastón Mazzacane,60,168,2000,Hockenheimring,10,18,21,11
Nick Heidfeld,2,168,2000,Hockenheimring,10,20,13,12
Mika Häkkinen,57,169,2000,Hungaroring,11,1,3,1
Michael Schumacher,30,169,2000,Hungaroring,11,6,1,2
David Coulthard,14,169,2000,Hungaroring,11,1,2,3
Rubens Barrichello,22,169,2000,Hungaroring,11,6,5,4
Ralf Schumacher,23,169,2000,Hungaroring,11,3,4,5
Heinz-Harald Frentzen,49,169,2000,Hungaroring,11,17,6,6
Jarno Trulli,15,169,2000,Hungaroring,11,17,12,7
Eddie Irvine,56,169,2000,Hungaroring,11,19,10,8
Jenson Button,18,169,2000,Hungaroring,11,3,8,9
Mika Salo,63,169,2000,Hungaroring,11,15,9,10
Alexander Wurz,25,169,2000,Hungaroring,11,22,11,11
Jacques Villeneuve,35,169,2000,Hungaroring,11,16,16,12
Jos Verstappen,50,169,2000,Hungaroring,11,21,20,13
Ricardo Zonta,41,169,2000,Hungaroring,11,16,18,14
Marc Gené,48,169,2000,Hungaroring,11,18,21,15
Pedro de la Rosa,37,169,2000,Hungaroring,11,21,15,16
Mika Häkkinen,57,170,2000,Circuit de Spa-Francorchamps,13,1,1,1
Michael Schumacher,30,170,2000,Circuit de Spa-Francorchamps,13,6,4,2
Ralf Schumacher,23,170,2000,Circuit de Spa-Francorchamps,13,3,6,3
David Coulthard,14,170,2000,Circuit de Spa-Francorchamps,13,1,5,4
Jenson Button,18,170,2000,Circuit de Spa-Francorchamps,13,3,3,5
Heinz-Harald Frentzen,49,170,2000,Circuit de Spa-Francorchamps,13,17,8,6
Jacques Villeneuve,35,170,2000,Circuit de Spa-Francorchamps,13,16,7,7
Johnny Herbert,65,170,2000,Circuit de Spa-Francorchamps,13,19,9,8
Mika Salo,63,170,2000,Circuit de Spa-Francorchamps,13,15,18,9
Eddie Irvine,56,170,2000,Circuit de Spa-Francorchamps,13,19,12,10
Pedro Diniz,64,170,2000,Circuit de Spa-Francorchamps,13,15,15,11
Ricardo Zonta,41,170,2000,Circuit de Spa-Francorchamps,13,16,13,12
Alexander Wurz,25,170,2000,Circuit de Spa-Francorchamps,13,22,19,13
Marc Gené,48,170,2000,Circuit de Spa-Francorchamps,13,18,21,14
Jos Verstappen,50,170,2000,Circuit de Spa-Francorchamps,13,21,20,15
Pedro de la Rosa,37,170,2000,Circuit de Spa-Francorchamps,13,21,16,16
Gastón Mazzacane,60,170,2000,Circuit de Spa-Francorchamps,13,18,22,17
Michael Schumacher,30,171,2000,Autodromo Nazionale di Monza,14,6,1,1
Mika Häkkinen,57,171,2000,Autodromo Nazionale di Monza,14,1,3,2
Ralf Schumacher,23,171,2000,Autodromo Nazionale di Monza,14,3,7,3
Jos Verstappen,50,171,2000,Autodromo Nazionale di Monza,14,21,11,4
Alexander Wurz,25,171,2000,Autodromo Nazionale di Monza,14,22,13,5
Ricardo Zonta,41,171,2000,Autodromo Nazionale di Monza,14,16,17,6
Mika Salo,63,171,2000,Autodromo Nazionale di Monza,14,15,15,7
Pedro Diniz,64,171,2000,Autodromo Nazionale di Monza,14,15,16,8
Marc Gené,48,171,2000,Autodromo Nazionale di Monza,14,18,21,9
Gastón Mazzacane,60,171,2000,Autodromo Nazionale di Monza,14,18,22,10
Giancarlo Fisichella,21,171,2000,Autodromo Nazionale di Monza,14,22,9,11
Jean Alesi,55,171,2000,Autodromo Nazionale di Monza,14,20,19,12
Michael Schumacher,30,172,2000,Indianapolis Motor Speedway,19,6,1,1
Rubens Barrichello,22,172,2000,Indianapolis Motor Speedway,19,6,4,2
Heinz-Harald Frentzen,49,172,2000,Indianapolis Motor Speedway,19,17,7,3
Jacques Villeneuve,35,172,2000,Indianapolis Motor Speedway,19,16,8,4
David Coulthard,14,172,2000,Indianapolis Motor Speedway,19,1,2,5
Ricardo Zonta,41,172,2000,Indianapolis Motor Speedway,19,16,12,6
Eddie Irvine,56,172,2000,Indianapolis Motor Speedway,19,19,17,7
Pedro Diniz,64,172,2000,Indianapolis Motor Speedway,19,15,9,8
Nick Heidfeld,2,172,2000,Indianapolis Motor Speedway,19,20,16,9
Alexander Wurz,25,172,2000,Indianapolis Motor Speedway,19,22,11,10
Johnny Herbert,65,172,2000,Indianapolis Motor Speedway,19,19,19,11
Marc Gené,48,172,2000,Indianapolis Motor Speedway,19,18,22,12
Michael Schumacher,30,173,2000,Suzuka Circuit,22,6,1,1
Mika Häkkinen,57,173,2000,Suzuka Circuit,22,1,2,2
David Coulthard,14,173,2000,Suzuka Circuit,22,1,3,3
Rubens Barrichello,22,173,2000,Suzuka Circuit,22,6,4,4
Jenson Button,18,173,2000,Suzuka Circuit,22,3,5,5
Jacques Villeneuve,35,173,2000,Suzuka Circuit,22,16,9,6
Johnny Herbert,65,173,2000,Suzuka Circuit,22,19,10,7
Eddie Irvine,56,173,2000,Suzuka Circuit,22,19,7,8
Ricardo Zonta,41,173,2000,Suzuka Circuit,22,16,18,9
Mika Salo,63,173,2000,Suzuka Circuit,22,15,19,10
Pedro Diniz,64,173,2000,Suzuka Circuit,22,15,20,11
Pedro de la Rosa,37,173,2000,Suzuka Circuit,22,21,13,12
Jarno Trulli,15,173,2000,Suzuka Circuit,22,17,15,13
Giancarlo Fisichella,21,173,2000,Suzuka Circuit,22,22,12,14
Gastón Mazzacane,60,173,2000,Suzuka Circuit,22,18,22,15
Michael Schumacher,30,174,2000,Sepang International Circuit,2,6,1,1
David Coulthard,14,174,2000,Sepang International Circuit,2,1,3,2
Rubens Barrichello,22,174,2000,Sepang International Circuit,2,6,4,3
Mika Häkkinen,57,174,2000,Sepang International Circuit,2,1,2,4
Jacques Villeneuve,35,174,2000,Sepang International Circuit,2,16,6,5
Eddie Irvine,56,174,2000,Sepang International Circuit,2,19,7,6
Alexander Wurz,25,174,2000,Sepang International Circuit,2,22,5,7
Mika Salo,63,174,2000,Sepang International Circuit,2,15,17,8
Giancarlo Fisichella,21,174,2000,Sepang International Circuit,2,22,13,9
Jos Verstappen,50,174,2000,Sepang International Circuit,2,21,15,10
Jean Alesi,55,174,2000,Sepang International Circuit,2,20,18,11
Jarno Trulli,15,174,2000,Sepang International Circuit,2,17,9,12
Gastón Mazzacane,60,174,2000,Sepang International Circuit,2,18,22,13
Eddie Irvine,56,175,1999,Albert Park Grand Prix Circuit,1,6,6,1
Heinz-Harald Frentzen,49,175,1999,Albert Park Grand Prix Circuit,1,17,5,2
Ralf Schumacher,23,175,1999,Albert Park Grand Prix Circuit,1,3,8,3
Giancarlo Fisichella,21,175,1999,Albert Park Grand Prix Circuit,1,22,7,4
Rubens Barrichello,22,175,1999,Albert Park Grand Prix Circuit,1,24,4,5
Pedro de la Rosa,37,175,1999,Albert Park Grand Prix Circuit,1,21,18,6
Toranosuke Takagi,68,175,1999,Albert Park Grand Prix Circuit,1,21,17,7
Michael Schumacher,30,175,1999,Albert Park Grand Prix Circuit,1,6,3,8
Mika Häkkinen,57,176,1999,Autódromo José Carlos Pace,18,1,1,1
Michael Schumacher,30,176,1999,Autódromo José Carlos Pace,18,6,4,2
Heinz-Harald Frentzen,49,176,1999,Autódromo José Carlos Pace,18,17,8,3
Ralf Schumacher,23,176,1999,Autódromo José Carlos Pace,18,3,11,4
Eddie Irvine,56,176,1999,Autódromo José Carlos Pace,18,6,6,5
Olivier Panis,44,176,1999,Autódromo José Carlos Pace,18,20,12,6
Alexander Wurz,25,176,1999,Autódromo José Carlos Pace,18,22,9,7
Toranosuke Takagi,68,176,1999,Autódromo José Carlos Pace,18,21,19,8
Marc Gené,48,176,1999,Autódromo José Carlos Pace,18,18,20,9
Michael Schumacher,30,177,1999,Autodromo Enzo e Dino Ferrari,21,6,3,1
David Coulthard,14,177,1999,Autodromo Enzo e Dino Ferrari,21,1,2,2
Rubens Barrichello,22,177,1999,Autodromo Enzo e Dino Ferrari,21,24,6,3
Damon Hill,71,177,1999,Autodromo Enzo e Dino Ferrari,21,17,8,4
Giancarlo Fisichella,21,177,1999,Autodromo Enzo e Dino Ferrari,21,22,16,5
Jean Alesi,55,177,1999,Autodromo Enzo e Dino Ferrari,21,15,13,6
Mika Salo,63,177,1999,Autodromo Enzo e Dino Ferrari,21,16,19,7
Luca Badoer,69,177,1999,Autodromo Enzo e Dino Ferrari,21,18,22,8
Marc Gené,48,177,1999,Autodromo Enzo e Dino Ferrari,21,18,21,9
Johnny Herbert,65,177,1999,Autodromo Enzo e Dino Ferrari,21,24,12,10
Alessandro Zanardi,70,177,1999,Autodromo Enzo e Dino Ferrari,21,3,10,11
Michael Schumacher,30,178,1999,Circuit de Monaco,6,6,2,1
Eddie Irvine,56,178,1999,Circuit de Monaco,6,6,4,2
Mika Häkkinen,57,178,1999,Circuit de Monaco,6,1,1,3
Heinz-Harald Frentzen,49,178,1999,Circuit de Monaco,6,17,6,4
Giancarlo Fisichella,21,178,1999,Circuit de Monaco,6,22,9,5
Alexander Wurz,25,178,1999,Circuit de Monaco,6,22,10,6
Jarno Trulli,15,178,1999,Circuit de Monaco,6,20,7,7
Alessandro Zanardi,70,178,1999,Circuit de Monaco,6,3,11,8
Rubens Barrichello,22,178,1999,Circuit de Monaco,6,24,5,9
Mika Häkkinen,57,179,1999,Circuit de Barcelona-Catalunya,4,1,1,1
David Coulthard,14,179,1999,Circuit de Barcelona-Catalunya,4,1,3,2
Michael Schumacher,30,179,1999,Circuit de Barcelona-Catalunya,4,6,4,3
Eddie Irvine,56,179,1999,Circuit de Barcelona-Catalunya,4,6,2,4
Ralf Schumacher,23,179,1999,Circuit de Barcelona-Catalunya,4,3,10,5
Jarno Trulli,15,179,1999,Circuit de Barcelona-Catalunya,4,20,9,6
Damon Hill,71,179,1999,Circuit de Barcelona-Catalunya,4,17,11,7
Mika Salo,63,179,1999,Circuit de Barcelona-Catalunya,4,16,16,8
Giancarlo Fisichella,21,179,1999,Circuit de Barcelona-Catalunya,4,22,13,9
Alexander Wurz,25,179,1999,Circuit de Barcelona-Catalunya,4,22,18,10
Pedro de la Rosa,37,179,1999,Circuit de Barcelona-Catalunya,4,21,19,11
Toranosuke Takagi,68,179,1999,Circuit de Barcelona-Catalunya,4,21,20,12
Mika Häkkinen,57,180,1999,Circuit Gilles Villeneuve,7,1,2,1
Giancarlo Fisichella,21,180,1999,Circuit Gilles Villeneuve,7,22,7,2
Eddie Irvine,56,180,1999,Circuit Gilles Villeneuve,7,6,3,3
Ralf Schumacher,23,180,1999,Circuit Gilles Villeneuve,7,3,13,4
Johnny Herbert,65,180,1999,Circuit Gilles Villeneuve,7,24,10,5
Pedro Diniz,64,180,1999,Circuit Gilles Villeneuve,7,15,18,6
David Coulthard,14,180,1999,Circuit Gilles Villeneuve,7,1,4,7
Marc Gené,48,180,1999,Circuit Gilles Villeneuve,7,18,22,8
Olivier Panis,44,180,1999,Circuit Gilles Villeneuve,7,20,15,9
Luca Badoer,69,180,1999,Circuit Gilles Villeneuve,7,18,21,10
Heinz-Harald Frentzen,49,180,1999,Circuit Gilles Villeneuve,7,17,6,11
Heinz-Harald Frentzen,49,181,1999,Circuit de Nevers Magny-Cours,8,17,5,1
Mika Häkkinen,57,181,1999,Circuit de Nevers Magny-Cours,8,1,14,2
Rubens Barrichello,22,181,1999,Circuit de Nevers Magny-Cours,8,24,1,3
Ralf Schumacher,23,181,1999,Circuit de Nevers Magny-Cours,8,3,16,4
Michael Schumacher,30,181,1999,Circuit de Nevers Magny-Cours,8,6,6,5
Eddie Irvine,56,181,1999,Circuit de Nevers Magny-Cours,8,6,17,6
Jarno Trulli,15,181,1999,Circuit de Nevers Magny-Cours,8,20,8,7
Olivier Panis,44,181,1999,Circuit de Nevers Magny-Cours,8,20,3,8
Ricardo Zonta,41,181,1999,Circuit de Nevers Magny-Cours,8,16,10,9
Luca Badoer,69,181,1999,Circuit de Nevers Magny-Cours,8,18,20,10
Pedro de la Rosa,37,181,1999,Circuit de Nevers Magny-Cours,8,21,21,11
David Coulthard,14,182,1999,Silverstone Circuit,9,1,3,1
Eddie Irvine,56,182,1999,Silverstone Circuit,9,6,4,2
Ralf Schumacher,23,182,1999,Silverstone Circuit,9,3,8,3
Heinz-Harald Frentzen,49,182,1999,Silverstone Circuit,9,17,5,4
Damon Hill,71,182,1999,Silverstone Circuit,9,17,6,5
Pedro Diniz,64,182,1999,Silverstone Circuit,9,15,12,6
Giancarlo Fisichella,21,182,1999,Silverstone Circuit,9,22,17,7
Rubens Barrichello,22,182,1999,Silverstone Circuit,9,24,7,8
Jarno Trulli,15,182,1999,Silverstone Circuit,9,20,14,9
Alexander Wurz,25,182,1999,Silverstone Circuit,9,22,18,10
Alessandro Zanardi,70,182,1999,Silverstone Circuit,9,3,13,11
Johnny Herbert,65,182,1999,Silverstone Circuit,9,24,11,12
Olivier Panis,44,182,1999,Silverstone Circuit,9,20,15,13
Jean Alesi,55,182,1999,Silverstone Circuit,9,15,10,14
Marc Gené,48,182,1999,Silverstone Circuit,9,18,22,15
Toranosuke Takagi,68,182,1999,Silverstone Circuit,9,21,19,16
Eddie Irvine,56,183,1999,Red Bull Ring,70,6,3,1
David Coulthard,14,183,1999,Red Bull Ring,70,1,2,2
Mika Häkkinen,57,183,1999,Red Bull Ring,70,1,1,3
Heinz-Harald Frentzen,49,183,1999,Red Bull Ring,70,17,4,4
Alexander Wurz,25,183,1999,Red Bull Ring,70,22,10,5
Pedro Diniz,64,183,1999,Red Bull Ring,70,15,16,6
Jarno Trulli,15,183,1999,Red Bull Ring,70,20,13,7
Damon Hill,71,183,1999,Red Bull Ring,70,17,11,8
Mika Salo,63,183,1999,Red Bull Ring,70,6,7,9
Olivier Panis,44,183,1999,Red Bull Ring,70,20,18,10
Marc Gené,48,183,1999,Red Bull Ring,70,18,22,11
Giancarlo Fisichella,21,183,1999,Red Bull Ring,70,22,12,12
Luca Badoer,69,183,1999,Red Bull Ring,70,18,19,13
Johnny Herbert,65,183,1999,Red Bull Ring,70,24,6,14
Ricardo Zonta,41,183,1999,Red Bull Ring,70,16,15,15
Eddie Irvine,56,184,1999,Hockenheimring,10,6,5,1
Mika Salo,63,184,1999,Hockenheimring,10,6,4,2
Heinz-Harald Frentzen,49,184,1999,Hockenheimring,10,17,2,3
Ralf Schumacher,23,184,1999,Hockenheimring,10,3,11,4
David Coulthard,14,184,1999,Hockenheimring,10,1,3,5
Olivier Panis,44,184,1999,Hockenheimring,10,20,7,6
Alexander Wurz,25,184,1999,Hockenheimring,10,22,13,7
Jean Alesi,55,184,1999,Hockenheimring,10,15,21,8
Marc Gené,48,184,1999,Hockenheimring,10,18,15,9
Luca Badoer,69,184,1999,Hockenheimring,10,18,19,10
Johnny Herbert,65,184,1999,Hockenheimring,10,24,17,11
Mika Häkkinen,57,185,1999,Hungaroring,11,1,1,1
David Coulthard,14,185,1999,Hungaroring,11,1,3,2
Eddie Irvine,56,185,1999,Hungaroring,11,6,2,3
Heinz-Harald Frentzen,49,185,1999,Hungaroring,11,17,5,4
Rubens Barrichello,22,185,1999,Hungaroring,11,24,8,5
Damon Hill,71,185,1999,Hungaroring,11,17,6,6
Alexander Wurz,25,185,1999,Hungaroring,11,22,7,7
Jarno Trulli,15,185,1999,Hungaroring,11,20,13,8
Ralf Schumacher,23,185,1999,Hungaroring,11,3,16,9
Olivier Panis,44,185,1999,Hungaroring,11,20,14,10
Johnny Herbert,65,185,1999,Hungaroring,11,24,10,11
Mika Salo,63,185,1999,Hungaroring,11,6,18,12
Ricardo Zonta,41,185,1999,Hungaroring,11,16,17,13
Luca Badoer,69,185,1999,Hungaroring,11,18,19,14
Pedro de la Rosa,37,185,1999,Hungaroring,11,21,20,15
Jean Alesi,55,185,1999,Hungaroring,11,15,11,16
Marc Gené,48,185,1999,Hungaroring,11,18,22,17
David Coulthard,14,186,1999,Circuit de Spa-Francorchamps,13,1,2,1
Mika Häkkinen,57,186,1999,Circuit de Spa-Francorchamps,13,1,1,2
Heinz-Harald Frentzen,49,186,1999,Circuit de Spa-Francorchamps,13,17,3,3
Eddie Irvine,56,186,1999,Circuit de Spa-Francorchamps,13,6,6,4
Ralf Schumacher,23,186,1999,Circuit de Spa-Francorchamps,13,3,5,5
Damon Hill,71,186,1999,Circuit de Spa-Francorchamps,13,17,4,6
Mika Salo,63,186,1999,Circuit de Spa-Francorchamps,13,6,9,7
Alessandro Zanardi,70,186,1999,Circuit de Spa-Francorchamps,13,3,8,8
Jean Alesi,55,186,1999,Circuit de Spa-Francorchamps,13,15,16,9
Rubens Barrichello,22,186,1999,Circuit de Spa-Francorchamps,13,24,7,10
Giancarlo Fisichella,21,186,1999,Circuit de Spa-Francorchamps,13,22,13,11
Jarno Trulli,15,186,1999,Circuit de Spa-Francorchamps,13,20,12,12
Olivier Panis,44,186,1999,Circuit de Spa-Francorchamps,13,20,17,13
Alexander Wurz,25,186,1999,Circuit de Spa-Francorchamps,13,22,15,14
Jacques Villeneuve,35,186,1999,Circuit de Spa-Francorchamps,13,16,11,15
Marc Gené,48,186,1999,Circuit de Spa-Francorchamps,13,18,21,16
Heinz-Harald Frentzen,49,187,1999,Autodromo Nazionale di Monza,14,17,2,1
Ralf Schumacher,23,187,1999,Autodromo Nazionale di Monza,14,3,5,2
Mika Salo,63,187,1999,Autodromo Nazionale di Monza,14,6,6,3
Rubens Barrichello,22,187,1999,Autodromo Nazionale di Monza,14,24,7,4
David Coulthard,14,187,1999,Autodromo Nazionale di Monza,14,1,3,5
Eddie Irvine,56,187,1999,Autodromo Nazionale di Monza,14,6,8,6
Alessandro Zanardi,70,187,1999,Autodromo Nazionale di Monza,14,3,4,7
Jacques Villeneuve,35,187,1999,Autodromo Nazionale di Monza,14,16,11,8
Jean Alesi,55,187,1999,Autodromo Nazionale di Monza,14,15,13,9
Damon Hill,71,187,1999,Autodromo Nazionale di Monza,14,17,9,10
Olivier Panis,44,187,1999,Autodromo Nazionale di Monza,14,20,10,11
Johnny Herbert,65,188,1999,Nürburgring,20,24,14,1
Jarno Trulli,15,188,1999,Nürburgring,20,20,10,2
Rubens Barrichello,22,188,1999,Nürburgring,20,24,15,3
Ralf Schumacher,23,188,1999,Nürburgring,20,3,4,4
Mika Häkkinen,57,188,1999,Nürburgring,20,1,3,5
Marc Gené,48,188,1999,Nürburgring,20,18,20,6
Eddie Irvine,56,188,1999,Nürburgring,20,6,9,7
Ricardo Zonta,41,188,1999,Nürburgring,20,16,17,8
Olivier Panis,44,188,1999,Nürburgring,20,20,5,9
Jacques Villeneuve,35,188,1999,Nürburgring,20,16,8,10
Eddie Irvine,56,189,1999,Sepang International Circuit,2,6,2,1
Michael Schumacher,30,189,1999,Sepang International Circuit,2,6,1,2
Mika Häkkinen,57,189,1999,Sepang International Circuit,2,1,4,3
Johnny Herbert,65,189,1999,Sepang International Circuit,2,24,5,4
Rubens Barrichello,22,189,1999,Sepang International Circuit,2,24,6,5
Heinz-Harald Frentzen,49,189,1999,Sepang International Circuit,2,17,14,6
Jean Alesi,55,189,1999,Sepang International Circuit,2,15,15,7
Alexander Wurz,25,189,1999,Sepang International Circuit,2,22,7,8
Marc Gené,48,189,1999,Sepang International Circuit,2,18,19,9
Alessandro Zanardi,70,189,1999,Sepang International Circuit,2,3,16,10
Giancarlo Fisichella,21,189,1999,Sepang International Circuit,2,22,11,11
Mika Häkkinen,57,190,1999,Suzuka Circuit,22,1,2,1
Michael Schumacher,30,190,1999,Suzuka Circuit,22,6,1,2
Eddie Irvine,56,190,1999,Suzuka Circuit,22,6,5,3
Heinz-Harald Frentzen,49,190,1999,Suzuka Circuit,22,17,4,4
Ralf Schumacher,23,190,1999,Suzuka Circuit,22,3,9,5
Jean Alesi,55,190,1999,Suzuka Circuit,22,15,10,6
Johnny Herbert,65,190,1999,Suzuka Circuit,22,24,8,7
Rubens Barrichello,22,190,1999,Suzuka Circuit,22,24,13,8
Jacques Villeneuve,35,190,1999,Suzuka Circuit,22,16,11,9
Alexander Wurz,25,190,1999,Suzuka Circuit,22,22,15,10
Pedro Diniz,64,190,1999,Suzuka Circuit,22,15,17,11
Ricardo Zonta,41,190,1999,Suzuka Circuit,22,16,18,12
Pedro de la Rosa,37,190,1999,Suzuka Circuit,22,21,21,13
Giancarlo Fisichella,21,190,1999,Suzuka Circuit,22,22,14,14
Mika Häkkinen,57,191,1998,Albert Park Grand Prix Circuit,1,1,1,1
David Coulthard,14,191,1998,Albert Park Grand Prix Circuit,1,1,2,2
Heinz-Harald Frentzen,49,191,1998,Albert Park Grand Prix Circuit,1,3,6,3
Eddie Irvine,56,191,1998,Albert Park Grand Prix Circuit,1,6,8,4
Jacques Villeneuve,35,191,1998,Albert Park Grand Prix Circuit,1,3,4,5
Johnny Herbert,65,191,1998,Albert Park Grand Prix Circuit,1,15,5,6
Alexander Wurz,25,191,1998,Albert Park Grand Prix Circuit,1,22,11,7
Damon Hill,71,191,1998,Albert Park Grand Prix Circuit,1,17,10,8
Olivier Panis,44,191,1998,Albert Park Grand Prix Circuit,1,20,21,9
Mika Häkkinen,57,192,1998,Autódromo José Carlos Pace,18,1,1,1
David Coulthard,14,192,1998,Autódromo José Carlos Pace,18,1,2,2
Michael Schumacher,30,192,1998,Autódromo José Carlos Pace,18,6,4,3
Alexander Wurz,25,192,1998,Autódromo José Carlos Pace,18,22,5,4
Heinz-Harald Frentzen,49,192,1998,Autódromo José Carlos Pace,18,3,3,5
Giancarlo Fisichella,21,192,1998,Autódromo José Carlos Pace,18,22,7,6
Jacques Villeneuve,35,192,1998,Autódromo José Carlos Pace,18,3,10,7
Eddie Irvine,56,192,1998,Autódromo José Carlos Pace,18,6,6,8
Jean Alesi,55,192,1998,Autódromo José Carlos Pace,18,15,15,9
Jan Magnussen,76,192,1998,Autódromo José Carlos Pace,18,24,16,10
Johnny Herbert,65,192,1998,Autódromo José Carlos Pace,18,15,14,11
Michael Schumacher,30,193,1998,Autódromo Juan y Oscar Gálvez,25,6,2,1
Mika Häkkinen,57,193,1998,Autódromo Juan y Oscar Gálvez,25,1,3,2
Eddie Irvine,56,193,1998,Autódromo Juan y Oscar Gálvez,25,6,4,3
Alexander Wurz,25,193,1998,Autódromo Juan y Oscar Gálvez,25,22,8,4
Jean Alesi,55,193,1998,Autódromo Juan y Oscar Gálvez,25,15,11,5
David Coulthard,14,193,1998,Autódromo Juan y Oscar Gálvez,25,1,1,6
Giancarlo Fisichella,21,193,1998,Autódromo Juan y Oscar Gálvez,25,22,10,7
Damon Hill,71,193,1998,Autódromo Juan y Oscar Gálvez,25,17,9,8
Heinz-Harald Frentzen,49,193,1998,Autódromo Juan y Oscar Gálvez,25,3,6,9
Rubens Barrichello,22,193,1998,Autódromo Juan y Oscar Gálvez,25,24,14,10
Jarno Trulli,15,193,1998,Autódromo Juan y Oscar Gálvez,25,20,16,11
Toranosuke Takagi,68,193,1998,Autódromo Juan y Oscar Gálvez,25,25,13,12
Shinji Nakano,75,193,1998,Autódromo Juan y Oscar Gálvez,25,18,19,13
Ricardo Rosset,73,193,1998,Autódromo Juan y Oscar Gálvez,25,25,21,14
Olivier Panis,44,193,1998,Autódromo Juan y Oscar Gálvez,25,20,15,15
David Coulthard,14,194,1998,Autodromo Enzo e Dino Ferrari,21,1,1,1
Michael Schumacher,30,194,1998,Autodromo Enzo e Dino Ferrari,21,6,3,2
Eddie Irvine,56,194,1998,Autodromo Enzo e Dino Ferrari,21,6,4,3
Jacques Villeneuve,35,194,1998,Autodromo Enzo e Dino Ferrari,21,3,6,4
Heinz-Harald Frentzen,49,194,1998,Autodromo Enzo e Dino Ferrari,21,3,8,5
Jean Alesi,55,194,1998,Autodromo Enzo e Dino Ferrari,21,15,12,6
Ralf Schumacher,23,194,1998,Autodromo Enzo e Dino Ferrari,21,17,9,7
Esteban Tuero,74,194,1998,Autodromo Enzo e Dino Ferrari,21,18,19,8
Mika Salo,63,194,1998,Autodromo Enzo e Dino Ferrari,21,21,14,9
Damon Hill,71,194,1998,Autodromo Enzo e Dino Ferrari,21,17,7,10
Olivier Panis,44,194,1998,Autodromo Enzo e Dino Ferrari,21,20,13,11
Mika Häkkinen,57,195,1998,Circuit de Barcelona-Catalunya,4,1,1,1
David Coulthard,14,195,1998,Circuit de Barcelona-Catalunya,4,1,2,2
Michael Schumacher,30,195,1998,Circuit de Barcelona-Catalunya,4,6,3,3
Alexander Wurz,25,195,1998,Circuit de Barcelona-Catalunya,4,22,5,4
Rubens Barrichello,22,195,1998,Circuit de Barcelona-Catalunya,4,24,9,5
Jacques Villeneuve,35,195,1998,Circuit de Barcelona-Catalunya,4,3,10,6
Johnny Herbert,65,195,1998,Circuit de Barcelona-Catalunya,4,15,7,7
Heinz-Harald Frentzen,49,195,1998,Circuit de Barcelona-Catalunya,4,3,13,8
Jarno Trulli,15,195,1998,Circuit de Barcelona-Catalunya,4,20,16,9
Jean Alesi,55,195,1998,Circuit de Barcelona-Catalunya,4,15,14,10
Ralf Schumacher,23,195,1998,Circuit de Barcelona-Catalunya,4,17,11,11
Jan Magnussen,76,195,1998,Circuit de Barcelona-Catalunya,4,24,18,12
Toranosuke Takagi,68,195,1998,Circuit de Barcelona-Catalunya,4,25,21,13
Shinji Nakano,75,195,1998,Circuit de Barcelona-Catalunya,4,18,20,14
Esteban Tuero,74,195,1998,Circuit de Barcelona-Catalunya,4,18,19,15
Olivier Panis,44,195,1998,Circuit de Barcelona-Catalunya,4,20,12,16
Mika Häkkinen,57,196,1998,Circuit de Monaco,6,1,1,1
Giancarlo Fisichella,21,196,1998,Circuit de Monaco,6,22,3,2
Eddie Irvine,56,196,1998,Circuit de Monaco,6,6,7,3
Mika Salo,63,196,1998,Circuit de Monaco,6,21,8,4
Jacques Villeneuve,35,196,1998,Circuit de Monaco,6,3,13,5
Pedro Diniz,64,196,1998,Circuit de Monaco,6,21,12,6
Johnny Herbert,65,196,1998,Circuit de Monaco,6,15,9,7
Damon Hill,71,196,1998,Circuit de Monaco,6,17,15,8
Shinji Nakano,75,196,1998,Circuit de Monaco,6,18,19,9
Michael Schumacher,30,196,1998,Circuit de Monaco,6,6,4,10
Toranosuke Takagi,68,196,1998,Circuit de Monaco,6,25,20,11
Jean Alesi,55,196,1998,Circuit de Monaco,6,15,11,12
Michael Schumacher,30,197,1998,Circuit Gilles Villeneuve,7,6,3,1
Giancarlo Fisichella,21,197,1998,Circuit Gilles Villeneuve,7,22,4,2
Eddie Irvine,56,197,1998,Circuit Gilles Villeneuve,7,6,8,3
Alexander Wurz,25,197,1998,Circuit Gilles Villeneuve,7,22,11,4
Rubens Barrichello,22,197,1998,Circuit Gilles Villeneuve,7,24,13,5
Jan Magnussen,76,197,1998,Circuit Gilles Villeneuve,7,24,20,6
Shinji Nakano,75,197,1998,Circuit Gilles Villeneuve,7,18,18,7
Ricardo Rosset,73,197,1998,Circuit Gilles Villeneuve,7,25,22,8
Pedro Diniz,64,197,1998,Circuit Gilles Villeneuve,7,21,19,9
Jacques Villeneuve,35,197,1998,Circuit Gilles Villeneuve,7,3,6,10
Michael Schumacher,30,198,1998,Circuit de Nevers Magny-Cours,8,6,2,1
Eddie Irvine,56,198,1998,Circuit de Nevers Magny-Cours,8,6,4,2
Mika Häkkinen,57,198,1998,Circuit de Nevers Magny-Cours,8,1,1,3
Jacques Villeneuve,35,198,1998,Circuit de Nevers Magny-Cours,8,3,5,4
Alexander Wurz,25,198,1998,Circuit de Nevers Magny-Cours,8,22,10,5
David Coulthard,14,198,1998,Circuit de Nevers Magny-Cours,8,1,3,6
Jean Alesi,55,198,1998,Circuit de Nevers Magny-Cours,8,15,11,7
Johnny Herbert,65,198,1998,Circuit de Nevers Magny-Cours,8,15,13,8
Giancarlo Fisichella,21,198,1998,Circuit de Nevers Magny-Cours,8,22,9,9
Rubens Barrichello,22,198,1998,Circuit de Nevers Magny-Cours,8,24,14,10
Olivier Panis,44,198,1998,Circuit de Nevers Magny-Cours,8,20,16,11
Jos Verstappen,50,198,1998,Circuit de Nevers Magny-Cours,8,24,15,12
Mika Salo,63,198,1998,Circuit de Nevers Magny-Cours,8,21,19,13
Pedro Diniz,64,198,1998,Circuit de Nevers Magny-Cours,8,21,17,14
Heinz-Harald Frentzen,49,198,1998,Circuit de Nevers Magny-Cours,8,3,8,15
Ralf Schumacher,23,198,1998,Circuit de Nevers Magny-Cours,8,17,6,16
Shinji Nakano,75,198,1998,Circuit de Nevers Magny-Cours,8,18,21,17
Michael Schumacher,30,199,1998,Silverstone Circuit,9,6,2,1
Mika Häkkinen,57,199,1998,Silverstone Circuit,9,1,1,2
Eddie Irvine,56,199,1998,Silverstone Circuit,9,6,5,3
Alexander Wurz,25,199,1998,Silverstone Circuit,9,22,11,4
Giancarlo Fisichella,21,199,1998,Silverstone Circuit,9,22,10,5
Ralf Schumacher,23,199,1998,Silverstone Circuit,9,17,21,6
Jacques Villeneuve,35,199,1998,Silverstone Circuit,9,3,3,7
Shinji Nakano,75,199,1998,Silverstone Circuit,9,18,19,8
Toranosuke Takagi,68,199,1998,Silverstone Circuit,9,25,17,9
Mika Häkkinen,57,200,1998,Red Bull Ring,70,1,3,1
David Coulthard,14,200,1998,Red Bull Ring,70,1,14,2
Michael Schumacher,30,200,1998,Red Bull Ring,70,6,4,3
Eddie Irvine,56,200,1998,Red Bull Ring,70,6,8,4
Ralf Schumacher,23,200,1998,Red Bull Ring,70,17,9,5
Jacques Villeneuve,35,200,1998,Red Bull Ring,70,3,11,6
Damon Hill,71,200,1998,Red Bull Ring,70,17,15,7
Johnny Herbert,65,200,1998,Red Bull Ring,70,15,18,8
Alexander Wurz,25,200,1998,Red Bull Ring,70,22,17,9
Jarno Trulli,15,200,1998,Red Bull Ring,70,20,16,10
Shinji Nakano,75,200,1998,Red Bull Ring,70,18,21,11
Ricardo Rosset,73,200,1998,Red Bull Ring,70,25,22,12
Mika Häkkinen,57,201,1998,Hockenheimring,10,1,1,1
David Coulthard,14,201,1998,Hockenheimring,10,1,2,2
Jacques Villeneuve,35,201,1998,Hockenheimring,10,3,3,3
Damon Hill,71,201,1998,Hockenheimring,10,17,5,4
Michael Schumacher,30,201,1998,Hockenheimring,10,6,9,5
Ralf Schumacher,23,201,1998,Hockenheimring,10,17,4,6
Giancarlo Fisichella,21,201,1998,Hockenheimring,10,22,8,7
Eddie Irvine,56,201,1998,Hockenheimring,10,6,6,8
Heinz-Harald Frentzen,49,201,1998,Hockenheimring,10,3,10,9
Jean Alesi,55,201,1998,Hockenheimring,10,15,11,10
Alexander Wurz,25,201,1998,Hockenheimring,10,22,7,11
Jarno Trulli,15,201,1998,Hockenheimring,10,20,14,12
Toranosuke Takagi,68,201,1998,Hockenheimring,10,25,15,13
Mika Salo,63,201,1998,Hockenheimring,10,21,17,14
Olivier Panis,44,201,1998,Hockenheimring,10,20,16,15
Esteban Tuero,74,201,1998,Hockenheimring,10,18,21,16
Michael Schumacher,30,202,1998,Hungaroring,11,6,3,1
David Coulthard,14,202,1998,Hungaroring,11,1,2,2
Jacques Villeneuve,35,202,1998,Hungaroring,11,3,6,3
Damon Hill,71,202,1998,Hungaroring,11,17,4,4
Heinz-Harald Frentzen,49,202,1998,Hungaroring,11,3,7,5
Mika Häkkinen,57,202,1998,Hungaroring,11,1,1,6
Jean Alesi,55,202,1998,Hungaroring,11,15,11,7
Giancarlo Fisichella,21,202,1998,Hungaroring,11,22,8,8
Ralf Schumacher,23,202,1998,Hungaroring,11,17,10,9
Johnny Herbert,65,202,1998,Hungaroring,11,15,15,10
Pedro Diniz,64,202,1998,Hungaroring,11,21,12,11
Olivier Panis,44,202,1998,Hungaroring,11,20,20,12
Jos Verstappen,50,202,1998,Hungaroring,11,24,17,13
Toranosuke Takagi,68,202,1998,Hungaroring,11,25,18,14
Shinji Nakano,75,202,1998,Hungaroring,11,18,19,15
Damon Hill,71,203,1998,Circuit de Spa-Francorchamps,13,17,3,1
Ralf Schumacher,23,203,1998,Circuit de Spa-Francorchamps,13,17,8,2
Jean Alesi,55,203,1998,Circuit de Spa-Francorchamps,13,15,10,3
Heinz-Harald Frentzen,49,203,1998,Circuit de Spa-Francorchamps,13,3,9,4
Pedro Diniz,64,203,1998,Circuit de Spa-Francorchamps,13,21,16,5
Jarno Trulli,15,203,1998,Circuit de Spa-Francorchamps,13,20,13,6
David Coulthard,14,203,1998,Circuit de Spa-Francorchamps,13,1,2,7
Shinji Nakano,75,203,1998,Circuit de Spa-Francorchamps,13,18,21,8
Michael Schumacher,30,204,1998,Autodromo Nazionale di Monza,14,6,1,1
Eddie Irvine,56,204,1998,Autodromo Nazionale di Monza,14,6,5,2
Ralf Schumacher,23,204,1998,Autodromo Nazionale di Monza,14,17,6,3
Mika Häkkinen,57,204,1998,Autodromo Nazionale di Monza,14,1,3,4
Jean Alesi,55,204,1998,Autodromo Nazionale di Monza,14,15,8,5
Damon Hill,71,204,1998,Autodromo Nazionale di Monza,14,17,14,6
Heinz-Harald Frentzen,49,204,1998,Autodromo Nazionale di Monza,14,3,12,7
Giancarlo Fisichella,21,204,1998,Autodromo Nazionale di Monza,14,22,11,8
Toranosuke Takagi,68,204,1998,Autodromo Nazionale di Monza,14,25,19,9
Rubens Barrichello,22,204,1998,Autodromo Nazionale di Monza,14,24,13,10
Esteban Tuero,74,204,1998,Autodromo Nazionale di Monza,14,18,22,11
Ricardo Rosset,73,204,1998,Autodromo Nazionale di Monza,14,25,18,12
Jarno Trulli,15,204,1998,Autodromo Nazionale di Monza,14,20,10,13
Mika Häkkinen,57,205,1998,Nürburgring,20,1,3,1
Michael Schumacher,30,205,1998,Nürburgring,20,6,1,2
David Coulthard,14,205,1998,Nürburgring,20,1,5,3
Eddie Irvine,56,205,1998,Nürburgring,20,6,2,4
Heinz-Harald Frentzen,49,205,1998,Nürburgring,20,3,7,5
Giancarlo Fisichella,21,205,1998,Nürburgring,20,22,4,6
Alexander Wurz,25,205,1998,Nürburgring,20,22,8,7
Jacques Villeneuve,35,205,1998,Nürburgring,20,3,9,8
Damon Hill,71,205,1998,Nürburgring,20,17,10,9
Jean Alesi,55,205,1998,Nürburgring,20,15,11,10
Rubens Barrichello,22,205,1998,Nürburgring,20,24,12,11
Olivier Panis,44,205,1998,Nürburgring,20,20,15,12
Jos Verstappen,50,205,1998,Nürburgring,20,24,18,13
Mika Salo,63,205,1998,Nürburgring,20,21,16,14
Shinji Nakano,75,205,1998,Nürburgring,20,18,20,15
Toranosuke Takagi,68,205,1998,Nürburgring,20,25,19,16
Mika Häkkinen,57,206,1998,Suzuka Circuit,22,1,2,1
Eddie Irvine,56,206,1998,Suzuka Circuit,22,6,4,2
David Coulthard,14,206,1998,Suzuka Circuit,22,1,3,3
Damon Hill,71,206,1998,Suzuka Circuit,22,17,8,4
Heinz-Harald Frentzen,49,206,1998,Suzuka Circuit,22,3,5,5
Jacques Villeneuve,35,206,1998,Suzuka Circuit,22,3,6,6
Jean Alesi,55,206,1998,Suzuka Circuit,22,15,12,7
Giancarlo Fisichella,21,206,1998,Suzuka Circuit,22,22,10,8
Alexander Wurz,25,206,1998,Suzuka Circuit,22,22,9,9
Johnny Herbert,65,206,1998,Suzuka Circuit,22,15,11,10
Olivier Panis,44,206,1998,Suzuka Circuit,22,20,13,11
Jarno Trulli,15,206,1998,Suzuka Circuit,22,20,14,12
David Coulthard,14,207,1997,Albert Park Grand Prix Circuit,1,1,4,1
Michael Schumacher,30,207,1997,Albert Park Grand Prix Circuit,1,6,3,2
Mika Häkkinen,57,207,1997,Albert Park Grand Prix Circuit,1,1,6,3
Gerhard Berger,77,207,1997,Albert Park Grand Prix Circuit,1,22,10,4
Olivier Panis,44,207,1997,Albert Park Grand Prix Circuit,1,20,9,5
Nicola Larini,78,207,1997,Albert Park Grand Prix Circuit,1,15,13,6
Shinji Nakano,75,207,1997,Albert Park Grand Prix Circuit,1,20,16,7
Heinz-Harald Frentzen,49,207,1997,Albert Park Grand Prix Circuit,1,3,2,8
Jarno Trulli,15,207,1997,Albert Park Grand Prix Circuit,1,18,17,9
Pedro Diniz,64,207,1997,Albert Park Grand Prix Circuit,1,21,22,10
Jacques Villeneuve,35,208,1997,Autódromo José Carlos Pace,18,3,1,1
Gerhard Berger,77,208,1997,Autódromo José Carlos Pace,18,22,3,2
Olivier Panis,44,208,1997,Autódromo José Carlos Pace,18,20,5,3
Mika Häkkinen,57,208,1997,Autódromo José Carlos Pace,18,1,4,4
Michael Schumacher,30,208,1997,Autódromo José Carlos Pace,18,6,2,5
Jean Alesi,55,208,1997,Autódromo José Carlos Pace,18,22,6,6
Johnny Herbert,65,208,1997,Autódromo José Carlos Pace,18,15,13,7
Giancarlo Fisichella,21,208,1997,Autódromo José Carlos Pace,18,17,7,8
Heinz-Harald Frentzen,49,208,1997,Autódromo José Carlos Pace,18,3,8,9
David Coulthard,14,208,1997,Autódromo José Carlos Pace,18,1,12,10
Nicola Larini,78,208,1997,Autódromo José Carlos Pace,18,15,19,11
Jarno Trulli,15,208,1997,Autódromo José Carlos Pace,18,18,17,12
Mika Salo,63,208,1997,Autódromo José Carlos Pace,18,25,22,13
Shinji Nakano,75,208,1997,Autódromo José Carlos Pace,18,20,15,14
Jos Verstappen,50,208,1997,Autódromo José Carlos Pace,18,25,21,15
Eddie Irvine,56,208,1997,Autódromo José Carlos Pace,18,6,14,16
Damon Hill,71,208,1997,Autódromo José Carlos Pace,18,21,9,17
Ukyo Katayama,79,208,1997,Autódromo José Carlos Pace,18,18,18,18
Jacques Villeneuve,35,209,1997,Autódromo Juan y Oscar Gálvez,25,3,1,1
Eddie Irvine,56,209,1997,Autódromo Juan y Oscar Gálvez,25,6,7,2
Ralf Schumacher,23,209,1997,Autódromo Juan y Oscar Gálvez,25,17,6,3
Johnny Herbert,65,209,1997,Autódromo Juan y Oscar Gálvez,25,15,8,4
Mika Häkkinen,57,209,1997,Autódromo Juan y Oscar Gálvez,25,1,17,5
Gerhard Berger,77,209,1997,Autódromo Juan y Oscar Gálvez,25,22,12,6
Jean Alesi,55,209,1997,Autódromo Juan y Oscar Gálvez,25,22,11,7
Mika Salo,63,209,1997,Autódromo Juan y Oscar Gálvez,25,25,19,8
Jarno Trulli,15,209,1997,Autódromo Juan y Oscar Gálvez,25,18,18,9
Jan Magnussen,76,209,1997,Autódromo Juan y Oscar Gálvez,25,24,15,10
Heinz-Harald Frentzen,49,210,1997,Autodromo Enzo e Dino Ferrari,21,3,2,1
Michael Schumacher,30,210,1997,Autodromo Enzo e Dino Ferrari,21,6,3,2
Eddie Irvine,56,210,1997,Autodromo Enzo e Dino Ferrari,21,6,9,3
Giancarlo Fisichella,21,210,1997,Autodromo Enzo e Dino Ferrari,21,17,6,4
Jean Alesi,55,210,1997,Autodromo Enzo e Dino Ferrari,21,22,14,5
Mika Häkkinen,57,210,1997,Autodromo Enzo e Dino Ferrari,21,1,8,6
Nicola Larini,78,210,1997,Autodromo Enzo e Dino Ferrari,21,15,12,7
Olivier Panis,44,210,1997,Autodromo Enzo e Dino Ferrari,21,20,4,8
Mika Salo,63,210,1997,Autodromo Enzo e Dino Ferrari,21,25,19,9
Jos Verstappen,50,210,1997,Autodromo Enzo e Dino Ferrari,21,25,21,10
Ukyo Katayama,79,210,1997,Autodromo Enzo e Dino Ferrari,21,18,22,11
Michael Schumacher,30,211,1997,Circuit de Monaco,6,6,2,1
Rubens Barrichello,22,211,1997,Circuit de Monaco,6,24,10,2
Eddie Irvine,56,211,1997,Circuit de Monaco,6,6,15,3
Olivier Panis,44,211,1997,Circuit de Monaco,6,20,12,4
Mika Salo,63,211,1997,Circuit de Monaco,6,25,14,5
Giancarlo Fisichella,21,211,1997,Circuit de Monaco,6,17,4,6
Jan Magnussen,76,211,1997,Circuit de Monaco,6,24,19,7
Jos Verstappen,50,211,1997,Circuit de Monaco,6,25,22,8
Gerhard Berger,77,211,1997,Circuit de Monaco,6,22,17,9
Ukyo Katayama,79,211,1997,Circuit de Monaco,6,18,20,10
Jacques Villeneuve,35,212,1997,Circuit de Barcelona-Catalunya,4,3,1,1
Olivier Panis,44,212,1997,Circuit de Barcelona-Catalunya,4,20,12,2
Jean Alesi,55,212,1997,Circuit de Barcelona-Catalunya,4,22,4,3
Michael Schumacher,30,212,1997,Circuit de Barcelona-Catalunya,4,6,7,4
Johnny Herbert,65,212,1997,Circuit de Barcelona-Catalunya,4,15,10,5
David Coulthard,14,212,1997,Circuit de Barcelona-Catalunya,4,1,3,6
Mika Häkkinen,57,212,1997,Circuit de Barcelona-Catalunya,4,1,5,7
Heinz-Harald Frentzen,49,212,1997,Circuit de Barcelona-Catalunya,4,3,2,8
Giancarlo Fisichella,21,212,1997,Circuit de Barcelona-Catalunya,4,17,8,9
Gerhard Berger,77,212,1997,Circuit de Barcelona-Catalunya,4,22,6,10
Jos Verstappen,50,212,1997,Circuit de Barcelona-Catalunya,4,25,19,11
Eddie Irvine,56,212,1997,Circuit de Barcelona-Catalunya,4,6,11,12
Jan Magnussen,76,212,1997,Circuit de Barcelona-Catalunya,4,24,22,13
Gianni Morbidelli,81,212,1997,Circuit de Barcelona-Catalunya,4,15,13,14
Jarno Trulli,15,212,1997,Circuit de Barcelona-Catalunya,4,18,18,15
Michael Schumacher,30,213,1997,Circuit Gilles Villeneuve,7,6,1,1
Jean Alesi,55,213,1997,Circuit Gilles Villeneuve,7,22,8,2
Giancarlo Fisichella,21,213,1997,Circuit Gilles Villeneuve,7,17,6,3
Heinz-Harald Frentzen,49,213,1997,Circuit Gilles Villeneuve,7,3,4,4
Johnny Herbert,65,213,1997,Circuit Gilles Villeneuve,7,15,13,5
Shinji Nakano,75,213,1997,Circuit Gilles Villeneuve,7,20,19,6
David Coulthard,14,213,1997,Circuit Gilles Villeneuve,7,1,5,7
Pedro Diniz,64,213,1997,Circuit Gilles Villeneuve,7,21,16,8
Damon Hill,71,213,1997,Circuit Gilles Villeneuve,7,21,15,9
Gianni Morbidelli,81,213,1997,Circuit Gilles Villeneuve,7,15,18,10
Olivier Panis,44,213,1997,Circuit Gilles Villeneuve,7,20,10,11
Michael Schumacher,30,214,1997,Circuit de Nevers Magny-Cours,8,6,1,1
Heinz-Harald Frentzen,49,214,1997,Circuit de Nevers Magny-Cours,8,3,2,2
Eddie Irvine,56,214,1997,Circuit de Nevers Magny-Cours,8,6,5,3
Jacques Villeneuve,35,214,1997,Circuit de Nevers Magny-Cours,8,3,4,4
Jean Alesi,55,214,1997,Circuit de Nevers Magny-Cours,8,22,8,5
Ralf Schumacher,23,214,1997,Circuit de Nevers Magny-Cours,8,17,3,6
David Coulthard,14,214,1997,Circuit de Nevers Magny-Cours,8,1,9,7
Johnny Herbert,65,214,1997,Circuit de Nevers Magny-Cours,8,15,14,8
Giancarlo Fisichella,21,214,1997,Circuit de Nevers Magny-Cours,8,17,11,9
Jarno Trulli,15,214,1997,Circuit de Nevers Magny-Cours,8,20,6,10
Ukyo Katayama,79,214,1997,Circuit de Nevers Magny-Cours,8,18,21,11
Damon Hill,71,214,1997,Circuit de Nevers Magny-Cours,8,21,17,12
Jacques Villeneuve,35,215,1997,Silverstone Circuit,9,3,1,1
Jean Alesi,55,215,1997,Silverstone Circuit,9,22,11,2
Alexander Wurz,25,215,1997,Silverstone Circuit,9,22,8,3
David Coulthard,14,215,1997,Silverstone Circuit,9,1,6,4
Ralf Schumacher,23,215,1997,Silverstone Circuit,9,17,5,5
Damon Hill,71,215,1997,Silverstone Circuit,9,21,12,6
Giancarlo Fisichella,21,215,1997,Silverstone Circuit,9,17,10,7
Jarno Trulli,15,215,1997,Silverstone Circuit,9,20,13,8
Norberto Fontana,82,215,1997,Silverstone Circuit,9,15,14,9
Tarso Marques,58,215,1997,Silverstone Circuit,9,18,21,10
Shinji Nakano,75,215,1997,Silverstone Circuit,9,20,15,11
Gerhard Berger,77,216,1997,Hockenheimring,10,22,1,1
Michael Schumacher,30,216,1997,Hockenheimring,10,6,4,2
Mika Häkkinen,57,216,1997,Hockenheimring,10,1,3,3
Jarno Trulli,15,216,1997,Hockenheimring,10,20,11,4
Ralf Schumacher,23,216,1997,Hockenheimring,10,17,7,5
Jean Alesi,55,216,1997,Hockenheimring,10,22,6,6
Shinji Nakano,75,216,1997,Hockenheimring,10,20,17,7
Damon Hill,71,216,1997,Hockenheimring,10,21,13,8
Norberto Fontana,82,216,1997,Hockenheimring,10,15,18,9
Jos Verstappen,50,216,1997,Hockenheimring,10,25,20,10
Giancarlo Fisichella,21,216,1997,Hockenheimring,10,17,2,11
Jacques Villeneuve,35,217,1997,Hungaroring,11,3,2,1
Damon Hill,71,217,1997,Hungaroring,11,21,3,2
Johnny Herbert,65,217,1997,Hungaroring,11,15,10,3
Michael Schumacher,30,217,1997,Hungaroring,11,6,1,4
Ralf Schumacher,23,217,1997,Hungaroring,11,17,14,5
Shinji Nakano,75,217,1997,Hungaroring,11,20,16,6
Jarno Trulli,15,217,1997,Hungaroring,11,20,12,7
Gerhard Berger,77,217,1997,Hungaroring,11,22,7,8
Eddie Irvine,56,217,1997,Hungaroring,11,6,5,9
Ukyo Katayama,79,217,1997,Hungaroring,11,18,20,10
Jean Alesi,55,217,1997,Hungaroring,11,22,9,11
Tarso Marques,58,217,1997,Hungaroring,11,18,22,12
Mika Salo,63,217,1997,Hungaroring,11,25,21,13
Michael Schumacher,30,218,1997,Circuit de Spa-Francorchamps,13,6,3,1
Giancarlo Fisichella,21,218,1997,Circuit de Spa-Francorchamps,13,17,4,2
Heinz-Harald Frentzen,49,218,1997,Circuit de Spa-Francorchamps,13,3,7,3
Johnny Herbert,65,218,1997,Circuit de Spa-Francorchamps,13,15,11,4
Jacques Villeneuve,35,218,1997,Circuit de Spa-Francorchamps,13,3,1,5
Gerhard Berger,77,218,1997,Circuit de Spa-Francorchamps,13,22,15,6
Pedro Diniz,64,218,1997,Circuit de Spa-Francorchamps,13,21,8,7
Jean Alesi,55,218,1997,Circuit de Spa-Francorchamps,13,22,2,8
Gianni Morbidelli,81,218,1997,Circuit de Spa-Francorchamps,13,15,13,9
Eddie Irvine,56,218,1997,Circuit de Spa-Francorchamps,13,6,17,10
Mika Salo,63,218,1997,Circuit de Spa-Francorchamps,13,25,19,11
Jan Magnussen,76,218,1997,Circuit de Spa-Francorchamps,13,24,18,12
Damon Hill,71,218,1997,Circuit de Spa-Francorchamps,13,21,9,13
Ukyo Katayama,79,218,1997,Circuit de Spa-Francorchamps,13,18,20,14
Jarno Trulli,15,218,1997,Circuit de Spa-Francorchamps,13,20,14,15
David Coulthard,14,219,1997,Autodromo Nazionale di Monza,14,1,6,1
Jean Alesi,55,219,1997,Autodromo Nazionale di Monza,14,22,1,2
Heinz-Harald Frentzen,49,219,1997,Autodromo Nazionale di Monza,14,3,2,3
Giancarlo Fisichella,21,219,1997,Autodromo Nazionale di Monza,14,17,3,4
Jacques Villeneuve,35,219,1997,Autodromo Nazionale di Monza,14,3,4,5
Michael Schumacher,30,219,1997,Autodromo Nazionale di Monza,14,6,9,6
Gerhard Berger,77,219,1997,Autodromo Nazionale di Monza,14,22,7,7
Eddie Irvine,56,219,1997,Autodromo Nazionale di Monza,14,6,10,8
Mika Häkkinen,57,219,1997,Autodromo Nazionale di Monza,14,1,5,9
Jarno Trulli,15,219,1997,Autodromo Nazionale di Monza,14,20,16,10
Shinji Nakano,75,219,1997,Autodromo Nazionale di Monza,14,20,15,11
Gianni Morbidelli,81,219,1997,Autodromo Nazionale di Monza,14,15,18,12
Rubens Barrichello,22,219,1997,Autodromo Nazionale di Monza,14,24,11,13
Tarso Marques,58,219,1997,Autodromo Nazionale di Monza,14,18,22,14
Jacques Villeneuve,35,220,1997,Red Bull Ring,70,3,1,1
David Coulthard,14,220,1997,Red Bull Ring,70,1,10,2
Heinz-Harald Frentzen,49,220,1997,Red Bull Ring,70,3,4,3
Giancarlo Fisichella,21,220,1997,Red Bull Ring,70,17,14,4
Ralf Schumacher,23,220,1997,Red Bull Ring,70,17,11,5
Michael Schumacher,30,220,1997,Red Bull Ring,70,6,9,6
Damon Hill,71,220,1997,Red Bull Ring,70,21,7,7
Johnny Herbert,65,220,1997,Red Bull Ring,70,15,12,8
Gianni Morbidelli,81,220,1997,Red Bull Ring,70,15,13,9
Gerhard Berger,77,220,1997,Red Bull Ring,70,22,18,10
Ukyo Katayama,79,220,1997,Red Bull Ring,70,18,19,11
Jos Verstappen,50,220,1997,Red Bull Ring,70,25,20,12
Pedro Diniz,64,220,1997,Red Bull Ring,70,21,17,13
Rubens Barrichello,22,220,1997,Red Bull Ring,70,24,5,14
Jacques Villeneuve,35,221,1997,Nürburgring,20,3,2,1
Jean Alesi,55,221,1997,Nürburgring,20,22,10,2
Heinz-Harald Frentzen,49,221,1997,Nürburgring,20,3,3,3
Gerhard Berger,77,221,1997,Nürburgring,20,22,7,4
Pedro Diniz,64,221,1997,Nürburgring,20,21,15,5
Olivier Panis,44,221,1997,Nürburgring,20,20,11,6
Johnny Herbert,65,221,1997,Nürburgring,20,15,16,7
Damon Hill,71,221,1997,Nürburgring,20,21,13,8
Gianni Morbidelli,81,221,1997,Nürburgring,20,15,19,9
Mika Salo,63,221,1997,Nürburgring,20,25,20,10
Michael Schumacher,30,222,1997,Suzuka Circuit,22,6,2,1
Heinz-Harald Frentzen,49,222,1997,Suzuka Circuit,22,3,6,2
Eddie Irvine,56,222,1997,Suzuka Circuit,22,6,3,3
Mika Häkkinen,57,222,1997,Suzuka Circuit,22,1,4,4
Jean Alesi,55,222,1997,Suzuka Circuit,22,22,7,5
Johnny Herbert,65,222,1997,Suzuka Circuit,22,15,8,6
Giancarlo Fisichella,21,222,1997,Suzuka Circuit,22,17,9,7
Gerhard Berger,77,222,1997,Suzuka Circuit,22,22,5,8
Ralf Schumacher,23,222,1997,Suzuka Circuit,22,17,13,9
David Coulthard,14,222,1997,Suzuka Circuit,22,1,11,10
Damon Hill,71,222,1997,Suzuka Circuit,22,21,17,11
Pedro Diniz,64,222,1997,Suzuka Circuit,22,21,16,12
Jos Verstappen,50,222,1997,Suzuka Circuit,22,25,21,13
Mika Häkkinen,57,223,1997,Circuito de Jerez,26,1,5,1
David Coulthard,14,223,1997,Circuito de Jerez,26,1,6,2
Jacques Villeneuve,35,223,1997,Circuito de Jerez,26,3,1,3
Gerhard Berger,77,223,1997,Circuito de Jerez,26,22,8,4
Eddie Irvine,56,223,1997,Circuito de Jerez,26,6,7,5
Heinz-Harald Frentzen,49,223,1997,Circuito de Jerez,26,3,3,6
Olivier Panis,44,223,1997,Circuito de Jerez,26,20,9,7
Johnny Herbert,65,223,1997,Circuito de Jerez,26,15,14,8
Jan Magnussen,76,223,1997,Circuito de Jerez,26,24,11,9
Shinji Nakano,75,223,1997,Circuito de Jerez,26,20,15,10
Giancarlo Fisichella,21,223,1997,Circuito de Jerez,26,17,17,11
Mika Salo,63,223,1997,Circuito de Jerez,26,25,21,12
Jean Alesi,55,223,1997,Circuito de Jerez,26,22,10,13
Norberto Fontana,82,223,1997,Circuito de Jerez,26,15,18,14
Tarso Marques,58,223,1997,Circuito de Jerez,26,18,20,15
Jos Verstappen,50,223,1997,Circuito de Jerez,26,25,22,16
Ukyo Katayama,79,223,1997,Circuito de Jerez,26,18,19,17
Damon Hill,71,224,1996,Albert Park Grand Prix Circuit,1,3,2,1
Jacques Villeneuve,35,224,1996,Albert Park Grand Prix Circuit,1,3,1,2
Eddie Irvine,56,224,1996,Albert Park Grand Prix Circuit,1,6,3,3
Gerhard Berger,77,224,1996,Albert Park Grand Prix Circuit,1,22,7,4
Mika Häkkinen,57,224,1996,Albert Park Grand Prix Circuit,1,1,5,5
Mika Salo,63,224,1996,Albert Park Grand Prix Circuit,1,25,10,6
Olivier Panis,44,224,1996,Albert Park Grand Prix Circuit,1,27,11,7
Heinz-Harald Frentzen,49,224,1996,Albert Park Grand Prix Circuit,1,15,9,8
Ricardo Rosset,73,224,1996,Albert Park Grand Prix Circuit,1,29,18,9
Pedro Diniz,64,224,1996,Albert Park Grand Prix Circuit,1,27,20,10
Ukyo Katayama,79,224,1996,Albert Park Grand Prix Circuit,1,25,15,11
Damon Hill,71,225,1996,Autódromo José Carlos Pace,18,3,1,1
Jean Alesi,55,225,1996,Autódromo José Carlos Pace,18,22,5,2
Michael Schumacher,30,225,1996,Autódromo José Carlos Pace,18,6,4,3
Mika Häkkinen,57,225,1996,Autódromo José Carlos Pace,18,1,7,4
Mika Salo,63,225,1996,Autódromo José Carlos Pace,18,25,11,5
Olivier Panis,44,225,1996,Autódromo José Carlos Pace,18,27,15,6
Eddie Irvine,56,225,1996,Autódromo José Carlos Pace,18,6,10,7
Pedro Diniz,64,225,1996,Autódromo José Carlos Pace,18,27,22,8
Ukyo Katayama,79,225,1996,Autódromo José Carlos Pace,18,25,16,9
Pedro Lamy,83,225,1996,Autódromo José Carlos Pace,18,18,18,10
Luca Badoer,69,225,1996,Autódromo José Carlos Pace,18,28,19,11
Martin Brundle,84,225,1996,Autódromo José Carlos Pace,18,17,6,12
Damon Hill,71,226,1996,Autódromo Juan y Oscar Gálvez,25,3,1,1
Jacques Villeneuve,35,226,1996,Autódromo Juan y Oscar Gálvez,25,3,3,2
Jean Alesi,55,226,1996,Autódromo Juan y Oscar Gálvez,25,22,4,3
Rubens Barrichello,22,226,1996,Autódromo Juan y Oscar Gálvez,25,17,6,4
Eddie Irvine,56,226,1996,Autódromo Juan y Oscar Gálvez,25,6,10,5
Jos Verstappen,50,226,1996,Autódromo Juan y Oscar Gálvez,25,29,7,6
David Coulthard,14,226,1996,Autódromo Juan y Oscar Gálvez,25,1,9,7
Olivier Panis,44,226,1996,Autódromo Juan y Oscar Gálvez,25,27,12,8
Johnny Herbert,65,226,1996,Autódromo Juan y Oscar Gálvez,25,15,17,9
Andrea Montermini,85,226,1996,Autódromo Juan y Oscar Gálvez,25,28,22,10
Jacques Villeneuve,35,227,1996,Nürburgring,20,3,2,1
Michael Schumacher,30,227,1996,Nürburgring,20,6,3,2
David Coulthard,14,227,1996,Nürburgring,20,1,6,3
Damon Hill,71,227,1996,Nürburgring,20,3,1,4
Rubens Barrichello,22,227,1996,Nürburgring,20,17,5,5
Martin Brundle,84,227,1996,Nürburgring,20,17,11,6
Johnny Herbert,65,227,1996,Nürburgring,20,15,12,7
Mika Häkkinen,57,227,1996,Nürburgring,20,1,9,8
Gerhard Berger,77,227,1996,Nürburgring,20,22,8,9
Pedro Diniz,64,227,1996,Nürburgring,20,27,17,10
Ricardo Rosset,73,227,1996,Nürburgring,20,29,20,11
Pedro Lamy,83,227,1996,Nürburgring,20,18,19,12
Giancarlo Fisichella,21,227,1996,Nürburgring,20,18,18,13
Damon Hill,71,228,1996,Autodromo Enzo e Dino Ferrari,21,3,2,1
Michael Schumacher,30,228,1996,Autodromo Enzo e Dino Ferrari,21,6,1,2
Gerhard Berger,77,228,1996,Autodromo Enzo e Dino Ferrari,21,22,7,3
Eddie Irvine,56,228,1996,Autodromo Enzo e Dino Ferrari,21,6,6,4
Rubens Barrichello,22,228,1996,Autodromo Enzo e Dino Ferrari,21,17,9,5
Jean Alesi,55,228,1996,Autodromo Enzo e Dino Ferrari,21,22,5,6
Pedro Diniz,64,228,1996,Autodromo Enzo e Dino Ferrari,21,27,17,7
Mika Häkkinen,57,228,1996,Autodromo Enzo e Dino Ferrari,21,1,11,8
Pedro Lamy,83,228,1996,Autodromo Enzo e Dino Ferrari,21,18,18,9
Luca Badoer,69,228,1996,Autodromo Enzo e Dino Ferrari,21,28,21,10
Jacques Villeneuve,35,228,1996,Autodromo Enzo e Dino Ferrari,21,3,3,11
Olivier Panis,44,229,1996,Circuit de Monaco,6,27,14,1
David Coulthard,14,229,1996,Circuit de Monaco,6,1,5,2
Johnny Herbert,65,229,1996,Circuit de Monaco,6,15,13,3
Heinz-Harald Frentzen,49,229,1996,Circuit de Monaco,6,15,9,4
Mika Salo,63,229,1996,Circuit de Monaco,6,25,11,5
Mika Häkkinen,57,229,1996,Circuit de Monaco,6,1,8,6
Eddie Irvine,56,229,1996,Circuit de Monaco,6,6,7,7
Michael Schumacher,30,230,1996,Circuit de Barcelona-Catalunya,4,6,3,1
Jean Alesi,55,230,1996,Circuit de Barcelona-Catalunya,4,22,4,2
Jacques Villeneuve,35,230,1996,Circuit de Barcelona-Catalunya,4,3,2,3
Heinz-Harald Frentzen,49,230,1996,Circuit de Barcelona-Catalunya,4,15,11,4
Mika Häkkinen,57,230,1996,Circuit de Barcelona-Catalunya,4,1,10,5
Pedro Diniz,64,230,1996,Circuit de Barcelona-Catalunya,4,27,17,6
Damon Hill,71,231,1996,Circuit Gilles Villeneuve,7,3,1,1
Jacques Villeneuve,35,231,1996,Circuit Gilles Villeneuve,7,3,2,2
Jean Alesi,55,231,1996,Circuit Gilles Villeneuve,7,22,4,3
David Coulthard,14,231,1996,Circuit Gilles Villeneuve,7,1,10,4
Mika Häkkinen,57,231,1996,Circuit Gilles Villeneuve,7,1,6,5
Martin Brundle,84,231,1996,Circuit Gilles Villeneuve,7,17,9,6
Johnny Herbert,65,231,1996,Circuit Gilles Villeneuve,7,15,15,7
Giancarlo Fisichella,21,231,1996,Circuit Gilles Villeneuve,7,18,16,8
Damon Hill,71,232,1996,Circuit de Nevers Magny-Cours,8,3,2,1
Jacques Villeneuve,35,232,1996,Circuit de Nevers Magny-Cours,8,3,6,2
Jean Alesi,55,232,1996,Circuit de Nevers Magny-Cours,8,22,3,3
Gerhard Berger,77,232,1996,Circuit de Nevers Magny-Cours,8,22,4,4
Mika Häkkinen,57,232,1996,Circuit de Nevers Magny-Cours,8,1,5,5
David Coulthard,14,232,1996,Circuit de Nevers Magny-Cours,8,1,7,6
Olivier Panis,44,232,1996,Circuit de Nevers Magny-Cours,8,27,9,7
Martin Brundle,84,232,1996,Circuit de Nevers Magny-Cours,8,17,8,8
Rubens Barrichello,22,232,1996,Circuit de Nevers Magny-Cours,8,17,10,9
Mika Salo,63,232,1996,Circuit de Nevers Magny-Cours,8,25,13,10
Ricardo Rosset,73,232,1996,Circuit de Nevers Magny-Cours,8,29,19,11
Pedro Lamy,83,232,1996,Circuit de Nevers Magny-Cours,8,18,18,12
Jacques Villeneuve,35,233,1996,Silverstone Circuit,9,3,2,1
Gerhard Berger,77,233,1996,Silverstone Circuit,9,22,7,2
Mika Häkkinen,57,233,1996,Silverstone Circuit,9,1,4,3
Rubens Barrichello,22,233,1996,Silverstone Circuit,9,17,6,4
David Coulthard,14,233,1996,Silverstone Circuit,9,1,9,5
Martin Brundle,84,233,1996,Silverstone Circuit,9,17,8,6
Mika Salo,63,233,1996,Silverstone Circuit,9,25,14,7
Heinz-Harald Frentzen,49,233,1996,Silverstone Circuit,9,15,11,8
Johnny Herbert,65,233,1996,Silverstone Circuit,9,15,13,9
Jos Verstappen,50,233,1996,Silverstone Circuit,9,29,15,10
Giancarlo Fisichella,21,233,1996,Silverstone Circuit,9,18,18,11
Damon Hill,71,234,1996,Hockenheimring,10,3,1,1
Jean Alesi,55,234,1996,Hockenheimring,10,22,5,2
Jacques Villeneuve,35,234,1996,Hockenheimring,10,3,6,3
Michael Schumacher,30,234,1996,Hockenheimring,10,6,3,4
David Coulthard,14,234,1996,Hockenheimring,10,1,7,5
Rubens Barrichello,22,234,1996,Hockenheimring,10,17,9,6
Olivier Panis,44,234,1996,Hockenheimring,10,27,12,7
Heinz-Harald Frentzen,49,234,1996,Hockenheimring,10,15,13,8
Mika Salo,63,234,1996,Hockenheimring,10,25,15,9
Martin Brundle,84,234,1996,Hockenheimring,10,17,10,10
Ricardo Rosset,73,234,1996,Hockenheimring,10,29,19,11
Pedro Lamy,83,234,1996,Hockenheimring,10,18,18,12
Gerhard Berger,77,234,1996,Hockenheimring,10,22,2,13
Jacques Villeneuve,35,235,1996,Hungaroring,11,3,3,1
Damon Hill,71,235,1996,Hungaroring,11,3,2,2
Jean Alesi,55,235,1996,Hungaroring,11,22,5,3
Mika Häkkinen,57,235,1996,Hungaroring,11,1,7,4
Olivier Panis,44,235,1996,Hungaroring,11,27,11,5
Rubens Barrichello,22,235,1996,Hungaroring,11,17,13,6
Ukyo Katayama,79,235,1996,Hungaroring,11,25,14,7
Ricardo Rosset,73,235,1996,Hungaroring,11,29,18,8
Michael Schumacher,30,235,1996,Hungaroring,11,6,1,9
Giovanni Lavaggi,86,235,1996,Hungaroring,11,18,20,10
Michael Schumacher,30,236,1996,Circuit de Spa-Francorchamps,13,6,3,1
Jacques Villeneuve,35,236,1996,Circuit de Spa-Francorchamps,13,3,1,2
Mika Häkkinen,57,236,1996,Circuit de Spa-Francorchamps,13,1,6,3
Jean Alesi,55,236,1996,Circuit de Spa-Francorchamps,13,22,7,4
Damon Hill,71,236,1996,Circuit de Spa-Francorchamps,13,3,2,5
Gerhard Berger,77,236,1996,Circuit de Spa-Francorchamps,13,22,5,6
Mika Salo,63,236,1996,Circuit de Spa-Francorchamps,13,25,13,7
Ukyo Katayama,79,236,1996,Circuit de Spa-Francorchamps,13,25,17,8
Ricardo Rosset,73,236,1996,Circuit de Spa-Francorchamps,13,29,18,9
Pedro Lamy,83,236,1996,Circuit de Spa-Francorchamps,13,18,19,10
Michael Schumacher,30,237,1996,Autodromo Nazionale di Monza,14,6,3,1
Jean Alesi,55,237,1996,Autodromo Nazionale di Monza,14,22,6,2
Mika Häkkinen,57,237,1996,Autodromo Nazionale di Monza,14,1,4,3
Martin Brundle,84,237,1996,Autodromo Nazionale di Monza,14,17,9,4
Rubens Barrichello,22,237,1996,Autodromo Nazionale di Monza,14,17,10,5
Pedro Diniz,64,237,1996,Autodromo Nazionale di Monza,14,27,14,6
Jacques Villeneuve,35,237,1996,Autodromo Nazionale di Monza,14,3,2,7
Jos Verstappen,50,237,1996,Autodromo Nazionale di Monza,14,29,15,8
Johnny Herbert,65,237,1996,Autodromo Nazionale di Monza,14,15,12,9
Ukyo Katayama,79,237,1996,Autodromo Nazionale di Monza,14,25,16,10
Jacques Villeneuve,35,238,1996,Autódromo do Estoril,27,3,2,1
Damon Hill,71,238,1996,Autódromo do Estoril,27,3,1,2
Michael Schumacher,30,238,1996,Autódromo do Estoril,27,6,4,3
Jean Alesi,55,238,1996,Autódromo do Estoril,27,22,3,4
Eddie Irvine,56,238,1996,Autódromo do Estoril,27,6,6,5
Gerhard Berger,77,238,1996,Autódromo do Estoril,27,22,5,6
Heinz-Harald Frentzen,49,238,1996,Autódromo do Estoril,27,15,11,7
Johnny Herbert,65,238,1996,Autódromo do Estoril,27,15,12,8
Martin Brundle,84,238,1996,Autódromo do Estoril,27,17,10,9
Olivier Panis,44,238,1996,Autódromo do Estoril,27,27,15,10
Mika Salo,63,238,1996,Autódromo do Estoril,27,25,13,11
Ukyo Katayama,79,238,1996,Autódromo do Estoril,27,25,14,12
David Coulthard,14,238,1996,Autódromo do Estoril,27,1,8,13
Ricardo Rosset,73,238,1996,Autódromo do Estoril,27,29,17,14
Giovanni Lavaggi,86,238,1996,Autódromo do Estoril,27,18,20,15
Pedro Lamy,83,238,1996,Autódromo do Estoril,27,18,19,16
Damon Hill,71,239,1996,Suzuka Circuit,22,3,2,1
Michael Schumacher,30,239,1996,Suzuka Circuit,22,6,3,2
Mika Häkkinen,57,239,1996,Suzuka Circuit,22,1,5,3
Gerhard Berger,77,239,1996,Suzuka Circuit,22,22,4,4
Martin Brundle,84,239,1996,Suzuka Circuit,22,17,10,5
Heinz-Harald Frentzen,49,239,1996,Suzuka Circuit,22,15,7,6
Olivier Panis,44,239,1996,Suzuka Circuit,22,27,12,7
David Coulthard,14,239,1996,Suzuka Circuit,22,1,8,8
Rubens Barrichello,22,239,1996,Suzuka Circuit,22,17,11,9
Johnny Herbert,65,239,1996,Suzuka Circuit,22,15,13,10
Jos Verstappen,50,239,1996,Suzuka Circuit,22,29,17,11
Pedro Lamy,83,239,1996,Suzuka Circuit,22,18,18,12
Ricardo Rosset,73,239,1996,Suzuka Circuit,22,29,19,13
Michael Schumacher,30,240,1995,Autódromo José Carlos Pace,18,22,2,1
David Coulthard,14,240,1995,Autódromo José Carlos Pace,18,3,3,2
Gerhard Berger,77,240,1995,Autódromo José Carlos Pace,18,6,5,3
Mika Häkkinen,57,240,1995,Autódromo José Carlos Pace,18,1,7,4
Jean Alesi,55,240,1995,Autódromo José Carlos Pace,18,6,6,5
Mark Blundell,87,240,1995,Autódromo José Carlos Pace,18,1,9,6
Mika Salo,63,240,1995,Autódromo José Carlos Pace,18,25,12,7
Aguri Suzuki,88,240,1995,Autódromo José Carlos Pace,18,27,15,8
Andrea Montermini,85,240,1995,Autódromo José Carlos Pace,18,30,22,9
Pedro Diniz,64,240,1995,Autódromo José Carlos Pace,18,28,25,10
Damon Hill,71,241,1995,Autódromo Juan y Oscar Gálvez,25,3,2,1
Jean Alesi,55,241,1995,Autódromo Juan y Oscar Gálvez,25,6,6,2
Michael Schumacher,30,241,1995,Autódromo Juan y Oscar Gálvez,25,22,3,3
Johnny Herbert,65,241,1995,Autódromo Juan y Oscar Gálvez,25,22,11,4
Heinz-Harald Frentzen,49,241,1995,Autódromo Juan y Oscar Gálvez,25,15,9,5
Gerhard Berger,77,241,1995,Autódromo Juan y Oscar Gálvez,25,6,8,6
Olivier Panis,44,241,1995,Autódromo Juan y Oscar Gálvez,25,27,18,7
Ukyo Katayama,79,241,1995,Autódromo Juan y Oscar Gálvez,25,25,15,8
Domenico Schiattarella,93,241,1995,Autódromo Juan y Oscar Gálvez,25,31,20,9
Damon Hill,71,242,1995,Autodromo Enzo e Dino Ferrari,21,3,4,1
Jean Alesi,55,242,1995,Autodromo Enzo e Dino Ferrari,21,6,5,2
Gerhard Berger,77,242,1995,Autodromo Enzo e Dino Ferrari,21,6,2,3
David Coulthard,14,242,1995,Autodromo Enzo e Dino Ferrari,21,3,3,4
Mika Häkkinen,57,242,1995,Autodromo Enzo e Dino Ferrari,21,1,6,5
Heinz-Harald Frentzen,49,242,1995,Autodromo Enzo e Dino Ferrari,21,15,14,6
Johnny Herbert,65,242,1995,Autodromo Enzo e Dino Ferrari,21,22,8,7
Eddie Irvine,56,242,1995,Autodromo Enzo e Dino Ferrari,21,17,7,8
Olivier Panis,44,242,1995,Autodromo Enzo e Dino Ferrari,21,27,12,9
Nigel Mansell,95,242,1995,Autodromo Enzo e Dino Ferrari,21,1,9,10
Aguri Suzuki,88,242,1995,Autodromo Enzo e Dino Ferrari,21,27,16,11
Pierluigi Martini,94,242,1995,Autodromo Enzo e Dino Ferrari,21,18,18,12
Gianni Morbidelli,81,242,1995,Autodromo Enzo e Dino Ferrari,21,29,11,13
Luca Badoer,69,242,1995,Autodromo Enzo e Dino Ferrari,21,18,20,14
Michael Schumacher,30,243,1995,Circuit de Barcelona-Catalunya,4,22,1,1
Johnny Herbert,65,243,1995,Circuit de Barcelona-Catalunya,4,22,7,2
Gerhard Berger,77,243,1995,Circuit de Barcelona-Catalunya,4,6,3,3
Damon Hill,71,243,1995,Circuit de Barcelona-Catalunya,4,3,5,4
Eddie Irvine,56,243,1995,Circuit de Barcelona-Catalunya,4,17,6,5
Olivier Panis,44,243,1995,Circuit de Barcelona-Catalunya,4,27,15,6
Rubens Barrichello,22,243,1995,Circuit de Barcelona-Catalunya,4,17,8,7
Heinz-Harald Frentzen,49,243,1995,Circuit de Barcelona-Catalunya,4,15,12,8
Martin Brundle,84,243,1995,Circuit de Barcelona-Catalunya,4,27,11,9
Mika Salo,63,243,1995,Circuit de Barcelona-Catalunya,4,25,13,10
Gianni Morbidelli,81,243,1995,Circuit de Barcelona-Catalunya,4,29,14,11
Jos Verstappen,50,243,1995,Circuit de Barcelona-Catalunya,4,31,16,12
Karl Wendlinger,91,243,1995,Circuit de Barcelona-Catalunya,4,15,20,13
Pierluigi Martini,94,243,1995,Circuit de Barcelona-Catalunya,4,18,19,14
Domenico Schiattarella,93,243,1995,Circuit de Barcelona-Catalunya,4,31,22,15
Michael Schumacher,30,244,1995,Circuit de Monaco,6,22,2,1
Damon Hill,71,244,1995,Circuit de Monaco,6,3,1,2
Gerhard Berger,77,244,1995,Circuit de Monaco,6,6,4,3
Johnny Herbert,65,244,1995,Circuit de Monaco,6,22,7,4
Mark Blundell,87,244,1995,Circuit de Monaco,6,1,10,5
Heinz-Harald Frentzen,49,244,1995,Circuit de Monaco,6,15,14,6
Pierluigi Martini,94,244,1995,Circuit de Monaco,6,18,18,7
Jean-Christophe Boullion,96,244,1995,Circuit de Monaco,6,15,19,8
Gianni Morbidelli,81,244,1995,Circuit de Monaco,6,29,13,9
Pedro Diniz,64,244,1995,Circuit de Monaco,6,28,22,10
Jean Alesi,55,245,1995,Circuit Gilles Villeneuve,7,6,5,1
Rubens Barrichello,22,245,1995,Circuit Gilles Villeneuve,7,17,9,2
Eddie Irvine,56,245,1995,Circuit Gilles Villeneuve,7,17,8,3
Olivier Panis,44,245,1995,Circuit Gilles Villeneuve,7,27,11,4
Michael Schumacher,30,245,1995,Circuit Gilles Villeneuve,7,22,1,5
Gianni Morbidelli,81,245,1995,Circuit Gilles Villeneuve,7,29,13,6
Mika Salo,63,245,1995,Circuit Gilles Villeneuve,7,25,15,7
Luca Badoer,69,245,1995,Circuit Gilles Villeneuve,7,18,19,8
Taki Inoue,89,245,1995,Circuit Gilles Villeneuve,7,29,22,9
Martin Brundle,84,245,1995,Circuit Gilles Villeneuve,7,27,14,10
Gerhard Berger,77,245,1995,Circuit Gilles Villeneuve,7,6,4,11
Michael Schumacher,30,246,1995,Circuit de Nevers Magny-Cours,8,22,2,1
Damon Hill,71,246,1995,Circuit de Nevers Magny-Cours,8,3,1,2
David Coulthard,14,246,1995,Circuit de Nevers Magny-Cours,8,3,3,3
Martin Brundle,84,246,1995,Circuit de Nevers Magny-Cours,8,27,9,4
Jean Alesi,55,246,1995,Circuit de Nevers Magny-Cours,8,6,4,5
Rubens Barrichello,22,246,1995,Circuit de Nevers Magny-Cours,8,17,5,6
Mika Häkkinen,57,246,1995,Circuit de Nevers Magny-Cours,8,1,8,7
Olivier Panis,44,246,1995,Circuit de Nevers Magny-Cours,8,27,6,8
Eddie Irvine,56,246,1995,Circuit de Nevers Magny-Cours,8,17,11,9
Heinz-Harald Frentzen,49,246,1995,Circuit de Nevers Magny-Cours,8,15,12,10
Mark Blundell,87,246,1995,Circuit de Nevers Magny-Cours,8,1,13,11
Gerhard Berger,77,246,1995,Circuit de Nevers Magny-Cours,8,6,7,12
Luca Badoer,69,246,1995,Circuit de Nevers Magny-Cours,8,18,17,13
Gianni Morbidelli,81,246,1995,Circuit de Nevers Magny-Cours,8,29,16,14
Mika Salo,63,246,1995,Circuit de Nevers Magny-Cours,8,25,14,15
Roberto Moreno,90,246,1995,Circuit de Nevers Magny-Cours,8,28,24,16
Johnny Herbert,65,247,1995,Silverstone Circuit,9,22,5,1
Jean Alesi,55,247,1995,Silverstone Circuit,9,6,6,2
David Coulthard,14,247,1995,Silverstone Circuit,9,3,3,3
Olivier Panis,44,247,1995,Silverstone Circuit,9,27,13,4
Mark Blundell,87,247,1995,Silverstone Circuit,9,1,10,5
Heinz-Harald Frentzen,49,247,1995,Silverstone Circuit,9,15,12,6
Pierluigi Martini,94,247,1995,Silverstone Circuit,9,18,15,7
Mika Salo,63,247,1995,Silverstone Circuit,9,25,23,8
Jean-Christophe Boullion,96,247,1995,Silverstone Circuit,9,15,16,9
Luca Badoer,69,247,1995,Silverstone Circuit,9,18,18,10
Rubens Barrichello,22,247,1995,Silverstone Circuit,9,17,9,11
Bertrand Gachot,92,247,1995,Silverstone Circuit,9,30,21,12
Michael Schumacher,30,248,1995,Hockenheimring,10,22,2,1
David Coulthard,14,248,1995,Hockenheimring,10,3,3,2
Gerhard Berger,77,248,1995,Hockenheimring,10,6,4,3
Johnny Herbert,65,248,1995,Hockenheimring,10,22,9,4
Jean-Christophe Boullion,96,248,1995,Hockenheimring,10,15,14,5
Aguri Suzuki,88,248,1995,Hockenheimring,10,27,18,6
Ukyo Katayama,79,248,1995,Hockenheimring,10,25,17,7
Andrea Montermini,85,248,1995,Hockenheimring,10,30,23,8
Eddie Irvine,56,248,1995,Hockenheimring,10,17,6,9
Damon Hill,71,249,1995,Hungaroring,11,3,1,1
David Coulthard,14,249,1995,Hungaroring,11,3,2,2
Gerhard Berger,77,249,1995,Hungaroring,11,6,4,3
Johnny Herbert,65,249,1995,Hungaroring,11,22,9,4
Heinz-Harald Frentzen,49,249,1995,Hungaroring,11,15,11,5
Olivier Panis,44,249,1995,Hungaroring,11,27,10,6
Rubens Barrichello,22,249,1995,Hungaroring,11,17,14,7
Luca Badoer,69,249,1995,Hungaroring,11,18,12,8
Pedro Lamy,83,249,1995,Hungaroring,11,18,15,9
Jean-Christophe Boullion,96,249,1995,Hungaroring,11,15,19,10
Michael Schumacher,30,249,1995,Hungaroring,11,22,3,11
Andrea Montermini,85,249,1995,Hungaroring,11,30,22,12
Michael Schumacher,30,250,1995,Circuit de Spa-Francorchamps,13,22,16,1
Damon Hill,71,250,1995,Circuit de Spa-Francorchamps,13,3,8,2
Martin Brundle,84,250,1995,Circuit de Spa-Francorchamps,13,27,13,3
Heinz-Harald Frentzen,49,250,1995,Circuit de Spa-Francorchamps,13,15,10,4
Mark Blundell,87,250,1995,Circuit de Spa-Francorchamps,13,1,6,5
Rubens Barrichello,22,250,1995,Circuit de Spa-Francorchamps,13,17,12,6
Johnny Herbert,65,250,1995,Circuit de Spa-Francorchamps,13,22,4,7
Mika Salo,63,250,1995,Circuit de Spa-Francorchamps,13,25,11,8
Olivier Panis,44,250,1995,Circuit de Spa-Francorchamps,13,27,9,9
Pedro Lamy,83,250,1995,Circuit de Spa-Francorchamps,13,18,17,10
Jean-Christophe Boullion,96,250,1995,Circuit de Spa-Francorchamps,13,15,14,11
Taki Inoue,89,250,1995,Circuit de Spa-Francorchamps,13,29,18,12
Pedro Diniz,64,250,1995,Circuit de Spa-Francorchamps,13,28,24,13
Roberto Moreno,90,250,1995,Circuit de Spa-Francorchamps,13,28,22,14
Johnny Herbert,65,251,1995,Autodromo Nazionale di Monza,14,22,8,1
Mika Häkkinen,57,251,1995,Autodromo Nazionale di Monza,14,1,7,2
Heinz-Harald Frentzen,49,251,1995,Autodromo Nazionale di Monza,14,15,10,3
Mark Blundell,87,251,1995,Autodromo Nazionale di Monza,14,1,9,4
Mika Salo,63,251,1995,Autodromo Nazionale di Monza,14,25,16,5
Jean-Christophe Boullion,96,251,1995,Autodromo Nazionale di Monza,14,15,14,6
Massimiliano Papis,97,251,1995,Autodromo Nazionale di Monza,14,29,15,7
Taki Inoue,89,251,1995,Autodromo Nazionale di Monza,14,29,20,8
Pedro Diniz,64,251,1995,Autodromo Nazionale di Monza,14,28,23,9
Ukyo Katayama,79,251,1995,Autodromo Nazionale di Monza,14,25,17,10
David Coulthard,14,252,1995,Autódromo do Estoril,27,3,1,1
Michael Schumacher,30,252,1995,Autódromo do Estoril,27,22,3,2
Damon Hill,71,252,1995,Autódromo do Estoril,27,3,2,3
Gerhard Berger,77,252,1995,Autódromo do Estoril,27,6,4,4
Jean Alesi,55,252,1995,Autódromo do Estoril,27,6,7,5
Heinz-Harald Frentzen,49,252,1995,Autódromo do Estoril,27,15,5,6
Johnny Herbert,65,252,1995,Autódromo do Estoril,27,22,6,7
Martin Brundle,84,252,1995,Autódromo do Estoril,27,27,9,8
Mark Blundell,87,252,1995,Autódromo do Estoril,27,1,12,9
Eddie Irvine,56,252,1995,Autódromo do Estoril,27,17,10,10
Rubens Barrichello,22,252,1995,Autódromo do Estoril,27,17,8,11
Jean-Christophe Boullion,96,252,1995,Autódromo do Estoril,27,15,14,12
Mika Salo,63,252,1995,Autódromo do Estoril,27,25,15,13
Luca Badoer,69,252,1995,Autódromo do Estoril,27,18,18,14
Taki Inoue,89,252,1995,Autódromo do Estoril,27,29,19,15
Pedro Diniz,64,252,1995,Autódromo do Estoril,27,28,22,16
Roberto Moreno,90,252,1995,Autódromo do Estoril,27,28,23,17
Michael Schumacher,30,253,1995,Nürburgring,20,22,3,1
Jean Alesi,55,253,1995,Nürburgring,20,6,6,2
David Coulthard,14,253,1995,Nürburgring,20,3,1,3
Rubens Barrichello,22,253,1995,Nürburgring,20,17,11,4
Johnny Herbert,65,253,1995,Nürburgring,20,22,7,5
Eddie Irvine,56,253,1995,Nürburgring,20,17,5,6
Martin Brundle,84,253,1995,Nürburgring,20,27,12,7
Mika Häkkinen,57,253,1995,Nürburgring,20,1,9,8
Pedro Lamy,83,253,1995,Nürburgring,20,18,16,9
Mika Salo,63,253,1995,Nürburgring,20,25,15,10
Luca Badoer,69,253,1995,Nürburgring,20,18,18,11
Massimiliano Papis,97,253,1995,Nürburgring,20,29,17,12
Pedro Diniz,64,253,1995,Nürburgring,20,28,22,13
Gabriele Tarquini,99,253,1995,Nürburgring,20,25,19,14
Jean-Denis Délétraz,98,253,1995,Nürburgring,20,30,24,15
Michael Schumacher,30,254,1995,Okayama International Circuit,28,22,3,1
David Coulthard,14,254,1995,Okayama International Circuit,28,3,1,2
Damon Hill,71,254,1995,Okayama International Circuit,28,3,2,3
Gerhard Berger,77,254,1995,Okayama International Circuit,28,6,5,4
Jean Alesi,55,254,1995,Okayama International Circuit,28,6,4,5
Johnny Herbert,65,254,1995,Okayama International Circuit,28,22,7,6
Heinz-Harald Frentzen,49,254,1995,Okayama International Circuit,28,15,8,7
Olivier Panis,44,254,1995,Okayama International Circuit,28,27,9,8
Mark Blundell,87,254,1995,Okayama International Circuit,28,1,10,9
Jan Magnussen,76,254,1995,Okayama International Circuit,28,1,12,10
Eddie Irvine,56,254,1995,Okayama International Circuit,28,17,6,11
Mika Salo,63,254,1995,Okayama International Circuit,28,25,18,12
Pedro Lamy,83,254,1995,Okayama International Circuit,28,18,14,13
Ukyo Katayama,79,254,1995,Okayama International Circuit,28,25,17,14
Luca Badoer,69,254,1995,Okayama International Circuit,28,18,16,15
Roberto Moreno,90,254,1995,Okayama International Circuit,28,28,22,16
Pedro Diniz,64,254,1995,Okayama International Circuit,28,28,21,17
Michael Schumacher,30,255,1995,Suzuka Circuit,22,22,1,1
Mika Häkkinen,57,255,1995,Suzuka Circuit,22,1,3,2
Johnny Herbert,65,255,1995,Suzuka Circuit,22,22,9,3
Eddie Irvine,56,255,1995,Suzuka Circuit,22,17,7,4
Olivier Panis,44,255,1995,Suzuka Circuit,22,27,11,5
Mika Salo,63,255,1995,Suzuka Circuit,22,25,12,6
Mark Blundell,87,255,1995,Suzuka Circuit,22,1,23,7
Heinz-Harald Frentzen,49,255,1995,Suzuka Circuit,22,15,8,8
Luca Badoer,69,255,1995,Suzuka Circuit,22,18,17,9
Karl Wendlinger,91,255,1995,Suzuka Circuit,22,15,15,10
Pedro Lamy,83,255,1995,Suzuka Circuit,22,18,16,11
Taki Inoue,89,255,1995,Suzuka Circuit,22,29,18,12
Damon Hill,71,256,1995,Adelaide Street Circuit,29,3,1,1
Olivier Panis,44,256,1995,Adelaide Street Circuit,29,27,12,2
Gianni Morbidelli,81,256,1995,Adelaide Street Circuit,29,29,13,3
Mark Blundell,87,256,1995,Adelaide Street Circuit,29,1,10,4
Mika Salo,63,256,1995,Adelaide Street Circuit,29,25,14,5
Pedro Lamy,83,256,1995,Adelaide Street Circuit,29,18,17,6
Pedro Diniz,64,256,1995,Adelaide Street Circuit,29,28,21,7
Bertrand Gachot,92,256,1995,Adelaide Street Circuit,29,30,23,8
Michael Schumacher,30,257,1994,Autódromo José Carlos Pace,18,22,2,1
Damon Hill,71,257,1994,Autódromo José Carlos Pace,18,3,4,2
Jean Alesi,55,257,1994,Autódromo José Carlos Pace,18,6,3,3
Rubens Barrichello,22,257,1994,Autódromo José Carlos Pace,18,17,14,4
Ukyo Katayama,79,257,1994,Autódromo José Carlos Pace,18,25,10,5
Karl Wendlinger,91,257,1994,Autódromo José Carlos Pace,18,15,7,6
Johnny Herbert,65,257,1994,Autódromo José Carlos Pace,18,32,21,7
Pierluigi Martini,94,257,1994,Autódromo José Carlos Pace,18,18,15,8
Érik Comas,100,257,1994,Autódromo José Carlos Pace,18,33,13,9
Pedro Lamy,83,257,1994,Autódromo José Carlos Pace,18,32,24,10
Olivier Panis,44,257,1994,Autódromo José Carlos Pace,18,27,19,11
David Brabham,101,257,1994,Autódromo José Carlos Pace,18,31,26,12
Michael Schumacher,30,258,1994,Okayama International Circuit,28,22,2,1
Gerhard Berger,77,258,1994,Okayama International Circuit,28,6,5,2
Rubens Barrichello,22,258,1994,Okayama International Circuit,28,17,8,3
Christian Fittipaldi,104,258,1994,Okayama International Circuit,28,29,9,4
Heinz-Harald Frentzen,49,258,1994,Okayama International Circuit,28,15,11,5
Érik Comas,100,258,1994,Okayama International Circuit,28,33,16,6
Johnny Herbert,65,258,1994,Okayama International Circuit,28,32,23,7
Pedro Lamy,83,258,1994,Okayama International Circuit,28,32,24,8
Olivier Panis,44,258,1994,Okayama International Circuit,28,27,22,9
Éric Bernard,103,258,1994,Okayama International Circuit,28,27,18,10
Roland Ratzenberger,107,258,1994,Okayama International Circuit,28,31,26,11
Michael Schumacher,30,259,1994,Autodromo Enzo e Dino Ferrari,21,22,2,1
Nicola Larini,78,259,1994,Autodromo Enzo e Dino Ferrari,21,6,6,2
Mika Häkkinen,57,259,1994,Autodromo Enzo e Dino Ferrari,21,1,8,3
Karl Wendlinger,91,259,1994,Autodromo Enzo e Dino Ferrari,21,15,10,4
Ukyo Katayama,79,259,1994,Autodromo Enzo e Dino Ferrari,21,25,9,5
Damon Hill,71,259,1994,Autodromo Enzo e Dino Ferrari,21,3,4,6
Heinz-Harald Frentzen,49,259,1994,Autodromo Enzo e Dino Ferrari,21,15,7,7
Martin Brundle,84,259,1994,Autodromo Enzo e Dino Ferrari,21,1,13,8
Mark Blundell,87,259,1994,Autodromo Enzo e Dino Ferrari,21,25,12,9
Johnny Herbert,65,259,1994,Autodromo Enzo e Dino Ferrari,21,32,20,10
Olivier Panis,44,259,1994,Autodromo Enzo e Dino Ferrari,21,27,19,11
Éric Bernard,103,259,1994,Autodromo Enzo e Dino Ferrari,21,27,17,12
Christian Fittipaldi,104,259,1994,Autodromo Enzo e Dino Ferrari,21,29,16,13
Michael Schumacher,30,260,1994,Circuit de Monaco,6,22,1,1
Martin Brundle,84,260,1994,Circuit de Monaco,6,1,8,2
Gerhard Berger,77,260,1994,Circuit de Monaco,6,6,3,3
Andrea de Cesaris,110,260,1994,Circuit de Monaco,6,17,14,4
Jean Alesi,55,260,1994,Circuit de Monaco,6,6,5,5
Michele Alboreto,105,260,1994,Circuit de Monaco,6,18,12,6
Jyrki Järvilehto,109,260,1994,Circuit de Monaco,6,22,17,7
Olivier Beretta,106,260,1994,Circuit de Monaco,6,33,18,8
Olivier Panis,44,260,1994,Circuit de Monaco,6,27,20,9
Érik Comas,100,260,1994,Circuit de Monaco,6,33,13,10
Pedro Lamy,83,260,1994,Circuit de Monaco,6,32,19,11
Damon Hill,71,261,1994,Circuit de Barcelona-Catalunya,4,3,2,1
Michael Schumacher,30,261,1994,Circuit de Barcelona-Catalunya,4,22,1,2
Mark Blundell,87,261,1994,Circuit de Barcelona-Catalunya,4,25,11,3
Jean Alesi,55,261,1994,Circuit de Barcelona-Catalunya,4,6,6,4
Pierluigi Martini,94,261,1994,Circuit de Barcelona-Catalunya,4,18,18,5
Eddie Irvine,56,261,1994,Circuit de Barcelona-Catalunya,4,17,13,6
Olivier Panis,44,261,1994,Circuit de Barcelona-Catalunya,4,27,19,7
Éric Bernard,103,261,1994,Circuit de Barcelona-Catalunya,4,27,20,8
Alessandro Zanardi,70,261,1994,Circuit de Barcelona-Catalunya,4,32,23,9
David Brabham,101,261,1994,Circuit de Barcelona-Catalunya,4,31,24,10
Martin Brundle,84,261,1994,Circuit de Barcelona-Catalunya,4,1,8,11
Michael Schumacher,30,262,1994,Circuit Gilles Villeneuve,7,22,1,1
Damon Hill,71,262,1994,Circuit Gilles Villeneuve,7,3,4,2
Jean Alesi,55,262,1994,Circuit Gilles Villeneuve,7,6,2,3
Gerhard Berger,77,262,1994,Circuit Gilles Villeneuve,7,6,3,4
David Coulthard,14,262,1994,Circuit Gilles Villeneuve,7,3,5,5
Jyrki Järvilehto,109,262,1994,Circuit Gilles Villeneuve,7,22,20,6
Rubens Barrichello,22,262,1994,Circuit Gilles Villeneuve,7,17,6,7
Johnny Herbert,65,262,1994,Circuit Gilles Villeneuve,7,32,17,8
Pierluigi Martini,94,262,1994,Circuit Gilles Villeneuve,7,18,15,9
Mark Blundell,87,262,1994,Circuit Gilles Villeneuve,7,25,13,10
Michele Alboreto,105,262,1994,Circuit Gilles Villeneuve,7,18,18,11
Olivier Panis,44,262,1994,Circuit Gilles Villeneuve,7,27,19,12
Éric Bernard,103,262,1994,Circuit Gilles Villeneuve,7,27,24,13
David Brabham,101,262,1994,Circuit Gilles Villeneuve,7,31,25,14
Alessandro Zanardi,70,262,1994,Circuit Gilles Villeneuve,7,32,23,15
Michael Schumacher,30,263,1994,Circuit de Nevers Magny-Cours,8,22,3,1
Damon Hill,71,263,1994,Circuit de Nevers Magny-Cours,8,3,1,2
Gerhard Berger,77,263,1994,Circuit de Nevers Magny-Cours,8,6,5,3
Heinz-Harald Frentzen,49,263,1994,Circuit de Nevers Magny-Cours,8,15,10,4
Pierluigi Martini,94,263,1994,Circuit de Nevers Magny-Cours,8,18,16,5
Andrea de Cesaris,110,263,1994,Circuit de Nevers Magny-Cours,8,15,11,6
Johnny Herbert,65,263,1994,Circuit de Nevers Magny-Cours,8,32,19,7
Christian Fittipaldi,104,263,1994,Circuit de Nevers Magny-Cours,8,29,18,8
Jean-Marc Gounon,111,263,1994,Circuit de Nevers Magny-Cours,8,31,26,9
Mark Blundell,87,263,1994,Circuit de Nevers Magny-Cours,8,25,17,10
Érik Comas,100,263,1994,Circuit de Nevers Magny-Cours,8,33,20,11
Damon Hill,71,264,1994,Silverstone Circuit,9,3,1,1
Jean Alesi,55,264,1994,Silverstone Circuit,9,6,4,2
Mika Häkkinen,57,264,1994,Silverstone Circuit,9,1,5,3
Rubens Barrichello,22,264,1994,Silverstone Circuit,9,17,6,4
David Coulthard,14,264,1994,Silverstone Circuit,9,3,7,5
Ukyo Katayama,79,264,1994,Silverstone Circuit,9,25,8,6
Heinz-Harald Frentzen,49,264,1994,Silverstone Circuit,9,15,13,7
Jos Verstappen,50,264,1994,Silverstone Circuit,9,22,10,8
Christian Fittipaldi,104,264,1994,Silverstone Circuit,9,29,20,9
Pierluigi Martini,94,264,1994,Silverstone Circuit,9,18,14,10
Johnny Herbert,65,264,1994,Silverstone Circuit,9,32,21,11
Olivier Panis,44,264,1994,Silverstone Circuit,9,27,15,12
Éric Bernard,103,264,1994,Silverstone Circuit,9,27,23,13
Olivier Beretta,106,264,1994,Silverstone Circuit,9,33,24,14
David Brabham,101,264,1994,Silverstone Circuit,9,31,25,15
Jean-Marc Gounon,111,264,1994,Silverstone Circuit,9,31,26,16
Gerhard Berger,77,265,1994,Hockenheimring,10,6,1,1
Olivier Panis,44,265,1994,Hockenheimring,10,27,12,2
Éric Bernard,103,265,1994,Hockenheimring,10,27,14,3
Christian Fittipaldi,104,265,1994,Hockenheimring,10,29,17,4
Gianni Morbidelli,81,265,1994,Hockenheimring,10,29,16,5
Érik Comas,100,265,1994,Hockenheimring,10,33,22,6
Olivier Beretta,106,265,1994,Hockenheimring,10,33,24,7
Damon Hill,71,265,1994,Hockenheimring,10,3,3,8
Michael Schumacher,30,266,1994,Hungaroring,11,22,1,1
Damon Hill,71,266,1994,Hungaroring,11,3,2,2
Jos Verstappen,50,266,1994,Hungaroring,11,22,12,3
Martin Brundle,84,266,1994,Hungaroring,11,1,6,4
Mark Blundell,87,266,1994,Hungaroring,11,25,11,5
Olivier Panis,44,266,1994,Hungaroring,11,27,9,6
Michele Alboreto,105,266,1994,Hungaroring,11,18,20,7
Érik Comas,100,266,1994,Hungaroring,11,33,21,8
Olivier Beretta,106,266,1994,Hungaroring,11,33,25,9
Éric Bernard,103,266,1994,Hungaroring,11,27,18,10
David Brabham,101,266,1994,Hungaroring,11,31,23,11
Gerhard Berger,77,266,1994,Hungaroring,11,6,4,12
Alessandro Zanardi,70,266,1994,Hungaroring,11,32,22,13
Christian Fittipaldi,104,266,1994,Hungaroring,11,29,16,14
Damon Hill,71,267,1994,Circuit de Spa-Francorchamps,13,3,3,1
Mika Häkkinen,57,267,1994,Circuit de Spa-Francorchamps,13,1,8,2
Jos Verstappen,50,267,1994,Circuit de Spa-Francorchamps,13,22,6,3
David Coulthard,14,267,1994,Circuit de Spa-Francorchamps,13,3,7,4
Mark Blundell,87,267,1994,Circuit de Spa-Francorchamps,13,25,12,5
Gianni Morbidelli,81,267,1994,Circuit de Spa-Francorchamps,13,29,14,6
Olivier Panis,44,267,1994,Circuit de Spa-Francorchamps,13,27,17,7
Pierluigi Martini,94,267,1994,Circuit de Spa-Francorchamps,13,18,10,8
Michele Alboreto,105,267,1994,Circuit de Spa-Francorchamps,13,18,18,9
Éric Bernard,103,267,1994,Circuit de Spa-Francorchamps,13,27,16,10
Jean-Marc Gounon,111,267,1994,Circuit de Spa-Francorchamps,13,31,25,11
Johnny Herbert,65,267,1994,Circuit de Spa-Francorchamps,13,32,20,12
Eddie Irvine,56,267,1994,Circuit de Spa-Francorchamps,13,17,4,13
Damon Hill,71,268,1994,Autodromo Nazionale di Monza,14,3,3,1
Gerhard Berger,77,268,1994,Autodromo Nazionale di Monza,14,6,2,2
Mika Häkkinen,57,268,1994,Autodromo Nazionale di Monza,14,1,7,3
Rubens Barrichello,22,268,1994,Autodromo Nazionale di Monza,14,17,16,4
Martin Brundle,84,268,1994,Autodromo Nazionale di Monza,14,1,15,5
David Coulthard,14,268,1994,Autodromo Nazionale di Monza,14,3,5,6
Éric Bernard,103,268,1994,Autodromo Nazionale di Monza,14,27,12,7
Érik Comas,100,268,1994,Autodromo Nazionale di Monza,14,33,24,8
Jyrki Järvilehto,109,268,1994,Autodromo Nazionale di Monza,14,22,20,9
Olivier Panis,44,268,1994,Autodromo Nazionale di Monza,14,27,6,10
Damon Hill,71,269,1994,Autódromo do Estoril,27,3,2,1
David Coulthard,14,269,1994,Autódromo do Estoril,27,3,3,2
Mika Häkkinen,57,269,1994,Autódromo do Estoril,27,1,4,3
Rubens Barrichello,22,269,1994,Autódromo do Estoril,27,17,8,4
Jos Verstappen,50,269,1994,Autódromo do Estoril,27,22,10,5
Martin Brundle,84,269,1994,Autódromo do Estoril,27,1,7,6
Eddie Irvine,56,269,1994,Autódromo do Estoril,27,17,13,7
Christian Fittipaldi,104,269,1994,Autódromo do Estoril,27,29,11,8
Gianni Morbidelli,81,269,1994,Autódromo do Estoril,27,29,16,9
Éric Bernard,103,269,1994,Autódromo do Estoril,27,27,21,10
Johnny Herbert,65,269,1994,Autódromo do Estoril,27,32,20,11
Pierluigi Martini,94,269,1994,Autódromo do Estoril,27,18,18,12
Michele Alboreto,105,269,1994,Autódromo do Estoril,27,18,19,13
Yannick Dalmas,114,269,1994,Autódromo do Estoril,27,33,23,14
Jean-Marc Gounon,111,269,1994,Autódromo do Estoril,27,31,26,15
Philippe Adams,113,269,1994,Autódromo do Estoril,27,32,25,16
Michael Schumacher,30,270,1994,Circuito de Jerez,26,22,1,1
Damon Hill,71,270,1994,Circuito de Jerez,26,3,2,2
Mika Häkkinen,57,270,1994,Circuito de Jerez,26,1,9,3
Eddie Irvine,56,270,1994,Circuito de Jerez,26,17,10,4
Gerhard Berger,77,270,1994,Circuito de Jerez,26,6,6,5
Heinz-Harald Frentzen,49,270,1994,Circuito de Jerez,26,15,4,6
Ukyo Katayama,79,270,1994,Circuito de Jerez,26,25,13,7
Johnny Herbert,65,270,1994,Circuito de Jerez,26,27,7,8
Olivier Panis,44,270,1994,Circuito de Jerez,26,27,11,9
Jean Alesi,55,270,1994,Circuito de Jerez,26,6,16,10
Gianni Morbidelli,81,270,1994,Circuito de Jerez,26,29,8,11
Rubens Barrichello,22,270,1994,Circuito de Jerez,26,17,5,12
Mark Blundell,87,270,1994,Circuito de Jerez,26,25,14,13
Michele Alboreto,105,270,1994,Circuito de Jerez,26,18,20,14
Pierluigi Martini,94,270,1994,Circuito de Jerez,26,18,17,15
Alessandro Zanardi,70,270,1994,Circuito de Jerez,26,32,21,16
Christian Fittipaldi,104,270,1994,Circuito de Jerez,26,29,19,17
Éric Bernard,103,270,1994,Circuito de Jerez,26,32,22,18
Domenico Schiattarella,93,270,1994,Circuito de Jerez,26,31,26,19
Damon Hill,71,271,1994,Suzuka Circuit,22,3,2,1
Michael Schumacher,30,271,1994,Suzuka Circuit,22,22,1,2
Jean Alesi,55,271,1994,Suzuka Circuit,22,6,7,3
Nigel Mansell,95,271,1994,Suzuka Circuit,22,3,4,4
Eddie Irvine,56,271,1994,Suzuka Circuit,22,17,6,5
Heinz-Harald Frentzen,49,271,1994,Suzuka Circuit,22,15,3,6
Mika Häkkinen,57,271,1994,Suzuka Circuit,22,1,8,7
Christian Fittipaldi,104,271,1994,Suzuka Circuit,22,29,18,8
Érik Comas,100,271,1994,Suzuka Circuit,22,33,22,9
Mika Salo,63,271,1994,Suzuka Circuit,22,32,25,10
Olivier Panis,44,271,1994,Suzuka Circuit,22,27,19,11
David Brabham,101,271,1994,Suzuka Circuit,22,31,24,12
Alessandro Zanardi,70,271,1994,Suzuka Circuit,22,32,17,13
Nigel Mansell,95,272,1994,Adelaide Street Circuit,29,3,1,1
Gerhard Berger,77,272,1994,Adelaide Street Circuit,29,6,11,2
Martin Brundle,84,272,1994,Adelaide Street Circuit,29,1,9,3
Rubens Barrichello,22,272,1994,Adelaide Street Circuit,29,17,5,4
Olivier Panis,44,272,1994,Adelaide Street Circuit,29,27,12,5
Jean Alesi,55,272,1994,Adelaide Street Circuit,29,6,8,6
Heinz-Harald Frentzen,49,272,1994,Adelaide Street Circuit,29,15,10,7
Christian Fittipaldi,104,272,1994,Adelaide Street Circuit,29,29,19,8
Pierluigi Martini,94,272,1994,Adelaide Street Circuit,29,18,18,9
Jyrki Järvilehto,109,272,1994,Adelaide Street Circuit,29,15,17,10
Franck Lagorce,116,272,1994,Adelaide Street Circuit,29,27,20,11
Mika Häkkinen,57,272,1994,Adelaide Street Circuit,29,1,4,12
Alain Prost,117,273,1993,Kyalami,30,3,1,1
Ayrton Senna,102,273,1993,Kyalami,30,1,2,2
Mark Blundell,87,273,1993,Kyalami,30,27,8,3
Christian Fittipaldi,104,273,1993,Kyalami,30,18,13,4
Jyrki Järvilehto,109,273,1993,Kyalami,30,15,6,5
Gerhard Berger,77,273,1993,Kyalami,30,6,15,6
Derek Warwick,118,273,1993,Kyalami,30,29,22,7
Ayrton Senna,102,274,1993,Autódromo José Carlos Pace,18,1,3,1
Damon Hill,71,274,1993,Autódromo José Carlos Pace,18,3,2,2
Michael Schumacher,30,274,1993,Autódromo José Carlos Pace,18,22,4,3
Johnny Herbert,65,274,1993,Autódromo José Carlos Pace,18,32,12,4
Mark Blundell,87,274,1993,Autódromo José Carlos Pace,18,27,10,5
Alessandro Zanardi,70,274,1993,Autódromo José Carlos Pace,18,32,15,6
Philippe Alliot,112,274,1993,Autódromo José Carlos Pace,18,33,11,7
Jean Alesi,55,274,1993,Autódromo José Carlos Pace,18,6,9,8
Derek Warwick,118,274,1993,Autódromo José Carlos Pace,18,29,18,9
Érik Comas,100,274,1993,Autódromo José Carlos Pace,18,33,17,10
Michele Alboreto,105,274,1993,Autódromo José Carlos Pace,18,26,25,11
Luca Badoer,69,274,1993,Autódromo José Carlos Pace,18,26,21,12
Ayrton Senna,102,275,1993,Donington Park,31,1,4,1
Damon Hill,71,275,1993,Donington Park,31,3,2,2
Alain Prost,117,275,1993,Donington Park,31,3,1,3
Johnny Herbert,65,275,1993,Donington Park,31,32,11,4
Riccardo Patrese,119,275,1993,Donington Park,31,22,10,5
Fabrizio Barbazza,120,275,1993,Donington Park,31,18,20,6
Christian Fittipaldi,104,275,1993,Donington Park,31,18,16,7
Alessandro Zanardi,70,275,1993,Donington Park,31,32,13,8
Érik Comas,100,275,1993,Donington Park,31,33,17,9
Rubens Barrichello,22,275,1993,Donington Park,31,17,12,10
Michele Alboreto,105,275,1993,Donington Park,31,26,24,11
Alain Prost,117,276,1993,Autodromo Enzo e Dino Ferrari,21,3,1,1
Michael Schumacher,30,276,1993,Autodromo Enzo e Dino Ferrari,21,22,3,2
Martin Brundle,84,276,1993,Autodromo Enzo e Dino Ferrari,21,27,10,3
Jyrki Järvilehto,109,276,1993,Autodromo Enzo e Dino Ferrari,21,15,16,4
Philippe Alliot,112,276,1993,Autodromo Enzo e Dino Ferrari,21,33,14,5
Fabrizio Barbazza,120,276,1993,Autodromo Enzo e Dino Ferrari,21,18,25,6
Luca Badoer,69,276,1993,Autodromo Enzo e Dino Ferrari,21,26,24,7
Johnny Herbert,65,276,1993,Autodromo Enzo e Dino Ferrari,21,32,12,8
Aguri Suzuki,88,276,1993,Autodromo Enzo e Dino Ferrari,21,29,21,9
Alain Prost,117,277,1993,Circuit de Barcelona-Catalunya,4,3,1,1
Ayrton Senna,102,277,1993,Circuit de Barcelona-Catalunya,4,1,3,2
Michael Schumacher,30,277,1993,Circuit de Barcelona-Catalunya,4,22,4,3
Riccardo Patrese,119,277,1993,Circuit de Barcelona-Catalunya,4,22,5,4
Michael Andretti,121,277,1993,Circuit de Barcelona-Catalunya,4,1,7,5
Gerhard Berger,77,277,1993,Circuit de Barcelona-Catalunya,4,6,11,6
Mark Blundell,87,277,1993,Circuit de Barcelona-Catalunya,4,27,12,7
Christian Fittipaldi,104,277,1993,Circuit de Barcelona-Catalunya,4,18,20,8
Érik Comas,100,277,1993,Circuit de Barcelona-Catalunya,4,33,14,9
Aguri Suzuki,88,277,1993,Circuit de Barcelona-Catalunya,4,29,19,10
Thierry Boutsen,123,277,1993,Circuit de Barcelona-Catalunya,4,17,21,11
Rubens Barrichello,22,277,1993,Circuit de Barcelona-Catalunya,4,17,17,12
Derek Warwick,118,277,1993,Circuit de Barcelona-Catalunya,4,29,16,13
Alessandro Zanardi,70,277,1993,Circuit de Barcelona-Catalunya,4,32,15,14
Ayrton Senna,102,278,1993,Circuit de Monaco,6,1,3,1
Damon Hill,71,278,1993,Circuit de Monaco,6,3,4,2
Jean Alesi,55,278,1993,Circuit de Monaco,6,6,5,3
Alain Prost,117,278,1993,Circuit de Monaco,6,3,1,4
Christian Fittipaldi,104,278,1993,Circuit de Monaco,6,18,17,5
Martin Brundle,84,278,1993,Circuit de Monaco,6,27,13,6
Alessandro Zanardi,70,278,1993,Circuit de Monaco,6,32,20,7
Michael Andretti,121,278,1993,Circuit de Monaco,6,1,9,8
Rubens Barrichello,22,278,1993,Circuit de Monaco,6,17,16,9
Andrea de Cesaris,110,278,1993,Circuit de Monaco,6,25,19,10
Fabrizio Barbazza,120,278,1993,Circuit de Monaco,6,18,25,11
Philippe Alliot,112,278,1993,Circuit de Monaco,6,33,15,12
Karl Wendlinger,91,278,1993,Circuit de Monaco,6,15,8,13
Gerhard Berger,77,278,1993,Circuit de Monaco,6,6,7,14
Alain Prost,117,279,1993,Circuit Gilles Villeneuve,7,3,1,1
Michael Schumacher,30,279,1993,Circuit Gilles Villeneuve,7,22,3,2
Damon Hill,71,279,1993,Circuit Gilles Villeneuve,7,3,2,3
Gerhard Berger,77,279,1993,Circuit Gilles Villeneuve,7,6,5,4
Martin Brundle,84,279,1993,Circuit Gilles Villeneuve,7,27,7,5
Karl Wendlinger,91,279,1993,Circuit Gilles Villeneuve,7,15,9,6
Jyrki Järvilehto,109,279,1993,Circuit Gilles Villeneuve,7,15,11,7
Érik Comas,100,279,1993,Circuit Gilles Villeneuve,7,33,13,8
Christian Fittipaldi,104,279,1993,Circuit Gilles Villeneuve,7,18,17,9
Johnny Herbert,65,279,1993,Circuit Gilles Villeneuve,7,32,20,10
Alessandro Zanardi,70,279,1993,Circuit Gilles Villeneuve,7,32,21,11
Thierry Boutsen,123,279,1993,Circuit Gilles Villeneuve,7,17,24,12
Aguri Suzuki,88,279,1993,Circuit Gilles Villeneuve,7,29,16,13
Michael Andretti,121,279,1993,Circuit Gilles Villeneuve,7,1,12,14
Luca Badoer,69,279,1993,Circuit Gilles Villeneuve,7,26,25,15
Derek Warwick,118,279,1993,Circuit Gilles Villeneuve,7,29,18,16
Ukyo Katayama,79,279,1993,Circuit Gilles Villeneuve,7,25,22,17
Ayrton Senna,102,279,1993,Circuit Gilles Villeneuve,7,1,8,18
Alain Prost,117,280,1993,Circuit de Nevers Magny-Cours,8,3,2,1
Damon Hill,71,280,1993,Circuit de Nevers Magny-Cours,8,3,1,2
Michael Schumacher,30,280,1993,Circuit de Nevers Magny-Cours,8,22,7,3
Ayrton Senna,102,280,1993,Circuit de Nevers Magny-Cours,8,1,5,4
Martin Brundle,84,280,1993,Circuit de Nevers Magny-Cours,8,27,3,5
Michael Andretti,121,280,1993,Circuit de Nevers Magny-Cours,8,1,16,6
Rubens Barrichello,22,280,1993,Circuit de Nevers Magny-Cours,8,17,8,7
Christian Fittipaldi,104,280,1993,Circuit de Nevers Magny-Cours,8,18,23,8
Philippe Alliot,112,280,1993,Circuit de Nevers Magny-Cours,8,33,10,9
Riccardo Patrese,119,280,1993,Circuit de Nevers Magny-Cours,8,22,12,10
Thierry Boutsen,123,280,1993,Circuit de Nevers Magny-Cours,8,17,20,11
Aguri Suzuki,88,280,1993,Circuit de Nevers Magny-Cours,8,29,13,12
Derek Warwick,118,280,1993,Circuit de Nevers Magny-Cours,8,29,15,13
Gerhard Berger,77,280,1993,Circuit de Nevers Magny-Cours,8,6,14,14
Andrea de Cesaris,110,280,1993,Circuit de Nevers Magny-Cours,8,25,25,15
Érik Comas,100,280,1993,Circuit de Nevers Magny-Cours,8,33,9,16
Alain Prost,117,281,1993,Silverstone Circuit,9,3,1,1
Michael Schumacher,30,281,1993,Silverstone Circuit,9,22,3,2
Riccardo Patrese,119,281,1993,Silverstone Circuit,9,22,5,3
Johnny Herbert,65,281,1993,Silverstone Circuit,9,32,7,4
Ayrton Senna,102,281,1993,Silverstone Circuit,9,1,4,5
Derek Warwick,118,281,1993,Silverstone Circuit,9,29,8,6
Mark Blundell,87,281,1993,Silverstone Circuit,9,27,9,7
Jyrki Järvilehto,109,281,1993,Silverstone Circuit,9,15,16,8
Jean Alesi,55,281,1993,Silverstone Circuit,9,6,12,9
Rubens Barrichello,22,281,1993,Silverstone Circuit,9,17,15,10
Philippe Alliot,112,281,1993,Silverstone Circuit,9,33,24,11
Christian Fittipaldi,104,281,1993,Silverstone Circuit,9,18,19,12
Ukyo Katayama,79,281,1993,Silverstone Circuit,9,25,22,13
Martin Brundle,84,281,1993,Silverstone Circuit,9,27,6,14
Alain Prost,117,282,1993,Hockenheimring,10,3,1,1
Michael Schumacher,30,282,1993,Hockenheimring,10,22,3,2
Mark Blundell,87,282,1993,Hockenheimring,10,27,5,3
Ayrton Senna,102,282,1993,Hockenheimring,10,1,4,4
Riccardo Patrese,119,282,1993,Hockenheimring,10,22,7,5
Gerhard Berger,77,282,1993,Hockenheimring,10,6,9,6
Jean Alesi,55,282,1993,Hockenheimring,10,6,10,7
Martin Brundle,84,282,1993,Hockenheimring,10,27,6,8
Karl Wendlinger,91,282,1993,Hockenheimring,10,15,14,9
Johnny Herbert,65,282,1993,Hockenheimring,10,32,13,10
Christian Fittipaldi,104,282,1993,Hockenheimring,10,18,20,11
Philippe Alliot,112,282,1993,Hockenheimring,10,33,23,12
Thierry Boutsen,123,282,1993,Hockenheimring,10,17,24,13
Pierluigi Martini,94,282,1993,Hockenheimring,10,18,22,14
Damon Hill,71,282,1993,Hockenheimring,10,3,2,15
Michele Alboreto,105,282,1993,Hockenheimring,10,26,26,16
Derek Warwick,118,282,1993,Hockenheimring,10,29,11,17
Damon Hill,71,283,1993,Hungaroring,11,3,2,1
Riccardo Patrese,119,283,1993,Hungaroring,11,22,5,2
Gerhard Berger,77,283,1993,Hungaroring,11,6,6,3
Derek Warwick,118,283,1993,Hungaroring,11,29,9,4
Martin Brundle,84,283,1993,Hungaroring,11,27,13,5
Karl Wendlinger,91,283,1993,Hungaroring,11,15,17,6
Mark Blundell,87,283,1993,Hungaroring,11,27,12,7
Philippe Alliot,112,283,1993,Hungaroring,11,33,19,8
Thierry Boutsen,123,283,1993,Hungaroring,11,17,24,9
Ukyo Katayama,79,283,1993,Hungaroring,11,25,23,10
Andrea de Cesaris,110,283,1993,Hungaroring,11,25,22,11
Alain Prost,117,283,1993,Hungaroring,11,3,1,12
Damon Hill,71,284,1993,Circuit de Spa-Francorchamps,13,3,2,1
Michael Schumacher,30,284,1993,Circuit de Spa-Francorchamps,13,22,3,2
Alain Prost,117,284,1993,Circuit de Spa-Francorchamps,13,3,1,3
Ayrton Senna,102,284,1993,Circuit de Spa-Francorchamps,13,1,5,4
Johnny Herbert,65,284,1993,Circuit de Spa-Francorchamps,13,32,10,5
Riccardo Patrese,119,284,1993,Circuit de Spa-Francorchamps,13,22,8,6
Martin Brundle,84,284,1993,Circuit de Spa-Francorchamps,13,27,11,7
Michael Andretti,121,284,1993,Circuit de Spa-Francorchamps,13,1,14,8
Jyrki Järvilehto,109,284,1993,Circuit de Spa-Francorchamps,13,15,9,9
Gerhard Berger,77,284,1993,Circuit de Spa-Francorchamps,13,6,16,10
Mark Blundell,87,284,1993,Circuit de Spa-Francorchamps,13,27,15,11
Philippe Alliot,112,284,1993,Circuit de Spa-Francorchamps,13,33,18,12
Luca Badoer,69,284,1993,Circuit de Spa-Francorchamps,13,26,24,13
Michele Alboreto,105,284,1993,Circuit de Spa-Francorchamps,13,26,25,14
Ukyo Katayama,79,284,1993,Circuit de Spa-Francorchamps,13,25,23,15
Damon Hill,71,285,1993,Autodromo Nazionale di Monza,14,3,2,1
Jean Alesi,55,285,1993,Autodromo Nazionale di Monza,14,6,3,2
Michael Andretti,121,285,1993,Autodromo Nazionale di Monza,14,1,9,3
Karl Wendlinger,91,285,1993,Autodromo Nazionale di Monza,14,15,15,4
Riccardo Patrese,119,285,1993,Autodromo Nazionale di Monza,14,22,10,5
Érik Comas,100,285,1993,Autodromo Nazionale di Monza,14,33,20,6
Pierluigi Martini,94,285,1993,Autodromo Nazionale di Monza,14,18,22,7
Christian Fittipaldi,104,285,1993,Autodromo Nazionale di Monza,14,18,24,8
Philippe Alliot,112,285,1993,Autodromo Nazionale di Monza,14,33,16,9
Luca Badoer,69,285,1993,Autodromo Nazionale di Monza,14,26,25,10
Pedro Lamy,83,285,1993,Autodromo Nazionale di Monza,14,32,26,11
Alain Prost,117,285,1993,Autodromo Nazionale di Monza,14,3,1,12
Andrea de Cesaris,110,285,1993,Autodromo Nazionale di Monza,14,25,18,13
Ukyo Katayama,79,285,1993,Autodromo Nazionale di Monza,14,25,17,14
Michael Schumacher,30,286,1993,Autódromo do Estoril,27,22,6,1
Alain Prost,117,286,1993,Autódromo do Estoril,27,3,2,2
Damon Hill,71,286,1993,Autódromo do Estoril,27,3,1,3
Jean Alesi,55,286,1993,Autódromo do Estoril,27,6,5,4
Karl Wendlinger,91,286,1993,Autódromo do Estoril,27,15,13,5
Martin Brundle,84,286,1993,Autódromo do Estoril,27,27,11,6
Jyrki Järvilehto,109,286,1993,Autódromo do Estoril,27,15,12,7
Pierluigi Martini,94,286,1993,Autódromo do Estoril,27,18,19,8
Christian Fittipaldi,104,286,1993,Autódromo do Estoril,27,18,24,9
Philippe Alliot,112,286,1993,Autódromo do Estoril,27,33,20,10
Érik Comas,100,286,1993,Autódromo do Estoril,27,33,22,11
Andrea de Cesaris,110,286,1993,Autódromo do Estoril,27,25,17,12
Rubens Barrichello,22,286,1993,Autódromo do Estoril,27,17,15,13
Luca Badoer,69,286,1993,Autódromo do Estoril,27,26,26,14
Derek Warwick,118,286,1993,Autódromo do Estoril,27,29,9,15
Riccardo Patrese,119,286,1993,Autódromo do Estoril,27,22,7,16
Ayrton Senna,102,287,1993,Suzuka Circuit,22,1,2,1
Alain Prost,117,287,1993,Suzuka Circuit,22,3,1,2
Mika Häkkinen,57,287,1993,Suzuka Circuit,22,1,3,3
Damon Hill,71,287,1993,Suzuka Circuit,22,3,6,4
Rubens Barrichello,22,287,1993,Suzuka Circuit,22,17,12,5
Eddie Irvine,56,287,1993,Suzuka Circuit,22,17,8,6
Mark Blundell,87,287,1993,Suzuka Circuit,22,27,17,7
Jyrki Järvilehto,109,287,1993,Suzuka Circuit,22,15,11,8
Martin Brundle,84,287,1993,Suzuka Circuit,22,27,15,9
Pierluigi Martini,94,287,1993,Suzuka Circuit,22,18,22,10
Johnny Herbert,65,287,1993,Suzuka Circuit,22,32,19,11
Toshio Suzuki,126,287,1993,Suzuka Circuit,22,33,23,12
Pedro Lamy,83,287,1993,Suzuka Circuit,22,32,20,13
Derek Warwick,118,287,1993,Suzuka Circuit,22,29,7,14
Ayrton Senna,102,288,1993,Adelaide Street Circuit,29,1,1,1
Alain Prost,117,288,1993,Adelaide Street Circuit,29,3,2,2
Damon Hill,71,288,1993,Adelaide Street Circuit,29,3,3,3
Jean Alesi,55,288,1993,Adelaide Street Circuit,29,6,7,4
Gerhard Berger,77,288,1993,Adelaide Street Circuit,29,6,6,5
Martin Brundle,84,288,1993,Adelaide Street Circuit,29,27,8,6
Aguri Suzuki,88,288,1993,Adelaide Street Circuit,29,29,10,7
Riccardo Patrese,119,288,1993,Adelaide Street Circuit,29,22,9,8
Mark Blundell,87,288,1993,Adelaide Street Circuit,29,27,14,9
Derek Warwick,118,288,1993,Adelaide Street Circuit,29,29,17,10
Rubens Barrichello,22,288,1993,Adelaide Street Circuit,29,17,13,11
Érik Comas,100,288,1993,Adelaide Street Circuit,29,33,21,12
Andrea de Cesaris,110,288,1993,Adelaide Street Circuit,29,25,15,13
Toshio Suzuki,126,288,1993,Adelaide Street Circuit,29,33,24,14
Karl Wendlinger,91,288,1993,Adelaide Street Circuit,29,15,11,15
Nigel Mansell,95,289,1992,Kyalami,30,3,1,1
Riccardo Patrese,119,289,1992,Kyalami,30,3,4,2
Ayrton Senna,102,289,1992,Kyalami,30,1,2,3
Michael Schumacher,30,289,1992,Kyalami,30,22,6,4
Gerhard Berger,77,289,1992,Kyalami,30,1,3,5
Johnny Herbert,65,289,1992,Kyalami,30,32,11,6
Érik Comas,100,289,1992,Kyalami,30,27,13,7
Aguri Suzuki,88,289,1992,Kyalami,30,29,16,8
Mika Häkkinen,57,289,1992,Kyalami,30,32,21,9
Michele Alboreto,105,289,1992,Kyalami,30,29,17,10
Maurício Gugelmin,127,289,1992,Kyalami,30,17,23,11
Ukyo Katayama,79,289,1992,Kyalami,30,33,18,12
Eric van de Poele,128,289,1992,Kyalami,30,34,26,13
Nigel Mansell,95,290,1992,Autódromo Hermanos Rodríguez,32,3,1,1
Riccardo Patrese,119,290,1992,Autódromo Hermanos Rodríguez,32,3,2,2
Michael Schumacher,30,290,1992,Autódromo Hermanos Rodríguez,32,22,3,3
Gerhard Berger,77,290,1992,Autódromo Hermanos Rodríguez,32,1,5,4
Andrea de Cesaris,110,290,1992,Autódromo Hermanos Rodríguez,32,25,11,5
Mika Häkkinen,57,290,1992,Autódromo Hermanos Rodríguez,32,32,18,6
Johnny Herbert,65,290,1992,Autódromo Hermanos Rodríguez,32,32,12,7
Jyrki Järvilehto,109,290,1992,Autódromo Hermanos Rodríguez,32,35,7,8
Érik Comas,100,290,1992,Autódromo Hermanos Rodríguez,32,27,26,9
Thierry Boutsen,123,290,1992,Autódromo Hermanos Rodríguez,32,27,22,10
Bertrand Gachot,92,290,1992,Autódromo Hermanos Rodríguez,32,33,13,11
Ukyo Katayama,79,290,1992,Autódromo Hermanos Rodríguez,32,33,24,12
Michele Alboreto,105,290,1992,Autódromo Hermanos Rodríguez,32,29,25,13
Nigel Mansell,95,291,1992,Autódromo José Carlos Pace,18,3,1,1
Riccardo Patrese,119,291,1992,Autódromo José Carlos Pace,18,3,2,2
Michael Schumacher,30,291,1992,Autódromo José Carlos Pace,18,22,5,3
Jean Alesi,55,291,1992,Autódromo José Carlos Pace,18,6,6,4
Ivan Capelli,122,291,1992,Autódromo José Carlos Pace,18,6,11,5
Michele Alboreto,105,291,1992,Autódromo José Carlos Pace,18,29,14,6
Gianni Morbidelli,81,291,1992,Autódromo José Carlos Pace,18,18,23,7
Jyrki Järvilehto,109,291,1992,Autódromo José Carlos Pace,18,35,16,8
Ukyo Katayama,79,291,1992,Autódromo José Carlos Pace,18,33,25,9
Mika Häkkinen,57,291,1992,Autódromo José Carlos Pace,18,32,24,10
Nigel Mansell,95,292,1992,Circuit de Barcelona-Catalunya,4,3,1,1
Michael Schumacher,30,292,1992,Circuit de Barcelona-Catalunya,4,22,2,2
Jean Alesi,55,292,1992,Circuit de Barcelona-Catalunya,4,6,8,3
Gerhard Berger,77,292,1992,Circuit de Barcelona-Catalunya,4,1,7,4
Michele Alboreto,105,292,1992,Circuit de Barcelona-Catalunya,4,29,16,5
Pierluigi Martini,94,292,1992,Circuit de Barcelona-Catalunya,4,35,13,6
Aguri Suzuki,88,292,1992,Circuit de Barcelona-Catalunya,4,29,19,7
Karl Wendlinger,91,292,1992,Circuit de Barcelona-Catalunya,4,37,9,8
Ayrton Senna,102,292,1992,Circuit de Barcelona-Catalunya,4,1,3,9
Ivan Capelli,122,292,1992,Circuit de Barcelona-Catalunya,4,6,5,10
Christian Fittipaldi,104,292,1992,Circuit de Barcelona-Catalunya,4,18,22,11
Paul Belmondo,108,292,1992,Circuit de Barcelona-Catalunya,4,37,23,12
Nigel Mansell,95,293,1992,Autodromo Enzo e Dino Ferrari,21,3,1,1
Riccardo Patrese,119,293,1992,Autodromo Enzo e Dino Ferrari,21,3,2,2
Ayrton Senna,102,293,1992,Autodromo Enzo e Dino Ferrari,21,1,3,3
Martin Brundle,84,293,1992,Autodromo Enzo e Dino Ferrari,21,22,6,4
Michele Alboreto,105,293,1992,Autodromo Enzo e Dino Ferrari,21,29,9,5
Pierluigi Martini,94,293,1992,Autodromo Enzo e Dino Ferrari,21,35,15,6
Maurício Gugelmin,127,293,1992,Autodromo Enzo e Dino Ferrari,21,17,16,7
Olivier Grouillard,129,293,1992,Autodromo Enzo e Dino Ferrari,21,25,20,8
Érik Comas,100,293,1992,Autodromo Enzo e Dino Ferrari,21,27,13,9
Aguri Suzuki,88,293,1992,Autodromo Enzo e Dino Ferrari,21,29,11,10
Jyrki Järvilehto,109,293,1992,Autodromo Enzo e Dino Ferrari,21,35,16,11
Karl Wendlinger,91,293,1992,Autodromo Enzo e Dino Ferrari,21,37,12,12
Paul Belmondo,108,293,1992,Autodromo Enzo e Dino Ferrari,21,37,24,13
Andrea de Cesaris,110,293,1992,Autodromo Enzo e Dino Ferrari,21,25,14,14
Ayrton Senna,102,294,1992,Circuit de Monaco,6,1,3,1
Nigel Mansell,95,294,1992,Circuit de Monaco,6,3,1,2
Riccardo Patrese,119,294,1992,Circuit de Monaco,6,3,2,3
Michael Schumacher,30,294,1992,Circuit de Monaco,6,22,6,4
Martin Brundle,84,294,1992,Circuit de Monaco,6,22,7,5
Bertrand Gachot,92,294,1992,Circuit de Monaco,6,33,15,6
Michele Alboreto,105,294,1992,Circuit de Monaco,6,29,11,7
Christian Fittipaldi,104,294,1992,Circuit de Monaco,6,18,17,8
Jyrki Järvilehto,109,294,1992,Circuit de Monaco,6,35,20,9
Érik Comas,100,294,1992,Circuit de Monaco,6,27,23,10
Aguri Suzuki,88,294,1992,Circuit de Monaco,6,29,19,11
Thierry Boutsen,123,294,1992,Circuit de Monaco,6,27,22,12
Gerhard Berger,77,295,1992,Circuit Gilles Villeneuve,7,1,4,1
Michael Schumacher,30,295,1992,Circuit Gilles Villeneuve,7,22,5,2
Jean Alesi,55,295,1992,Circuit Gilles Villeneuve,7,6,8,3
Karl Wendlinger,91,295,1992,Circuit Gilles Villeneuve,7,37,12,4
Andrea de Cesaris,110,295,1992,Circuit Gilles Villeneuve,7,25,14,5
Érik Comas,100,295,1992,Circuit Gilles Villeneuve,7,27,22,6
Michele Alboreto,105,295,1992,Circuit Gilles Villeneuve,7,29,16,7
Pierluigi Martini,94,295,1992,Circuit Gilles Villeneuve,7,35,15,8
Jyrki Järvilehto,109,295,1992,Circuit Gilles Villeneuve,7,35,23,9
Thierry Boutsen,123,295,1992,Circuit Gilles Villeneuve,7,27,21,10
Gianni Morbidelli,81,295,1992,Circuit Gilles Villeneuve,7,18,13,11
Olivier Grouillard,129,295,1992,Circuit Gilles Villeneuve,7,25,26,12
Christian Fittipaldi,104,295,1992,Circuit Gilles Villeneuve,7,18,25,13
Paul Belmondo,108,295,1992,Circuit Gilles Villeneuve,7,37,20,14
Nigel Mansell,95,296,1992,Circuit de Nevers Magny-Cours,8,3,1,1
Riccardo Patrese,119,296,1992,Circuit de Nevers Magny-Cours,8,3,2,2
Martin Brundle,84,296,1992,Circuit de Nevers Magny-Cours,8,22,7,3
Mika Häkkinen,57,296,1992,Circuit de Nevers Magny-Cours,8,32,11,4
Érik Comas,100,296,1992,Circuit de Nevers Magny-Cours,8,27,10,5
Johnny Herbert,65,296,1992,Circuit de Nevers Magny-Cours,8,32,12,6
Michele Alboreto,105,296,1992,Circuit de Nevers Magny-Cours,8,29,14,7
Gianni Morbidelli,81,296,1992,Circuit de Nevers Magny-Cours,8,18,16,8
Jyrki Järvilehto,109,296,1992,Circuit de Nevers Magny-Cours,8,35,17,9
Pierluigi Martini,94,296,1992,Circuit de Nevers Magny-Cours,8,35,25,10
Olivier Grouillard,129,296,1992,Circuit de Nevers Magny-Cours,8,25,22,11
Nigel Mansell,95,297,1992,Silverstone Circuit,9,3,1,1
Riccardo Patrese,119,297,1992,Silverstone Circuit,9,3,2,2
Martin Brundle,84,297,1992,Silverstone Circuit,9,22,6,3
Michael Schumacher,30,297,1992,Silverstone Circuit,9,22,4,4
Gerhard Berger,77,297,1992,Silverstone Circuit,9,1,5,5
Mika Häkkinen,57,297,1992,Silverstone Circuit,9,32,9,6
Michele Alboreto,105,297,1992,Silverstone Circuit,9,29,12,7
Érik Comas,100,297,1992,Silverstone Circuit,9,27,10,8
Ivan Capelli,122,297,1992,Silverstone Circuit,9,6,14,9
Thierry Boutsen,123,297,1992,Silverstone Circuit,9,27,13,10
Olivier Grouillard,129,297,1992,Silverstone Circuit,9,25,20,11
Aguri Suzuki,88,297,1992,Silverstone Circuit,9,29,17,12
Jyrki Järvilehto,109,297,1992,Silverstone Circuit,9,35,19,13
Gabriele Tarquini,99,297,1992,Silverstone Circuit,9,36,15,14
Pierluigi Martini,94,297,1992,Silverstone Circuit,9,35,22,15
Damon Hill,71,297,1992,Silverstone Circuit,9,34,26,16
Gianni Morbidelli,81,297,1992,Silverstone Circuit,9,18,25,17
Nigel Mansell,95,298,1992,Hockenheimring,10,3,1,1
Ayrton Senna,102,298,1992,Hockenheimring,10,1,3,2
Michael Schumacher,30,298,1992,Hockenheimring,10,22,6,3
Martin Brundle,84,298,1992,Hockenheimring,10,22,9,4
Jean Alesi,55,298,1992,Hockenheimring,10,6,5,5
Érik Comas,100,298,1992,Hockenheimring,10,27,7,6
Thierry Boutsen,123,298,1992,Hockenheimring,10,27,8,7
Riccardo Patrese,119,298,1992,Hockenheimring,10,3,2,8
Michele Alboreto,105,298,1992,Hockenheimring,10,29,17,9
Jyrki Järvilehto,109,298,1992,Hockenheimring,10,35,21,10
Pierluigi Martini,94,298,1992,Hockenheimring,10,35,18,11
Gianni Morbidelli,81,298,1992,Hockenheimring,10,18,26,12
Paul Belmondo,108,298,1992,Hockenheimring,10,37,22,13
Bertrand Gachot,92,298,1992,Hockenheimring,10,33,25,14
Maurício Gugelmin,127,298,1992,Hockenheimring,10,17,23,15
Karl Wendlinger,91,298,1992,Hockenheimring,10,37,10,16
Ayrton Senna,102,299,1992,Hungaroring,11,1,3,1
Nigel Mansell,95,299,1992,Hungaroring,11,3,2,2
Gerhard Berger,77,299,1992,Hungaroring,11,1,5,3
Mika Häkkinen,57,299,1992,Hungaroring,11,32,16,4
Martin Brundle,84,299,1992,Hungaroring,11,22,6,5
Ivan Capelli,122,299,1992,Hungaroring,11,6,10,6
Michele Alboreto,105,299,1992,Hungaroring,11,29,7,7
Andrea de Cesaris,110,299,1992,Hungaroring,11,25,19,8
Paul Belmondo,108,299,1992,Hungaroring,11,37,17,9
Maurício Gugelmin,127,299,1992,Hungaroring,11,17,21,10
Damon Hill,71,299,1992,Hungaroring,11,34,25,11
Michael Schumacher,30,300,1992,Circuit de Spa-Francorchamps,13,22,3,1
Nigel Mansell,95,300,1992,Circuit de Spa-Francorchamps,13,3,1,2
Riccardo Patrese,119,300,1992,Circuit de Spa-Francorchamps,13,3,4,3
Martin Brundle,84,300,1992,Circuit de Spa-Francorchamps,13,22,9,4
Ayrton Senna,102,300,1992,Circuit de Spa-Francorchamps,13,1,2,5
Mika Häkkinen,57,300,1992,Circuit de Spa-Francorchamps,13,32,8,6
Jyrki Järvilehto,109,300,1992,Circuit de Spa-Francorchamps,13,35,16,7
Andrea de Cesaris,110,300,1992,Circuit de Spa-Francorchamps,13,25,13,8
Aguri Suzuki,88,300,1992,Circuit de Spa-Francorchamps,13,29,25,9
Eric van de Poele,128,300,1992,Circuit de Spa-Francorchamps,13,36,15,10
Karl Wendlinger,91,300,1992,Circuit de Spa-Francorchamps,13,37,18,11
Emanuele Naspetti,125,300,1992,Circuit de Spa-Francorchamps,13,37,21,12
Johnny Herbert,65,300,1992,Circuit de Spa-Francorchamps,13,32,10,13
Maurício Gugelmin,127,300,1992,Circuit de Spa-Francorchamps,13,17,24,14
Stefano Modena,131,300,1992,Circuit de Spa-Francorchamps,13,17,17,15
Gianni Morbidelli,81,300,1992,Circuit de Spa-Francorchamps,13,18,23,16
Ukyo Katayama,79,300,1992,Circuit de Spa-Francorchamps,13,33,26,17
Bertrand Gachot,92,300,1992,Circuit de Spa-Francorchamps,13,33,20,18
Ayrton Senna,102,301,1992,Autodromo Nazionale di Monza,14,1,2,1
Martin Brundle,84,301,1992,Autodromo Nazionale di Monza,14,22,9,2
Michael Schumacher,30,301,1992,Autodromo Nazionale di Monza,14,22,6,3
Gerhard Berger,77,301,1992,Autodromo Nazionale di Monza,14,1,5,4
Riccardo Patrese,119,301,1992,Autodromo Nazionale di Monza,14,3,4,5
Andrea de Cesaris,110,301,1992,Autodromo Nazionale di Monza,14,25,21,6
Michele Alboreto,105,301,1992,Autodromo Nazionale di Monza,14,29,16,7
Pierluigi Martini,94,301,1992,Autodromo Nazionale di Monza,14,35,22,8
Ukyo Katayama,79,301,1992,Autodromo Nazionale di Monza,14,33,23,9
Karl Wendlinger,91,301,1992,Autodromo Nazionale di Monza,14,37,17,10
Jyrki Järvilehto,109,301,1992,Autodromo Nazionale di Monza,14,35,14,11
Nigel Mansell,95,302,1992,Autódromo do Estoril,27,3,1,1
Gerhard Berger,77,302,1992,Autódromo do Estoril,27,1,4,2
Ayrton Senna,102,302,1992,Autódromo do Estoril,27,1,3,3
Martin Brundle,84,302,1992,Autódromo do Estoril,27,22,6,4
Mika Häkkinen,57,302,1992,Autódromo do Estoril,27,32,7,5
Michele Alboreto,105,302,1992,Autódromo do Estoril,27,29,8,6
Michael Schumacher,30,302,1992,Autódromo do Estoril,27,22,5,7
Thierry Boutsen,123,302,1992,Autódromo do Estoril,27,27,11,8
Andrea de Cesaris,110,302,1992,Autódromo do Estoril,27,25,12,9
Aguri Suzuki,88,302,1992,Autódromo do Estoril,27,29,17,10
Emanuele Naspetti,125,302,1992,Autódromo do Estoril,27,37,23,11
Christian Fittipaldi,104,302,1992,Autódromo do Estoril,27,18,26,12
Stefano Modena,131,302,1992,Autódromo do Estoril,27,17,24,13
Gianni Morbidelli,81,302,1992,Autódromo do Estoril,27,18,18,14
Riccardo Patrese,119,303,1992,Suzuka Circuit,22,3,2,1
Gerhard Berger,77,303,1992,Suzuka Circuit,22,1,4,2
Martin Brundle,84,303,1992,Suzuka Circuit,22,22,13,3
Andrea de Cesaris,110,303,1992,Suzuka Circuit,22,25,9,4
Jean Alesi,55,303,1992,Suzuka Circuit,22,6,15,5
Christian Fittipaldi,104,303,1992,Suzuka Circuit,22,18,12,6
Stefano Modena,131,303,1992,Suzuka Circuit,22,17,17,7
Aguri Suzuki,88,303,1992,Suzuka Circuit,22,29,16,8
Jyrki Järvilehto,109,303,1992,Suzuka Circuit,22,35,22,9
Pierluigi Martini,94,303,1992,Suzuka Circuit,22,35,19,10
Ukyo Katayama,79,303,1992,Suzuka Circuit,22,33,20,11
Nicola Larini,78,303,1992,Suzuka Circuit,22,6,11,12
Emanuele Naspetti,125,303,1992,Suzuka Circuit,22,37,26,13
Gianni Morbidelli,81,303,1992,Suzuka Circuit,22,18,14,14
Michele Alboreto,105,303,1992,Suzuka Circuit,22,29,24,15
Gerhard Berger,77,304,1992,Adelaide Street Circuit,29,1,4,1
Michael Schumacher,30,304,1992,Adelaide Street Circuit,29,22,5,2
Martin Brundle,84,304,1992,Adelaide Street Circuit,29,22,8,3
Jean Alesi,55,304,1992,Adelaide Street Circuit,29,6,6,4
Thierry Boutsen,123,304,1992,Adelaide Street Circuit,29,27,22,5
Stefano Modena,131,304,1992,Adelaide Street Circuit,29,17,15,6
Mika Häkkinen,57,304,1992,Adelaide Street Circuit,29,32,10,7
Aguri Suzuki,88,304,1992,Adelaide Street Circuit,29,29,18,8
Christian Fittipaldi,104,304,1992,Adelaide Street Circuit,29,18,17,9
Gianni Morbidelli,81,304,1992,Adelaide Street Circuit,29,18,16,10
Nicola Larini,78,304,1992,Adelaide Street Circuit,29,6,19,11
Jan Lammers,136,304,1992,Adelaide Street Circuit,29,37,25,12
Johnny Herbert,65,304,1992,Adelaide Street Circuit,29,32,12,13
Ayrton Senna,102,305,1991,Phoenix street circuit,33,1,1,1
Alain Prost,117,305,1991,Phoenix street circuit,33,6,2,2
Nelson Piquet,137,305,1991,Phoenix street circuit,33,22,5,3
Stefano Modena,131,305,1991,Phoenix street circuit,33,25,11,4
Satoru Nakajima,138,305,1991,Phoenix street circuit,33,25,16,5
Aguri Suzuki,88,305,1991,Phoenix street circuit,33,33,21,6
Nicola Larini,78,305,1991,Phoenix street circuit,33,40,17,7
Gabriele Tarquini,99,305,1991,Phoenix street circuit,33,39,22,8
Pierluigi Martini,94,305,1991,Phoenix street circuit,33,18,15,9
Bertrand Gachot,92,305,1991,Phoenix street circuit,33,17,14,10
Martin Brundle,84,305,1991,Phoenix street circuit,33,34,12,11
Jean Alesi,55,305,1991,Phoenix street circuit,33,6,6,12
Mika Häkkinen,57,305,1991,Phoenix street circuit,33,32,13,13
Ayrton Senna,102,306,1991,Autódromo José Carlos Pace,18,1,1,1
Riccardo Patrese,119,306,1991,Autódromo José Carlos Pace,18,3,2,2
Gerhard Berger,77,306,1991,Autódromo José Carlos Pace,18,1,4,3
Alain Prost,117,306,1991,Autódromo José Carlos Pace,18,6,6,4
Nelson Piquet,137,306,1991,Autódromo José Carlos Pace,18,22,7,5
Jean Alesi,55,306,1991,Autódromo José Carlos Pace,18,6,5,6
Roberto Moreno,90,306,1991,Autódromo José Carlos Pace,18,22,14,7
Gianni Morbidelli,81,306,1991,Autódromo José Carlos Pace,18,18,21,8
Mika Häkkinen,57,306,1991,Autódromo José Carlos Pace,18,32,22,9
Thierry Boutsen,123,306,1991,Autódromo José Carlos Pace,18,27,18,10
Emanuele Pirro,139,306,1991,Autódromo José Carlos Pace,18,35,12,11
Martin Brundle,84,306,1991,Autódromo José Carlos Pace,18,34,26,12
Bertrand Gachot,92,306,1991,Autódromo José Carlos Pace,18,17,10,13
Ayrton Senna,102,307,1991,Autodromo Enzo e Dino Ferrari,21,1,1,1
Gerhard Berger,77,307,1991,Autodromo Enzo e Dino Ferrari,21,1,5,2
Jyrki Järvilehto,109,307,1991,Autodromo Enzo e Dino Ferrari,21,35,16,3
Pierluigi Martini,94,307,1991,Autodromo Enzo e Dino Ferrari,21,18,9,4
Mika Häkkinen,57,307,1991,Autodromo Enzo e Dino Ferrari,21,32,25,5
Julian Bailey,141,307,1991,Autodromo Enzo e Dino Ferrari,21,32,26,6
Thierry Boutsen,123,307,1991,Autodromo Enzo e Dino Ferrari,21,27,24,7
Mark Blundell,87,307,1991,Autodromo Enzo e Dino Ferrari,21,34,23,8
Eric van de Poele,128,307,1991,Autodromo Enzo e Dino Ferrari,21,40,21,9
Érik Comas,100,307,1991,Autodromo Enzo e Dino Ferrari,21,27,19,10
Martin Brundle,84,307,1991,Autodromo Enzo e Dino Ferrari,21,34,18,11
Maurício Gugelmin,127,307,1991,Autodromo Enzo e Dino Ferrari,21,41,15,12
Roberto Moreno,90,307,1991,Autodromo Enzo e Dino Ferrari,21,22,13,13
Ayrton Senna,102,308,1991,Circuit de Monaco,6,1,1,1
Nigel Mansell,95,308,1991,Circuit de Monaco,6,3,5,2
Jean Alesi,55,308,1991,Circuit de Monaco,6,6,9,3
Roberto Moreno,90,308,1991,Circuit de Monaco,6,22,8,4
Alain Prost,117,308,1991,Circuit de Monaco,6,6,7,5
Emanuele Pirro,139,308,1991,Circuit de Monaco,6,35,12,6
Thierry Boutsen,123,308,1991,Circuit de Monaco,6,27,16,7
Bertrand Gachot,92,308,1991,Circuit de Monaco,6,17,23,8
Éric Bernard,103,308,1991,Circuit de Monaco,6,26,13,9
Érik Comas,100,308,1991,Circuit de Monaco,6,27,26,10
Jyrki Järvilehto,109,308,1991,Circuit de Monaco,6,35,21,11
Pierluigi Martini,94,308,1991,Circuit de Monaco,6,18,14,12
Nelson Piquet,137,309,1991,Circuit Gilles Villeneuve,7,22,8,1
Stefano Modena,131,309,1991,Circuit Gilles Villeneuve,7,25,9,2
Riccardo Patrese,119,309,1991,Circuit Gilles Villeneuve,7,3,1,3
Andrea de Cesaris,110,309,1991,Circuit Gilles Villeneuve,7,17,11,4
Bertrand Gachot,92,309,1991,Circuit Gilles Villeneuve,7,17,14,5
Nigel Mansell,95,309,1991,Circuit Gilles Villeneuve,7,3,2,6
Pierluigi Martini,94,309,1991,Circuit Gilles Villeneuve,7,18,18,7
Érik Comas,100,309,1991,Circuit Gilles Villeneuve,7,27,26,8
Emanuele Pirro,139,309,1991,Circuit Gilles Villeneuve,7,35,10,9
Satoru Nakajima,138,309,1991,Circuit Gilles Villeneuve,7,25,12,10
Riccardo Patrese,119,310,1991,Autódromo Hermanos Rodríguez,32,3,1,1
Nigel Mansell,95,310,1991,Autódromo Hermanos Rodríguez,32,3,2,2
Ayrton Senna,102,310,1991,Autódromo Hermanos Rodríguez,32,1,3,3
Andrea de Cesaris,110,310,1991,Autódromo Hermanos Rodríguez,32,17,11,4
Roberto Moreno,90,310,1991,Autódromo Hermanos Rodríguez,32,22,9,5
Éric Bernard,103,310,1991,Autódromo Hermanos Rodríguez,32,26,23,6
Gianni Morbidelli,81,310,1991,Autódromo Hermanos Rodríguez,32,18,14,7
Thierry Boutsen,123,310,1991,Autódromo Hermanos Rodríguez,32,27,10,8
Mika Häkkinen,57,310,1991,Autódromo Hermanos Rodríguez,32,32,24,9
Johnny Herbert,65,310,1991,Autódromo Hermanos Rodríguez,32,32,25,10
Stefano Modena,131,310,1991,Autódromo Hermanos Rodríguez,32,25,8,11
Satoru Nakajima,138,310,1991,Autódromo Hermanos Rodríguez,32,25,13,12
Nigel Mansell,95,311,1991,Circuit de Nevers Magny-Cours,8,3,4,1
Alain Prost,117,311,1991,Circuit de Nevers Magny-Cours,8,6,2,2
Ayrton Senna,102,311,1991,Circuit de Nevers Magny-Cours,8,1,3,3
Jean Alesi,55,311,1991,Circuit de Nevers Magny-Cours,8,6,6,4
Riccardo Patrese,119,311,1991,Circuit de Nevers Magny-Cours,8,3,1,5
Andrea de Cesaris,110,311,1991,Circuit de Nevers Magny-Cours,8,17,13,6
Maurício Gugelmin,127,311,1991,Circuit de Nevers Magny-Cours,8,41,9,7
Nelson Piquet,137,311,1991,Circuit de Nevers Magny-Cours,8,22,7,8
Pierluigi Martini,94,311,1991,Circuit de Nevers Magny-Cours,8,18,12,9
Johnny Herbert,65,311,1991,Circuit de Nevers Magny-Cours,8,32,20,10
Érik Comas,100,311,1991,Circuit de Nevers Magny-Cours,8,27,14,11
Thierry Boutsen,123,311,1991,Circuit de Nevers Magny-Cours,8,27,16,12
Nigel Mansell,95,312,1991,Silverstone Circuit,9,3,1,1
Gerhard Berger,77,312,1991,Silverstone Circuit,9,1,4,2
Alain Prost,117,312,1991,Silverstone Circuit,9,6,5,3
Ayrton Senna,102,312,1991,Silverstone Circuit,9,1,2,4
Nelson Piquet,137,312,1991,Silverstone Circuit,9,22,8,5
Bertrand Gachot,92,312,1991,Silverstone Circuit,9,17,17,6
Stefano Modena,131,312,1991,Silverstone Circuit,9,25,10,7
Satoru Nakajima,138,312,1991,Silverstone Circuit,9,25,15,8
Pierluigi Martini,94,312,1991,Silverstone Circuit,9,18,23,9
Emanuele Pirro,139,312,1991,Silverstone Circuit,9,35,18,10
Gianni Morbidelli,81,312,1991,Silverstone Circuit,9,18,20,11
Mika Häkkinen,57,312,1991,Silverstone Circuit,9,32,25,12
Jyrki Järvilehto,109,312,1991,Silverstone Circuit,9,35,11,13
Johnny Herbert,65,312,1991,Silverstone Circuit,9,32,24,14
Nigel Mansell,95,313,1991,Hockenheimring,10,3,1,1
Riccardo Patrese,119,313,1991,Hockenheimring,10,3,4,2
Jean Alesi,55,313,1991,Hockenheimring,10,6,6,3
Gerhard Berger,77,313,1991,Hockenheimring,10,1,3,4
Andrea de Cesaris,110,313,1991,Hockenheimring,10,17,7,5
Bertrand Gachot,92,313,1991,Hockenheimring,10,17,11,6
Ayrton Senna,102,313,1991,Hockenheimring,10,1,2,7
Roberto Moreno,90,313,1991,Hockenheimring,10,22,9,8
Thierry Boutsen,123,313,1991,Hockenheimring,10,27,17,9
Emanuele Pirro,139,313,1991,Hockenheimring,10,35,18,10
Martin Brundle,84,313,1991,Hockenheimring,10,34,15,11
Mark Blundell,87,313,1991,Hockenheimring,10,34,21,12
Stefano Modena,131,313,1991,Hockenheimring,10,25,14,13
Ayrton Senna,102,314,1991,Hungaroring,11,1,1,1
Nigel Mansell,95,314,1991,Hungaroring,11,3,3,2
Riccardo Patrese,119,314,1991,Hungaroring,11,3,2,3
Gerhard Berger,77,314,1991,Hungaroring,11,1,5,4
Jean Alesi,55,314,1991,Hungaroring,11,6,6,5
Ivan Capelli,122,314,1991,Hungaroring,11,41,9,6
Andrea de Cesaris,110,314,1991,Hungaroring,11,17,17,7
Roberto Moreno,90,314,1991,Hungaroring,11,22,15,8
Bertrand Gachot,92,314,1991,Hungaroring,11,17,16,9
Érik Comas,100,314,1991,Hungaroring,11,27,25,10
Maurício Gugelmin,127,314,1991,Hungaroring,11,41,13,11
Stefano Modena,131,314,1991,Hungaroring,11,25,8,12
Gianni Morbidelli,81,314,1991,Hungaroring,11,18,23,13
Mika Häkkinen,57,314,1991,Hungaroring,11,32,26,14
Satoru Nakajima,138,314,1991,Hungaroring,11,25,14,15
Nicola Larini,78,314,1991,Hungaroring,11,40,24,16
Thierry Boutsen,123,314,1991,Hungaroring,11,27,19,17
Ayrton Senna,102,315,1991,Circuit de Spa-Francorchamps,13,1,1,1
Gerhard Berger,77,315,1991,Circuit de Spa-Francorchamps,13,1,4,2
Nelson Piquet,137,315,1991,Circuit de Spa-Francorchamps,13,22,6,3
Roberto Moreno,90,315,1991,Circuit de Spa-Francorchamps,13,22,8,4
Riccardo Patrese,119,315,1991,Circuit de Spa-Francorchamps,13,3,17,5
Mark Blundell,87,315,1991,Circuit de Spa-Francorchamps,13,34,13,6
Johnny Herbert,65,315,1991,Circuit de Spa-Francorchamps,13,32,21,7
Emanuele Pirro,139,315,1991,Circuit de Spa-Francorchamps,13,35,25,8
Martin Brundle,84,315,1991,Circuit de Spa-Francorchamps,13,34,16,9
Olivier Grouillard,129,315,1991,Circuit de Spa-Francorchamps,13,36,23,10
Thierry Boutsen,123,315,1991,Circuit de Spa-Francorchamps,13,27,18,11
Pierluigi Martini,94,315,1991,Circuit de Spa-Francorchamps,13,18,9,12
Andrea de Cesaris,110,315,1991,Circuit de Spa-Francorchamps,13,17,11,13
Nigel Mansell,95,316,1991,Autodromo Nazionale di Monza,14,3,2,1
Ayrton Senna,102,316,1991,Autodromo Nazionale di Monza,14,1,1,2
Alain Prost,117,316,1991,Autodromo Nazionale di Monza,14,6,5,3
Gerhard Berger,77,316,1991,Autodromo Nazionale di Monza,14,1,3,4
Michael Schumacher,30,316,1991,Autodromo Nazionale di Monza,14,22,7,5
Nelson Piquet,137,316,1991,Autodromo Nazionale di Monza,14,22,8,6
Andrea de Cesaris,110,316,1991,Autodromo Nazionale di Monza,14,17,14,7
Ivan Capelli,122,316,1991,Autodromo Nazionale di Monza,14,41,12,8
Gianni Morbidelli,81,316,1991,Autodromo Nazionale di Monza,14,18,17,9
Emanuele Pirro,139,316,1991,Autodromo Nazionale di Monza,14,35,16,10
Érik Comas,100,316,1991,Autodromo Nazionale di Monza,14,27,22,11
Mark Blundell,87,316,1991,Autodromo Nazionale di Monza,14,34,11,12
Martin Brundle,84,316,1991,Autodromo Nazionale di Monza,14,34,19,13
Mika Häkkinen,57,316,1991,Autodromo Nazionale di Monza,14,32,25,14
Maurício Gugelmin,127,316,1991,Autodromo Nazionale di Monza,14,41,18,15
Nicola Larini,78,316,1991,Autodromo Nazionale di Monza,14,40,23,16
Riccardo Patrese,119,317,1991,Autódromo do Estoril,27,3,1,1
Ayrton Senna,102,317,1991,Autódromo do Estoril,27,1,3,2
Jean Alesi,55,317,1991,Autódromo do Estoril,27,6,6,3
Pierluigi Martini,94,317,1991,Autódromo do Estoril,27,18,8,4
Nelson Piquet,137,317,1991,Autódromo do Estoril,27,22,11,5
Michael Schumacher,30,317,1991,Autódromo do Estoril,27,22,10,6
Maurício Gugelmin,127,317,1991,Autódromo do Estoril,27,41,7,7
Andrea de Cesaris,110,317,1991,Autódromo do Estoril,27,17,14,8
Gianni Morbidelli,81,317,1991,Autódromo do Estoril,27,18,13,9
Roberto Moreno,90,317,1991,Autódromo do Estoril,27,17,21,10
Érik Comas,100,317,1991,Autódromo do Estoril,27,27,23,11
Martin Brundle,84,317,1991,Autódromo do Estoril,27,34,19,12
Satoru Nakajima,138,317,1991,Autódromo do Estoril,27,25,17,13
Mika Häkkinen,57,317,1991,Autódromo do Estoril,27,32,24,14
Michele Alboreto,105,317,1991,Autódromo do Estoril,27,29,22,15
Thierry Boutsen,123,317,1991,Autódromo do Estoril,27,27,20,16
Ivan Capelli,122,317,1991,Autódromo do Estoril,27,41,9,17
Nigel Mansell,95,318,1991,Circuit de Barcelona-Catalunya,4,3,2,1
Alain Prost,117,318,1991,Circuit de Barcelona-Catalunya,4,6,6,2
Riccardo Patrese,119,318,1991,Circuit de Barcelona-Catalunya,4,3,4,3
Jean Alesi,55,318,1991,Circuit de Barcelona-Catalunya,4,6,7,4
Ayrton Senna,102,318,1991,Circuit de Barcelona-Catalunya,4,1,3,5
Michael Schumacher,30,318,1991,Circuit de Barcelona-Catalunya,4,22,5,6
Maurício Gugelmin,127,318,1991,Circuit de Barcelona-Catalunya,4,41,13,7
Jyrki Järvilehto,109,318,1991,Circuit de Barcelona-Catalunya,4,35,15,8
Alessandro Zanardi,70,318,1991,Circuit de Barcelona-Catalunya,4,17,20,9
Martin Brundle,84,318,1991,Circuit de Barcelona-Catalunya,4,34,11,10
Nelson Piquet,137,318,1991,Circuit de Barcelona-Catalunya,4,22,10,11
Gabriele Tarquini,99,318,1991,Circuit de Barcelona-Catalunya,4,36,22,12
Pierluigi Martini,94,318,1991,Circuit de Barcelona-Catalunya,4,18,19,13
Gianni Morbidelli,81,318,1991,Circuit de Barcelona-Catalunya,4,18,16,14
Emanuele Pirro,139,318,1991,Circuit de Barcelona-Catalunya,4,35,9,15
Stefano Modena,131,318,1991,Circuit de Barcelona-Catalunya,4,25,14,16
Satoru Nakajima,138,318,1991,Circuit de Barcelona-Catalunya,4,25,18,17
Gerhard Berger,77,319,1991,Suzuka Circuit,22,1,1,1
Ayrton Senna,102,319,1991,Suzuka Circuit,22,1,2,2
Riccardo Patrese,119,319,1991,Suzuka Circuit,22,3,5,3
Alain Prost,117,319,1991,Suzuka Circuit,22,6,4,4
Martin Brundle,84,319,1991,Suzuka Circuit,22,34,19,5
Stefano Modena,131,319,1991,Suzuka Circuit,22,25,14,6
Nelson Piquet,137,319,1991,Suzuka Circuit,22,22,10,7
Maurício Gugelmin,127,319,1991,Suzuka Circuit,22,41,18,8
Thierry Boutsen,123,319,1991,Suzuka Circuit,22,27,17,9
Alex Caffi,133,319,1991,Suzuka Circuit,22,29,26,10
Gabriele Tarquini,99,319,1991,Suzuka Circuit,22,36,24,11
Ayrton Senna,102,320,1991,Adelaide Street Circuit,29,1,1,1
Nigel Mansell,95,320,1991,Adelaide Street Circuit,29,3,3,2
Gerhard Berger,77,320,1991,Adelaide Street Circuit,29,1,2,3
Nelson Piquet,137,320,1991,Adelaide Street Circuit,29,22,5,4
Riccardo Patrese,119,320,1991,Adelaide Street Circuit,29,3,4,5
Gianni Morbidelli,81,320,1991,Adelaide Street Circuit,29,6,8,6
Emanuele Pirro,139,320,1991,Adelaide Street Circuit,29,35,13,7
Andrea de Cesaris,110,320,1991,Adelaide Street Circuit,29,17,12,8
Alessandro Zanardi,70,320,1991,Adelaide Street Circuit,29,17,16,9
Stefano Modena,131,320,1991,Adelaide Street Circuit,29,25,9,10
Johnny Herbert,65,320,1991,Adelaide Street Circuit,29,32,21,11
Jyrki Järvilehto,109,320,1991,Adelaide Street Circuit,29,35,11,12
Michele Alboreto,105,320,1991,Adelaide Street Circuit,29,29,15,13
Maurício Gugelmin,127,320,1991,Adelaide Street Circuit,29,41,14,14
Alex Caffi,133,320,1991,Adelaide Street Circuit,29,29,23,15
Roberto Moreno,90,320,1991,Adelaide Street Circuit,29,18,18,16
Mark Blundell,87,320,1991,Adelaide Street Circuit,29,34,17,17
Érik Comas,100,320,1991,Adelaide Street Circuit,29,27,22,18
Mika Häkkinen,57,320,1991,Adelaide Street Circuit,29,32,25,19
Karl Wendlinger,91,320,1991,Adelaide Street Circuit,29,41,26,20
Ayrton Senna,102,321,1990,Phoenix street circuit,33,1,5,1
Jean Alesi,55,321,1990,Phoenix street circuit,33,25,4,2
Thierry Boutsen,123,321,1990,Phoenix street circuit,33,3,9,3
Nelson Piquet,137,321,1990,Phoenix street circuit,33,22,6,4
Stefano Modena,131,321,1990,Phoenix street circuit,33,34,10,5
Satoru Nakajima,138,321,1990,Phoenix street circuit,33,25,11,6
Pierluigi Martini,94,321,1990,Phoenix street circuit,33,18,2,7
Éric Bernard,103,321,1990,Phoenix street circuit,33,33,15,8
Riccardo Patrese,119,321,1990,Phoenix street circuit,33,3,12,9
Michele Alboreto,105,321,1990,Phoenix street circuit,33,21,21,10
Alessandro Nannini,145,321,1990,Phoenix street circuit,33,22,22,11
Bernd Schneider,146,321,1990,Phoenix street circuit,33,21,20,12
Roberto Moreno,90,321,1990,Phoenix street circuit,33,43,16,13
Maurício Gugelmin,127,321,1990,Phoenix street circuit,33,41,25,14
Alain Prost,117,322,1990,Autódromo José Carlos Pace,18,6,6,1
Gerhard Berger,77,322,1990,Autódromo José Carlos Pace,18,1,2,2
Ayrton Senna,102,322,1990,Autódromo José Carlos Pace,18,1,1,3
Nigel Mansell,95,322,1990,Autódromo José Carlos Pace,18,6,5,4
Thierry Boutsen,123,322,1990,Autódromo José Carlos Pace,18,3,3,5
Nelson Piquet,137,322,1990,Autódromo José Carlos Pace,18,22,13,6
Jean Alesi,55,322,1990,Autódromo José Carlos Pace,18,25,7,7
Satoru Nakajima,138,322,1990,Autódromo José Carlos Pace,18,25,19,8
Pierluigi Martini,94,322,1990,Autódromo José Carlos Pace,18,18,8,9
Alessandro Nannini,145,322,1990,Autódromo José Carlos Pace,18,22,15,10
Nicola Larini,78,322,1990,Autódromo José Carlos Pace,18,27,20,11
Philippe Alliot,112,322,1990,Autódromo José Carlos Pace,18,27,10,12
Riccardo Patrese,119,322,1990,Autódromo José Carlos Pace,18,3,4,13
Gianni Morbidelli,81,322,1990,Autódromo José Carlos Pace,18,35,16,14
Riccardo Patrese,119,323,1990,Autodromo Enzo e Dino Ferrari,21,3,3,1
Gerhard Berger,77,323,1990,Autodromo Enzo e Dino Ferrari,21,1,2,2
Alessandro Nannini,145,323,1990,Autodromo Enzo e Dino Ferrari,21,22,9,3
Alain Prost,117,323,1990,Autodromo Enzo e Dino Ferrari,21,6,6,4
Nelson Piquet,137,323,1990,Autodromo Enzo e Dino Ferrari,21,22,8,5
Jean Alesi,55,323,1990,Autodromo Enzo e Dino Ferrari,21,25,7,6
Derek Warwick,118,323,1990,Autodromo Enzo e Dino Ferrari,21,32,10,7
Martin Donnelly,151,323,1990,Autodromo Enzo e Dino Ferrari,21,32,11,8
Philippe Alliot,112,323,1990,Autodromo Enzo e Dino Ferrari,21,27,16,9
Nicola Larini,78,323,1990,Autodromo Enzo e Dino Ferrari,21,27,20,10
Paolo Barilla,147,323,1990,Autodromo Enzo e Dino Ferrari,21,18,26,11
Jyrki Järvilehto,109,323,1990,Autodromo Enzo e Dino Ferrari,21,45,25,12
Éric Bernard,103,323,1990,Autodromo Enzo e Dino Ferrari,21,33,13,13
Ayrton Senna,102,324,1990,Circuit de Monaco,6,1,1,1
Jean Alesi,55,324,1990,Circuit de Monaco,6,25,3,2
Gerhard Berger,77,324,1990,Circuit de Monaco,6,1,5,3
Thierry Boutsen,123,324,1990,Circuit de Monaco,6,3,6,4
Alex Caffi,133,324,1990,Circuit de Monaco,6,21,22,5
Éric Bernard,103,324,1990,Circuit de Monaco,6,33,24,6
Gregor Foitek,148,324,1990,Circuit de Monaco,6,45,20,7
Ayrton Senna,102,325,1990,Circuit Gilles Villeneuve,7,1,1,1
Nelson Piquet,137,325,1990,Circuit Gilles Villeneuve,7,22,5,2
Nigel Mansell,95,325,1990,Circuit Gilles Villeneuve,7,6,7,3
Gerhard Berger,77,325,1990,Circuit Gilles Villeneuve,7,1,2,4
Alain Prost,117,325,1990,Circuit Gilles Villeneuve,7,6,3,5
Derek Warwick,118,325,1990,Circuit Gilles Villeneuve,7,32,11,6
Stefano Modena,131,325,1990,Circuit Gilles Villeneuve,7,34,10,7
Alex Caffi,133,325,1990,Circuit Gilles Villeneuve,7,21,26,8
Éric Bernard,103,325,1990,Circuit Gilles Villeneuve,7,33,23,9
Ivan Capelli,122,325,1990,Circuit Gilles Villeneuve,7,41,24,10
Satoru Nakajima,138,325,1990,Circuit Gilles Villeneuve,7,25,13,11
Aguri Suzuki,88,325,1990,Circuit Gilles Villeneuve,7,33,18,12
Olivier Grouillard,129,325,1990,Circuit Gilles Villeneuve,7,44,15,13
Alain Prost,117,326,1990,Autódromo Hermanos Rodríguez,32,6,13,1
Nigel Mansell,95,326,1990,Autódromo Hermanos Rodríguez,32,6,4,2
Gerhard Berger,77,326,1990,Autódromo Hermanos Rodríguez,32,1,1,3
Alessandro Nannini,145,326,1990,Autódromo Hermanos Rodríguez,32,22,14,4
Thierry Boutsen,123,326,1990,Autódromo Hermanos Rodríguez,32,3,5,5
Nelson Piquet,137,326,1990,Autódromo Hermanos Rodríguez,32,22,8,6
Jean Alesi,55,326,1990,Autódromo Hermanos Rodríguez,32,25,6,7
Martin Donnelly,151,326,1990,Autódromo Hermanos Rodríguez,32,32,12,8
Riccardo Patrese,119,326,1990,Autódromo Hermanos Rodríguez,32,3,2,9
Derek Warwick,118,326,1990,Autódromo Hermanos Rodríguez,32,32,11,10
Stefano Modena,131,326,1990,Autódromo Hermanos Rodríguez,32,34,10,11
Pierluigi Martini,94,326,1990,Autódromo Hermanos Rodríguez,32,18,7,12
Andrea de Cesaris,110,326,1990,Autódromo Hermanos Rodríguez,32,35,15,13
Paolo Barilla,147,326,1990,Autódromo Hermanos Rodríguez,32,18,16,14
Gregor Foitek,148,326,1990,Autódromo Hermanos Rodríguez,32,45,23,15
Nicola Larini,78,326,1990,Autódromo Hermanos Rodríguez,32,27,24,16
Michele Alboreto,105,326,1990,Autódromo Hermanos Rodríguez,32,21,17,17
Philippe Alliot,112,326,1990,Autódromo Hermanos Rodríguez,32,27,22,18
Olivier Grouillard,129,326,1990,Autódromo Hermanos Rodríguez,32,44,20,19
Ayrton Senna,102,326,1990,Autódromo Hermanos Rodríguez,32,1,3,20
Alain Prost,117,327,1990,Circuit Paul Ricard,34,6,4,1
Ivan Capelli,122,327,1990,Circuit Paul Ricard,34,41,7,2
Ayrton Senna,102,327,1990,Circuit Paul Ricard,34,1,3,3
Nelson Piquet,137,327,1990,Circuit Paul Ricard,34,22,9,4
Gerhard Berger,77,327,1990,Circuit Paul Ricard,34,1,2,5
Riccardo Patrese,119,327,1990,Circuit Paul Ricard,34,3,6,6
Aguri Suzuki,88,327,1990,Circuit Paul Ricard,34,33,14,7
Éric Bernard,103,327,1990,Circuit Paul Ricard,34,33,11,8
Philippe Alliot,112,327,1990,Circuit Paul Ricard,34,27,12,9
Michele Alboreto,105,327,1990,Circuit Paul Ricard,34,21,18,10
Derek Warwick,118,327,1990,Circuit Paul Ricard,34,32,16,11
Martin Donnelly,151,327,1990,Circuit Paul Ricard,34,32,17,12
Stefano Modena,131,327,1990,Circuit Paul Ricard,34,34,20,13
Nicola Larini,78,327,1990,Circuit Paul Ricard,34,27,19,14
David Brabham,101,327,1990,Circuit Paul Ricard,34,34,25,15
Alessandro Nannini,145,327,1990,Circuit Paul Ricard,34,22,5,16
Yannick Dalmas,114,327,1990,Circuit Paul Ricard,34,39,26,17
Nigel Mansell,95,327,1990,Circuit Paul Ricard,34,6,1,18
Alain Prost,117,328,1990,Silverstone Circuit,9,6,5,1
Thierry Boutsen,123,328,1990,Silverstone Circuit,9,3,4,2
Ayrton Senna,102,328,1990,Silverstone Circuit,9,1,2,3
Éric Bernard,103,328,1990,Silverstone Circuit,9,33,8,4
Nelson Piquet,137,328,1990,Silverstone Circuit,9,22,11,5
Aguri Suzuki,88,328,1990,Silverstone Circuit,9,33,9,6
Alex Caffi,133,328,1990,Silverstone Circuit,9,21,17,7
Jean Alesi,55,328,1990,Silverstone Circuit,9,25,6,8
Stefano Modena,131,328,1990,Silverstone Circuit,9,34,20,9
Nicola Larini,78,328,1990,Silverstone Circuit,9,27,21,10
Emanuele Pirro,139,328,1990,Silverstone Circuit,9,35,19,11
Paolo Barilla,147,328,1990,Silverstone Circuit,9,18,24,12
Philippe Alliot,112,328,1990,Silverstone Circuit,9,27,22,13
Gerhard Berger,77,328,1990,Silverstone Circuit,9,1,3,14
Ayrton Senna,102,329,1990,Hockenheimring,10,1,1,1
Alessandro Nannini,145,329,1990,Hockenheimring,10,22,9,2
Gerhard Berger,77,329,1990,Hockenheimring,10,1,2,3
Alain Prost,117,329,1990,Hockenheimring,10,6,3,4
Riccardo Patrese,119,329,1990,Hockenheimring,10,3,5,5
Thierry Boutsen,123,329,1990,Hockenheimring,10,3,6,6
Ivan Capelli,122,329,1990,Hockenheimring,10,41,10,7
Derek Warwick,118,329,1990,Hockenheimring,10,32,16,8
Alex Caffi,133,329,1990,Hockenheimring,10,21,18,9
Nicola Larini,78,329,1990,Hockenheimring,10,27,22,10
Jean Alesi,55,329,1990,Hockenheimring,10,25,8,11
Thierry Boutsen,123,330,1990,Hungaroring,11,3,1,1
Ayrton Senna,102,330,1990,Hungaroring,11,1,4,2
Nelson Piquet,137,330,1990,Hungaroring,11,22,9,3
Riccardo Patrese,119,330,1990,Hungaroring,11,3,2,4
Derek Warwick,118,330,1990,Hungaroring,11,32,11,5
Éric Bernard,103,330,1990,Hungaroring,11,33,12,6
Martin Donnelly,151,330,1990,Hungaroring,11,32,18,7
Maurício Gugelmin,127,330,1990,Hungaroring,11,41,17,8
Alex Caffi,133,330,1990,Hungaroring,11,21,26,9
Emanuele Pirro,139,330,1990,Hungaroring,11,35,13,10
Nicola Larini,78,330,1990,Hungaroring,11,27,25,11
Michele Alboreto,105,330,1990,Hungaroring,11,21,22,12
Gabriele Tarquini,99,330,1990,Hungaroring,11,39,24,13
Philippe Alliot,112,330,1990,Hungaroring,11,27,21,14
Paolo Barilla,147,330,1990,Hungaroring,11,18,23,15
Gerhard Berger,77,330,1990,Hungaroring,11,1,3,16
Nigel Mansell,95,330,1990,Hungaroring,11,6,5,17
Ayrton Senna,102,331,1990,Circuit de Spa-Francorchamps,13,1,1,1
Alain Prost,117,331,1990,Circuit de Spa-Francorchamps,13,6,3,2
Gerhard Berger,77,331,1990,Circuit de Spa-Francorchamps,13,1,2,3
Alessandro Nannini,145,331,1990,Circuit de Spa-Francorchamps,13,22,6,4
Nelson Piquet,137,331,1990,Circuit de Spa-Francorchamps,13,22,8,5
Maurício Gugelmin,127,331,1990,Circuit de Spa-Francorchamps,13,41,14,6
Ivan Capelli,122,331,1990,Circuit de Spa-Francorchamps,13,41,12,7
Jean Alesi,55,331,1990,Circuit de Spa-Francorchamps,13,25,9,8
Éric Bernard,103,331,1990,Circuit de Spa-Francorchamps,13,33,15,9
Alex Caffi,133,331,1990,Circuit de Spa-Francorchamps,13,21,19,10
Derek Warwick,118,331,1990,Circuit de Spa-Francorchamps,13,32,18,11
Martin Donnelly,151,331,1990,Circuit de Spa-Francorchamps,13,32,22,12
Michele Alboreto,105,331,1990,Circuit de Spa-Francorchamps,13,21,26,13
Nicola Larini,78,331,1990,Circuit de Spa-Francorchamps,13,27,21,14
Pierluigi Martini,94,331,1990,Circuit de Spa-Francorchamps,13,18,16,15
Olivier Grouillard,129,331,1990,Circuit de Spa-Francorchamps,13,44,23,16
Stefano Modena,131,331,1990,Circuit de Spa-Francorchamps,13,34,13,17
Ayrton Senna,102,332,1990,Autodromo Nazionale di Monza,14,1,1,1
Alain Prost,117,332,1990,Autodromo Nazionale di Monza,14,6,2,2
Gerhard Berger,77,332,1990,Autodromo Nazionale di Monza,14,1,3,3
Nigel Mansell,95,332,1990,Autodromo Nazionale di Monza,14,6,4,4
Riccardo Patrese,119,332,1990,Autodromo Nazionale di Monza,14,3,7,5
Satoru Nakajima,138,332,1990,Autodromo Nazionale di Monza,14,25,14,6
Nelson Piquet,137,332,1990,Autodromo Nazionale di Monza,14,22,9,7
Alessandro Nannini,145,332,1990,Autodromo Nazionale di Monza,14,22,8,8
Alex Caffi,133,332,1990,Autodromo Nazionale di Monza,14,21,21,9
Andrea de Cesaris,110,332,1990,Autodromo Nazionale di Monza,14,35,25,10
Nicola Larini,78,332,1990,Autodromo Nazionale di Monza,14,27,26,11
Michele Alboreto,105,332,1990,Autodromo Nazionale di Monza,14,21,22,12
Philippe Alliot,112,332,1990,Autodromo Nazionale di Monza,14,27,20,13
Nigel Mansell,95,333,1990,Autódromo do Estoril,27,6,1,1
Ayrton Senna,102,333,1990,Autódromo do Estoril,27,1,3,2
Alain Prost,117,333,1990,Autódromo do Estoril,27,6,2,3
Gerhard Berger,77,333,1990,Autódromo do Estoril,27,1,4,4
Nelson Piquet,137,333,1990,Autódromo do Estoril,27,22,6,5
Alessandro Nannini,145,333,1990,Autódromo do Estoril,27,22,9,6
Riccardo Patrese,119,333,1990,Autódromo do Estoril,27,3,5,7
Jean Alesi,55,333,1990,Autódromo do Estoril,27,25,8,8
Michele Alboreto,105,333,1990,Autódromo do Estoril,27,21,19,9
Nicola Larini,78,333,1990,Autódromo do Estoril,27,27,22,10
Pierluigi Martini,94,333,1990,Autódromo do Estoril,27,18,16,11
Maurício Gugelmin,127,333,1990,Autódromo do Estoril,27,41,14,12
Alex Caffi,133,333,1990,Autódromo do Estoril,27,21,17,13
Aguri Suzuki,88,333,1990,Autódromo do Estoril,27,33,11,14
Emanuele Pirro,139,333,1990,Autódromo do Estoril,27,35,13,15
Alain Prost,117,334,1990,Circuito de Jerez,26,6,2,1
Nigel Mansell,95,334,1990,Circuito de Jerez,26,6,3,2
Alessandro Nannini,145,334,1990,Circuito de Jerez,26,22,9,3
Thierry Boutsen,123,334,1990,Circuito de Jerez,26,3,7,4
Riccardo Patrese,119,334,1990,Circuito de Jerez,26,3,6,5
Aguri Suzuki,88,334,1990,Circuito de Jerez,26,33,15,6
Nicola Larini,78,334,1990,Circuito de Jerez,26,27,20,7
Maurício Gugelmin,127,334,1990,Circuito de Jerez,26,41,12,8
Yannick Dalmas,114,334,1990,Circuito de Jerez,26,39,23,9
Michele Alboreto,105,334,1990,Circuito de Jerez,26,21,25,10
Nelson Piquet,137,335,1990,Suzuka Circuit,22,22,6,1
Roberto Moreno,90,335,1990,Suzuka Circuit,22,22,8,2
Aguri Suzuki,88,335,1990,Suzuka Circuit,22,33,9,3
Riccardo Patrese,119,335,1990,Suzuka Circuit,22,3,7,4
Thierry Boutsen,123,335,1990,Suzuka Circuit,22,3,5,5
Satoru Nakajima,138,335,1990,Suzuka Circuit,22,25,14,6
Nicola Larini,78,335,1990,Suzuka Circuit,22,27,17,7
Pierluigi Martini,94,335,1990,Suzuka Circuit,22,18,10,8
Alex Caffi,133,335,1990,Suzuka Circuit,22,21,23,9
Philippe Alliot,112,335,1990,Suzuka Circuit,22,27,25,10
Nelson Piquet,137,336,1990,Adelaide Street Circuit,29,22,7,1
Nigel Mansell,95,336,1990,Adelaide Street Circuit,29,6,3,2
Alain Prost,117,336,1990,Adelaide Street Circuit,29,6,4,3
Gerhard Berger,77,336,1990,Adelaide Street Circuit,29,1,2,4
Thierry Boutsen,123,336,1990,Adelaide Street Circuit,29,3,9,5
Riccardo Patrese,119,336,1990,Adelaide Street Circuit,29,3,6,6
Roberto Moreno,90,336,1990,Adelaide Street Circuit,29,22,8,7
Jean Alesi,55,336,1990,Adelaide Street Circuit,29,25,5,8
Pierluigi Martini,94,336,1990,Adelaide Street Circuit,29,18,10,9
Nicola Larini,78,336,1990,Adelaide Street Circuit,29,27,12,10
Philippe Alliot,112,336,1990,Adelaide Street Circuit,29,27,19,11
Stefano Modena,131,336,1990,Adelaide Street Circuit,29,34,17,12
Olivier Grouillard,129,336,1990,Adelaide Street Circuit,29,44,22,13
Jenson Button,18,1,2009,Albert Park Grand Prix Circuit,1,23,1,1
Rubens Barrichello,22,1,2009,Albert Park Grand Prix Circuit,1,23,2,2
Jarno Trulli,15,1,2009,Albert Park Grand Prix Circuit,1,7,20,3
Timo Glock,10,1,2009,Albert Park Grand Prix Circuit,1,7,19,4
Fernando Alonso,4,1,2009,Albert Park Grand Prix Circuit,1,4,10,5
Nico Rosberg,3,1,2009,Albert Park Grand Prix Circuit,1,3,5,6
Sébastien Buemi,67,1,2009,Albert Park Grand Prix Circuit,1,5,13,7
Sébastien Bourdais,7,1,2009,Albert Park Grand Prix Circuit,1,5,17,8
Adrian Sutil,16,1,2009,Albert Park Grand Prix Circuit,1,10,16,9
Nick Heidfeld,2,1,2009,Albert Park Grand Prix Circuit,1,2,9,10
Giancarlo Fisichella,21,1,2009,Albert Park Grand Prix Circuit,1,10,15,11
Mark Webber,17,1,2009,Albert Park Grand Prix Circuit,1,9,8,12
Sebastian Vettel,20,1,2009,Albert Park Grand Prix Circuit,1,9,3,13
Robert Kubica,9,1,2009,Albert Park Grand Prix Circuit,1,2,4,14
Kimi Räikkönen,8,1,2009,Albert Park Grand Prix Circuit,1,6,7,15
Jenson Button,18,2,2009,Sepang International Circuit,2,23,1,1
Nick Heidfeld,2,2,2009,Sepang International Circuit,2,2,10,2
Timo Glock,10,2,2009,Sepang International Circuit,2,7,3,3
Jarno Trulli,15,2,2009,Sepang International Circuit,2,7,2,4
Rubens Barrichello,22,2,2009,Sepang International Circuit,2,23,8,5
Mark Webber,17,2,2009,Sepang International Circuit,2,9,5,6
Lewis Hamilton,1,2,2009,Sepang International Circuit,2,1,12,7
Nico Rosberg,3,2,2009,Sepang International Circuit,2,3,4,8
Felipe Massa,13,2,2009,Sepang International Circuit,2,6,16,9
Sébastien Bourdais,7,2,2009,Sepang International Circuit,2,5,15,10
Fernando Alonso,4,2,2009,Sepang International Circuit,2,4,9,11
Kazuki Nakajima,6,2,2009,Sepang International Circuit,2,3,11,12
Nelson Piquet Jr.,12,2,2009,Sepang International Circuit,2,4,17,13
Kimi Räikkönen,8,2,2009,Sepang International Circuit,2,6,7,14
Sebastian Vettel,20,2,2009,Sepang International Circuit,2,9,13,15
Sébastien Buemi,67,2,2009,Sepang International Circuit,2,5,20,16
Adrian Sutil,16,2,2009,Sepang International Circuit,2,10,19,17
Giancarlo Fisichella,21,2,2009,Sepang International Circuit,2,10,18,18
Sebastian Vettel,20,3,2009,Shanghai International Circuit,17,9,1,1
Mark Webber,17,3,2009,Shanghai International Circuit,17,9,3,2
Jenson Button,18,3,2009,Shanghai International Circuit,17,23,5,3
Rubens Barrichello,22,3,2009,Shanghai International Circuit,17,23,4,4
Heikki Kovalainen,5,3,2009,Shanghai International Circuit,17,1,12,5
Lewis Hamilton,1,3,2009,Shanghai International Circuit,17,1,9,6
Timo Glock,10,3,2009,Shanghai International Circuit,17,7,19,7
Sébastien Buemi,67,3,2009,Shanghai International Circuit,17,5,10,8
Fernando Alonso,4,3,2009,Shanghai International Circuit,17,4,2,9
Kimi Räikkönen,8,3,2009,Shanghai International Circuit,17,6,8,10
Sébastien Bourdais,7,3,2009,Shanghai International Circuit,17,5,15,11
Nick Heidfeld,2,3,2009,Shanghai International Circuit,17,2,11,12
Robert Kubica,9,3,2009,Shanghai International Circuit,17,2,17,13
Giancarlo Fisichella,21,3,2009,Shanghai International Circuit,17,10,20,14
Nico Rosberg,3,3,2009,Shanghai International Circuit,17,3,7,15
Nelson Piquet Jr.,12,3,2009,Shanghai International Circuit,17,4,16,16
Adrian Sutil,16,3,2009,Shanghai International Circuit,17,10,18,17
Jenson Button,18,4,2009,Bahrain International Circuit,3,23,4,1
Sebastian Vettel,20,4,2009,Bahrain International Circuit,3,9,3,2
Jarno Trulli,15,4,2009,Bahrain International Circuit,3,7,1,3
Lewis Hamilton,1,4,2009,Bahrain International Circuit,3,1,5,4
Rubens Barrichello,22,4,2009,Bahrain International Circuit,3,23,6,5
Kimi Räikkönen,8,4,2009,Bahrain International Circuit,3,6,10,6
Timo Glock,10,4,2009,Bahrain International Circuit,3,7,2,7
Fernando Alonso,4,4,2009,Bahrain International Circuit,3,4,7,8
Nico Rosberg,3,4,2009,Bahrain International Circuit,3,3,9,9
Nelson Piquet Jr.,12,4,2009,Bahrain International Circuit,3,4,15,10
Mark Webber,17,4,2009,Bahrain International Circuit,3,9,18,11
Heikki Kovalainen,5,4,2009,Bahrain International Circuit,3,1,11,12
Sébastien Bourdais,7,4,2009,Bahrain International Circuit,3,5,20,13
Felipe Massa,13,4,2009,Bahrain International Circuit,3,6,8,14
Giancarlo Fisichella,21,4,2009,Bahrain International Circuit,3,10,17,15
Adrian Sutil,16,4,2009,Bahrain International Circuit,3,10,19,16
Sébastien Buemi,67,4,2009,Bahrain International Circuit,3,5,16,17
Robert Kubica,9,4,2009,Bahrain International Circuit,3,2,13,18
Nick Heidfeld,2,4,2009,Bahrain International Circuit,3,2,14,19
Jenson Button,18,5,2009,Circuit de Barcelona-Catalunya,4,23,1,1
Rubens Barrichello,22,5,2009,Circuit de Barcelona-Catalunya,4,23,3,2
Mark Webber,17,5,2009,Circuit de Barcelona-Catalunya,4,9,5,3
Sebastian Vettel,20,5,2009,Circuit de Barcelona-Catalunya,4,9,2,4
Fernando Alonso,4,5,2009,Circuit de Barcelona-Catalunya,4,4,8,5
Felipe Massa,13,5,2009,Circuit de Barcelona-Catalunya,4,6,4,6
Nick Heidfeld,2,5,2009,Circuit de Barcelona-Catalunya,4,2,13,7
Nico Rosberg,3,5,2009,Circuit de Barcelona-Catalunya,4,3,9,8
Lewis Hamilton,1,5,2009,Circuit de Barcelona-Catalunya,4,1,14,9
Timo Glock,10,5,2009,Circuit de Barcelona-Catalunya,4,7,6,10
Robert Kubica,9,5,2009,Circuit de Barcelona-Catalunya,4,2,10,11
Nelson Piquet Jr.,12,5,2009,Circuit de Barcelona-Catalunya,4,4,12,12
Kazuki Nakajima,6,5,2009,Circuit de Barcelona-Catalunya,4,3,11,13
Giancarlo Fisichella,21,5,2009,Circuit de Barcelona-Catalunya,4,10,20,14
Jenson Button,18,6,2009,Circuit de Monaco,6,23,1,1
Rubens Barrichello,22,6,2009,Circuit de Monaco,6,23,3,2
Kimi Räikkönen,8,6,2009,Circuit de Monaco,6,6,2,3
Felipe Massa,13,6,2009,Circuit de Monaco,6,6,5,4
Mark Webber,17,6,2009,Circuit de Monaco,6,9,8,5
Nico Rosberg,3,6,2009,Circuit de Monaco,6,3,6,6
Fernando Alonso,4,6,2009,Circuit de Monaco,6,4,9,7
Sébastien Bourdais,7,6,2009,Circuit de Monaco,6,5,14,8
Giancarlo Fisichella,21,6,2009,Circuit de Monaco,6,10,13,9
Timo Glock,10,6,2009,Circuit de Monaco,6,7,20,10
Nick Heidfeld,2,6,2009,Circuit de Monaco,6,2,16,11
Lewis Hamilton,1,6,2009,Circuit de Monaco,6,1,19,12
Jarno Trulli,15,6,2009,Circuit de Monaco,6,7,18,13
Adrian Sutil,16,6,2009,Circuit de Monaco,6,10,15,14
Kazuki Nakajima,6,6,2009,Circuit de Monaco,6,3,10,15
Jenson Button,18,7,2009,Istanbul Park,5,23,2,1
Mark Webber,17,7,2009,Istanbul Park,5,9,4,2
Sebastian Vettel,20,7,2009,Istanbul Park,5,9,1,3
Jarno Trulli,15,7,2009,Istanbul Park,5,7,5,4
Nico Rosberg,3,7,2009,Istanbul Park,5,3,9,5
Felipe Massa,13,7,2009,Istanbul Park,5,6,7,6
Robert Kubica,9,7,2009,Istanbul Park,5,2,10,7
Timo Glock,10,7,2009,Istanbul Park,5,7,13,8
Kimi Räikkönen,8,7,2009,Istanbul Park,5,6,6,9
Fernando Alonso,4,7,2009,Istanbul Park,5,4,8,10
Nick Heidfeld,2,7,2009,Istanbul Park,5,2,11,11
Kazuki Nakajima,6,7,2009,Istanbul Park,5,3,12,12
Lewis Hamilton,1,7,2009,Istanbul Park,5,1,16,13
Heikki Kovalainen,5,7,2009,Istanbul Park,5,1,14,14
Sébastien Buemi,67,7,2009,Istanbul Park,5,5,18,15
Nelson Piquet Jr.,12,7,2009,Istanbul Park,5,4,17,16
Adrian Sutil,16,7,2009,Istanbul Park,5,10,15,17
Sébastien Bourdais,7,7,2009,Istanbul Park,5,5,20,18
Sebastian Vettel,20,8,2009,Silverstone Circuit,9,9,1,1
Mark Webber,17,8,2009,Silverstone Circuit,9,9,3,2
Rubens Barrichello,22,8,2009,Silverstone Circuit,9,23,2,3
Felipe Massa,13,8,2009,Silverstone Circuit,9,6,11,4
Nico Rosberg,3,8,2009,Silverstone Circuit,9,3,7,5
Jenson Button,18,8,2009,Silverstone Circuit,9,23,6,6
Jarno Trulli,15,8,2009,Silverstone Circuit,9,7,4,7
Kimi Räikkönen,8,8,2009,Silverstone Circuit,9,6,9,8
Timo Glock,10,8,2009,Silverstone Circuit,9,7,8,9
Giancarlo Fisichella,21,8,2009,Silverstone Circuit,9,10,16,10
Kazuki Nakajima,6,8,2009,Silverstone Circuit,9,3,5,11
Nelson Piquet Jr.,12,8,2009,Silverstone Circuit,9,4,14,12
Robert Kubica,9,8,2009,Silverstone Circuit,9,2,12,13
Fernando Alonso,4,8,2009,Silverstone Circuit,9,4,10,14
Nick Heidfeld,2,8,2009,Silverstone Circuit,9,2,15,15
Lewis Hamilton,1,8,2009,Silverstone Circuit,9,1,18,16
Adrian Sutil,16,8,2009,Silverstone Circuit,9,10,20,17
Sébastien Buemi,67,8,2009,Silverstone Circuit,9,5,19,18
Mark Webber,17,9,2009,Nürburgring,20,9,1,1
Sebastian Vettel,20,9,2009,Nürburgring,20,9,4,2
Felipe Massa,13,9,2009,Nürburgring,20,6,8,3
Nico Rosberg,3,9,2009,Nürburgring,20,3,15,4
Jenson Button,18,9,2009,Nürburgring,20,23,3,5
Rubens Barrichello,22,9,2009,Nürburgring,20,23,2,6
Fernando Alonso,4,9,2009,Nürburgring,20,4,12,7
Heikki Kovalainen,5,9,2009,Nürburgring,20,1,6,8
Timo Glock,10,9,2009,Nürburgring,20,7,20,9
Nick Heidfeld,2,9,2009,Nürburgring,20,2,11,10
Giancarlo Fisichella,21,9,2009,Nürburgring,20,10,18,11
Kazuki Nakajima,6,9,2009,Nürburgring,20,3,13,12
Nelson Piquet Jr.,12,9,2009,Nürburgring,20,4,10,13
Robert Kubica,9,9,2009,Nürburgring,20,2,16,14
Adrian Sutil,16,9,2009,Nürburgring,20,10,7,15
Sébastien Buemi,67,9,2009,Nürburgring,20,5,17,16
Jarno Trulli,15,9,2009,Nürburgring,20,7,14,17
Lewis Hamilton,1,9,2009,Nürburgring,20,1,5,18
Lewis Hamilton,1,10,2009,Hungaroring,11,1,4,1
Kimi Räikkönen,8,10,2009,Hungaroring,11,6,7,2
Mark Webber,17,10,2009,Hungaroring,11,9,3,3
Nico Rosberg,3,10,2009,Hungaroring,11,3,5,4
Heikki Kovalainen,5,10,2009,Hungaroring,11,1,6,5
Timo Glock,10,10,2009,Hungaroring,11,7,13,6
Jenson Button,18,10,2009,Hungaroring,11,23,8,7
Jarno Trulli,15,10,2009,Hungaroring,11,7,11,8
Kazuki Nakajima,6,10,2009,Hungaroring,11,3,9,9
Rubens Barrichello,22,10,2009,Hungaroring,11,23,12,10
Nick Heidfeld,2,10,2009,Hungaroring,11,2,15,11
Nelson Piquet Jr.,12,10,2009,Hungaroring,11,4,14,12
Robert Kubica,9,10,2009,Hungaroring,11,2,18,13
Giancarlo Fisichella,21,10,2009,Hungaroring,11,10,16,14
Jaime Alguersuari,153,10,2009,Hungaroring,11,5,19,15
Sébastien Buemi,67,10,2009,Hungaroring,11,5,10,16
Rubens Barrichello,22,11,2009,Valencia Street Circuit,12,23,3,1
Lewis Hamilton,1,11,2009,Valencia Street Circuit,12,1,1,2
Kimi Räikkönen,8,11,2009,Valencia Street Circuit,12,6,6,3
Heikki Kovalainen,5,11,2009,Valencia Street Circuit,12,1,2,4
Nico Rosberg,3,11,2009,Valencia Street Circuit,12,3,7,5
Fernando Alonso,4,11,2009,Valencia Street Circuit,12,4,8,6
Jenson Button,18,11,2009,Valencia Street Circuit,12,23,5,7
Robert Kubica,9,11,2009,Valencia Street Circuit,12,2,10,8
Mark Webber,17,11,2009,Valencia Street Circuit,12,9,9,9
Adrian Sutil,16,11,2009,Valencia Street Circuit,12,10,12,10
Nick Heidfeld,2,11,2009,Valencia Street Circuit,12,2,11,11
Giancarlo Fisichella,21,11,2009,Valencia Street Circuit,12,10,16,12
Jarno Trulli,15,11,2009,Valencia Street Circuit,12,7,18,13
Timo Glock,10,11,2009,Valencia Street Circuit,12,7,13,14
Romain Grosjean,154,11,2009,Valencia Street Circuit,12,4,14,15
Jaime Alguersuari,153,11,2009,Valencia Street Circuit,12,5,19,16
Luca Badoer,69,11,2009,Valencia Street Circuit,12,6,20,17
Kazuki Nakajima,6,11,2009,Valencia Street Circuit,12,3,17,18
Kimi Räikkönen,8,12,2009,Circuit de Spa-Francorchamps,13,6,6,1
Giancarlo Fisichella,21,12,2009,Circuit de Spa-Francorchamps,13,10,1,2
Sebastian Vettel,20,12,2009,Circuit de Spa-Francorchamps,13,9,8,3
Robert Kubica,9,12,2009,Circuit de Spa-Francorchamps,13,2,5,4
Nick Heidfeld,2,12,2009,Circuit de Spa-Francorchamps,13,2,3,5
Heikki Kovalainen,5,12,2009,Circuit de Spa-Francorchamps,13,1,15,6
Rubens Barrichello,22,12,2009,Circuit de Spa-Francorchamps,13,23,4,7
Nico Rosberg,3,12,2009,Circuit de Spa-Francorchamps,13,3,10,8
Mark Webber,17,12,2009,Circuit de Spa-Francorchamps,13,9,9,9
Timo Glock,10,12,2009,Circuit de Spa-Francorchamps,13,7,7,10
Adrian Sutil,16,12,2009,Circuit de Spa-Francorchamps,13,10,11,11
Sébastien Buemi,67,12,2009,Circuit de Spa-Francorchamps,13,5,16,12
Kazuki Nakajima,6,12,2009,Circuit de Spa-Francorchamps,13,3,18,13
Luca Badoer,69,12,2009,Circuit de Spa-Francorchamps,13,6,20,14
Rubens Barrichello,22,13,2009,Autodromo Nazionale di Monza,14,23,5,1
Jenson Button,18,13,2009,Autodromo Nazionale di Monza,14,23,6,2
Kimi Räikkönen,8,13,2009,Autodromo Nazionale di Monza,14,6,3,3
Adrian Sutil,16,13,2009,Autodromo Nazionale di Monza,14,10,2,4
Fernando Alonso,4,13,2009,Autodromo Nazionale di Monza,14,4,8,5
Heikki Kovalainen,5,13,2009,Autodromo Nazionale di Monza,14,1,4,6
Nick Heidfeld,2,13,2009,Autodromo Nazionale di Monza,14,2,15,7
Sebastian Vettel,20,13,2009,Autodromo Nazionale di Monza,14,9,9,8
Giancarlo Fisichella,21,13,2009,Autodromo Nazionale di Monza,14,6,14,9
Kazuki Nakajima,6,13,2009,Autodromo Nazionale di Monza,14,3,17,10
Timo Glock,10,13,2009,Autodromo Nazionale di Monza,14,7,16,11
Lewis Hamilton,1,13,2009,Autodromo Nazionale di Monza,14,1,1,12
Sébastien Buemi,67,13,2009,Autodromo Nazionale di Monza,14,5,19,13
Jarno Trulli,15,13,2009,Autodromo Nazionale di Monza,14,7,11,14
Romain Grosjean,154,13,2009,Autodromo Nazionale di Monza,14,4,12,15
Nico Rosberg,3,13,2009,Autodromo Nazionale di Monza,14,3,18,16
Lewis Hamilton,1,14,2009,Marina Bay Street Circuit,15,1,1,1
Timo Glock,10,14,2009,Marina Bay Street Circuit,15,7,6,2
Fernando Alonso,4,14,2009,Marina Bay Street Circuit,15,4,5,3
Sebastian Vettel,20,14,2009,Marina Bay Street Circuit,15,9,2,4
Jenson Button,18,14,2009,Marina Bay Street Circuit,15,23,11,5
Rubens Barrichello,22,14,2009,Marina Bay Street Circuit,15,23,9,6
Heikki Kovalainen,5,14,2009,Marina Bay Street Circuit,15,1,8,7
Robert Kubica,9,14,2009,Marina Bay Street Circuit,15,2,7,8
Kazuki Nakajima,6,14,2009,Marina Bay Street Circuit,15,3,10,9
Kimi Räikkönen,8,14,2009,Marina Bay Street Circuit,15,6,12,10
Nico Rosberg,3,14,2009,Marina Bay Street Circuit,15,3,3,11
Jarno Trulli,15,14,2009,Marina Bay Street Circuit,15,7,14,12
Giancarlo Fisichella,21,14,2009,Marina Bay Street Circuit,15,6,17,13
Vitantonio Liuzzi,24,14,2009,Marina Bay Street Circuit,15,10,19,14
Sebastian Vettel,20,15,2009,Suzuka Circuit,22,9,1,1
Jarno Trulli,15,15,2009,Suzuka Circuit,22,7,2,2
Lewis Hamilton,1,15,2009,Suzuka Circuit,22,1,3,3
Kimi Räikkönen,8,15,2009,Suzuka Circuit,22,6,5,4
Nico Rosberg,3,15,2009,Suzuka Circuit,22,3,7,5
Nick Heidfeld,2,15,2009,Suzuka Circuit,22,2,4,6
Rubens Barrichello,22,15,2009,Suzuka Circuit,22,23,6,7
Jenson Button,18,15,2009,Suzuka Circuit,22,23,10,8
Robert Kubica,9,15,2009,Suzuka Circuit,22,2,9,9
Fernando Alonso,4,15,2009,Suzuka Circuit,22,4,16,10
Heikki Kovalainen,5,15,2009,Suzuka Circuit,22,1,11,11
Giancarlo Fisichella,21,15,2009,Suzuka Circuit,22,6,14,12
Adrian Sutil,16,15,2009,Suzuka Circuit,22,10,8,13
Vitantonio Liuzzi,24,15,2009,Suzuka Circuit,22,10,18,14
Kazuki Nakajima,6,15,2009,Suzuka Circuit,22,3,15,15
Romain Grosjean,154,15,2009,Suzuka Circuit,22,4,17,16
Mark Webber,17,15,2009,Suzuka Circuit,22,9,19,17
Mark Webber,17,16,2009,Autódromo José Carlos Pace,18,9,2,1
Robert Kubica,9,16,2009,Autódromo José Carlos Pace,18,2,8,2
Lewis Hamilton,1,16,2009,Autódromo José Carlos Pace,18,1,17,3
Sebastian Vettel,20,16,2009,Autódromo José Carlos Pace,18,9,15,4
Jenson Button,18,16,2009,Autódromo José Carlos Pace,18,23,14,5
Kimi Räikkönen,8,16,2009,Autódromo José Carlos Pace,18,6,5,6
Sébastien Buemi,67,16,2009,Autódromo José Carlos Pace,18,5,6,7
Rubens Barrichello,22,16,2009,Autódromo José Carlos Pace,18,23,1,8
Heikki Kovalainen,5,16,2009,Autódromo José Carlos Pace,18,1,16,9
Kamui Kobayashi,155,16,2009,Autódromo José Carlos Pace,18,7,11,10
Giancarlo Fisichella,21,16,2009,Autódromo José Carlos Pace,18,6,19,11
Vitantonio Liuzzi,24,16,2009,Autódromo José Carlos Pace,18,10,20,12
Romain Grosjean,154,16,2009,Autódromo José Carlos Pace,18,4,13,13
Jaime Alguersuari,153,16,2009,Autódromo José Carlos Pace,18,5,12,14
Nigel Mansell,95,356,1989,Autódromo Internacional Nelson Piquet,36,6,6,1
Alain Prost,117,356,1989,Autódromo Internacional Nelson Piquet,36,1,5,2
Maurício Gugelmin,127,356,1989,Autódromo Internacional Nelson Piquet,36,37,12,3
Johnny Herbert,65,356,1989,Autódromo Internacional Nelson Piquet,36,22,10,4
Derek Warwick,118,356,1989,Autódromo Internacional Nelson Piquet,36,21,8,5
Alessandro Nannini,145,356,1989,Autódromo Internacional Nelson Piquet,36,22,11,6
Jonathan Palmer,156,356,1989,Autódromo Internacional Nelson Piquet,36,25,18,7
Satoru Nakajima,138,356,1989,Autódromo Internacional Nelson Piquet,36,32,21,8
Olivier Grouillard,129,356,1989,Autódromo Internacional Nelson Piquet,36,27,22,9
Michele Alboreto,105,356,1989,Autódromo Internacional Nelson Piquet,36,25,20,10
Ayrton Senna,102,356,1989,Autódromo Internacional Nelson Piquet,36,1,1,11
Philippe Alliot,112,356,1989,Autódromo Internacional Nelson Piquet,36,33,26,12
Andrea de Cesaris,110,356,1989,Autódromo Internacional Nelson Piquet,36,35,15,13
Christian Danner,157,356,1989,Autódromo Internacional Nelson Piquet,36,47,17,14
Riccardo Patrese,119,356,1989,Autódromo Internacional Nelson Piquet,36,3,2,15
Ayrton Senna,102,357,1989,Autodromo Enzo e Dino Ferrari,21,1,1,1
Alain Prost,117,357,1989,Autodromo Enzo e Dino Ferrari,21,1,2,2
Alessandro Nannini,145,357,1989,Autodromo Enzo e Dino Ferrari,21,22,7,3
Thierry Boutsen,123,357,1989,Autodromo Enzo e Dino Ferrari,21,3,6,4
Derek Warwick,118,357,1989,Autodromo Enzo e Dino Ferrari,21,21,12,5
Jonathan Palmer,156,357,1989,Autodromo Enzo e Dino Ferrari,21,25,25,6
Alex Caffi,133,357,1989,Autodromo Enzo e Dino Ferrari,21,35,9,7
Gabriele Tarquini,99,357,1989,Autodromo Enzo e Dino Ferrari,21,39,18,8
Eddie Cheever,158,357,1989,Autodromo Enzo e Dino Ferrari,21,21,21,9
Andrea de Cesaris,110,357,1989,Autodromo Enzo e Dino Ferrari,21,35,16,10
Johnny Herbert,65,357,1989,Autodromo Enzo e Dino Ferrari,21,22,23,11
Nicola Larini,78,357,1989,Autodromo Enzo e Dino Ferrari,21,44,14,12
Ayrton Senna,102,358,1989,Circuit de Monaco,6,1,1,1
Alain Prost,117,358,1989,Circuit de Monaco,6,1,2,2
Stefano Modena,131,358,1989,Circuit de Monaco,6,34,8,3
Alex Caffi,133,358,1989,Circuit de Monaco,6,35,9,4
Michele Alboreto,105,358,1989,Circuit de Monaco,6,25,12,5
Martin Brundle,84,358,1989,Circuit de Monaco,6,34,4,6
Eddie Cheever,158,358,1989,Circuit de Monaco,6,21,20,7
Alessandro Nannini,145,358,1989,Circuit de Monaco,6,22,15,8
Jonathan Palmer,156,358,1989,Circuit de Monaco,6,25,23,9
Thierry Boutsen,123,358,1989,Circuit de Monaco,6,3,3,10
Ivan Capelli,122,358,1989,Circuit de Monaco,6,37,22,11
René Arnoux,163,358,1989,Circuit de Monaco,6,27,21,12
Andrea de Cesaris,110,358,1989,Circuit de Monaco,6,35,10,13
Johnny Herbert,65,358,1989,Circuit de Monaco,6,22,24,14
Riccardo Patrese,119,358,1989,Circuit de Monaco,6,3,7,15
Ayrton Senna,102,359,1989,Autódromo Hermanos Rodríguez,32,1,1,1
Riccardo Patrese,119,359,1989,Autódromo Hermanos Rodríguez,32,3,5,2
Michele Alboreto,105,359,1989,Autódromo Hermanos Rodríguez,32,25,7,3
Alessandro Nannini,145,359,1989,Autódromo Hermanos Rodríguez,32,22,13,4
Alain Prost,117,359,1989,Autódromo Hermanos Rodríguez,32,1,2,5
Gabriele Tarquini,99,359,1989,Autódromo Hermanos Rodríguez,32,39,17,6
Eddie Cheever,158,359,1989,Autódromo Hermanos Rodríguez,32,21,24,7
Olivier Grouillard,129,359,1989,Autódromo Hermanos Rodríguez,32,27,11,8
Martin Brundle,84,359,1989,Autódromo Hermanos Rodríguez,32,34,20,9
Stefano Modena,131,359,1989,Autódromo Hermanos Rodríguez,32,34,9,10
Nelson Piquet,137,359,1989,Autódromo Hermanos Rodríguez,32,32,26,11
Christian Danner,157,359,1989,Autódromo Hermanos Rodríguez,32,47,23,12
Alex Caffi,133,359,1989,Autódromo Hermanos Rodríguez,32,35,19,13
René Arnoux,163,359,1989,Autódromo Hermanos Rodríguez,32,27,25,14
Johnny Herbert,65,359,1989,Autódromo Hermanos Rodríguez,32,22,18,15
Alain Prost,117,360,1989,Phoenix street circuit,33,1,2,1
Riccardo Patrese,119,360,1989,Phoenix street circuit,33,3,14,2
Eddie Cheever,158,360,1989,Phoenix street circuit,33,21,17,3
Christian Danner,157,360,1989,Phoenix street circuit,33,47,26,4
Johnny Herbert,65,360,1989,Phoenix street circuit,33,22,25,5
Thierry Boutsen,123,360,1989,Phoenix street circuit,33,3,16,6
Gabriele Tarquini,99,360,1989,Phoenix street circuit,33,39,24,7
Andrea de Cesaris,110,360,1989,Phoenix street circuit,33,35,13,8
Jonathan Palmer,156,360,1989,Phoenix street circuit,33,25,21,9
Thierry Boutsen,123,361,1989,Circuit Gilles Villeneuve,7,3,6,1
Riccardo Patrese,119,361,1989,Circuit Gilles Villeneuve,7,3,3,2
Andrea de Cesaris,110,361,1989,Circuit Gilles Villeneuve,7,35,9,3
Nelson Piquet,137,361,1989,Circuit Gilles Villeneuve,7,32,19,4
René Arnoux,163,361,1989,Circuit Gilles Villeneuve,7,27,22,5
Alex Caffi,133,361,1989,Circuit Gilles Villeneuve,7,35,8,6
Ayrton Senna,102,361,1989,Circuit Gilles Villeneuve,7,1,2,7
Christian Danner,157,361,1989,Circuit Gilles Villeneuve,7,47,23,8
Alain Prost,117,362,1989,Circuit Paul Ricard,34,1,1,1
Nigel Mansell,95,362,1989,Circuit Paul Ricard,34,6,3,2
Riccardo Patrese,119,362,1989,Circuit Paul Ricard,34,3,8,3
Jean Alesi,55,362,1989,Circuit Paul Ricard,34,25,16,4
Stefan Johansson,140,362,1989,Circuit Paul Ricard,34,45,13,5
Olivier Grouillard,129,362,1989,Circuit Paul Ricard,34,27,17,6
Eddie Cheever,158,362,1989,Circuit Paul Ricard,34,21,25,7
Nelson Piquet,137,362,1989,Circuit Paul Ricard,34,32,20,8
Emanuele Pirro,139,362,1989,Circuit Paul Ricard,34,22,24,9
Jonathan Palmer,156,362,1989,Circuit Paul Ricard,34,25,9,10
Éric Bernard,103,362,1989,Circuit Paul Ricard,34,33,15,11
Martin Donnelly,151,362,1989,Circuit Paul Ricard,34,21,14,12
Bertrand Gachot,92,362,1989,Circuit Paul Ricard,34,45,11,13
Alain Prost,117,363,1989,Silverstone Circuit,9,1,2,1
Nigel Mansell,95,363,1989,Silverstone Circuit,9,6,3,2
Alessandro Nannini,145,363,1989,Silverstone Circuit,9,22,9,3
Nelson Piquet,137,363,1989,Silverstone Circuit,9,32,10,4
Pierluigi Martini,94,363,1989,Silverstone Circuit,9,18,11,5
Luis Pérez-Sala,159,363,1989,Silverstone Circuit,9,18,15,6
Olivier Grouillard,129,363,1989,Silverstone Circuit,9,27,24,7
Satoru Nakajima,138,363,1989,Silverstone Circuit,9,32,16,8
Derek Warwick,118,363,1989,Silverstone Circuit,9,21,19,9
Thierry Boutsen,123,363,1989,Silverstone Circuit,9,3,7,10
Emanuele Pirro,139,363,1989,Silverstone Circuit,9,22,26,11
Bertrand Gachot,92,363,1989,Silverstone Circuit,9,45,21,12
Ayrton Senna,102,364,1989,Hockenheimring,10,1,1,1
Alain Prost,117,364,1989,Hockenheimring,10,1,2,2
Nigel Mansell,95,364,1989,Hockenheimring,10,6,3,3
Riccardo Patrese,119,364,1989,Hockenheimring,10,3,5,4
Nelson Piquet,137,364,1989,Hockenheimring,10,32,8,5
Derek Warwick,118,364,1989,Hockenheimring,10,21,17,6
Andrea de Cesaris,110,364,1989,Hockenheimring,10,35,21,7
Martin Brundle,84,364,1989,Hockenheimring,10,34,12,8
Pierluigi Martini,94,364,1989,Hockenheimring,10,18,13,9
Jean Alesi,55,364,1989,Hockenheimring,10,25,10,10
René Arnoux,163,364,1989,Hockenheimring,10,27,23,11
Eddie Cheever,158,364,1989,Hockenheimring,10,21,25,12
Nigel Mansell,95,365,1989,Hungaroring,11,6,12,1
Ayrton Senna,102,365,1989,Hungaroring,11,1,2,2
Thierry Boutsen,123,365,1989,Hungaroring,11,3,4,3
Alain Prost,117,365,1989,Hungaroring,11,1,5,4
Eddie Cheever,158,365,1989,Hungaroring,11,21,16,5
Nelson Piquet,137,365,1989,Hungaroring,11,32,17,6
Alex Caffi,133,365,1989,Hungaroring,11,35,3,7
Emanuele Pirro,139,365,1989,Hungaroring,11,22,25,8
Jean Alesi,55,365,1989,Hungaroring,11,25,11,9
Derek Warwick,118,365,1989,Hungaroring,11,21,9,10
Stefano Modena,131,365,1989,Hungaroring,11,34,8,11
Martin Brundle,84,365,1989,Hungaroring,11,34,15,12
Jonathan Palmer,156,365,1989,Hungaroring,11,25,19,13
Ayrton Senna,102,366,1989,Circuit de Spa-Francorchamps,13,1,1,1
Alain Prost,117,366,1989,Circuit de Spa-Francorchamps,13,1,2,2
Nigel Mansell,95,366,1989,Circuit de Spa-Francorchamps,13,6,6,3
Thierry Boutsen,123,366,1989,Circuit de Spa-Francorchamps,13,3,4,4
Alessandro Nannini,145,366,1989,Circuit de Spa-Francorchamps,13,22,7,5
Derek Warwick,118,366,1989,Circuit de Spa-Francorchamps,13,21,10,6
Maurício Gugelmin,127,366,1989,Circuit de Spa-Francorchamps,13,37,9,7
Stefan Johansson,140,366,1989,Circuit de Spa-Francorchamps,13,45,15,8
Pierluigi Martini,94,366,1989,Circuit de Spa-Francorchamps,13,18,14,9
Emanuele Pirro,139,366,1989,Circuit de Spa-Francorchamps,13,22,13,10
Andrea de Cesaris,110,366,1989,Circuit de Spa-Francorchamps,13,35,18,11
Ivan Capelli,122,366,1989,Circuit de Spa-Francorchamps,13,37,19,12
Olivier Grouillard,129,366,1989,Circuit de Spa-Francorchamps,13,27,26,13
Jonathan Palmer,156,366,1989,Circuit de Spa-Francorchamps,13,25,21,14
Luis Pérez-Sala,159,366,1989,Circuit de Spa-Francorchamps,13,18,25,15
Philippe Alliot,112,366,1989,Circuit de Spa-Francorchamps,13,33,11,16
Alain Prost,117,367,1989,Autodromo Nazionale di Monza,14,1,4,1
Gerhard Berger,77,367,1989,Autodromo Nazionale di Monza,14,6,2,2
Thierry Boutsen,123,367,1989,Autodromo Nazionale di Monza,14,3,6,3
Riccardo Patrese,119,367,1989,Autodromo Nazionale di Monza,14,3,5,4
Jean Alesi,55,367,1989,Autodromo Nazionale di Monza,14,25,10,5
Martin Brundle,84,367,1989,Autodromo Nazionale di Monza,14,34,12,6
Pierluigi Martini,94,367,1989,Autodromo Nazionale di Monza,14,18,15,7
Luis Pérez-Sala,159,367,1989,Autodromo Nazionale di Monza,14,18,26,8
René Arnoux,163,367,1989,Autodromo Nazionale di Monza,14,27,23,9
Satoru Nakajima,138,367,1989,Autodromo Nazionale di Monza,14,32,19,10
Alex Caffi,133,367,1989,Autodromo Nazionale di Monza,14,35,20,11
Gerhard Berger,77,368,1989,Autódromo do Estoril,27,6,2,1
Alain Prost,117,368,1989,Autódromo do Estoril,27,1,4,2
Stefan Johansson,140,368,1989,Autódromo do Estoril,27,45,12,3
Alessandro Nannini,145,368,1989,Autódromo do Estoril,27,22,13,4
Pierluigi Martini,94,368,1989,Autódromo do Estoril,27,18,5,5
Jonathan Palmer,156,368,1989,Autódromo do Estoril,27,25,18,6
Satoru Nakajima,138,368,1989,Autódromo do Estoril,27,32,25,7
Martin Brundle,84,368,1989,Autódromo do Estoril,27,34,10,8
Philippe Alliot,112,368,1989,Autódromo do Estoril,27,33,17,9
Maurício Gugelmin,127,368,1989,Autódromo do Estoril,27,37,14,10
Michele Alboreto,105,368,1989,Autódromo do Estoril,27,33,21,11
Luis Pérez-Sala,159,368,1989,Autódromo do Estoril,27,18,9,12
René Arnoux,163,368,1989,Autódromo do Estoril,27,27,23,13
Stefano Modena,131,368,1989,Autódromo do Estoril,27,34,11,14
Ayrton Senna,102,369,1989,Circuito de Jerez,26,1,1,1
Gerhard Berger,77,369,1989,Circuito de Jerez,26,6,2,2
Alain Prost,117,369,1989,Circuito de Jerez,26,1,3,3
Jean Alesi,55,369,1989,Circuito de Jerez,26,25,9,4
Riccardo Patrese,119,369,1989,Circuito de Jerez,26,3,6,5
Philippe Alliot,112,369,1989,Circuito de Jerez,26,33,5,6
Andrea de Cesaris,110,369,1989,Circuito de Jerez,26,35,15,7
Nelson Piquet,137,369,1989,Circuito de Jerez,26,32,7,8
Derek Warwick,118,369,1989,Circuito de Jerez,26,21,16,9
Jonathan Palmer,156,369,1989,Circuito de Jerez,26,25,13,10
Alessandro Nannini,145,370,1989,Suzuka Circuit,22,22,6,1
Riccardo Patrese,119,370,1989,Suzuka Circuit,22,3,5,2
Thierry Boutsen,123,370,1989,Suzuka Circuit,22,3,7,3
Nelson Piquet,137,370,1989,Suzuka Circuit,22,32,11,4
Martin Brundle,84,370,1989,Suzuka Circuit,22,34,13,5
Derek Warwick,118,370,1989,Suzuka Circuit,22,21,25,6
Maurício Gugelmin,127,370,1989,Suzuka Circuit,22,37,20,7
Eddie Cheever,158,370,1989,Suzuka Circuit,22,21,24,8
Alex Caffi,133,370,1989,Suzuka Circuit,22,35,15,9
Andrea de Cesaris,110,370,1989,Suzuka Circuit,22,35,16,10
Thierry Boutsen,123,371,1989,Adelaide Street Circuit,29,3,5,1
Alessandro Nannini,145,371,1989,Adelaide Street Circuit,29,22,4,2
Riccardo Patrese,119,371,1989,Adelaide Street Circuit,29,3,6,3
Satoru Nakajima,138,371,1989,Adelaide Street Circuit,29,32,23,4
Emanuele Pirro,139,371,1989,Adelaide Street Circuit,29,22,13,5
Pierluigi Martini,94,371,1989,Adelaide Street Circuit,29,18,3,6
Maurício Gugelmin,127,371,1989,Adelaide Street Circuit,29,37,25,7
Stefano Modena,131,371,1989,Adelaide Street Circuit,29,34,8,8
Alain Prost,117,372,1988,Autódromo Internacional Nelson Piquet,36,1,3,1
Gerhard Berger,77,372,1988,Autódromo Internacional Nelson Piquet,36,6,4,2
Nelson Piquet,137,372,1988,Autódromo Internacional Nelson Piquet,36,32,5,3
Derek Warwick,118,372,1988,Autódromo Internacional Nelson Piquet,36,21,11,4
Michele Alboreto,105,372,1988,Autódromo Internacional Nelson Piquet,36,6,6,5
Satoru Nakajima,138,372,1988,Autódromo Internacional Nelson Piquet,36,32,10,6
Thierry Boutsen,123,372,1988,Autódromo Internacional Nelson Piquet,36,22,7,7
Eddie Cheever,158,372,1988,Autódromo Internacional Nelson Piquet,36,21,15,8
Stefan Johansson,140,372,1988,Autódromo Internacional Nelson Piquet,36,27,21,9
Ayrton Senna,102,373,1988,Autodromo Enzo e Dino Ferrari,21,1,1,1
Alain Prost,117,373,1988,Autodromo Enzo e Dino Ferrari,21,1,2,2
Nelson Piquet,137,373,1988,Autodromo Enzo e Dino Ferrari,21,32,3,3
Thierry Boutsen,123,373,1988,Autodromo Enzo e Dino Ferrari,21,22,8,4
Gerhard Berger,77,373,1988,Autodromo Enzo e Dino Ferrari,21,6,5,5
Alessandro Nannini,145,373,1988,Autodromo Enzo e Dino Ferrari,21,22,4,6
Eddie Cheever,158,373,1988,Autodromo Enzo e Dino Ferrari,21,21,7,7
Satoru Nakajima,138,373,1988,Autodromo Enzo e Dino Ferrari,21,32,12,8
Derek Warwick,118,373,1988,Autodromo Enzo e Dino Ferrari,21,21,14,9
Philippe Streiff,166,373,1988,Autodromo Enzo e Dino Ferrari,21,39,13,10
Luis Pérez-Sala,159,373,1988,Autodromo Enzo e Dino Ferrari,21,18,18,11
Yannick Dalmas,114,373,1988,Autodromo Enzo e Dino Ferrari,21,33,19,12
Riccardo Patrese,119,373,1988,Autodromo Enzo e Dino Ferrari,21,3,6,13
Jonathan Palmer,156,373,1988,Autodromo Enzo e Dino Ferrari,21,25,23,14
Maurício Gugelmin,127,373,1988,Autodromo Enzo e Dino Ferrari,21,37,20,15
Adrián Campos,167,373,1988,Autodromo Enzo e Dino Ferrari,21,18,22,16
Philippe Alliot,112,373,1988,Autodromo Enzo e Dino Ferrari,21,33,15,17
Michele Alboreto,105,373,1988,Autodromo Enzo e Dino Ferrari,21,6,10,18
Alain Prost,117,374,1988,Circuit de Monaco,6,1,2,1
Gerhard Berger,77,374,1988,Circuit de Monaco,6,6,3,2
Michele Alboreto,105,374,1988,Circuit de Monaco,6,6,4,3
Derek Warwick,118,374,1988,Circuit de Monaco,6,21,7,4
Jonathan Palmer,156,374,1988,Circuit de Monaco,6,25,10,5
Riccardo Patrese,119,374,1988,Circuit de Monaco,6,3,8,6
Yannick Dalmas,114,374,1988,Circuit de Monaco,6,33,21,7
Thierry Boutsen,123,374,1988,Circuit de Monaco,6,22,16,8
Nicola Larini,78,374,1988,Circuit de Monaco,6,44,25,9
Ivan Capelli,122,374,1988,Circuit de Monaco,6,37,22,10
Alain Prost,117,375,1988,Autódromo Hermanos Rodríguez,32,1,2,1
Ayrton Senna,102,375,1988,Autódromo Hermanos Rodríguez,32,1,1,2
Gerhard Berger,77,375,1988,Autódromo Hermanos Rodríguez,32,6,3,3
Michele Alboreto,105,375,1988,Autódromo Hermanos Rodríguez,32,6,5,4
Derek Warwick,118,375,1988,Autódromo Hermanos Rodríguez,32,21,9,5
Eddie Cheever,158,375,1988,Autódromo Hermanos Rodríguez,32,21,7,6
Alessandro Nannini,145,375,1988,Autódromo Hermanos Rodríguez,32,22,8,7
Thierry Boutsen,123,375,1988,Autódromo Hermanos Rodríguez,32,22,11,8
Yannick Dalmas,114,375,1988,Autódromo Hermanos Rodríguez,32,33,22,9
Stefan Johansson,140,375,1988,Autódromo Hermanos Rodríguez,32,27,24,10
Luis Pérez-Sala,159,375,1988,Autódromo Hermanos Rodríguez,32,18,25,11
Philippe Streiff,166,375,1988,Autódromo Hermanos Rodríguez,32,39,19,12
Oscar Larrauri,165,375,1988,Autódromo Hermanos Rodríguez,32,43,26,13
Gabriele Tarquini,99,375,1988,Autódromo Hermanos Rodríguez,32,42,21,14
Piercarlo Ghinzani,160,375,1988,Autódromo Hermanos Rodríguez,32,48,18,15
Ivan Capelli,122,375,1988,Autódromo Hermanos Rodríguez,32,37,10,16
Ayrton Senna,102,376,1988,Circuit Gilles Villeneuve,7,1,1,1
Alain Prost,117,376,1988,Circuit Gilles Villeneuve,7,1,2,2
Thierry Boutsen,123,376,1988,Circuit Gilles Villeneuve,7,22,7,3
Nelson Piquet,137,376,1988,Circuit Gilles Villeneuve,7,32,6,4
Ivan Capelli,122,376,1988,Circuit Gilles Villeneuve,7,37,14,5
Jonathan Palmer,156,376,1988,Circuit Gilles Villeneuve,7,25,19,6
Derek Warwick,118,376,1988,Circuit Gilles Villeneuve,7,21,16,7
Gabriele Tarquini,99,376,1988,Circuit Gilles Villeneuve,7,42,26,8
Andrea de Cesaris,110,376,1988,Circuit Gilles Villeneuve,7,47,12,9
Philippe Alliot,112,376,1988,Circuit Gilles Villeneuve,7,33,17,10
Satoru Nakajima,138,376,1988,Circuit Gilles Villeneuve,7,32,13,11
Stefano Modena,131,376,1988,Circuit Gilles Villeneuve,7,43,15,12
Luis Pérez-Sala,159,376,1988,Circuit Gilles Villeneuve,7,18,21,13
Piercarlo Ghinzani,160,376,1988,Circuit Gilles Villeneuve,7,48,22,14
Ayrton Senna,102,377,1988,Detroit Street Circuit,37,1,1,1
Alain Prost,117,377,1988,Detroit Street Circuit,37,1,4,2
Thierry Boutsen,123,377,1988,Detroit Street Circuit,37,22,5,3
Andrea de Cesaris,110,377,1988,Detroit Street Circuit,37,47,12,4
Jonathan Palmer,156,377,1988,Detroit Street Circuit,37,25,17,5
Pierluigi Martini,94,377,1988,Detroit Street Circuit,37,18,16,6
Yannick Dalmas,114,377,1988,Detroit Street Circuit,37,33,24,7
Alex Caffi,133,377,1988,Detroit Street Circuit,37,35,21,8
Julian Bailey,141,377,1988,Detroit Street Circuit,37,25,22,9
Alain Prost,117,378,1988,Circuit Paul Ricard,34,1,1,1
Ayrton Senna,102,378,1988,Circuit Paul Ricard,34,1,2,2
Michele Alboreto,105,378,1988,Circuit Paul Ricard,34,6,4,3
Gerhard Berger,77,378,1988,Circuit Paul Ricard,34,6,3,4
Nelson Piquet,137,378,1988,Circuit Paul Ricard,34,32,7,5
Alessandro Nannini,145,378,1988,Circuit Paul Ricard,34,22,6,6
Satoru Nakajima,138,378,1988,Circuit Paul Ricard,34,32,8,7
Maurício Gugelmin,127,378,1988,Circuit Paul Ricard,34,37,16,8
Ivan Capelli,122,378,1988,Circuit Paul Ricard,34,37,10,9
Andrea de Cesaris,110,378,1988,Circuit Paul Ricard,34,47,12,10
Eddie Cheever,158,378,1988,Circuit Paul Ricard,34,21,13,11
Alex Caffi,133,378,1988,Circuit Paul Ricard,34,35,14,12
Yannick Dalmas,114,378,1988,Circuit Paul Ricard,34,33,19,13
Stefano Modena,131,378,1988,Circuit Paul Ricard,34,43,20,14
Pierluigi Martini,94,378,1988,Circuit Paul Ricard,34,18,22,15
Ayrton Senna,102,379,1988,Silverstone Circuit,9,1,3,1
Nigel Mansell,95,379,1988,Silverstone Circuit,9,3,11,2
Alessandro Nannini,145,379,1988,Silverstone Circuit,9,22,8,3
Maurício Gugelmin,127,379,1988,Silverstone Circuit,9,37,5,4
Nelson Piquet,137,379,1988,Silverstone Circuit,9,32,7,5
Derek Warwick,118,379,1988,Silverstone Circuit,9,21,9,6
Eddie Cheever,158,379,1988,Silverstone Circuit,9,21,13,7
Riccardo Patrese,119,379,1988,Silverstone Circuit,9,3,15,8
Gerhard Berger,77,379,1988,Silverstone Circuit,9,6,1,9
Satoru Nakajima,138,379,1988,Silverstone Circuit,9,32,10,10
Alex Caffi,133,379,1988,Silverstone Circuit,9,35,21,11
Stefano Modena,131,379,1988,Silverstone Circuit,9,43,20,12
Yannick Dalmas,114,379,1988,Silverstone Circuit,9,33,23,13
Philippe Alliot,112,379,1988,Silverstone Circuit,9,33,22,14
Pierluigi Martini,94,379,1988,Silverstone Circuit,9,18,19,15
Julian Bailey,141,379,1988,Silverstone Circuit,9,25,24,16
Michele Alboreto,105,379,1988,Silverstone Circuit,9,6,2,17
René Arnoux,163,379,1988,Silverstone Circuit,9,27,25,18
Nicola Larini,78,379,1988,Silverstone Circuit,9,44,26,19
Ayrton Senna,102,380,1988,Hockenheimring,10,1,1,1
Alain Prost,117,380,1988,Hockenheimring,10,1,2,2
Gerhard Berger,77,380,1988,Hockenheimring,10,6,3,3
Michele Alboreto,105,380,1988,Hockenheimring,10,6,4,4
Ivan Capelli,122,380,1988,Hockenheimring,10,37,7,5
Thierry Boutsen,123,380,1988,Hockenheimring,10,22,9,6
Derek Warwick,118,380,1988,Hockenheimring,10,21,12,7
Maurício Gugelmin,127,380,1988,Hockenheimring,10,37,10,8
Satoru Nakajima,138,380,1988,Hockenheimring,10,32,8,9
Eddie Cheever,158,380,1988,Hockenheimring,10,21,15,10
Jonathan Palmer,156,380,1988,Hockenheimring,10,25,24,11
Bernd Schneider,146,380,1988,Hockenheimring,10,48,22,12
Andrea de Cesaris,110,380,1988,Hockenheimring,10,47,14,13
Piercarlo Ghinzani,160,380,1988,Hockenheimring,10,48,23,14
Alex Caffi,133,380,1988,Hockenheimring,10,35,19,15
Oscar Larrauri,165,380,1988,Hockenheimring,10,43,26,16
René Arnoux,163,380,1988,Hockenheimring,10,27,17,17
Alessandro Nannini,145,380,1988,Hockenheimring,10,22,6,18
Yannick Dalmas,114,380,1988,Hockenheimring,10,33,21,19
Ayrton Senna,102,381,1988,Hungaroring,11,1,1,1
Alain Prost,117,381,1988,Hungaroring,11,1,7,2
Thierry Boutsen,123,381,1988,Hungaroring,11,22,3,3
Gerhard Berger,77,381,1988,Hungaroring,11,6,9,4
Maurício Gugelmin,127,381,1988,Hungaroring,11,37,8,5
Riccardo Patrese,119,381,1988,Hungaroring,11,3,6,6
Satoru Nakajima,138,381,1988,Hungaroring,11,32,19,7
Nelson Piquet,137,381,1988,Hungaroring,11,32,13,8
Yannick Dalmas,114,381,1988,Hungaroring,11,33,17,9
Luis Pérez-Sala,159,381,1988,Hungaroring,11,18,11,10
Stefano Modena,131,381,1988,Hungaroring,11,43,26,11
Philippe Alliot,112,381,1988,Hungaroring,11,33,20,12
Gabriele Tarquini,99,381,1988,Hungaroring,11,42,22,13
Ayrton Senna,102,382,1988,Circuit de Spa-Francorchamps,13,1,1,1
Alain Prost,117,382,1988,Circuit de Spa-Francorchamps,13,1,2,2
Ivan Capelli,122,382,1988,Circuit de Spa-Francorchamps,13,37,14,3
Nelson Piquet,137,382,1988,Circuit de Spa-Francorchamps,13,32,9,4
Derek Warwick,118,382,1988,Circuit de Spa-Francorchamps,13,21,10,5
Eddie Cheever,158,382,1988,Circuit de Spa-Francorchamps,13,21,11,6
Martin Brundle,84,382,1988,Circuit de Spa-Francorchamps,13,3,12,7
Alex Caffi,133,382,1988,Circuit de Spa-Francorchamps,13,35,15,8
Philippe Alliot,112,382,1988,Circuit de Spa-Francorchamps,13,33,16,9
Philippe Streiff,166,382,1988,Circuit de Spa-Francorchamps,13,39,18,10
Stefan Johansson,140,382,1988,Circuit de Spa-Francorchamps,13,27,20,11
Jonathan Palmer,156,382,1988,Circuit de Spa-Francorchamps,13,25,21,12
Bernd Schneider,146,382,1988,Circuit de Spa-Francorchamps,13,48,25,13
Gerhard Berger,77,383,1988,Autodromo Nazionale di Monza,14,6,3,1
Michele Alboreto,105,383,1988,Autodromo Nazionale di Monza,14,6,4,2
Eddie Cheever,158,383,1988,Autodromo Nazionale di Monza,14,21,5,3
Derek Warwick,118,383,1988,Autodromo Nazionale di Monza,14,21,6,4
Ivan Capelli,122,383,1988,Autodromo Nazionale di Monza,14,37,11,5
Thierry Boutsen,123,383,1988,Autodromo Nazionale di Monza,14,22,8,6
Riccardo Patrese,119,383,1988,Autodromo Nazionale di Monza,14,3,10,7
Maurício Gugelmin,127,383,1988,Autodromo Nazionale di Monza,14,37,13,8
Alessandro Nannini,145,383,1988,Autodromo Nazionale di Monza,14,22,9,9
Ayrton Senna,102,383,1988,Autodromo Nazionale di Monza,14,1,1,10
Jean-Louis Schlesser,168,383,1988,Autodromo Nazionale di Monza,14,3,22,11
Julian Bailey,141,383,1988,Autodromo Nazionale di Monza,14,25,26,12
René Arnoux,163,383,1988,Autodromo Nazionale di Monza,14,27,24,13
Alain Prost,117,384,1988,Autódromo do Estoril,27,1,1,1
Ivan Capelli,122,384,1988,Autódromo do Estoril,27,37,3,2
Thierry Boutsen,123,384,1988,Autódromo do Estoril,27,22,13,3
Derek Warwick,118,384,1988,Autódromo do Estoril,27,21,10,4
Michele Alboreto,105,384,1988,Autódromo do Estoril,27,6,7,5
Ayrton Senna,102,384,1988,Autódromo do Estoril,27,1,2,6
Alex Caffi,133,384,1988,Autódromo do Estoril,27,35,17,7
Luis Pérez-Sala,159,384,1988,Autódromo do Estoril,27,18,19,8
Philippe Streiff,166,384,1988,Autódromo do Estoril,27,39,21,9
René Arnoux,163,384,1988,Autódromo do Estoril,27,27,23,10
Gabriele Tarquini,99,384,1988,Autódromo do Estoril,27,42,26,11
Nicola Larini,78,384,1988,Autódromo do Estoril,27,44,25,12
Alain Prost,117,385,1988,Circuito de Jerez,26,1,2,1
Nigel Mansell,95,385,1988,Circuito de Jerez,26,3,3,2
Alessandro Nannini,145,385,1988,Circuito de Jerez,26,22,5,3
Ayrton Senna,102,385,1988,Circuito de Jerez,26,1,1,4
Riccardo Patrese,119,385,1988,Circuito de Jerez,26,3,7,5
Gerhard Berger,77,385,1988,Circuito de Jerez,26,6,8,6
Maurício Gugelmin,127,385,1988,Circuito de Jerez,26,37,11,7
Nelson Piquet,137,385,1988,Circuito de Jerez,26,32,9,8
Thierry Boutsen,123,385,1988,Circuito de Jerez,26,22,4,9
Alex Caffi,133,385,1988,Circuito de Jerez,26,35,18,10
Yannick Dalmas,114,385,1988,Circuito de Jerez,26,33,16,11
Luis Pérez-Sala,159,385,1988,Circuito de Jerez,26,18,24,12
Stefano Modena,131,385,1988,Circuito de Jerez,26,43,26,13
Philippe Alliot,112,385,1988,Circuito de Jerez,26,33,12,14
Ayrton Senna,102,386,1988,Suzuka Circuit,22,1,1,1
Alain Prost,117,386,1988,Suzuka Circuit,22,1,2,2
Thierry Boutsen,123,386,1988,Suzuka Circuit,22,22,10,3
Gerhard Berger,77,386,1988,Suzuka Circuit,22,6,3,4
Alessandro Nannini,145,386,1988,Suzuka Circuit,22,22,12,5
Riccardo Patrese,119,386,1988,Suzuka Circuit,22,3,11,6
Satoru Nakajima,138,386,1988,Suzuka Circuit,22,32,6,7
Philippe Streiff,166,386,1988,Suzuka Circuit,22,39,18,8
Philippe Alliot,112,386,1988,Suzuka Circuit,22,33,19,9
Maurício Gugelmin,127,386,1988,Suzuka Circuit,22,37,13,10
Michele Alboreto,105,386,1988,Suzuka Circuit,22,6,9,11
Jonathan Palmer,156,386,1988,Suzuka Circuit,22,25,16,12
Pierluigi Martini,94,386,1988,Suzuka Circuit,22,18,17,13
Julian Bailey,141,386,1988,Suzuka Circuit,22,25,26,14
Luis Pérez-Sala,159,386,1988,Suzuka Circuit,22,18,22,15
Aguri Suzuki,88,386,1988,Suzuka Circuit,22,33,20,16
René Arnoux,163,386,1988,Suzuka Circuit,22,27,23,17
Alain Prost,117,387,1988,Adelaide Street Circuit,29,1,2,1
Ayrton Senna,102,387,1988,Adelaide Street Circuit,29,1,1,2
Nelson Piquet,137,387,1988,Adelaide Street Circuit,29,32,5,3
Riccardo Patrese,119,387,1988,Adelaide Street Circuit,29,3,6,4
Thierry Boutsen,123,387,1988,Adelaide Street Circuit,29,22,10,5
Ivan Capelli,122,387,1988,Adelaide Street Circuit,29,37,9,6
Pierluigi Martini,94,387,1988,Adelaide Street Circuit,29,18,14,7
Andrea de Cesaris,110,387,1988,Adelaide Street Circuit,29,47,15,8
Stefan Johansson,140,387,1988,Adelaide Street Circuit,29,27,22,9
Philippe Alliot,112,387,1988,Adelaide Street Circuit,29,33,24,10
Philippe Streiff,166,387,1988,Adelaide Street Circuit,29,39,16,11
Alain Prost,117,388,1987,Autódromo Internacional Nelson Piquet,36,1,5,1
Nelson Piquet,137,388,1987,Autódromo Internacional Nelson Piquet,36,3,2,2
Stefan Johansson,140,388,1987,Autódromo Internacional Nelson Piquet,36,1,10,3
Gerhard Berger,77,388,1987,Autódromo Internacional Nelson Piquet,36,6,7,4
Thierry Boutsen,123,388,1987,Autódromo Internacional Nelson Piquet,36,22,6,5
Nigel Mansell,95,388,1987,Autódromo Internacional Nelson Piquet,36,3,1,6
Satoru Nakajima,138,388,1987,Autódromo Internacional Nelson Piquet,36,32,12,7
Michele Alboreto,105,388,1987,Autódromo Internacional Nelson Piquet,36,6,9,8
Christian Danner,157,388,1987,Autódromo Internacional Nelson Piquet,36,48,17,9
Jonathan Palmer,156,388,1987,Autódromo Internacional Nelson Piquet,36,25,18,10
Philippe Streiff,166,388,1987,Autódromo Internacional Nelson Piquet,36,25,20,11
Pascal Fabre,169,388,1987,Autódromo Internacional Nelson Piquet,36,39,22,12
Nigel Mansell,95,389,1987,Autodromo Enzo e Dino Ferrari,21,3,2,1
Ayrton Senna,102,389,1987,Autodromo Enzo e Dino Ferrari,21,32,1,2
Michele Alboreto,105,389,1987,Autodromo Enzo e Dino Ferrari,21,6,6,3
Stefan Johansson,140,389,1987,Autodromo Enzo e Dino Ferrari,21,1,8,4
Martin Brundle,84,389,1987,Autodromo Enzo e Dino Ferrari,21,48,14,5
Satoru Nakajima,138,389,1987,Autodromo Enzo e Dino Ferrari,21,32,12,6
Christian Danner,157,389,1987,Autodromo Enzo e Dino Ferrari,21,48,17,7
Philippe Streiff,166,389,1987,Autodromo Enzo e Dino Ferrari,21,25,20,8
Riccardo Patrese,119,389,1987,Autodromo Enzo e Dino Ferrari,21,34,7,9
Philippe Alliot,112,389,1987,Autodromo Enzo e Dino Ferrari,21,33,21,10
Derek Warwick,118,389,1987,Autodromo Enzo e Dino Ferrari,21,21,10,11
Alex Caffi,133,389,1987,Autodromo Enzo e Dino Ferrari,21,44,19,12
Pascal Fabre,169,389,1987,Autodromo Enzo e Dino Ferrari,21,39,24,13
Alain Prost,117,390,1987,Circuit de Spa-Francorchamps,13,1,6,1
Stefan Johansson,140,390,1987,Circuit de Spa-Francorchamps,13,1,10,2
Andrea de Cesaris,110,390,1987,Circuit de Spa-Francorchamps,13,34,13,3
Eddie Cheever,158,390,1987,Circuit de Spa-Francorchamps,13,21,11,4
Satoru Nakajima,138,390,1987,Circuit de Spa-Francorchamps,13,32,15,5
René Arnoux,163,390,1987,Circuit de Spa-Francorchamps,13,27,16,6
Piercarlo Ghinzani,160,390,1987,Circuit de Spa-Francorchamps,13,27,17,7
Philippe Alliot,112,390,1987,Circuit de Spa-Francorchamps,13,33,22,8
Philippe Streiff,166,390,1987,Circuit de Spa-Francorchamps,13,25,23,9
Pascal Fabre,169,390,1987,Circuit de Spa-Francorchamps,13,39,25,10
Ayrton Senna,102,391,1987,Circuit de Monaco,6,32,2,1
Nelson Piquet,137,391,1987,Circuit de Monaco,6,3,3,2
Michele Alboreto,105,391,1987,Circuit de Monaco,6,6,5,3
Gerhard Berger,77,391,1987,Circuit de Monaco,6,6,8,4
Jonathan Palmer,156,391,1987,Circuit de Monaco,6,25,15,5
Ivan Capelli,122,391,1987,Circuit de Monaco,6,37,19,6
Martin Brundle,84,391,1987,Circuit de Monaco,6,48,14,7
Teo Fabi,170,391,1987,Circuit de Monaco,6,22,12,8
Alain Prost,117,391,1987,Circuit de Monaco,6,1,4,9
Satoru Nakajima,138,391,1987,Circuit de Monaco,6,32,17,10
René Arnoux,163,391,1987,Circuit de Monaco,6,27,22,11
Piercarlo Ghinzani,160,391,1987,Circuit de Monaco,6,27,20,12
Pascal Fabre,169,391,1987,Circuit de Monaco,6,39,24,13
Ayrton Senna,102,392,1987,Detroit Street Circuit,37,32,2,1
Nelson Piquet,137,392,1987,Detroit Street Circuit,37,3,3,2
Alain Prost,117,392,1987,Detroit Street Circuit,37,1,5,3
Gerhard Berger,77,392,1987,Detroit Street Circuit,37,6,12,4
Nigel Mansell,95,392,1987,Detroit Street Circuit,37,3,1,5
Eddie Cheever,158,392,1987,Detroit Street Circuit,37,21,6,6
Stefan Johansson,140,392,1987,Detroit Street Circuit,37,1,11,7
Christian Danner,157,392,1987,Detroit Street Circuit,37,48,16,8
Riccardo Patrese,119,392,1987,Detroit Street Circuit,37,34,9,9
René Arnoux,163,392,1987,Detroit Street Circuit,37,27,21,10
Jonathan Palmer,156,392,1987,Detroit Street Circuit,37,25,13,11
Pascal Fabre,169,392,1987,Detroit Street Circuit,37,39,26,12
Nigel Mansell,95,393,1987,Circuit Paul Ricard,34,3,1,1
Nelson Piquet,137,393,1987,Circuit Paul Ricard,34,3,4,2
Alain Prost,117,393,1987,Circuit Paul Ricard,34,1,2,3
Ayrton Senna,102,393,1987,Circuit Paul Ricard,34,32,3,4
Teo Fabi,170,393,1987,Circuit Paul Ricard,34,22,7,5
Philippe Streiff,166,393,1987,Circuit Paul Ricard,34,25,25,6
Jonathan Palmer,156,393,1987,Circuit Paul Ricard,34,25,24,7
Stefan Johansson,140,393,1987,Circuit Paul Ricard,34,1,9,8
Pascal Fabre,169,393,1987,Circuit Paul Ricard,34,39,26,9
Nigel Mansell,95,394,1987,Silverstone Circuit,9,3,2,1
Nelson Piquet,137,394,1987,Silverstone Circuit,9,3,1,2
Ayrton Senna,102,394,1987,Silverstone Circuit,9,32,3,3
Satoru Nakajima,138,394,1987,Silverstone Circuit,9,32,12,4
Derek Warwick,118,394,1987,Silverstone Circuit,9,21,13,5
Teo Fabi,170,394,1987,Silverstone Circuit,9,22,6,6
Thierry Boutsen,123,394,1987,Silverstone Circuit,9,22,5,7
Jonathan Palmer,156,394,1987,Silverstone Circuit,9,25,23,8
Pascal Fabre,169,394,1987,Silverstone Circuit,9,39,25,9
Nelson Piquet,137,395,1987,Hockenheimring,10,3,4,1
Stefan Johansson,140,395,1987,Hockenheimring,10,1,8,2
Ayrton Senna,102,395,1987,Hockenheimring,10,32,2,3
Philippe Streiff,166,395,1987,Hockenheimring,10,25,22,4
Jonathan Palmer,156,395,1987,Hockenheimring,10,25,23,5
Philippe Alliot,112,395,1987,Hockenheimring,10,33,21,6
Alain Prost,117,395,1987,Hockenheimring,10,1,3,7
Nelson Piquet,137,396,1987,Hungaroring,11,3,3,1
Ayrton Senna,102,396,1987,Hungaroring,11,32,6,2
Alain Prost,117,396,1987,Hungaroring,11,1,4,3
Thierry Boutsen,123,396,1987,Hungaroring,11,22,7,4
Riccardo Patrese,119,396,1987,Hungaroring,11,34,10,5
Derek Warwick,118,396,1987,Hungaroring,11,21,9,6
Jonathan Palmer,156,396,1987,Hungaroring,11,25,16,7
Eddie Cheever,158,396,1987,Hungaroring,11,21,11,8
Philippe Streiff,166,396,1987,Hungaroring,11,25,14,9
Ivan Capelli,122,396,1987,Hungaroring,11,37,18,10
Alessandro Nannini,145,396,1987,Hungaroring,11,18,20,11
Piercarlo Ghinzani,160,396,1987,Hungaroring,11,27,25,12
Pascal Fabre,169,396,1987,Hungaroring,11,39,26,13
Nigel Mansell,95,396,1987,Hungaroring,11,3,1,14
Nigel Mansell,95,397,1987,Red Bull Ring,70,3,2,1
Nelson Piquet,137,397,1987,Red Bull Ring,70,3,1,2
Teo Fabi,170,397,1987,Red Bull Ring,70,22,5,3
Thierry Boutsen,123,397,1987,Red Bull Ring,70,22,4,4
Ayrton Senna,102,397,1987,Red Bull Ring,70,32,7,5
Alain Prost,117,397,1987,Red Bull Ring,70,1,9,6
Stefan Johansson,140,397,1987,Red Bull Ring,70,1,14,7
Piercarlo Ghinzani,160,397,1987,Red Bull Ring,70,27,18,8
Christian Danner,157,397,1987,Red Bull Ring,70,48,20,9
René Arnoux,163,397,1987,Red Bull Ring,70,27,16,10
Ivan Capelli,122,397,1987,Red Bull Ring,70,37,23,11
Philippe Alliot,112,397,1987,Red Bull Ring,70,33,22,12
Satoru Nakajima,138,397,1987,Red Bull Ring,70,32,13,13
Jonathan Palmer,156,397,1987,Red Bull Ring,70,25,24,14
Nelson Piquet,137,398,1987,Autodromo Nazionale di Monza,14,3,1,1
Ayrton Senna,102,398,1987,Autodromo Nazionale di Monza,14,32,4,2
Nigel Mansell,95,398,1987,Autodromo Nazionale di Monza,14,3,2,3
Gerhard Berger,77,398,1987,Autodromo Nazionale di Monza,14,6,3,4
Thierry Boutsen,123,398,1987,Autodromo Nazionale di Monza,14,22,6,5
Stefan Johansson,140,398,1987,Autodromo Nazionale di Monza,14,1,11,6
Teo Fabi,170,398,1987,Autodromo Nazionale di Monza,14,22,7,7
Piercarlo Ghinzani,160,398,1987,Autodromo Nazionale di Monza,14,27,19,8
Christian Danner,157,398,1987,Autodromo Nazionale di Monza,14,48,16,9
René Arnoux,163,398,1987,Autodromo Nazionale di Monza,14,27,15,10
Satoru Nakajima,138,398,1987,Autodromo Nazionale di Monza,14,32,14,11
Philippe Streiff,166,398,1987,Autodromo Nazionale di Monza,14,25,24,12
Ivan Capelli,122,398,1987,Autodromo Nazionale di Monza,14,37,25,13
Jonathan Palmer,156,398,1987,Autodromo Nazionale di Monza,14,25,22,14
Alain Prost,117,398,1987,Autodromo Nazionale di Monza,14,1,5,15
Alessandro Nannini,145,398,1987,Autodromo Nazionale di Monza,14,18,18,16
Alain Prost,117,399,1987,Autódromo do Estoril,27,1,3,1
Gerhard Berger,77,399,1987,Autódromo do Estoril,27,6,1,2
Nelson Piquet,137,399,1987,Autódromo do Estoril,27,3,4,3
Teo Fabi,170,399,1987,Autódromo do Estoril,27,22,10,4
Stefan Johansson,140,399,1987,Autódromo do Estoril,27,1,8,5
Eddie Cheever,158,399,1987,Autódromo do Estoril,27,21,11,6
Ayrton Senna,102,399,1987,Autódromo do Estoril,27,32,5,7
Satoru Nakajima,138,399,1987,Autódromo do Estoril,27,32,15,8
Ivan Capelli,122,399,1987,Autódromo do Estoril,27,37,22,9
Jonathan Palmer,156,399,1987,Autódromo do Estoril,27,25,24,10
Alessandro Nannini,145,399,1987,Autódromo do Estoril,27,18,14,11
Philippe Streiff,166,399,1987,Autódromo do Estoril,27,25,21,12
Derek Warwick,118,399,1987,Autódromo do Estoril,27,21,12,13
Thierry Boutsen,123,399,1987,Autódromo do Estoril,27,22,9,14
Nigel Mansell,95,400,1987,Circuito de Jerez,26,3,2,1
Alain Prost,117,400,1987,Circuito de Jerez,26,1,7,2
Stefan Johansson,140,400,1987,Circuito de Jerez,26,1,11,3
Nelson Piquet,137,400,1987,Circuito de Jerez,26,3,1,4
Ayrton Senna,102,400,1987,Circuito de Jerez,26,32,5,5
Philippe Alliot,112,400,1987,Circuito de Jerez,26,33,17,6
Philippe Streiff,166,400,1987,Circuito de Jerez,26,25,15,7
Eddie Cheever,158,400,1987,Circuito de Jerez,26,21,13,8
Satoru Nakajima,138,400,1987,Circuito de Jerez,26,32,18,9
Derek Warwick,118,400,1987,Circuito de Jerez,26,21,12,10
Martin Brundle,84,400,1987,Circuito de Jerez,26,48,20,11
Ivan Capelli,122,400,1987,Circuito de Jerez,26,37,19,12
Riccardo Patrese,119,400,1987,Circuito de Jerez,26,34,9,13
Adrián Campos,167,400,1987,Circuito de Jerez,26,18,24,14
Michele Alboreto,105,400,1987,Circuito de Jerez,26,6,4,15
Thierry Boutsen,123,400,1987,Circuito de Jerez,26,22,8,16
Nigel Mansell,95,401,1987,Autódromo Hermanos Rodríguez,32,3,1,1
Nelson Piquet,137,401,1987,Autódromo Hermanos Rodríguez,32,3,3,2
Riccardo Patrese,119,401,1987,Autódromo Hermanos Rodríguez,32,34,8,3
Eddie Cheever,158,401,1987,Autódromo Hermanos Rodríguez,32,21,13,4
Teo Fabi,170,401,1987,Autódromo Hermanos Rodríguez,32,22,6,5
Philippe Alliot,112,401,1987,Autódromo Hermanos Rodríguez,32,33,24,6
Jonathan Palmer,156,401,1987,Autódromo Hermanos Rodríguez,32,25,22,7
Philippe Streiff,166,401,1987,Autódromo Hermanos Rodríguez,32,25,25,8
Yannick Dalmas,114,401,1987,Autódromo Hermanos Rodríguez,32,33,23,9
Gerhard Berger,77,402,1987,Suzuka Circuit,22,6,1,1
Ayrton Senna,102,402,1987,Suzuka Circuit,22,32,7,2
Stefan Johansson,140,402,1987,Suzuka Circuit,22,1,9,3
Michele Alboreto,105,402,1987,Suzuka Circuit,22,6,4,4
Thierry Boutsen,123,402,1987,Suzuka Circuit,22,22,3,5
Satoru Nakajima,138,402,1987,Suzuka Circuit,22,32,11,6
Alain Prost,117,402,1987,Suzuka Circuit,22,1,2,7
Jonathan Palmer,156,402,1987,Suzuka Circuit,22,25,19,8
Eddie Cheever,158,402,1987,Suzuka Circuit,22,21,12,9
Derek Warwick,118,402,1987,Suzuka Circuit,22,21,13,10
Riccardo Patrese,119,402,1987,Suzuka Circuit,22,34,8,11
Philippe Streiff,166,402,1987,Suzuka Circuit,22,25,25,12
Piercarlo Ghinzani,160,402,1987,Suzuka Circuit,22,27,24,13
Yannick Dalmas,114,402,1987,Suzuka Circuit,22,33,22,14
Nelson Piquet,137,402,1987,Suzuka Circuit,22,3,5,15
Gerhard Berger,77,403,1987,Adelaide Street Circuit,29,6,1,1
Michele Alboreto,105,403,1987,Adelaide Street Circuit,29,6,6,2
Thierry Boutsen,123,403,1987,Adelaide Street Circuit,29,22,5,3
Jonathan Palmer,156,403,1987,Adelaide Street Circuit,29,25,19,4
Yannick Dalmas,114,403,1987,Adelaide Street Circuit,29,33,21,5
Roberto Moreno,90,403,1987,Adelaide Street Circuit,29,39,25,6
Christian Danner,157,403,1987,Adelaide Street Circuit,29,48,24,7
Andrea de Cesaris,110,403,1987,Adelaide Street Circuit,29,34,10,8
Riccardo Patrese,119,403,1987,Adelaide Street Circuit,29,3,7,9
Nelson Piquet,137,404,1986,Autódromo Internacional Nelson Piquet,36,3,2,1
Ayrton Senna,102,404,1986,Autódromo Internacional Nelson Piquet,36,32,1,2
Jacques Laffite,172,404,1986,Autódromo Internacional Nelson Piquet,36,27,5,3
René Arnoux,163,404,1986,Autódromo Internacional Nelson Piquet,36,27,4,4
Martin Brundle,84,404,1986,Autódromo Internacional Nelson Piquet,36,25,17,5
Gerhard Berger,77,404,1986,Autódromo Internacional Nelson Piquet,36,22,16,6
Philippe Streiff,166,404,1986,Autódromo Internacional Nelson Piquet,36,25,18,7
Elio de Angelis,173,404,1986,Autódromo Internacional Nelson Piquet,36,34,14,8
Johnny Dumfries,174,404,1986,Autódromo Internacional Nelson Piquet,36,32,11,9
Teo Fabi,170,404,1986,Autódromo Internacional Nelson Piquet,36,22,12,10
Ayrton Senna,102,405,1986,Circuito de Jerez,26,32,1,1
Nigel Mansell,95,405,1986,Circuito de Jerez,26,3,3,2
Alain Prost,117,405,1986,Circuito de Jerez,26,1,4,3
Keke Rosberg,177,405,1986,Circuito de Jerez,26,1,5,4
Teo Fabi,170,405,1986,Circuito de Jerez,26,22,9,5
Gerhard Berger,77,405,1986,Circuito de Jerez,26,22,7,6
Thierry Boutsen,123,405,1986,Circuito de Jerez,26,21,19,7
Patrick Tambay,175,405,1986,Circuito de Jerez,26,26,18,8
Alain Prost,117,406,1986,Autodromo Enzo e Dino Ferrari,21,1,4,1
Nelson Piquet,137,406,1986,Autodromo Enzo e Dino Ferrari,21,3,2,2
Gerhard Berger,77,406,1986,Autodromo Enzo e Dino Ferrari,21,22,9,3
Stefan Johansson,140,406,1986,Autodromo Enzo e Dino Ferrari,21,6,7,4
Keke Rosberg,177,406,1986,Autodromo Enzo e Dino Ferrari,21,1,6,5
Riccardo Patrese,119,406,1986,Autodromo Enzo e Dino Ferrari,21,34,16,6
Thierry Boutsen,123,406,1986,Autodromo Enzo e Dino Ferrari,21,21,12,7
Martin Brundle,84,406,1986,Autodromo Enzo e Dino Ferrari,21,25,13,8
Marc Surer,176,406,1986,Autodromo Enzo e Dino Ferrari,21,21,15,9
Michele Alboreto,105,406,1986,Autodromo Enzo e Dino Ferrari,21,6,5,10
Alain Prost,117,407,1986,Circuit de Monaco,6,1,1,1
Keke Rosberg,177,407,1986,Circuit de Monaco,6,1,9,2
Ayrton Senna,102,407,1986,Circuit de Monaco,6,32,3,3
Nigel Mansell,95,407,1986,Circuit de Monaco,6,3,2,4
René Arnoux,163,407,1986,Circuit de Monaco,6,27,12,5
Jacques Laffite,172,407,1986,Circuit de Monaco,6,27,7,6
Nelson Piquet,137,407,1986,Circuit de Monaco,6,3,11,7
Thierry Boutsen,123,407,1986,Circuit de Monaco,6,21,14,8
Marc Surer,176,407,1986,Circuit de Monaco,6,21,17,9
Stefan Johansson,140,407,1986,Circuit de Monaco,6,6,15,10
Philippe Streiff,166,407,1986,Circuit de Monaco,6,25,13,11
Jonathan Palmer,156,407,1986,Circuit de Monaco,6,48,19,12
Nigel Mansell,95,408,1986,Circuit de Spa-Francorchamps,13,3,5,1
Ayrton Senna,102,408,1986,Circuit de Spa-Francorchamps,13,32,4,2
Stefan Johansson,140,408,1986,Circuit de Spa-Francorchamps,13,6,11,3
Michele Alboreto,105,408,1986,Circuit de Spa-Francorchamps,13,6,9,4
Jacques Laffite,172,408,1986,Circuit de Spa-Francorchamps,13,27,17,5
Alain Prost,117,408,1986,Circuit de Spa-Francorchamps,13,1,3,6
Teo Fabi,170,408,1986,Circuit de Spa-Francorchamps,13,22,6,7
Riccardo Patrese,119,408,1986,Circuit de Spa-Francorchamps,13,34,15,8
Marc Surer,176,408,1986,Circuit de Spa-Francorchamps,13,21,21,9
Gerhard Berger,77,408,1986,Circuit de Spa-Francorchamps,13,22,2,10
Alan Jones,178,408,1986,Circuit de Spa-Francorchamps,13,26,16,11
Philippe Streiff,166,408,1986,Circuit de Spa-Francorchamps,13,25,18,12
Jonathan Palmer,156,408,1986,Circuit de Spa-Francorchamps,13,48,20,13
Nigel Mansell,95,409,1986,Circuit Gilles Villeneuve,7,3,1,1
Alain Prost,117,409,1986,Circuit Gilles Villeneuve,7,1,4,2
Nelson Piquet,137,409,1986,Circuit Gilles Villeneuve,7,3,3,3
Keke Rosberg,177,409,1986,Circuit Gilles Villeneuve,7,1,6,4
Ayrton Senna,102,409,1986,Circuit Gilles Villeneuve,7,32,2,5
René Arnoux,163,409,1986,Circuit Gilles Villeneuve,7,27,5,6
Jacques Laffite,172,409,1986,Circuit Gilles Villeneuve,7,27,8,7
Michele Alboreto,105,409,1986,Circuit Gilles Villeneuve,7,6,11,8
Martin Brundle,84,409,1986,Circuit Gilles Villeneuve,7,25,19,9
Alan Jones,178,409,1986,Circuit Gilles Villeneuve,7,26,13,10
Philippe Streiff,166,409,1986,Circuit Gilles Villeneuve,7,25,17,11
Huub Rothengatter,179,409,1986,Circuit Gilles Villeneuve,7,48,24,12
Ayrton Senna,102,410,1986,Detroit Street Circuit,37,32,1,1
Jacques Laffite,172,410,1986,Detroit Street Circuit,37,27,6,2
Alain Prost,117,410,1986,Detroit Street Circuit,37,1,7,3
Michele Alboreto,105,410,1986,Detroit Street Circuit,37,6,11,4
Nigel Mansell,95,410,1986,Detroit Street Circuit,37,3,2,5
Riccardo Patrese,119,410,1986,Detroit Street Circuit,37,34,8,6
Johnny Dumfries,174,410,1986,Detroit Street Circuit,37,32,14,7
Jonathan Palmer,156,410,1986,Detroit Street Circuit,37,48,20,8
Philippe Streiff,166,410,1986,Detroit Street Circuit,37,25,18,9
Derek Warwick,118,410,1986,Detroit Street Circuit,37,34,15,10
Nigel Mansell,95,411,1986,Circuit Paul Ricard,34,3,2,1
Alain Prost,117,411,1986,Circuit Paul Ricard,34,1,5,2
Nelson Piquet,137,411,1986,Circuit Paul Ricard,34,3,3,3
Keke Rosberg,177,411,1986,Circuit Paul Ricard,34,1,7,4
René Arnoux,163,411,1986,Circuit Paul Ricard,34,27,4,5
Jacques Laffite,172,411,1986,Circuit Paul Ricard,34,27,11,6
Riccardo Patrese,119,411,1986,Circuit Paul Ricard,34,34,16,7
Michele Alboreto,105,411,1986,Circuit Paul Ricard,34,6,9,8
Derek Warwick,118,411,1986,Circuit Paul Ricard,34,34,14,9
Martin Brundle,84,411,1986,Circuit Paul Ricard,34,25,15,10
Christian Danner,157,411,1986,Circuit Paul Ricard,34,21,18,11
Nigel Mansell,95,412,1986,Brands Hatch,38,3,2,1
Nelson Piquet,137,412,1986,Brands Hatch,38,3,1,2
Alain Prost,117,412,1986,Brands Hatch,38,1,6,3
René Arnoux,163,412,1986,Brands Hatch,38,27,8,4
Martin Brundle,84,412,1986,Brands Hatch,38,25,11,5
Philippe Streiff,166,412,1986,Brands Hatch,38,25,16,6
Johnny Dumfries,174,412,1986,Brands Hatch,38,32,10,7
Derek Warwick,118,412,1986,Brands Hatch,38,34,9,8
Jonathan Palmer,156,412,1986,Brands Hatch,38,48,22,9
Nelson Piquet,137,413,1986,Hockenheimring,10,3,5,1
Ayrton Senna,102,413,1986,Hockenheimring,10,32,3,2
Nigel Mansell,95,413,1986,Hockenheimring,10,3,6,3
René Arnoux,163,413,1986,Hockenheimring,10,27,8,4
Keke Rosberg,177,413,1986,Hockenheimring,10,1,1,5
Alain Prost,117,413,1986,Hockenheimring,10,1,2,6
Derek Warwick,118,413,1986,Hockenheimring,10,34,20,7
Patrick Tambay,175,413,1986,Hockenheimring,10,26,13,8
Alan Jones,178,413,1986,Hockenheimring,10,26,19,9
Gerhard Berger,77,413,1986,Hockenheimring,10,22,4,10
Stefan Johansson,140,413,1986,Hockenheimring,10,6,11,11
Allen Berg,180,413,1986,Hockenheimring,10,44,26,12
Nelson Piquet,137,414,1986,Hungaroring,11,3,2,1
Ayrton Senna,102,414,1986,Hungaroring,11,32,1,2
Nigel Mansell,95,414,1986,Hungaroring,11,3,4,3
Stefan Johansson,140,414,1986,Hungaroring,11,6,7,4
Johnny Dumfries,174,414,1986,Hungaroring,11,32,8,5
Martin Brundle,84,414,1986,Hungaroring,11,25,16,6
Patrick Tambay,175,414,1986,Hungaroring,11,26,6,7
Philippe Streiff,166,414,1986,Hungaroring,11,25,18,8
Philippe Alliot,112,414,1986,Hungaroring,11,27,12,9
Jonathan Palmer,156,414,1986,Hungaroring,11,48,24,10
Alain Prost,117,415,1986,Red Bull Ring,70,1,5,1
Michele Alboreto,105,415,1986,Red Bull Ring,70,6,9,2
Stefan Johansson,140,415,1986,Red Bull Ring,70,6,14,3
Alan Jones,178,415,1986,Red Bull Ring,70,26,16,4
Patrick Tambay,175,415,1986,Red Bull Ring,70,26,13,5
Christian Danner,157,415,1986,Red Bull Ring,70,21,22,6
Gerhard Berger,77,415,1986,Red Bull Ring,70,22,2,7
Huub Rothengatter,179,415,1986,Red Bull Ring,70,48,24,8
Keke Rosberg,177,415,1986,Red Bull Ring,70,1,3,9
René Arnoux,163,415,1986,Red Bull Ring,70,27,12,10
Piercarlo Ghinzani,160,415,1986,Red Bull Ring,70,44,25,11
Nelson Piquet,137,416,1986,Autodromo Nazionale di Monza,14,3,6,1
Nigel Mansell,95,416,1986,Autodromo Nazionale di Monza,14,3,3,2
Stefan Johansson,140,416,1986,Autodromo Nazionale di Monza,14,6,12,3
Keke Rosberg,177,416,1986,Autodromo Nazionale di Monza,14,1,8,4
Gerhard Berger,77,416,1986,Autodromo Nazionale di Monza,14,22,4,5
Alan Jones,178,416,1986,Autodromo Nazionale di Monza,14,26,18,6
Thierry Boutsen,123,416,1986,Autodromo Nazionale di Monza,14,21,13,7
Christian Danner,157,416,1986,Autodromo Nazionale di Monza,14,21,16,8
Philippe Streiff,166,416,1986,Autodromo Nazionale di Monza,14,25,23,9
Martin Brundle,84,416,1986,Autodromo Nazionale di Monza,14,25,20,10
Nigel Mansell,95,417,1986,Autódromo do Estoril,27,3,2,1
Alain Prost,117,417,1986,Autódromo do Estoril,27,1,3,2
Nelson Piquet,137,417,1986,Autódromo do Estoril,27,3,6,3
Ayrton Senna,102,417,1986,Autódromo do Estoril,27,32,1,4
Michele Alboreto,105,417,1986,Autódromo do Estoril,27,6,13,5
Stefan Johansson,140,417,1986,Autódromo do Estoril,27,6,8,6
René Arnoux,163,417,1986,Autódromo do Estoril,27,27,10,7
Teo Fabi,170,417,1986,Autódromo do Estoril,27,22,5,8
Johnny Dumfries,174,417,1986,Autódromo do Estoril,27,32,15,9
Thierry Boutsen,123,417,1986,Autódromo do Estoril,27,21,21,10
Christian Danner,157,417,1986,Autódromo do Estoril,27,21,22,11
Jonathan Palmer,156,417,1986,Autódromo do Estoril,27,48,20,12
Allen Berg,180,417,1986,Autódromo do Estoril,27,44,27,13
Gerhard Berger,77,418,1986,Autódromo Hermanos Rodríguez,32,22,4,1
Alain Prost,117,418,1986,Autódromo Hermanos Rodríguez,32,1,6,2
Ayrton Senna,102,418,1986,Autódromo Hermanos Rodríguez,32,32,1,3
Nelson Piquet,137,418,1986,Autódromo Hermanos Rodríguez,32,3,2,4
Nigel Mansell,95,418,1986,Autódromo Hermanos Rodríguez,32,3,3,5
Philippe Alliot,112,418,1986,Autódromo Hermanos Rodríguez,32,27,10,6
Thierry Boutsen,123,418,1986,Autódromo Hermanos Rodríguez,32,21,21,7
Andrea de Cesaris,110,418,1986,Autódromo Hermanos Rodríguez,32,18,22,8
Christian Danner,157,418,1986,Autódromo Hermanos Rodríguez,32,21,20,9
Jonathan Palmer,156,418,1986,Autódromo Hermanos Rodríguez,32,48,18,10
Martin Brundle,84,418,1986,Autódromo Hermanos Rodríguez,32,25,16,11
Stefan Johansson,140,418,1986,Autódromo Hermanos Rodríguez,32,6,14,12
Riccardo Patrese,119,418,1986,Autódromo Hermanos Rodríguez,32,34,5,13
Alessandro Nannini,145,418,1986,Autódromo Hermanos Rodríguez,32,18,24,14
René Arnoux,163,418,1986,Autódromo Hermanos Rodríguez,32,27,13,15
Allen Berg,180,418,1986,Autódromo Hermanos Rodríguez,32,44,26,16
Alain Prost,117,419,1986,Adelaide Street Circuit,29,1,4,1
Nelson Piquet,137,419,1986,Adelaide Street Circuit,29,3,2,2
Stefan Johansson,140,419,1986,Adelaide Street Circuit,29,6,12,3
Martin Brundle,84,419,1986,Adelaide Street Circuit,29,25,16,4
Philippe Streiff,166,419,1986,Adelaide Street Circuit,29,25,10,5
Johnny Dumfries,174,419,1986,Adelaide Street Circuit,29,32,14,6
René Arnoux,163,419,1986,Adelaide Street Circuit,29,27,5,7
Philippe Alliot,112,419,1986,Adelaide Street Circuit,29,27,8,8
Jonathan Palmer,156,419,1986,Adelaide Street Circuit,29,48,21,9
Teo Fabi,170,419,1986,Adelaide Street Circuit,29,22,13,10
Alain Prost,117,420,1985,Autódromo Internacional Nelson Piquet,36,1,6,1
Michele Alboreto,105,420,1985,Autódromo Internacional Nelson Piquet,36,6,1,2
Elio de Angelis,173,420,1985,Autódromo Internacional Nelson Piquet,36,32,3,3
René Arnoux,163,420,1985,Autódromo Internacional Nelson Piquet,36,6,7,4
Patrick Tambay,175,420,1985,Autódromo Internacional Nelson Piquet,36,4,11,5
Jacques Laffite,172,420,1985,Autódromo Internacional Nelson Piquet,36,27,15,6
Stefan Johansson,140,420,1985,Autódromo Internacional Nelson Piquet,36,25,23,7
Martin Brundle,84,420,1985,Autódromo Internacional Nelson Piquet,36,25,21,8
Philippe Alliot,112,420,1985,Autódromo Internacional Nelson Piquet,36,49,20,9
Derek Warwick,118,420,1985,Autódromo Internacional Nelson Piquet,36,4,10,10
Thierry Boutsen,123,420,1985,Autódromo Internacional Nelson Piquet,36,21,12,11
Piercarlo Ghinzani,160,420,1985,Autódromo Internacional Nelson Piquet,36,44,22,12
Manfred Winkelhock,181,420,1985,Autódromo Internacional Nelson Piquet,36,49,16,13
Ayrton Senna,102,421,1985,Autódromo do Estoril,27,32,1,1
Michele Alboreto,105,421,1985,Autódromo do Estoril,27,6,5,2
Patrick Tambay,175,421,1985,Autódromo do Estoril,27,4,12,3
Elio de Angelis,173,421,1985,Autódromo do Estoril,27,32,4,4
Nigel Mansell,95,421,1985,Autódromo do Estoril,27,3,9,5
Stefan Bellof,185,421,1985,Autódromo do Estoril,27,25,21,6
Derek Warwick,118,421,1985,Autódromo do Estoril,27,4,6,7
Stefan Johansson,140,421,1985,Autódromo do Estoril,27,6,11,8
Piercarlo Ghinzani,160,421,1985,Autódromo do Estoril,27,44,26,9
Elio de Angelis,173,422,1985,Autodromo Enzo e Dino Ferrari,21,32,3,1
Thierry Boutsen,123,422,1985,Autodromo Enzo e Dino Ferrari,21,21,5,2
Patrick Tambay,175,422,1985,Autodromo Enzo e Dino Ferrari,21,4,11,3
Niki Lauda,182,422,1985,Autodromo Enzo e Dino Ferrari,21,1,8,4
Nigel Mansell,95,422,1985,Autodromo Enzo e Dino Ferrari,21,3,7,5
Stefan Johansson,140,422,1985,Autodromo Enzo e Dino Ferrari,21,6,15,6
Ayrton Senna,102,422,1985,Autodromo Enzo e Dino Ferrari,21,32,1,7
Nelson Piquet,137,422,1985,Autodromo Enzo e Dino Ferrari,21,34,9,8
Martin Brundle,84,422,1985,Autodromo Enzo e Dino Ferrari,21,25,25,9
Derek Warwick,118,422,1985,Autodromo Enzo e Dino Ferrari,21,4,14,10
Alain Prost,117,423,1985,Circuit de Monaco,6,1,5,1
Michele Alboreto,105,423,1985,Circuit de Monaco,6,6,3,2
Elio de Angelis,173,423,1985,Circuit de Monaco,6,32,9,3
Andrea de Cesaris,110,423,1985,Circuit de Monaco,6,27,8,4
Derek Warwick,118,423,1985,Circuit de Monaco,6,4,10,5
Jacques Laffite,172,423,1985,Circuit de Monaco,6,27,16,6
Nigel Mansell,95,423,1985,Circuit de Monaco,6,3,2,7
Keke Rosberg,177,423,1985,Circuit de Monaco,6,3,7,8
Thierry Boutsen,123,423,1985,Circuit de Monaco,6,21,6,9
Martin Brundle,84,423,1985,Circuit de Monaco,6,25,18,10
Jonathan Palmer,156,423,1985,Circuit de Monaco,6,48,19,11
Michele Alboreto,105,424,1985,Circuit Gilles Villeneuve,7,6,3,1
Stefan Johansson,140,424,1985,Circuit Gilles Villeneuve,7,6,4,2
Alain Prost,117,424,1985,Circuit Gilles Villeneuve,7,1,5,3
Keke Rosberg,177,424,1985,Circuit Gilles Villeneuve,7,3,8,4
Elio de Angelis,173,424,1985,Circuit Gilles Villeneuve,7,32,1,5
Nigel Mansell,95,424,1985,Circuit Gilles Villeneuve,7,3,16,6
Patrick Tambay,175,424,1985,Circuit Gilles Villeneuve,7,4,10,7
Jacques Laffite,172,424,1985,Circuit Gilles Villeneuve,7,27,19,8
Thierry Boutsen,123,424,1985,Circuit Gilles Villeneuve,7,21,7,9
Riccardo Patrese,119,424,1985,Circuit Gilles Villeneuve,7,50,13,10
Stefan Bellof,185,424,1985,Circuit Gilles Villeneuve,7,25,23,11
Martin Brundle,84,424,1985,Circuit Gilles Villeneuve,7,25,24,12
Gerhard Berger,77,424,1985,Circuit Gilles Villeneuve,7,21,12,13
Andrea de Cesaris,110,424,1985,Circuit Gilles Villeneuve,7,27,15,14
Marc Surer,176,424,1985,Circuit Gilles Villeneuve,7,34,20,15
Ayrton Senna,102,424,1985,Circuit Gilles Villeneuve,7,32,2,16
Eddie Cheever,158,424,1985,Circuit Gilles Villeneuve,7,50,11,17
Keke Rosberg,177,425,1985,Detroit Street Circuit,37,3,5,1
Stefan Johansson,140,425,1985,Detroit Street Circuit,37,6,9,2
Michele Alboreto,105,425,1985,Detroit Street Circuit,37,6,3,3
Stefan Bellof,185,425,1985,Detroit Street Circuit,37,25,19,4
Elio de Angelis,173,425,1985,Detroit Street Circuit,37,32,8,5
Nelson Piquet,137,425,1985,Detroit Street Circuit,37,34,10,6
Thierry Boutsen,123,425,1985,Detroit Street Circuit,37,21,21,7
Marc Surer,176,425,1985,Detroit Street Circuit,37,34,11,8
Eddie Cheever,158,425,1985,Detroit Street Circuit,37,50,7,9
Andrea de Cesaris,110,425,1985,Detroit Street Circuit,37,27,17,10
Gerhard Berger,77,425,1985,Detroit Street Circuit,37,21,24,11
Jacques Laffite,172,425,1985,Detroit Street Circuit,37,27,16,12
Nelson Piquet,137,426,1985,Circuit Paul Ricard,34,34,5,1
Keke Rosberg,177,426,1985,Circuit Paul Ricard,34,3,1,2
Alain Prost,117,426,1985,Circuit Paul Ricard,34,1,4,3
Stefan Johansson,140,426,1985,Circuit Paul Ricard,34,6,16,4
Elio de Angelis,173,426,1985,Circuit Paul Ricard,34,32,7,5
Patrick Tambay,175,426,1985,Circuit Paul Ricard,34,4,10,6
Derek Warwick,118,426,1985,Circuit Paul Ricard,34,4,11,7
Marc Surer,176,426,1985,Circuit Paul Ricard,34,34,14,8
Thierry Boutsen,123,426,1985,Circuit Paul Ricard,34,21,12,9
Eddie Cheever,158,426,1985,Circuit Paul Ricard,34,50,18,10
Riccardo Patrese,119,426,1985,Circuit Paul Ricard,34,50,17,11
Manfred Winkelhock,181,426,1985,Circuit Paul Ricard,34,49,20,12
Stefan Bellof,185,426,1985,Circuit Paul Ricard,34,25,26,13
Teo Fabi,170,426,1985,Circuit Paul Ricard,34,52,19,14
Piercarlo Ghinzani,160,426,1985,Circuit Paul Ricard,34,44,24,15
Alain Prost,117,427,1985,Silverstone Circuit,9,1,3,1
Michele Alboreto,105,427,1985,Silverstone Circuit,9,6,6,2
Jacques Laffite,172,427,1985,Silverstone Circuit,9,27,16,3
Nelson Piquet,137,427,1985,Silverstone Circuit,9,34,2,4
Derek Warwick,118,427,1985,Silverstone Circuit,9,4,12,5
Marc Surer,176,427,1985,Silverstone Circuit,9,34,15,6
Martin Brundle,84,427,1985,Silverstone Circuit,9,25,20,7
Gerhard Berger,77,427,1985,Silverstone Circuit,9,21,17,8
Riccardo Patrese,119,427,1985,Silverstone Circuit,9,50,14,9
Ayrton Senna,102,427,1985,Silverstone Circuit,9,32,4,10
Stefan Bellof,185,427,1985,Silverstone Circuit,9,25,26,11
Michele Alboreto,105,428,1985,Nürburgring,20,6,8,1
Alain Prost,117,428,1985,Nürburgring,20,1,3,2
Jacques Laffite,172,428,1985,Nürburgring,20,27,13,3
Thierry Boutsen,123,428,1985,Nürburgring,20,21,15,4
Niki Lauda,182,428,1985,Nürburgring,20,1,12,5
Nigel Mansell,95,428,1985,Nürburgring,20,3,10,6
Gerhard Berger,77,428,1985,Nürburgring,20,21,17,7
Stefan Bellof,185,428,1985,Nürburgring,20,25,19,8
Stefan Johansson,140,428,1985,Nürburgring,20,6,2,9
Martin Brundle,84,428,1985,Nürburgring,20,25,26,10
Pierluigi Martini,94,428,1985,Nürburgring,20,18,27,11
Keke Rosberg,177,428,1985,Nürburgring,20,3,4,12
Alain Prost,117,429,1985,Red Bull Ring,70,1,1,1
Ayrton Senna,102,429,1985,Red Bull Ring,70,32,14,2
Michele Alboreto,105,429,1985,Red Bull Ring,70,6,9,3
Stefan Johansson,140,429,1985,Red Bull Ring,70,6,12,4
Elio de Angelis,173,429,1985,Red Bull Ring,70,32,7,5
Marc Surer,176,429,1985,Red Bull Ring,70,34,11,6
Stefan Bellof,185,429,1985,Red Bull Ring,70,25,22,7
Thierry Boutsen,123,429,1985,Red Bull Ring,70,21,16,8
Huub Rothengatter,179,429,1985,Red Bull Ring,70,44,24,9
Patrick Tambay,175,429,1985,Red Bull Ring,70,4,8,10
Niki Lauda,182,430,1985,Circuit Park Zandvoort,39,1,10,1
Alain Prost,117,430,1985,Circuit Park Zandvoort,39,1,3,2
Ayrton Senna,102,430,1985,Circuit Park Zandvoort,39,32,4,3
Michele Alboreto,105,430,1985,Circuit Park Zandvoort,39,6,16,4
Elio de Angelis,173,430,1985,Circuit Park Zandvoort,39,32,11,5
Nigel Mansell,95,430,1985,Circuit Park Zandvoort,39,3,7,6
Martin Brundle,84,430,1985,Circuit Park Zandvoort,39,25,21,7
Nelson Piquet,137,430,1985,Circuit Park Zandvoort,39,34,1,8
Gerhard Berger,77,430,1985,Circuit Park Zandvoort,39,21,14,9
Marc Surer,176,430,1985,Circuit Park Zandvoort,39,34,9,10
Alain Prost,117,431,1985,Autodromo Nazionale di Monza,14,1,5,1
Nelson Piquet,137,431,1985,Autodromo Nazionale di Monza,14,34,4,2
Ayrton Senna,102,431,1985,Autodromo Nazionale di Monza,14,32,1,3
Marc Surer,176,431,1985,Autodromo Nazionale di Monza,14,34,9,4
Stefan Johansson,140,431,1985,Autodromo Nazionale di Monza,14,6,10,5
Elio de Angelis,173,431,1985,Autodromo Nazionale di Monza,14,32,6,6
Patrick Tambay,175,431,1985,Autodromo Nazionale di Monza,14,4,8,7
Martin Brundle,84,431,1985,Autodromo Nazionale di Monza,14,25,18,8
Thierry Boutsen,123,431,1985,Autodromo Nazionale di Monza,14,21,14,9
Philippe Streiff,166,431,1985,Autodromo Nazionale di Monza,14,27,19,10
Nigel Mansell,95,431,1985,Autodromo Nazionale di Monza,14,3,3,11
Teo Fabi,170,431,1985,Autodromo Nazionale di Monza,14,52,15,12
Michele Alboreto,105,431,1985,Autodromo Nazionale di Monza,14,6,7,13
Ayrton Senna,102,432,1985,Circuit de Spa-Francorchamps,13,32,2,1
Nigel Mansell,95,432,1985,Circuit de Spa-Francorchamps,13,3,7,2
Alain Prost,117,432,1985,Circuit de Spa-Francorchamps,13,1,1,3
Keke Rosberg,177,432,1985,Circuit de Spa-Francorchamps,13,3,10,4
Nelson Piquet,137,432,1985,Circuit de Spa-Francorchamps,13,34,3,5
Derek Warwick,118,432,1985,Circuit de Spa-Francorchamps,13,4,14,6
Gerhard Berger,77,432,1985,Circuit de Spa-Francorchamps,13,21,8,7
Marc Surer,176,432,1985,Circuit de Spa-Francorchamps,13,34,12,8
Philippe Streiff,166,432,1985,Circuit de Spa-Francorchamps,13,27,18,9
Thierry Boutsen,123,432,1985,Circuit de Spa-Francorchamps,13,21,9,10
Jacques Laffite,172,432,1985,Circuit de Spa-Francorchamps,13,27,17,11
Pierluigi Martini,94,432,1985,Circuit de Spa-Francorchamps,13,18,24,12
Martin Brundle,84,432,1985,Circuit de Spa-Francorchamps,13,25,21,13
Nigel Mansell,95,433,1985,Brands Hatch,38,3,3,1
Ayrton Senna,102,433,1985,Brands Hatch,38,32,1,2
Keke Rosberg,177,433,1985,Brands Hatch,38,3,4,3
Alain Prost,117,433,1985,Brands Hatch,38,1,6,4
Elio de Angelis,173,433,1985,Brands Hatch,38,32,9,5
Thierry Boutsen,123,433,1985,Brands Hatch,38,21,12,6
John Watson,187,433,1985,Brands Hatch,38,1,21,7
Philippe Streiff,166,433,1985,Brands Hatch,38,27,5,8
Riccardo Patrese,119,433,1985,Brands Hatch,38,50,11,9
Gerhard Berger,77,433,1985,Brands Hatch,38,21,19,10
Eddie Cheever,158,433,1985,Brands Hatch,38,50,18,11
Patrick Tambay,175,433,1985,Brands Hatch,38,4,17,12
Marc Surer,176,433,1985,Brands Hatch,38,34,7,13
Nigel Mansell,95,434,1985,Kyalami,30,3,1,1
Keke Rosberg,177,434,1985,Kyalami,30,3,3,2
Alain Prost,117,434,1985,Kyalami,30,1,9,3
Stefan Johansson,140,434,1985,Kyalami,30,6,16,4
Gerhard Berger,77,434,1985,Kyalami,30,21,11,5
Thierry Boutsen,123,434,1985,Kyalami,30,21,10,6
Martin Brundle,84,434,1985,Kyalami,30,25,17,7
Keke Rosberg,177,435,1985,Adelaide Street Circuit,29,3,3,1
Jacques Laffite,172,435,1985,Adelaide Street Circuit,29,27,20,2
Philippe Streiff,166,435,1985,Adelaide Street Circuit,29,27,18,3
Ivan Capelli,122,435,1985,Adelaide Street Circuit,29,25,22,4
Stefan Johansson,140,435,1985,Adelaide Street Circuit,29,6,15,5
Gerhard Berger,77,435,1985,Adelaide Street Circuit,29,21,7,6
Huub Rothengatter,179,435,1985,Adelaide Street Circuit,29,44,25,7
Pierluigi Martini,94,435,1985,Adelaide Street Circuit,29,18,23,8
Alain Prost,117,436,1984,Autódromo Internacional Nelson Piquet,36,1,4,1
Keke Rosberg,177,436,1984,Autódromo Internacional Nelson Piquet,36,3,9,2
Elio de Angelis,173,436,1984,Autódromo Internacional Nelson Piquet,36,32,1,3
Eddie Cheever,158,436,1984,Autódromo Internacional Nelson Piquet,36,50,12,4
Patrick Tambay,175,436,1984,Autódromo Internacional Nelson Piquet,36,4,8,5
Thierry Boutsen,123,436,1984,Autódromo Internacional Nelson Piquet,36,21,20,6
Marc Surer,176,436,1984,Autódromo Internacional Nelson Piquet,36,21,24,7
Jonathan Palmer,156,436,1984,Autódromo Internacional Nelson Piquet,36,49,26,8
Niki Lauda,182,437,1984,Kyalami,30,1,8,1
Alain Prost,117,437,1984,Kyalami,30,1,5,2
Derek Warwick,118,437,1984,Kyalami,30,4,9,3
Riccardo Patrese,119,437,1984,Kyalami,30,50,18,4
Andrea de Cesaris,110,437,1984,Kyalami,30,27,14,5
Ayrton Senna,102,437,1984,Kyalami,30,52,13,6
Elio de Angelis,173,437,1984,Kyalami,30,32,7,7
Mauro Baldi,184,437,1984,Kyalami,30,51,20,8
Marc Surer,176,437,1984,Kyalami,30,21,23,9
François Hesnault,183,437,1984,Kyalami,30,27,17,10
Michele Alboreto,105,437,1984,Kyalami,30,6,10,11
Thierry Boutsen,123,437,1984,Kyalami,30,21,26,12
Michele Alboreto,105,438,1984,Zolder,40,6,1,1
Derek Warwick,118,438,1984,Zolder,40,4,4,2
René Arnoux,163,438,1984,Zolder,40,6,2,3
Keke Rosberg,177,438,1984,Zolder,40,3,3,4
Elio de Angelis,173,438,1984,Zolder,40,32,5,5
Ayrton Senna,102,438,1984,Zolder,40,52,19,6
Patrick Tambay,175,438,1984,Zolder,40,4,12,7
Marc Surer,176,438,1984,Zolder,40,21,24,8
Nelson Piquet,137,438,1984,Zolder,40,34,9,9
Jonathan Palmer,156,438,1984,Zolder,40,49,26,10
Alain Prost,117,439,1984,Autodromo Enzo e Dino Ferrari,21,1,2,1
René Arnoux,163,439,1984,Autodromo Enzo e Dino Ferrari,21,6,6,2
Elio de Angelis,173,439,1984,Autodromo Enzo e Dino Ferrari,21,32,11,3
Derek Warwick,118,439,1984,Autodromo Enzo e Dino Ferrari,21,4,4,4
Thierry Boutsen,123,439,1984,Autodromo Enzo e Dino Ferrari,21,21,20,5
Andrea de Cesaris,110,439,1984,Autodromo Enzo e Dino Ferrari,21,27,12,6
Eddie Cheever,158,439,1984,Autodromo Enzo e Dino Ferrari,21,50,8,7
Mauro Baldi,184,439,1984,Autodromo Enzo e Dino Ferrari,21,51,24,8
Jonathan Palmer,156,439,1984,Autodromo Enzo e Dino Ferrari,21,49,25,9
Niki Lauda,182,440,1984,Dijon-Prenois,41,1,9,1
Patrick Tambay,175,440,1984,Dijon-Prenois,41,4,1,2
Nigel Mansell,95,440,1984,Dijon-Prenois,41,32,6,3
René Arnoux,163,440,1984,Dijon-Prenois,41,6,11,4
Elio de Angelis,173,440,1984,Dijon-Prenois,41,32,2,5
Keke Rosberg,177,440,1984,Dijon-Prenois,41,3,4,6
Alain Prost,117,440,1984,Dijon-Prenois,41,1,5,7
Jacques Laffite,172,440,1984,Dijon-Prenois,41,3,12,8
Teo Fabi,170,440,1984,Dijon-Prenois,41,34,17,9
Andrea de Cesaris,110,440,1984,Dijon-Prenois,41,27,26,10
Thierry Boutsen,123,440,1984,Dijon-Prenois,41,21,14,11
Piercarlo Ghinzani,160,440,1984,Dijon-Prenois,41,44,25,12
Jonathan Palmer,156,440,1984,Dijon-Prenois,41,49,21,13
Alain Prost,117,441,1984,Circuit de Monaco,6,1,1,1
Ayrton Senna,102,441,1984,Circuit de Monaco,6,52,13,2
René Arnoux,163,441,1984,Circuit de Monaco,6,6,3,3
Keke Rosberg,177,441,1984,Circuit de Monaco,6,3,10,4
Elio de Angelis,173,441,1984,Circuit de Monaco,6,32,11,5
Michele Alboreto,105,441,1984,Circuit de Monaco,6,6,4,6
Piercarlo Ghinzani,160,441,1984,Circuit de Monaco,6,44,19,7
Jacques Laffite,172,441,1984,Circuit de Monaco,6,3,16,8
Nelson Piquet,137,442,1984,Circuit Gilles Villeneuve,7,34,1,1
Niki Lauda,182,442,1984,Circuit Gilles Villeneuve,7,1,8,2
Alain Prost,117,442,1984,Circuit Gilles Villeneuve,7,1,2,3
Elio de Angelis,173,442,1984,Circuit Gilles Villeneuve,7,32,3,4
René Arnoux,163,442,1984,Circuit Gilles Villeneuve,7,6,5,5
Nigel Mansell,95,442,1984,Circuit Gilles Villeneuve,7,32,7,6
Ayrton Senna,102,442,1984,Circuit Gilles Villeneuve,7,52,9,7
Manfred Winkelhock,181,442,1984,Circuit Gilles Villeneuve,7,53,12,8
Johnny Cecotto,188,442,1984,Circuit Gilles Villeneuve,7,52,20,9
Philippe Alliot,112,442,1984,Circuit Gilles Villeneuve,7,49,26,10
Eddie Cheever,158,442,1984,Circuit Gilles Villeneuve,7,50,11,11
Nelson Piquet,137,443,1984,Detroit Street Circuit,37,34,1,1
Elio de Angelis,173,443,1984,Detroit Street Circuit,37,32,5,2
Teo Fabi,170,443,1984,Detroit Street Circuit,37,34,23,3
Alain Prost,117,443,1984,Detroit Street Circuit,37,1,2,4
Jacques Laffite,172,443,1984,Detroit Street Circuit,37,3,19,5
Keke Rosberg,177,444,1984,Fair Park,42,3,8,1
René Arnoux,163,444,1984,Fair Park,42,6,4,2
Elio de Angelis,173,444,1984,Fair Park,42,32,2,3
Jacques Laffite,172,444,1984,Fair Park,42,3,24,4
Piercarlo Ghinzani,160,444,1984,Fair Park,42,44,18,5
Nigel Mansell,95,444,1984,Fair Park,42,32,1,6
Corrado Fabi,190,444,1984,Fair Park,42,34,11,7
Manfred Winkelhock,181,444,1984,Fair Park,42,53,13,8
Niki Lauda,182,445,1984,Brands Hatch,38,1,3,1
Derek Warwick,118,445,1984,Brands Hatch,38,4,6,2
Ayrton Senna,102,445,1984,Brands Hatch,38,52,7,3
Elio de Angelis,173,445,1984,Brands Hatch,38,32,4,4
Michele Alboreto,105,445,1984,Brands Hatch,38,6,9,5
René Arnoux,163,445,1984,Brands Hatch,38,6,13,6
Nelson Piquet,137,445,1984,Brands Hatch,38,34,1,7
Patrick Tambay,175,445,1984,Brands Hatch,38,4,10,8
Piercarlo Ghinzani,160,445,1984,Brands Hatch,38,44,21,9
Andrea de Cesaris,110,445,1984,Brands Hatch,38,27,19,10
Marc Surer,176,445,1984,Brands Hatch,38,21,15,11
Riccardo Patrese,119,445,1984,Brands Hatch,38,50,17,12
Alain Prost,117,446,1984,Hockenheimring,10,1,1,1
Niki Lauda,182,446,1984,Hockenheimring,10,1,7,2
Derek Warwick,118,446,1984,Hockenheimring,10,4,3,3
Nigel Mansell,95,446,1984,Hockenheimring,10,32,16,4
Patrick Tambay,175,446,1984,Hockenheimring,10,4,4,5
René Arnoux,163,446,1984,Hockenheimring,10,6,10,6
Andrea de Cesaris,110,446,1984,Hockenheimring,10,27,11,7
François Hesnault,183,446,1984,Hockenheimring,10,27,17,8
Huub Rothengatter,179,446,1984,Hockenheimring,10,51,24,9
Niki Lauda,182,447,1984,Red Bull Ring,70,1,4,1
Nelson Piquet,137,447,1984,Red Bull Ring,70,34,1,2
Michele Alboreto,105,447,1984,Red Bull Ring,70,6,12,3
Teo Fabi,170,447,1984,Red Bull Ring,70,34,7,4
Thierry Boutsen,123,447,1984,Red Bull Ring,70,21,17,5
Marc Surer,176,447,1984,Red Bull Ring,70,21,19,6
René Arnoux,163,447,1984,Red Bull Ring,70,6,15,7
François Hesnault,183,447,1984,Red Bull Ring,70,27,21,8
Jonathan Palmer,156,447,1984,Red Bull Ring,70,49,24,9
Riccardo Patrese,119,447,1984,Red Bull Ring,70,50,13,10
Philippe Alliot,112,447,1984,Red Bull Ring,70,49,25,11
Gerhard Berger,77,447,1984,Red Bull Ring,70,53,20,12
Alain Prost,117,448,1984,Circuit Park Zandvoort,39,1,1,1
Niki Lauda,182,448,1984,Circuit Park Zandvoort,39,1,6,2
Nigel Mansell,95,448,1984,Circuit Park Zandvoort,39,32,12,3
Elio de Angelis,173,448,1984,Circuit Park Zandvoort,39,32,3,4
Teo Fabi,170,448,1984,Circuit Park Zandvoort,39,34,10,5
Patrick Tambay,175,448,1984,Circuit Park Zandvoort,39,4,5,6
François Hesnault,183,448,1984,Circuit Park Zandvoort,39,27,20,7
Keke Rosberg,177,448,1984,Circuit Park Zandvoort,39,3,7,8
Jonathan Palmer,156,448,1984,Circuit Park Zandvoort,39,49,22,9
Philippe Alliot,112,448,1984,Circuit Park Zandvoort,39,49,26,10
René Arnoux,163,448,1984,Circuit Park Zandvoort,39,6,15,11
Jo Gartner,189,448,1984,Circuit Park Zandvoort,39,44,23,12
Eddie Cheever,158,448,1984,Circuit Park Zandvoort,39,50,17,13
Niki Lauda,182,449,1984,Autodromo Nazionale di Monza,14,1,4,1
Michele Alboreto,105,449,1984,Autodromo Nazionale di Monza,14,6,11,2
Riccardo Patrese,119,449,1984,Autodromo Nazionale di Monza,14,50,9,3
Stefan Johansson,140,449,1984,Autodromo Nazionale di Monza,14,52,17,4
Jo Gartner,189,449,1984,Autodromo Nazionale di Monza,14,44,24,5
Gerhard Berger,77,449,1984,Autodromo Nazionale di Monza,14,53,20,6
Piercarlo Ghinzani,160,449,1984,Autodromo Nazionale di Monza,14,44,22,7
Huub Rothengatter,179,449,1984,Autodromo Nazionale di Monza,14,51,25,8
Eddie Cheever,158,449,1984,Autodromo Nazionale di Monza,14,50,10,9
Thierry Boutsen,123,449,1984,Autodromo Nazionale di Monza,14,21,19,10
Alain Prost,117,450,1984,Nürburgring,20,1,2,1
Michele Alboreto,105,450,1984,Nürburgring,20,6,5,2
Nelson Piquet,137,450,1984,Nürburgring,20,34,1,3
Niki Lauda,182,450,1984,Nürburgring,20,1,15,4
René Arnoux,163,450,1984,Nürburgring,20,6,6,5
Riccardo Patrese,119,450,1984,Nürburgring,20,50,9,6
Andrea de Cesaris,110,450,1984,Nürburgring,20,27,17,7
Mauro Baldi,184,450,1984,Nürburgring,20,51,24,8
Thierry Boutsen,123,450,1984,Nürburgring,20,21,11,9
François Hesnault,183,450,1984,Nürburgring,20,27,19,10
Derek Warwick,118,450,1984,Nürburgring,20,4,7,11
Alain Prost,117,451,1984,Autódromo do Estoril,27,1,2,1
Niki Lauda,182,451,1984,Autódromo do Estoril,27,1,11,2
Ayrton Senna,102,451,1984,Autódromo do Estoril,27,52,3,3
Michele Alboreto,105,451,1984,Autódromo do Estoril,27,6,8,4
Elio de Angelis,173,451,1984,Autódromo do Estoril,27,32,5,5
Nelson Piquet,137,451,1984,Autódromo do Estoril,27,34,1,6
Patrick Tambay,175,451,1984,Autódromo do Estoril,27,4,7,7
Riccardo Patrese,119,451,1984,Autódromo do Estoril,27,50,12,8
René Arnoux,163,451,1984,Autódromo do Estoril,27,6,17,9
Manfred Winkelhock,181,451,1984,Autódromo do Estoril,27,34,19,10
Stefan Johansson,140,451,1984,Autódromo do Estoril,27,52,10,11
Andrea de Cesaris,110,451,1984,Autódromo do Estoril,27,27,20,12
Gerhard Berger,77,451,1984,Autódromo do Estoril,27,53,23,13
Jacques Laffite,172,451,1984,Autódromo do Estoril,27,3,15,14
Mauro Baldi,184,451,1984,Autódromo do Estoril,27,51,25,15
Jo Gartner,189,451,1984,Autódromo do Estoril,27,44,24,16
Eddie Cheever,158,451,1984,Autódromo do Estoril,27,50,14,17
Nelson Piquet,137,452,1983,Autódromo Internacional Nelson Piquet,36,34,4,1
Niki Lauda,182,452,1983,Autódromo Internacional Nelson Piquet,36,1,9,3
Jacques Laffite,172,452,1983,Autódromo Internacional Nelson Piquet,36,3,18,4
Patrick Tambay,175,452,1983,Autódromo Internacional Nelson Piquet,36,6,3,5
Marc Surer,176,452,1983,Autódromo Internacional Nelson Piquet,36,21,20,6
Alain Prost,117,452,1983,Autódromo Internacional Nelson Piquet,36,4,2,7
Derek Warwick,118,452,1983,Autódromo Internacional Nelson Piquet,36,52,5,8
Chico Serra,192,452,1983,Autódromo Internacional Nelson Piquet,36,21,23,9
René Arnoux,163,452,1983,Autódromo Internacional Nelson Piquet,36,6,6,10
Danny Sullivan,193,452,1983,Autódromo Internacional Nelson Piquet,36,25,21,11
Nigel Mansell,95,452,1983,Autódromo Internacional Nelson Piquet,36,32,22,12
Johnny Cecotto,188,452,1983,Autódromo Internacional Nelson Piquet,36,54,19,13
Eliseo Salazar,194,452,1983,Autódromo Internacional Nelson Piquet,36,49,26,14
Manfred Winkelhock,181,452,1983,Autódromo Internacional Nelson Piquet,36,53,25,15
John Watson,187,453,1983,Long Beach,43,1,22,1
Niki Lauda,182,453,1983,Long Beach,43,1,23,2
René Arnoux,163,453,1983,Long Beach,43,6,2,3
Jacques Laffite,172,453,1983,Long Beach,43,3,4,4
Marc Surer,176,453,1983,Long Beach,43,21,16,5
Johnny Cecotto,188,453,1983,Long Beach,43,54,17,6
Raul Boesel,196,453,1983,Long Beach,43,27,26,7
Danny Sullivan,193,453,1983,Long Beach,43,25,9,8
Michele Alboreto,105,453,1983,Long Beach,43,25,7,9
Riccardo Patrese,119,453,1983,Long Beach,43,34,11,10
Alain Prost,117,453,1983,Long Beach,43,4,8,11
Nigel Mansell,95,453,1983,Long Beach,43,32,13,12
Eddie Cheever,158,453,1983,Long Beach,43,4,15,13
Alain Prost,117,454,1983,Circuit Paul Ricard,34,4,1,1
Nelson Piquet,137,454,1983,Circuit Paul Ricard,34,34,6,2
Eddie Cheever,158,454,1983,Circuit Paul Ricard,34,4,2,3
Patrick Tambay,175,454,1983,Circuit Paul Ricard,34,6,11,4
Keke Rosberg,177,454,1983,Circuit Paul Ricard,34,3,16,5
Jacques Laffite,172,454,1983,Circuit Paul Ricard,34,3,19,6
René Arnoux,163,454,1983,Circuit Paul Ricard,34,6,4,7
Michele Alboreto,105,454,1983,Circuit Paul Ricard,34,25,15,8
Jean-Pierre Jarier,197,454,1983,Circuit Paul Ricard,34,27,20,9
Marc Surer,176,454,1983,Circuit Paul Ricard,34,21,21,10
Johnny Cecotto,188,454,1983,Circuit Paul Ricard,34,54,17,11
Andrea de Cesaris,110,454,1983,Circuit Paul Ricard,34,50,7,12
Bruno Giacomelli,152,454,1983,Circuit Paul Ricard,34,52,13,13
Patrick Tambay,175,455,1983,Autodromo Enzo e Dino Ferrari,21,6,3,1
Alain Prost,117,455,1983,Autodromo Enzo e Dino Ferrari,21,4,4,2
René Arnoux,163,455,1983,Autodromo Enzo e Dino Ferrari,21,6,1,3
Keke Rosberg,177,455,1983,Autodromo Enzo e Dino Ferrari,21,3,11,4
John Watson,187,455,1983,Autodromo Enzo e Dino Ferrari,21,1,24,5
Marc Surer,176,455,1983,Autodromo Enzo e Dino Ferrari,21,21,12,6
Jacques Laffite,172,455,1983,Autodromo Enzo e Dino Ferrari,21,3,16,7
Chico Serra,192,455,1983,Autodromo Enzo e Dino Ferrari,21,21,20,8
Raul Boesel,196,455,1983,Autodromo Enzo e Dino Ferrari,21,27,25,9
Mauro Baldi,184,455,1983,Autodromo Enzo e Dino Ferrari,21,50,10,10
Manfred Winkelhock,181,455,1983,Autodromo Enzo e Dino Ferrari,21,53,7,11
Nigel Mansell,95,455,1983,Autodromo Enzo e Dino Ferrari,21,32,15,12
Keke Rosberg,177,456,1983,Circuit de Monaco,6,3,5,1
Nelson Piquet,137,456,1983,Circuit de Monaco,6,34,6,2
Alain Prost,117,456,1983,Circuit de Monaco,6,4,1,3
Patrick Tambay,175,456,1983,Circuit de Monaco,6,6,4,4
Danny Sullivan,193,456,1983,Circuit de Monaco,6,25,20,5
Mauro Baldi,184,456,1983,Circuit de Monaco,6,50,13,6
Chico Serra,192,456,1983,Circuit de Monaco,6,21,15,7
Alain Prost,117,457,1983,Circuit de Spa-Francorchamps,13,4,1,1
Patrick Tambay,175,457,1983,Circuit de Spa-Francorchamps,13,6,2,2
Eddie Cheever,158,457,1983,Circuit de Spa-Francorchamps,13,4,8,3
Nelson Piquet,137,457,1983,Circuit de Spa-Francorchamps,13,34,4,4
Keke Rosberg,177,457,1983,Circuit de Spa-Francorchamps,13,3,9,5
Jacques Laffite,172,457,1983,Circuit de Spa-Francorchamps,13,3,11,6
Derek Warwick,118,457,1983,Circuit de Spa-Francorchamps,13,52,22,7
Bruno Giacomelli,152,457,1983,Circuit de Spa-Francorchamps,13,52,16,8
Elio de Angelis,173,457,1983,Circuit de Spa-Francorchamps,13,32,13,9
Johnny Cecotto,188,457,1983,Circuit de Spa-Francorchamps,13,54,25,10
Marc Surer,176,457,1983,Circuit de Spa-Francorchamps,13,21,10,11
Danny Sullivan,193,457,1983,Circuit de Spa-Francorchamps,13,25,23,12
Raul Boesel,196,457,1983,Circuit de Spa-Francorchamps,13,27,26,13
Michele Alboreto,105,457,1983,Circuit de Spa-Francorchamps,13,25,17,14
Michele Alboreto,105,458,1983,Detroit Street Circuit,37,25,6,1
Keke Rosberg,177,458,1983,Detroit Street Circuit,37,3,12,2
John Watson,187,458,1983,Detroit Street Circuit,37,1,21,3
Nelson Piquet,137,458,1983,Detroit Street Circuit,37,34,2,4
Jacques Laffite,172,458,1983,Detroit Street Circuit,37,3,20,5
Nigel Mansell,95,458,1983,Detroit Street Circuit,37,32,14,6
Thierry Boutsen,123,458,1983,Detroit Street Circuit,37,21,10,7
Alain Prost,117,458,1983,Detroit Street Circuit,37,4,13,8
Bruno Giacomelli,152,458,1983,Detroit Street Circuit,37,52,17,9
Raul Boesel,196,458,1983,Detroit Street Circuit,37,27,23,10
Marc Surer,176,458,1983,Detroit Street Circuit,37,21,5,11
Mauro Baldi,184,458,1983,Detroit Street Circuit,37,50,25,12
Niki Lauda,182,458,1983,Detroit Street Circuit,37,1,18,13
René Arnoux,163,459,1983,Circuit Gilles Villeneuve,7,6,1,1
Eddie Cheever,158,459,1983,Circuit Gilles Villeneuve,7,4,6,2
Patrick Tambay,175,459,1983,Circuit Gilles Villeneuve,7,6,4,3
Keke Rosberg,177,459,1983,Circuit Gilles Villeneuve,7,3,9,4
Alain Prost,117,459,1983,Circuit Gilles Villeneuve,7,4,2,5
John Watson,187,459,1983,Circuit Gilles Villeneuve,7,1,20,6
Thierry Boutsen,123,459,1983,Circuit Gilles Villeneuve,7,21,15,7
Michele Alboreto,105,459,1983,Circuit Gilles Villeneuve,7,25,17,8
Manfred Winkelhock,181,459,1983,Circuit Gilles Villeneuve,7,53,7,9
Mauro Baldi,184,459,1983,Circuit Gilles Villeneuve,7,50,26,10
Alain Prost,117,460,1983,Silverstone Circuit,9,4,3,1
Nelson Piquet,137,460,1983,Silverstone Circuit,9,34,6,2
Patrick Tambay,175,460,1983,Silverstone Circuit,9,6,2,3
Nigel Mansell,95,460,1983,Silverstone Circuit,9,32,18,4
René Arnoux,163,460,1983,Silverstone Circuit,9,6,1,5
Niki Lauda,182,460,1983,Silverstone Circuit,9,1,15,6
Mauro Baldi,184,460,1983,Silverstone Circuit,9,50,11,7
Andrea de Cesaris,110,460,1983,Silverstone Circuit,9,50,9,8
John Watson,187,460,1983,Silverstone Circuit,9,1,24,9
Jean-Pierre Jarier,197,460,1983,Silverstone Circuit,9,27,25,10
Keke Rosberg,177,460,1983,Silverstone Circuit,9,3,13,11
Jacques Laffite,172,460,1983,Silverstone Circuit,9,3,20,12
Michele Alboreto,105,460,1983,Silverstone Circuit,9,25,16,13
Danny Sullivan,193,460,1983,Silverstone Circuit,9,25,23,14
Thierry Boutsen,123,460,1983,Silverstone Circuit,9,21,17,15
Roberto Guerrero,195,460,1983,Silverstone Circuit,9,54,21,16
Marc Surer,176,460,1983,Silverstone Circuit,9,21,19,17
René Arnoux,163,461,1983,Hockenheimring,10,6,2,1
Andrea de Cesaris,110,461,1983,Hockenheimring,10,50,3,2
Riccardo Patrese,119,461,1983,Hockenheimring,10,34,8,3
Alain Prost,117,461,1983,Hockenheimring,10,4,5,4
John Watson,187,461,1983,Hockenheimring,10,1,23,5
Jacques Laffite,172,461,1983,Hockenheimring,10,3,15,6
Marc Surer,176,461,1983,Hockenheimring,10,21,20,7
Jean-Pierre Jarier,197,461,1983,Hockenheimring,10,27,19,8
Thierry Boutsen,123,461,1983,Hockenheimring,10,21,14,9
Keke Rosberg,177,461,1983,Hockenheimring,10,3,12,10
Johnny Cecotto,188,461,1983,Hockenheimring,10,54,22,11
Danny Sullivan,193,461,1983,Hockenheimring,10,25,21,12
Nelson Piquet,137,461,1983,Hockenheimring,10,34,4,13
Alain Prost,117,462,1983,Red Bull Ring,70,4,5,1
René Arnoux,163,462,1983,Red Bull Ring,70,6,2,2
Nelson Piquet,137,462,1983,Red Bull Ring,70,34,4,3
Eddie Cheever,158,462,1983,Red Bull Ring,70,4,8,4
Nigel Mansell,95,462,1983,Red Bull Ring,70,32,3,5
Niki Lauda,182,462,1983,Red Bull Ring,70,1,14,6
Jean-Pierre Jarier,197,462,1983,Red Bull Ring,70,27,20,7
Keke Rosberg,177,462,1983,Red Bull Ring,70,3,15,8
John Watson,187,462,1983,Red Bull Ring,70,1,17,9
Corrado Fabi,190,462,1983,Red Bull Ring,70,44,26,10
Piercarlo Ghinzani,160,462,1983,Red Bull Ring,70,44,25,11
Stefan Johansson,140,462,1983,Red Bull Ring,70,51,16,12
Thierry Boutsen,123,462,1983,Red Bull Ring,70,21,19,13
René Arnoux,163,463,1983,Circuit Park Zandvoort,39,6,10,1
Patrick Tambay,175,463,1983,Circuit Park Zandvoort,39,6,2,2
John Watson,187,463,1983,Circuit Park Zandvoort,39,1,15,3
Derek Warwick,118,463,1983,Circuit Park Zandvoort,39,52,7,4
Mauro Baldi,184,463,1983,Circuit Park Zandvoort,39,50,12,5
Michele Alboreto,105,463,1983,Circuit Park Zandvoort,39,25,18,6
Stefan Johansson,140,463,1983,Circuit Park Zandvoort,39,51,16,7
Marc Surer,176,463,1983,Circuit Park Zandvoort,39,21,14,8
Riccardo Patrese,119,463,1983,Circuit Park Zandvoort,39,34,6,9
Raul Boesel,196,463,1983,Circuit Park Zandvoort,39,27,24,10
Corrado Fabi,190,463,1983,Circuit Park Zandvoort,39,44,25,11
Roberto Guerrero,195,463,1983,Circuit Park Zandvoort,39,54,20,12
Bruno Giacomelli,152,463,1983,Circuit Park Zandvoort,39,52,13,13
Thierry Boutsen,123,463,1983,Circuit Park Zandvoort,39,21,21,14
Nelson Piquet,137,464,1983,Autodromo Nazionale di Monza,14,34,4,1
René Arnoux,163,464,1983,Autodromo Nazionale di Monza,14,6,3,2
Eddie Cheever,158,464,1983,Autodromo Nazionale di Monza,14,4,7,3
Patrick Tambay,175,464,1983,Autodromo Nazionale di Monza,14,6,2,4
Elio de Angelis,173,464,1983,Autodromo Nazionale di Monza,14,32,8,5
Derek Warwick,118,464,1983,Autodromo Nazionale di Monza,14,52,12,6
Bruno Giacomelli,152,464,1983,Autodromo Nazionale di Monza,14,52,14,7
Nigel Mansell,95,464,1983,Autodromo Nazionale di Monza,14,32,11,8
Jean-Pierre Jarier,197,464,1983,Autodromo Nazionale di Monza,14,27,19,9
Marc Surer,176,464,1983,Autodromo Nazionale di Monza,14,21,20,10
Keke Rosberg,177,464,1983,Autodromo Nazionale di Monza,14,3,16,11
Johnny Cecotto,188,464,1983,Autodromo Nazionale di Monza,14,54,26,12
Roberto Guerrero,195,464,1983,Autodromo Nazionale di Monza,14,54,21,13
Nelson Piquet,137,465,1983,Brands Hatch,38,34,4,1
Alain Prost,117,465,1983,Brands Hatch,38,4,8,2
Nigel Mansell,95,465,1983,Brands Hatch,38,32,3,3
Andrea de Cesaris,110,465,1983,Brands Hatch,38,50,14,4
Derek Warwick,118,465,1983,Brands Hatch,38,52,11,5
Bruno Giacomelli,152,465,1983,Brands Hatch,38,52,12,6
Riccardo Patrese,119,465,1983,Brands Hatch,38,34,2,7
Manfred Winkelhock,181,465,1983,Brands Hatch,38,53,9,8
René Arnoux,163,465,1983,Brands Hatch,38,6,5,9
Eddie Cheever,158,465,1983,Brands Hatch,38,4,7,10
Thierry Boutsen,123,465,1983,Brands Hatch,38,21,18,11
Roberto Guerrero,195,465,1983,Brands Hatch,38,54,21,12
Jonathan Palmer,156,465,1983,Brands Hatch,38,3,25,13
Stefan Johansson,140,465,1983,Brands Hatch,38,51,19,14
Raul Boesel,196,465,1983,Brands Hatch,38,27,23,15
Riccardo Patrese,119,466,1983,Kyalami,30,34,3,1
Andrea de Cesaris,110,466,1983,Kyalami,30,50,9,2
Nelson Piquet,137,466,1983,Kyalami,30,34,2,3
Derek Warwick,118,466,1983,Kyalami,30,52,13,4
Keke Rosberg,177,466,1983,Kyalami,30,3,6,5
Eddie Cheever,158,466,1983,Kyalami,30,4,14,6
Danny Sullivan,193,466,1983,Kyalami,30,25,19,7
Marc Surer,176,466,1983,Kyalami,30,21,22,8
Thierry Boutsen,123,466,1983,Kyalami,30,21,20,9
Jean-Pierre Jarier,197,466,1983,Kyalami,30,27,21,10
Niki Lauda,182,466,1983,Kyalami,30,1,12,11
Kenny Acheson,186,466,1983,Kyalami,30,49,24,12
Alain Prost,117,467,1982,Kyalami,30,4,5,1
Carlos Reutemann,199,467,1982,Kyalami,30,3,8,2
René Arnoux,163,467,1982,Kyalami,30,4,1,3
Niki Lauda,182,467,1982,Kyalami,30,1,13,4
Keke Rosberg,177,467,1982,Kyalami,30,3,7,5
John Watson,187,467,1982,Kyalami,30,1,9,6
Michele Alboreto,105,467,1982,Kyalami,30,25,10,7
Elio de Angelis,173,467,1982,Kyalami,30,32,15,8
Eliseo Salazar,194,467,1982,Kyalami,30,53,12,9
Manfred Winkelhock,181,467,1982,Kyalami,30,53,20,10
Bruno Giacomelli,152,467,1982,Kyalami,30,50,19,11
Jochen Mass,200,467,1982,Kyalami,30,37,22,12
Andrea de Cesaris,110,467,1982,Kyalami,30,50,16,13
Derek Daly,206,467,1982,Kyalami,30,54,24,14
Raul Boesel,196,467,1982,Kyalami,30,37,21,15
Slim Borgudd,201,467,1982,Kyalami,30,25,23,16
Chico Serra,192,467,1982,Kyalami,30,55,25,17
Didier Pironi,202,467,1982,Kyalami,30,6,6,18
Alain Prost,117,468,1982,Autódromo Internacional Nelson Piquet,36,4,1,1
John Watson,187,468,1982,Autódromo Internacional Nelson Piquet,36,1,12,2
Nigel Mansell,95,468,1982,Autódromo Internacional Nelson Piquet,36,32,14,3
Michele Alboreto,105,468,1982,Autódromo Internacional Nelson Piquet,36,25,13,4
Manfred Winkelhock,181,468,1982,Autódromo Internacional Nelson Piquet,36,53,15,5
Didier Pironi,202,468,1982,Autódromo Internacional Nelson Piquet,36,6,8,6
Slim Borgudd,201,468,1982,Autódromo Internacional Nelson Piquet,36,25,21,7
Jochen Mass,200,468,1982,Autódromo Internacional Nelson Piquet,36,37,22,8
Jean-Pierre Jarier,197,468,1982,Autódromo Internacional Nelson Piquet,36,44,23,9
Mauro Baldi,184,468,1982,Autódromo Internacional Nelson Piquet,36,21,19,10
Niki Lauda,182,469,1982,Long Beach,43,1,2,1
Keke Rosberg,177,469,1982,Long Beach,43,3,8,2
Riccardo Patrese,119,469,1982,Long Beach,43,34,18,3
Michele Alboreto,105,469,1982,Long Beach,43,25,12,4
Elio de Angelis,173,469,1982,Long Beach,43,32,16,5
John Watson,187,469,1982,Long Beach,43,1,11,6
Nigel Mansell,95,469,1982,Long Beach,43,32,17,7
Jochen Mass,200,469,1982,Long Beach,43,37,21,8
Raul Boesel,196,469,1982,Long Beach,43,37,23,9
Slim Borgudd,201,469,1982,Long Beach,43,25,24,10
Didier Pironi,202,470,1982,Autodromo Enzo e Dino Ferrari,21,6,4,1
Gilles Villeneuve,203,470,1982,Autodromo Enzo e Dino Ferrari,21,6,3,2
Michele Alboreto,105,470,1982,Autodromo Enzo e Dino Ferrari,21,25,5,3
Jean-Pierre Jarier,197,470,1982,Autodromo Enzo e Dino Ferrari,21,44,9,4
Eliseo Salazar,194,470,1982,Autodromo Enzo e Dino Ferrari,21,53,14,5
John Watson,187,471,1982,Zolder,40,1,10,1
Keke Rosberg,177,471,1982,Zolder,40,3,3,2
Eddie Cheever,158,471,1982,Zolder,40,27,14,3
Elio de Angelis,173,471,1982,Zolder,40,32,11,4
Nelson Piquet,137,471,1982,Zolder,40,34,8,5
Chico Serra,192,471,1982,Zolder,40,55,23,6
Marc Surer,176,471,1982,Zolder,40,21,22,7
Raul Boesel,196,471,1982,Zolder,40,37,24,8
Jacques Laffite,172,471,1982,Zolder,40,27,17,9
Riccardo Patrese,119,472,1982,Circuit de Monaco,6,34,2,1
Didier Pironi,202,472,1982,Circuit de Monaco,6,6,5,2
Andrea de Cesaris,110,472,1982,Circuit de Monaco,6,50,7,3
Nigel Mansell,95,472,1982,Circuit de Monaco,6,32,11,4
Elio de Angelis,173,472,1982,Circuit de Monaco,6,32,15,5
Derek Daly,206,472,1982,Circuit de Monaco,6,3,8,6
Alain Prost,117,472,1982,Circuit de Monaco,6,4,4,7
Brian Henton,205,472,1982,Circuit de Monaco,6,25,17,8
Marc Surer,176,472,1982,Circuit de Monaco,6,21,19,9
Michele Alboreto,105,472,1982,Circuit de Monaco,6,25,9,10
John Watson,187,473,1982,Detroit Street Circuit,37,1,17,1
Eddie Cheever,158,473,1982,Detroit Street Circuit,37,27,9,2
Didier Pironi,202,473,1982,Detroit Street Circuit,37,6,4,3
Keke Rosberg,177,473,1982,Detroit Street Circuit,37,3,3,4
Derek Daly,206,473,1982,Detroit Street Circuit,37,3,12,5
Jacques Laffite,172,473,1982,Detroit Street Circuit,37,27,13,6
Jochen Mass,200,473,1982,Detroit Street Circuit,37,37,18,7
Marc Surer,176,473,1982,Detroit Street Circuit,37,21,19,8
Brian Henton,205,473,1982,Detroit Street Circuit,37,25,20,9
René Arnoux,163,473,1982,Detroit Street Circuit,37,4,15,10
Chico Serra,192,473,1982,Detroit Street Circuit,37,55,26,11
Nelson Piquet,137,474,1982,Circuit Gilles Villeneuve,7,34,4,1
Riccardo Patrese,119,474,1982,Circuit Gilles Villeneuve,7,34,8,2
John Watson,187,474,1982,Circuit Gilles Villeneuve,7,1,6,3
Elio de Angelis,173,474,1982,Circuit Gilles Villeneuve,7,32,10,4
Marc Surer,176,474,1982,Circuit Gilles Villeneuve,7,21,16,5
Andrea de Cesaris,110,474,1982,Circuit Gilles Villeneuve,7,50,9,6
Derek Daly,206,474,1982,Circuit Gilles Villeneuve,7,3,13,7
Mauro Baldi,184,474,1982,Circuit Gilles Villeneuve,7,21,17,8
Didier Pironi,202,474,1982,Circuit Gilles Villeneuve,7,6,1,9
Eddie Cheever,158,474,1982,Circuit Gilles Villeneuve,7,27,12,10
Jochen Mass,200,474,1982,Circuit Gilles Villeneuve,7,37,22,11
Didier Pironi,202,475,1982,Circuit Park Zandvoort,39,6,4,1
Nelson Piquet,137,475,1982,Circuit Park Zandvoort,39,34,3,2
Keke Rosberg,177,475,1982,Circuit Park Zandvoort,39,3,7,3
Niki Lauda,182,475,1982,Circuit Park Zandvoort,39,1,5,4
Derek Daly,206,475,1982,Circuit Park Zandvoort,39,3,12,5
Mauro Baldi,184,475,1982,Circuit Park Zandvoort,39,21,16,6
Michele Alboreto,105,475,1982,Circuit Park Zandvoort,39,25,14,7
Patrick Tambay,175,475,1982,Circuit Park Zandvoort,39,6,6,8
John Watson,187,475,1982,Circuit Park Zandvoort,39,1,11,9
Marc Surer,176,475,1982,Circuit Park Zandvoort,39,21,17,10
Bruno Giacomelli,152,475,1982,Circuit Park Zandvoort,39,50,8,11
Manfred Winkelhock,181,475,1982,Circuit Park Zandvoort,39,53,18,12
Eliseo Salazar,194,475,1982,Circuit Park Zandvoort,39,53,25,13
Jean-Pierre Jarier,197,475,1982,Circuit Park Zandvoort,39,44,23,14
Riccardo Patrese,119,475,1982,Circuit Park Zandvoort,39,34,10,15
Niki Lauda,182,476,1982,Brands Hatch,38,1,5,1
Didier Pironi,202,476,1982,Brands Hatch,38,6,4,2
Patrick Tambay,175,476,1982,Brands Hatch,38,6,13,3
Elio de Angelis,173,476,1982,Brands Hatch,38,32,7,4
Derek Daly,206,476,1982,Brands Hatch,38,3,10,5
Alain Prost,117,476,1982,Brands Hatch,38,4,8,6
Bruno Giacomelli,152,476,1982,Brands Hatch,38,50,14,7
Brian Henton,205,476,1982,Brands Hatch,38,25,17,8
Mauro Baldi,184,476,1982,Brands Hatch,38,21,26,9
Jochen Mass,200,476,1982,Brands Hatch,38,37,25,10
René Arnoux,163,477,1982,Circuit Paul Ricard,34,4,1,1
Alain Prost,117,477,1982,Circuit Paul Ricard,34,4,2,2
Didier Pironi,202,477,1982,Circuit Paul Ricard,34,6,3,3
Patrick Tambay,175,477,1982,Circuit Paul Ricard,34,6,5,4
Keke Rosberg,177,477,1982,Circuit Paul Ricard,34,3,10,5
Michele Alboreto,105,477,1982,Circuit Paul Ricard,34,25,15,6
Derek Daly,206,477,1982,Circuit Paul Ricard,34,3,11,7
Niki Lauda,182,477,1982,Circuit Paul Ricard,34,1,9,8
Bruno Giacomelli,152,477,1982,Circuit Paul Ricard,34,50,8,9
Brian Henton,205,477,1982,Circuit Paul Ricard,34,25,23,10
Manfred Winkelhock,181,477,1982,Circuit Paul Ricard,34,53,18,11
Geoff Lees,209,477,1982,Circuit Paul Ricard,34,32,24,12
Marc Surer,176,477,1982,Circuit Paul Ricard,34,21,20,13
Jacques Laffite,172,477,1982,Circuit Paul Ricard,34,27,16,14
Derek Warwick,118,477,1982,Circuit Paul Ricard,34,52,14,15
Eddie Cheever,158,477,1982,Circuit Paul Ricard,34,27,19,16
Patrick Tambay,175,478,1982,Hockenheimring,10,6,5,1
René Arnoux,163,478,1982,Hockenheimring,10,4,3,2
Keke Rosberg,177,478,1982,Hockenheimring,10,3,9,3
Michele Alboreto,105,478,1982,Hockenheimring,10,25,7,4
Bruno Giacomelli,152,478,1982,Hockenheimring,10,50,11,5
Marc Surer,176,478,1982,Hockenheimring,10,21,26,6
Brian Henton,205,478,1982,Hockenheimring,10,25,17,7
Roberto Guerrero,195,478,1982,Hockenheimring,10,56,21,8
Nigel Mansell,95,478,1982,Hockenheimring,10,32,18,9
Derek Warwick,118,478,1982,Hockenheimring,10,52,14,10
Chico Serra,192,478,1982,Hockenheimring,10,55,25,11
Elio de Angelis,173,479,1982,Red Bull Ring,70,32,7,1
Keke Rosberg,177,479,1982,Red Bull Ring,70,3,6,2
Jacques Laffite,172,479,1982,Red Bull Ring,70,27,14,3
Patrick Tambay,175,479,1982,Red Bull Ring,70,6,4,4
Niki Lauda,182,479,1982,Red Bull Ring,70,1,10,5
Mauro Baldi,184,479,1982,Red Bull Ring,70,21,23,6
Chico Serra,192,479,1982,Red Bull Ring,70,55,20,7
Alain Prost,117,479,1982,Red Bull Ring,70,4,3,8
John Watson,187,479,1982,Red Bull Ring,70,1,18,9
Keke Rosberg,177,480,1982,Dijon-Prenois,41,3,8,1
Alain Prost,117,480,1982,Dijon-Prenois,41,4,1,2
Niki Lauda,182,480,1982,Dijon-Prenois,41,1,4,3
Nelson Piquet,137,480,1982,Dijon-Prenois,41,34,6,4
Riccardo Patrese,119,480,1982,Dijon-Prenois,41,34,3,5
Elio de Angelis,173,480,1982,Dijon-Prenois,41,32,15,6
Michele Alboreto,105,480,1982,Dijon-Prenois,41,25,12,7
Nigel Mansell,95,480,1982,Dijon-Prenois,41,32,26,8
Derek Daly,206,480,1982,Dijon-Prenois,41,3,7,9
Andrea de Cesaris,110,480,1982,Dijon-Prenois,41,50,5,10
Brian Henton,205,480,1982,Dijon-Prenois,41,25,18,11
Bruno Giacomelli,152,480,1982,Dijon-Prenois,41,50,9,12
John Watson,187,480,1982,Dijon-Prenois,41,1,11,13
Eliseo Salazar,194,480,1982,Dijon-Prenois,41,53,25,14
Marc Surer,176,480,1982,Dijon-Prenois,41,21,14,15
René Arnoux,163,480,1982,Dijon-Prenois,41,4,2,16
René Arnoux,163,481,1982,Autodromo Nazionale di Monza,14,4,6,1
Patrick Tambay,175,481,1982,Autodromo Nazionale di Monza,14,6,3,2
Mario Andretti,207,481,1982,Autodromo Nazionale di Monza,14,6,1,3
John Watson,187,481,1982,Autodromo Nazionale di Monza,14,1,12,4
Michele Alboreto,105,481,1982,Autodromo Nazionale di Monza,14,25,11,5
Eddie Cheever,158,481,1982,Autodromo Nazionale di Monza,14,27,14,6
Nigel Mansell,95,481,1982,Autodromo Nazionale di Monza,14,32,23,7
Keke Rosberg,177,481,1982,Autodromo Nazionale di Monza,14,3,7,8
Eliseo Salazar,194,481,1982,Autodromo Nazionale di Monza,14,53,25,9
Andrea de Cesaris,110,481,1982,Autodromo Nazionale di Monza,14,50,9,10
Chico Serra,192,481,1982,Autodromo Nazionale di Monza,14,55,26,11
Mauro Baldi,184,481,1982,Autodromo Nazionale di Monza,14,21,24,12
Michele Alboreto,105,482,1982,Las Vegas Street Circuit,44,25,3,1
John Watson,187,482,1982,Las Vegas Street Circuit,44,1,9,2
Eddie Cheever,158,482,1982,Las Vegas Street Circuit,44,27,4,3
Alain Prost,117,482,1982,Las Vegas Street Circuit,44,4,1,4
Keke Rosberg,177,482,1982,Las Vegas Street Circuit,44,3,6,5
Derek Daly,206,482,1982,Las Vegas Street Circuit,44,3,14,6
Marc Surer,176,482,1982,Las Vegas Street Circuit,44,21,17,7
Brian Henton,205,482,1982,Las Vegas Street Circuit,44,25,19,8
Andrea de Cesaris,110,482,1982,Las Vegas Street Circuit,44,50,18,9
Bruno Giacomelli,152,482,1982,Las Vegas Street Circuit,44,50,16,10
Mauro Baldi,184,482,1982,Las Vegas Street Circuit,44,21,23,11
Rupert Keegan,211,482,1982,Las Vegas Street Circuit,44,37,25,12
Raul Boesel,196,482,1982,Las Vegas Street Circuit,44,37,24,13
Alan Jones,178,483,1981,Long Beach,43,3,2,1
Carlos Reutemann,199,483,1981,Long Beach,43,3,3,2
Nelson Piquet,137,483,1981,Long Beach,43,34,4,3
Mario Andretti,207,483,1981,Long Beach,43,50,6,4
Eddie Cheever,158,483,1981,Long Beach,43,25,8,5
Patrick Tambay,175,483,1981,Long Beach,43,54,17,6
Chico Serra,192,483,1981,Long Beach,43,55,18,7
René Arnoux,163,483,1981,Long Beach,43,4,20,8
Carlos Reutemann,199,484,1981,Autódromo Internacional Nelson Piquet,36,3,2,1
Alan Jones,178,484,1981,Autódromo Internacional Nelson Piquet,36,3,3,2
Riccardo Patrese,119,484,1981,Autódromo Internacional Nelson Piquet,36,21,4,3
Marc Surer,176,484,1981,Autódromo Internacional Nelson Piquet,36,56,18,4
Elio de Angelis,173,484,1981,Autódromo Internacional Nelson Piquet,36,32,10,5
Jacques Laffite,172,484,1981,Autódromo Internacional Nelson Piquet,36,27,16,6
Jean-Pierre Jarier,197,484,1981,Autódromo Internacional Nelson Piquet,36,27,23,7
John Watson,187,484,1981,Autódromo Internacional Nelson Piquet,36,1,15,8
Keke Rosberg,177,484,1981,Autódromo Internacional Nelson Piquet,36,55,12,9
Patrick Tambay,175,484,1981,Autódromo Internacional Nelson Piquet,36,54,19,10
Nigel Mansell,95,484,1981,Autódromo Internacional Nelson Piquet,36,32,13,11
Nelson Piquet,137,484,1981,Autódromo Internacional Nelson Piquet,36,34,1,12
Ricardo Zunino,217,484,1981,Autódromo Internacional Nelson Piquet,36,25,24,13
Nelson Piquet,137,485,1981,Autódromo Juan y Oscar Gálvez,25,34,1,1
Carlos Reutemann,199,485,1981,Autódromo Juan y Oscar Gálvez,25,3,4,2
Alain Prost,117,485,1981,Autódromo Juan y Oscar Gálvez,25,4,2,3
Alan Jones,178,485,1981,Autódromo Juan y Oscar Gálvez,25,3,3,4
René Arnoux,163,485,1981,Autódromo Juan y Oscar Gálvez,25,4,5,5
Elio de Angelis,173,485,1981,Autódromo Juan y Oscar Gálvez,25,32,10,6
Riccardo Patrese,119,485,1981,Autódromo Juan y Oscar Gálvez,25,21,9,7
Mario Andretti,207,485,1981,Autódromo Juan y Oscar Gálvez,25,50,17,8
Siegfried Stohr,216,485,1981,Autódromo Juan y Oscar Gálvez,25,21,19,9
Bruno Giacomelli,152,485,1981,Autódromo Juan y Oscar Gálvez,25,50,22,10
Andrea de Cesaris,110,485,1981,Autódromo Juan y Oscar Gálvez,25,1,18,11
Jan Lammers,136,485,1981,Autódromo Juan y Oscar Gálvez,25,53,23,12
Ricardo Zunino,217,485,1981,Autódromo Juan y Oscar Gálvez,25,25,24,13
Nelson Piquet,137,486,1981,Autodromo Enzo e Dino Ferrari,21,34,5,1
Riccardo Patrese,119,486,1981,Autodromo Enzo e Dino Ferrari,21,21,9,2
Carlos Reutemann,199,486,1981,Autodromo Enzo e Dino Ferrari,21,3,2,3
Hector Rebaque,212,486,1981,Autodromo Enzo e Dino Ferrari,21,34,13,4
Didier Pironi,202,486,1981,Autodromo Enzo e Dino Ferrari,21,6,6,5
Andrea de Cesaris,110,486,1981,Autodromo Enzo e Dino Ferrari,21,1,14,6
Gilles Villeneuve,203,486,1981,Autodromo Enzo e Dino Ferrari,21,6,1,7
René Arnoux,163,486,1981,Autodromo Enzo e Dino Ferrari,21,4,3,8
Marc Surer,176,486,1981,Autodromo Enzo e Dino Ferrari,21,56,21,9
John Watson,187,486,1981,Autodromo Enzo e Dino Ferrari,21,1,7,10
Patrick Tambay,175,486,1981,Autodromo Enzo e Dino Ferrari,21,54,16,11
Alan Jones,178,486,1981,Autodromo Enzo e Dino Ferrari,21,3,8,12
Slim Borgudd,201,486,1981,Autodromo Enzo e Dino Ferrari,21,53,24,13
Carlos Reutemann,199,487,1981,Zolder,40,3,1,1
Jacques Laffite,172,487,1981,Zolder,40,27,9,2
Nigel Mansell,95,487,1981,Zolder,40,32,10,3
Gilles Villeneuve,203,487,1981,Zolder,40,6,7,4
Elio de Angelis,173,487,1981,Zolder,40,32,14,5
Eddie Cheever,158,487,1981,Zolder,40,25,8,6
John Watson,187,487,1981,Zolder,40,1,5,7
Didier Pironi,202,487,1981,Zolder,40,6,3,8
Bruno Giacomelli,152,487,1981,Zolder,40,50,17,9
Mario Andretti,207,487,1981,Zolder,40,50,18,10
Marc Surer,176,487,1981,Zolder,40,56,15,11
Michele Alboreto,105,487,1981,Zolder,40,25,19,12
Piercarlo Ghinzani,160,487,1981,Zolder,40,44,24,13
Gilles Villeneuve,203,488,1981,Circuit de Monaco,6,6,2,1
Alan Jones,178,488,1981,Circuit de Monaco,6,3,7,2
Jacques Laffite,172,488,1981,Circuit de Monaco,6,27,8,3
Didier Pironi,202,488,1981,Circuit de Monaco,6,6,17,4
Eddie Cheever,158,488,1981,Circuit de Monaco,6,25,15,5
Marc Surer,176,488,1981,Circuit de Monaco,6,56,19,6
Patrick Tambay,175,488,1981,Circuit de Monaco,6,54,16,7
Gilles Villeneuve,203,489,1981,Jarama,45,6,7,1
Jacques Laffite,172,489,1981,Jarama,45,27,1,2
John Watson,187,489,1981,Jarama,45,1,4,3
Carlos Reutemann,199,489,1981,Jarama,45,3,3,4
Elio de Angelis,173,489,1981,Jarama,45,32,10,5
Nigel Mansell,95,489,1981,Jarama,45,32,11,6
Alan Jones,178,489,1981,Jarama,45,3,2,7
Mario Andretti,207,489,1981,Jarama,45,50,8,8
René Arnoux,163,489,1981,Jarama,45,4,17,9
Bruno Giacomelli,152,489,1981,Jarama,45,50,6,10
Chico Serra,192,489,1981,Jarama,45,55,21,11
Keke Rosberg,177,489,1981,Jarama,45,55,15,12
Patrick Tambay,175,489,1981,Jarama,45,54,16,13
Eliseo Salazar,194,489,1981,Jarama,45,56,24,14
Didier Pironi,202,489,1981,Jarama,45,6,13,15
Derek Daly,206,489,1981,Jarama,45,37,22,16
Alain Prost,117,490,1981,Dijon-Prenois,41,4,3,1
John Watson,187,490,1981,Dijon-Prenois,41,1,2,2
Nelson Piquet,137,490,1981,Dijon-Prenois,41,34,4,3
René Arnoux,163,490,1981,Dijon-Prenois,41,4,1,4
Didier Pironi,202,490,1981,Dijon-Prenois,41,6,14,5
Elio de Angelis,173,490,1981,Dijon-Prenois,41,32,8,6
Nigel Mansell,95,490,1981,Dijon-Prenois,41,32,13,7
Mario Andretti,207,490,1981,Dijon-Prenois,41,50,10,8
Hector Rebaque,212,490,1981,Dijon-Prenois,41,34,15,9
Carlos Reutemann,199,490,1981,Dijon-Prenois,41,3,7,10
Andrea de Cesaris,110,490,1981,Dijon-Prenois,41,1,5,11
Marc Surer,176,490,1981,Dijon-Prenois,41,54,21,12
Eddie Cheever,158,490,1981,Dijon-Prenois,41,25,19,13
Riccardo Patrese,119,490,1981,Dijon-Prenois,41,21,18,14
Bruno Giacomelli,152,490,1981,Dijon-Prenois,41,50,12,15
Michele Alboreto,105,490,1981,Dijon-Prenois,41,25,23,16
Alan Jones,178,490,1981,Dijon-Prenois,41,3,9,17
John Watson,187,491,1981,Silverstone Circuit,9,1,5,1
Carlos Reutemann,199,491,1981,Silverstone Circuit,9,3,9,2
Jacques Laffite,172,491,1981,Silverstone Circuit,9,27,14,3
Eddie Cheever,158,491,1981,Silverstone Circuit,9,25,23,4
Hector Rebaque,212,491,1981,Silverstone Circuit,9,34,13,5
Slim Borgudd,201,491,1981,Silverstone Circuit,9,53,21,6
Derek Daly,206,491,1981,Silverstone Circuit,9,37,17,7
Jean-Pierre Jarier,197,491,1981,Silverstone Circuit,9,44,20,8
René Arnoux,163,491,1981,Silverstone Circuit,9,4,1,9
Riccardo Patrese,119,491,1981,Silverstone Circuit,9,21,10,10
Marc Surer,176,491,1981,Silverstone Circuit,9,54,24,11
Nelson Piquet,137,492,1981,Hockenheimring,10,34,6,1
Alain Prost,117,492,1981,Hockenheimring,10,4,1,2
Jacques Laffite,172,492,1981,Hockenheimring,10,27,7,3
Hector Rebaque,212,492,1981,Hockenheimring,10,34,16,4
Eddie Cheever,158,492,1981,Hockenheimring,10,25,18,5
John Watson,187,492,1981,Hockenheimring,10,1,9,6
Elio de Angelis,173,492,1981,Hockenheimring,10,32,14,7
Jean-Pierre Jarier,197,492,1981,Hockenheimring,10,44,17,8
Mario Andretti,207,492,1981,Hockenheimring,10,50,12,9
Gilles Villeneuve,203,492,1981,Hockenheimring,10,6,8,10
Alan Jones,178,492,1981,Hockenheimring,10,3,4,11
Siegfried Stohr,216,492,1981,Hockenheimring,10,21,26,12
René Arnoux,163,492,1981,Hockenheimring,10,4,2,13
Marc Surer,176,492,1981,Hockenheimring,10,54,22,14
Bruno Giacomelli,152,492,1981,Hockenheimring,10,50,17,15
Jacques Laffite,172,493,1981,Red Bull Ring,70,27,4,1
René Arnoux,163,493,1981,Red Bull Ring,70,4,1,2
Nelson Piquet,137,493,1981,Red Bull Ring,70,34,7,3
Alan Jones,178,493,1981,Red Bull Ring,70,3,6,4
Carlos Reutemann,199,493,1981,Red Bull Ring,70,3,5,5
John Watson,187,493,1981,Red Bull Ring,70,1,12,6
Elio de Angelis,173,493,1981,Red Bull Ring,70,32,9,7
Andrea de Cesaris,110,493,1981,Red Bull Ring,70,1,18,8
Didier Pironi,202,493,1981,Red Bull Ring,70,6,8,9
Jean-Pierre Jarier,197,493,1981,Red Bull Ring,70,44,14,10
Derek Daly,206,493,1981,Red Bull Ring,70,37,19,11
Alain Prost,117,494,1981,Circuit Park Zandvoort,39,4,1,1
Nelson Piquet,137,494,1981,Circuit Park Zandvoort,39,34,3,2
Alan Jones,178,494,1981,Circuit Park Zandvoort,39,3,4,3
Hector Rebaque,212,494,1981,Circuit Park Zandvoort,39,34,15,4
Elio de Angelis,173,494,1981,Circuit Park Zandvoort,39,32,9,5
Eliseo Salazar,194,494,1981,Circuit Park Zandvoort,39,56,24,6
Siegfried Stohr,216,494,1981,Circuit Park Zandvoort,39,21,21,7
Marc Surer,176,494,1981,Circuit Park Zandvoort,39,54,20,8
Michele Alboreto,105,494,1981,Circuit Park Zandvoort,39,25,25,9
Slim Borgudd,201,494,1981,Circuit Park Zandvoort,39,53,23,10
Alain Prost,117,495,1981,Autodromo Nazionale di Monza,14,4,3,1
Alan Jones,178,495,1981,Autodromo Nazionale di Monza,14,3,5,2
Carlos Reutemann,199,495,1981,Autodromo Nazionale di Monza,14,3,2,3
Elio de Angelis,173,495,1981,Autodromo Nazionale di Monza,14,32,11,4
Didier Pironi,202,495,1981,Autodromo Nazionale di Monza,14,6,8,5
Nelson Piquet,137,495,1981,Autodromo Nazionale di Monza,14,34,6,6
Andrea de Cesaris,110,495,1981,Autodromo Nazionale di Monza,14,1,16,7
Bruno Giacomelli,152,495,1981,Autodromo Nazionale di Monza,14,50,10,8
Jean-Pierre Jarier,197,495,1981,Autodromo Nazionale di Monza,14,44,18,9
Brian Henton,205,495,1981,Autodromo Nazionale di Monza,14,52,23,10
Jacques Laffite,172,496,1981,Circuit Gilles Villeneuve,7,27,10,1
John Watson,187,496,1981,Circuit Gilles Villeneuve,7,1,9,2
Gilles Villeneuve,203,496,1981,Circuit Gilles Villeneuve,7,6,11,3
Bruno Giacomelli,152,496,1981,Circuit Gilles Villeneuve,7,50,15,4
Nelson Piquet,137,496,1981,Circuit Gilles Villeneuve,7,34,1,5
Elio de Angelis,173,496,1981,Circuit Gilles Villeneuve,7,32,7,6
Mario Andretti,207,496,1981,Circuit Gilles Villeneuve,7,50,16,7
Derek Daly,206,496,1981,Circuit Gilles Villeneuve,7,37,20,8
Marc Surer,176,496,1981,Circuit Gilles Villeneuve,7,54,19,9
Carlos Reutemann,199,496,1981,Circuit Gilles Villeneuve,7,3,2,10
Michele Alboreto,105,496,1981,Circuit Gilles Villeneuve,7,25,22,11
Eddie Cheever,158,496,1981,Circuit Gilles Villeneuve,7,25,14,12
Alan Jones,178,497,1981,Las Vegas Street Circuit,44,3,2,1
Alain Prost,117,497,1981,Las Vegas Street Circuit,44,4,5,2
Bruno Giacomelli,152,497,1981,Las Vegas Street Circuit,44,50,8,3
Nigel Mansell,95,497,1981,Las Vegas Street Circuit,44,32,9,4
Nelson Piquet,137,497,1981,Las Vegas Street Circuit,44,34,4,5
Jacques Laffite,172,497,1981,Las Vegas Street Circuit,44,27,12,6
John Watson,187,497,1981,Las Vegas Street Circuit,44,1,6,7
Carlos Reutemann,199,497,1981,Las Vegas Street Circuit,44,3,1,8
Didier Pironi,202,497,1981,Las Vegas Street Circuit,44,6,18,9
Keke Rosberg,177,497,1981,Las Vegas Street Circuit,44,55,20,10
Riccardo Patrese,119,497,1981,Las Vegas Street Circuit,44,21,11,11
Andrea de Cesaris,110,497,1981,Las Vegas Street Circuit,44,1,14,12
Michele Alboreto,105,497,1981,Las Vegas Street Circuit,44,25,17,13
Alan Jones,178,498,1980,Autódromo Juan y Oscar Gálvez,25,3,1,1
Nelson Piquet,137,498,1980,Autódromo Juan y Oscar Gálvez,25,34,4,2
Keke Rosberg,177,498,1980,Autódromo Juan y Oscar Gálvez,25,55,13,3
Derek Daly,206,498,1980,Autódromo Juan y Oscar Gálvez,25,25,22,4
Bruno Giacomelli,152,498,1980,Autódromo Juan y Oscar Gálvez,25,50,20,5
Alain Prost,117,498,1980,Autódromo Juan y Oscar Gálvez,25,1,12,6
Ricardo Zunino,217,498,1980,Autódromo Juan y Oscar Gálvez,25,34,16,7
René Arnoux,163,499,1980,Autódromo José Carlos Pace,18,4,6,1
Elio de Angelis,173,499,1980,Autódromo José Carlos Pace,18,32,7,2
Alan Jones,178,499,1980,Autódromo José Carlos Pace,18,3,10,3
Didier Pironi,202,499,1980,Autódromo José Carlos Pace,18,27,2,4
Alain Prost,117,499,1980,Autódromo José Carlos Pace,18,1,13,5
Riccardo Patrese,119,499,1980,Autódromo José Carlos Pace,18,21,14,6
Marc Surer,176,499,1980,Autódromo José Carlos Pace,18,53,20,7
Ricardo Zunino,217,499,1980,Autódromo José Carlos Pace,18,34,18,8
Keke Rosberg,177,499,1980,Autódromo José Carlos Pace,18,55,15,9
Jochen Mass,200,499,1980,Autódromo José Carlos Pace,18,21,16,10
John Watson,187,499,1980,Autódromo José Carlos Pace,18,1,23,11
Jean-Pierre Jarier,197,499,1980,Autódromo José Carlos Pace,18,25,22,12
Bruno Giacomelli,152,499,1980,Autódromo José Carlos Pace,18,50,17,13
Derek Daly,206,499,1980,Autódromo José Carlos Pace,18,25,24,14
Emerson Fittipaldi,224,499,1980,Autódromo José Carlos Pace,18,55,19,15
Gilles Villeneuve,203,499,1980,Autódromo José Carlos Pace,18,6,3,16
René Arnoux,163,500,1980,Kyalami,30,4,2,1
Jacques Laffite,172,500,1980,Kyalami,30,27,4,2
Didier Pironi,202,500,1980,Kyalami,30,27,5,3
Nelson Piquet,137,500,1980,Kyalami,30,34,3,4
Carlos Reutemann,199,500,1980,Kyalami,30,3,6,5
Jochen Mass,200,500,1980,Kyalami,30,21,19,6
Jean-Pierre Jarier,197,500,1980,Kyalami,30,25,13,7
Emerson Fittipaldi,224,500,1980,Kyalami,30,55,18,8
Clay Regazzoni,223,500,1980,Kyalami,30,56,20,9
Ricardo Zunino,217,500,1980,Kyalami,30,34,17,10
John Watson,187,500,1980,Kyalami,30,1,21,11
Mario Andretti,207,500,1980,Kyalami,30,32,15,12
Geoff Lees,209,500,1980,Kyalami,30,57,24,13
Nelson Piquet,137,501,1980,Long Beach,43,34,1,1
Riccardo Patrese,119,501,1980,Long Beach,43,21,8,2
Emerson Fittipaldi,224,501,1980,Long Beach,43,55,24,3
John Watson,187,501,1980,Long Beach,43,1,21,4
Jody Scheckter,222,501,1980,Long Beach,43,6,16,5
Didier Pironi,202,501,1980,Long Beach,43,27,9,6
Jochen Mass,200,501,1980,Long Beach,43,21,17,7
Derek Daly,206,501,1980,Long Beach,43,25,14,8
René Arnoux,163,501,1980,Long Beach,43,4,2,9
Jean-Pierre Jabouille,219,501,1980,Long Beach,43,4,11,10
Didier Pironi,202,502,1980,Zolder,40,27,2,1
Alan Jones,178,502,1980,Zolder,40,3,1,2
Carlos Reutemann,199,502,1980,Zolder,40,3,4,3
René Arnoux,163,502,1980,Zolder,40,4,6,4
Jean-Pierre Jarier,197,502,1980,Zolder,40,25,9,5
Gilles Villeneuve,203,502,1980,Zolder,40,6,12,6
Keke Rosberg,177,502,1980,Zolder,40,55,21,7
Jody Scheckter,222,502,1980,Zolder,40,6,14,8
Derek Daly,206,502,1980,Zolder,40,25,11,9
Elio de Angelis,173,502,1980,Zolder,40,32,8,10
Jacques Laffite,172,502,1980,Zolder,40,27,3,11
Jan Lammers,136,502,1980,Zolder,40,53,15,12
Carlos Reutemann,199,503,1980,Circuit de Monaco,6,3,2,1
Jacques Laffite,172,503,1980,Circuit de Monaco,6,27,5,2
Nelson Piquet,137,503,1980,Circuit de Monaco,6,34,4,3
Jochen Mass,200,503,1980,Circuit de Monaco,6,21,15,4
Gilles Villeneuve,203,503,1980,Circuit de Monaco,6,6,6,5
Emerson Fittipaldi,224,503,1980,Circuit de Monaco,6,55,18,6
Mario Andretti,207,503,1980,Circuit de Monaco,6,32,19,7
Riccardo Patrese,119,503,1980,Circuit de Monaco,6,21,11,8
Elio de Angelis,173,503,1980,Circuit de Monaco,6,32,14,9
Alan Jones,178,504,1980,Circuit Paul Ricard,34,3,4,1
Didier Pironi,202,504,1980,Circuit Paul Ricard,34,27,3,2
Jacques Laffite,172,504,1980,Circuit Paul Ricard,34,27,1,3
Nelson Piquet,137,504,1980,Circuit Paul Ricard,34,34,8,4
René Arnoux,163,504,1980,Circuit Paul Ricard,34,4,2,5
Carlos Reutemann,199,504,1980,Circuit Paul Ricard,34,3,5,6
John Watson,187,504,1980,Circuit Paul Ricard,34,1,13,7
Gilles Villeneuve,203,504,1980,Circuit Paul Ricard,34,6,17,8
Riccardo Patrese,119,504,1980,Circuit Paul Ricard,34,21,18,9
Jochen Mass,200,504,1980,Circuit Paul Ricard,34,21,15,10
Derek Daly,206,504,1980,Circuit Paul Ricard,34,25,20,11
Jody Scheckter,222,504,1980,Circuit Paul Ricard,34,6,19,12
Alan Jones,178,505,1980,Brands Hatch,38,3,3,1
Nelson Piquet,137,505,1980,Brands Hatch,38,34,5,2
Carlos Reutemann,199,505,1980,Brands Hatch,38,3,4,3
Derek Daly,206,505,1980,Brands Hatch,38,25,10,4
Jean-Pierre Jarier,197,505,1980,Brands Hatch,38,25,11,5
Alain Prost,117,505,1980,Brands Hatch,38,1,7,6
Hector Rebaque,212,505,1980,Brands Hatch,38,34,17,7
John Watson,187,505,1980,Brands Hatch,38,1,12,8
Riccardo Patrese,119,505,1980,Brands Hatch,38,21,21,9
Jody Scheckter,222,505,1980,Brands Hatch,38,6,23,10
Rupert Keegan,211,505,1980,Brands Hatch,38,3,18,11
Emerson Fittipaldi,224,505,1980,Brands Hatch,38,55,22,12
Jochen Mass,200,505,1980,Brands Hatch,38,21,24,13
Jacques Laffite,172,506,1980,Hockenheimring,10,27,5,1
Carlos Reutemann,199,506,1980,Hockenheimring,10,3,4,2
Alan Jones,178,506,1980,Hockenheimring,10,3,1,3
Nelson Piquet,137,506,1980,Hockenheimring,10,34,6,4
Bruno Giacomelli,152,506,1980,Hockenheimring,10,50,19,5
Gilles Villeneuve,203,506,1980,Hockenheimring,10,6,16,6
Mario Andretti,207,506,1980,Hockenheimring,10,32,9,7
Jochen Mass,200,506,1980,Hockenheimring,10,21,17,8
Riccardo Patrese,119,506,1980,Hockenheimring,10,21,10,9
Derek Daly,206,506,1980,Hockenheimring,10,25,22,10
Alain Prost,117,506,1980,Hockenheimring,10,1,14,11
Marc Surer,176,506,1980,Hockenheimring,10,53,13,12
Jody Scheckter,222,506,1980,Hockenheimring,10,6,21,13
Jan Lammers,136,506,1980,Hockenheimring,10,56,24,14
Jean-Pierre Jarier,197,506,1980,Hockenheimring,10,25,23,15
Elio de Angelis,173,506,1980,Hockenheimring,10,32,11,16
Jean-Pierre Jabouille,219,507,1980,Red Bull Ring,70,4,2,1
Alan Jones,178,507,1980,Red Bull Ring,70,3,3,2
Carlos Reutemann,199,507,1980,Red Bull Ring,70,3,4,3
Jacques Laffite,172,507,1980,Red Bull Ring,70,27,5,4
Nelson Piquet,137,507,1980,Red Bull Ring,70,34,7,5
Elio de Angelis,173,507,1980,Red Bull Ring,70,32,9,6
Alain Prost,117,507,1980,Red Bull Ring,70,1,12,7
Gilles Villeneuve,203,507,1980,Red Bull Ring,70,6,15,8
René Arnoux,163,507,1980,Red Bull Ring,70,4,1,9
Hector Rebaque,212,507,1980,Red Bull Ring,70,34,14,10
Emerson Fittipaldi,224,507,1980,Red Bull Ring,70,55,23,11
Marc Surer,176,507,1980,Red Bull Ring,70,53,16,12
Jody Scheckter,222,507,1980,Red Bull Ring,70,6,22,13
Riccardo Patrese,119,507,1980,Red Bull Ring,70,21,18,14
Rupert Keegan,211,507,1980,Red Bull Ring,70,3,20,15
Keke Rosberg,177,507,1980,Red Bull Ring,70,55,11,16
Nelson Piquet,137,508,1980,Circuit Park Zandvoort,39,34,5,1
René Arnoux,163,508,1980,Circuit Park Zandvoort,39,4,1,2
Jacques Laffite,172,508,1980,Circuit Park Zandvoort,39,27,6,3
Carlos Reutemann,199,508,1980,Circuit Park Zandvoort,39,3,3,4
Jean-Pierre Jarier,197,508,1980,Circuit Park Zandvoort,39,25,17,5
Alain Prost,117,508,1980,Circuit Park Zandvoort,39,1,18,6
Gilles Villeneuve,203,508,1980,Circuit Park Zandvoort,39,6,7,7
Mario Andretti,207,508,1980,Circuit Park Zandvoort,39,32,10,8
Jody Scheckter,222,508,1980,Circuit Park Zandvoort,39,6,12,9
Marc Surer,176,508,1980,Circuit Park Zandvoort,39,53,20,10
Alan Jones,178,508,1980,Circuit Park Zandvoort,39,3,4,11
Nelson Piquet,137,509,1980,Autodromo Enzo e Dino Ferrari,21,34,5,1
Alan Jones,178,509,1980,Autodromo Enzo e Dino Ferrari,21,3,6,2
Carlos Reutemann,199,509,1980,Autodromo Enzo e Dino Ferrari,21,3,3,3
Elio de Angelis,173,509,1980,Autodromo Enzo e Dino Ferrari,21,32,18,4
Keke Rosberg,177,509,1980,Autodromo Enzo e Dino Ferrari,21,55,11,5
Didier Pironi,202,509,1980,Autodromo Enzo e Dino Ferrari,21,27,13,6
Alain Prost,117,509,1980,Autodromo Enzo e Dino Ferrari,21,1,24,7
Jody Scheckter,222,509,1980,Autodromo Enzo e Dino Ferrari,21,6,16,8
Jacques Laffite,172,509,1980,Autodromo Enzo e Dino Ferrari,21,27,20,9
René Arnoux,163,509,1980,Autodromo Enzo e Dino Ferrari,21,4,1,10
Rupert Keegan,211,509,1980,Autodromo Enzo e Dino Ferrari,21,3,21,11
Eddie Cheever,158,509,1980,Autodromo Enzo e Dino Ferrari,21,44,17,12
Jean-Pierre Jarier,197,509,1980,Autodromo Enzo e Dino Ferrari,21,25,12,13
Alan Jones,178,510,1980,Circuit Gilles Villeneuve,7,3,2,1
Carlos Reutemann,199,510,1980,Circuit Gilles Villeneuve,7,3,5,2
Didier Pironi,202,510,1980,Circuit Gilles Villeneuve,7,27,3,3
John Watson,187,510,1980,Circuit Gilles Villeneuve,7,1,7,4
Gilles Villeneuve,203,510,1980,Circuit Gilles Villeneuve,7,6,22,5
Hector Rebaque,212,510,1980,Circuit Gilles Villeneuve,7,34,10,6
Jean-Pierre Jarier,197,510,1980,Circuit Gilles Villeneuve,7,25,15,7
Jacques Laffite,172,510,1980,Circuit Gilles Villeneuve,7,27,9,8
Keke Rosberg,177,510,1980,Circuit Gilles Villeneuve,7,55,6,9
Elio de Angelis,173,510,1980,Circuit Gilles Villeneuve,7,32,17,10
Jochen Mass,200,510,1980,Circuit Gilles Villeneuve,7,21,21,11
Jan Lammers,136,510,1980,Circuit Gilles Villeneuve,7,56,19,12
Alan Jones,178,511,1980,Watkins Glen,46,3,5,1
Carlos Reutemann,199,511,1980,Watkins Glen,46,3,3,2
Didier Pironi,202,511,1980,Watkins Glen,46,27,7,3
Elio de Angelis,173,511,1980,Watkins Glen,46,32,4,4
Jacques Laffite,172,511,1980,Watkins Glen,46,27,12,5
Mario Andretti,207,511,1980,Watkins Glen,46,32,11,6
René Arnoux,163,511,1980,Watkins Glen,46,4,6,7
Marc Surer,176,511,1980,Watkins Glen,46,53,17,8
Rupert Keegan,211,511,1980,Watkins Glen,46,3,15,9
Keke Rosberg,177,511,1980,Watkins Glen,46,55,14,10
Jody Scheckter,222,511,1980,Watkins Glen,46,6,23,11
Jacques Laffite,172,512,1979,Autódromo Juan y Oscar Gálvez,25,27,1,1
Carlos Reutemann,199,512,1979,Autódromo Juan y Oscar Gálvez,25,32,3,2
John Watson,187,512,1979,Autódromo Juan y Oscar Gálvez,25,1,6,3
Patrick Depailler,221,512,1979,Autódromo Juan y Oscar Gálvez,25,27,2,4
Mario Andretti,207,512,1979,Autódromo Juan y Oscar Gálvez,25,32,7,5
Emerson Fittipaldi,224,512,1979,Autódromo Juan y Oscar Gálvez,25,55,11,6
Elio de Angelis,173,512,1979,Autódromo Juan y Oscar Gálvez,25,57,16,7
Jochen Mass,200,512,1979,Autódromo Juan y Oscar Gálvez,25,21,14,8
Alan Jones,178,512,1979,Autódromo Juan y Oscar Gálvez,25,3,15,9
Clay Regazzoni,223,512,1979,Autódromo Juan y Oscar Gálvez,25,3,17,10
Derek Daly,206,512,1979,Autódromo Juan y Oscar Gálvez,25,56,24,11
Jacques Laffite,172,513,1979,Autódromo José Carlos Pace,18,27,1,1
Patrick Depailler,221,513,1979,Autódromo José Carlos Pace,18,27,2,2
Carlos Reutemann,199,513,1979,Autódromo José Carlos Pace,18,32,3,3
Didier Pironi,202,513,1979,Autódromo José Carlos Pace,18,25,8,4
Gilles Villeneuve,203,513,1979,Autódromo José Carlos Pace,18,6,5,5
Jody Scheckter,222,513,1979,Autódromo José Carlos Pace,18,6,6,6
Jochen Mass,200,513,1979,Autódromo José Carlos Pace,18,21,19,7
John Watson,187,513,1979,Autódromo José Carlos Pace,18,1,14,8
Riccardo Patrese,119,513,1979,Autódromo José Carlos Pace,18,21,16,9
Jean-Pierre Jabouille,219,513,1979,Autódromo José Carlos Pace,18,4,7,10
Emerson Fittipaldi,224,513,1979,Autódromo José Carlos Pace,18,55,9,11
Elio de Angelis,173,513,1979,Autódromo José Carlos Pace,18,57,20,12
Derek Daly,206,513,1979,Autódromo José Carlos Pace,18,56,23,13
Jan Lammers,136,513,1979,Autódromo José Carlos Pace,18,57,21,14
Clay Regazzoni,223,513,1979,Autódromo José Carlos Pace,18,3,17,15
Gilles Villeneuve,203,514,1979,Kyalami,30,6,3,1
Jody Scheckter,222,514,1979,Kyalami,30,6,2,2
Jean-Pierre Jarier,197,514,1979,Kyalami,30,25,9,3
Mario Andretti,207,514,1979,Kyalami,30,32,8,4
Carlos Reutemann,199,514,1979,Kyalami,30,32,11,5
Niki Lauda,182,514,1979,Kyalami,30,202,4,6
Nelson Piquet,137,514,1979,Kyalami,30,202,12,7
James Hunt,231,514,1979,Kyalami,30,58,13,8
Clay Regazzoni,223,514,1979,Kyalami,30,3,22,9
Patrick Tambay,175,514,1979,Kyalami,30,1,17,10
Riccardo Patrese,119,514,1979,Kyalami,30,21,16,11
Jochen Mass,200,514,1979,Kyalami,30,21,20,12
Emerson Fittipaldi,224,514,1979,Kyalami,30,55,18,13
Gilles Villeneuve,203,515,1979,Long Beach,43,6,1,1
Jody Scheckter,222,515,1979,Long Beach,43,6,3,2
Alan Jones,178,515,1979,Long Beach,43,3,10,3
Mario Andretti,207,515,1979,Long Beach,43,32,6,4
Patrick Depailler,221,515,1979,Long Beach,43,27,4,5
Jean-Pierre Jarier,197,515,1979,Long Beach,43,25,7,6
Elio de Angelis,173,515,1979,Long Beach,43,57,20,7
Nelson Piquet,137,515,1979,Long Beach,43,202,12,8
Jochen Mass,200,515,1979,Long Beach,43,21,13,9
Patrick Depailler,221,516,1979,Jarama,45,27,2,1
Carlos Reutemann,199,516,1979,Jarama,45,32,8,2
Mario Andretti,207,516,1979,Jarama,45,32,4,3
Jody Scheckter,222,516,1979,Jarama,45,6,5,4
Jean-Pierre Jarier,197,516,1979,Jarama,45,25,12,5
Didier Pironi,202,516,1979,Jarama,45,25,10,6
Gilles Villeneuve,203,516,1979,Jarama,45,6,3,7
Jochen Mass,200,516,1979,Jarama,45,21,17,8
René Arnoux,163,516,1979,Jarama,45,4,11,9
Riccardo Patrese,119,516,1979,Jarama,45,21,16,10
Emerson Fittipaldi,224,516,1979,Jarama,45,55,19,11
Jan Lammers,136,516,1979,Jarama,45,57,24,12
Patrick Tambay,175,516,1979,Jarama,45,1,20,13
Hans-Joachim Stuck,233,516,1979,Jarama,45,53,21,14
Jody Scheckter,222,517,1979,Zolder,40,6,7,1
Jacques Laffite,172,517,1979,Zolder,40,27,1,2
Didier Pironi,202,517,1979,Zolder,40,25,12,3
Carlos Reutemann,199,517,1979,Zolder,40,32,10,4
Riccardo Patrese,119,517,1979,Zolder,40,21,16,5
John Watson,187,517,1979,Zolder,40,1,19,6
Gilles Villeneuve,203,517,1979,Zolder,40,6,6,7
Hans-Joachim Stuck,233,517,1979,Zolder,40,53,20,8
Emerson Fittipaldi,224,517,1979,Zolder,40,55,23,9
Jan Lammers,136,517,1979,Zolder,40,57,21,10
Jean-Pierre Jarier,197,517,1979,Zolder,40,25,11,11
Jody Scheckter,222,518,1979,Circuit de Monaco,6,6,1,1
Clay Regazzoni,223,518,1979,Circuit de Monaco,6,3,16,2
Carlos Reutemann,199,518,1979,Circuit de Monaco,6,32,11,3
John Watson,187,518,1979,Circuit de Monaco,6,1,14,4
Patrick Depailler,221,518,1979,Circuit de Monaco,6,27,3,5
Jochen Mass,200,518,1979,Circuit de Monaco,6,21,8,6
Jean-Pierre Jabouille,219,519,1979,Dijon-Prenois,41,4,1,1
Gilles Villeneuve,203,519,1979,Dijon-Prenois,41,6,3,2
René Arnoux,163,519,1979,Dijon-Prenois,41,4,2,3
Alan Jones,178,519,1979,Dijon-Prenois,41,3,7,4
Jean-Pierre Jarier,197,519,1979,Dijon-Prenois,41,25,10,5
Clay Regazzoni,223,519,1979,Dijon-Prenois,41,3,9,6
Jody Scheckter,222,519,1979,Dijon-Prenois,41,6,5,7
Jacques Laffite,172,519,1979,Dijon-Prenois,41,27,8,8
Keke Rosberg,177,519,1979,Dijon-Prenois,41,58,16,9
Patrick Tambay,175,519,1979,Dijon-Prenois,41,1,20,10
John Watson,187,519,1979,Dijon-Prenois,41,1,15,11
Hector Rebaque,212,519,1979,Dijon-Prenois,41,32,23,12
Carlos Reutemann,199,519,1979,Dijon-Prenois,41,32,13,13
Riccardo Patrese,119,519,1979,Dijon-Prenois,41,21,19,14
Jochen Mass,200,519,1979,Dijon-Prenois,41,21,22,15
Elio de Angelis,173,519,1979,Dijon-Prenois,41,57,24,16
Bruno Giacomelli,152,519,1979,Dijon-Prenois,41,50,17,17
Jan Lammers,136,519,1979,Dijon-Prenois,41,57,21,18
Clay Regazzoni,223,520,1979,Silverstone Circuit,9,3,4,1
René Arnoux,163,520,1979,Silverstone Circuit,9,4,5,2
Jean-Pierre Jarier,197,520,1979,Silverstone Circuit,9,25,16,3
John Watson,187,520,1979,Silverstone Circuit,9,1,7,4
Jody Scheckter,222,520,1979,Silverstone Circuit,9,6,11,5
Jacky Ickx,235,520,1979,Silverstone Circuit,9,27,17,6
Patrick Tambay,175,520,1979,Silverstone Circuit,9,1,18,7
Carlos Reutemann,199,520,1979,Silverstone Circuit,9,32,8,8
Hector Rebaque,212,520,1979,Silverstone Circuit,9,32,26,9
Didier Pironi,202,520,1979,Silverstone Circuit,9,25,15,10
Jan Lammers,136,520,1979,Silverstone Circuit,9,57,21,11
Elio de Angelis,173,520,1979,Silverstone Circuit,9,57,12,12
Patrick Gaillard,236,520,1979,Silverstone Circuit,9,56,23,13
Gilles Villeneuve,203,520,1979,Silverstone Circuit,9,6,13,14
Alan Jones,178,521,1979,Hockenheimring,10,3,2,1
Clay Regazzoni,223,521,1979,Hockenheimring,10,3,6,2
Jacques Laffite,172,521,1979,Hockenheimring,10,27,3,3
Jody Scheckter,222,521,1979,Hockenheimring,10,6,5,4
John Watson,187,521,1979,Hockenheimring,10,1,12,5
Jochen Mass,200,521,1979,Hockenheimring,10,21,18,6
Geoff Lees,209,521,1979,Hockenheimring,10,25,16,7
Gilles Villeneuve,203,521,1979,Hockenheimring,10,6,9,8
Didier Pironi,202,521,1979,Hockenheimring,10,25,8,9
Jan Lammers,136,521,1979,Hockenheimring,10,57,20,10
Elio de Angelis,173,521,1979,Hockenheimring,10,57,21,11
Nelson Piquet,137,521,1979,Hockenheimring,10,202,4,12
Alan Jones,178,522,1979,Red Bull Ring,70,3,2,1
Gilles Villeneuve,203,522,1979,Red Bull Ring,70,6,5,2
Jacques Laffite,172,522,1979,Red Bull Ring,70,27,8,3
Jody Scheckter,222,522,1979,Red Bull Ring,70,6,9,4
Clay Regazzoni,223,522,1979,Red Bull Ring,70,3,6,5
René Arnoux,163,522,1979,Red Bull Ring,70,4,1,6
Didier Pironi,202,522,1979,Red Bull Ring,70,25,10,7
Derek Daly,206,522,1979,Red Bull Ring,70,25,11,8
John Watson,187,522,1979,Red Bull Ring,70,1,16,9
Patrick Tambay,175,522,1979,Red Bull Ring,70,1,14,10
Alan Jones,178,523,1979,Circuit Park Zandvoort,39,3,2,1
Jody Scheckter,222,523,1979,Circuit Park Zandvoort,39,6,5,2
Jacques Laffite,172,523,1979,Circuit Park Zandvoort,39,27,7,3
Nelson Piquet,137,523,1979,Circuit Park Zandvoort,39,202,11,4
Jacky Ickx,235,523,1979,Circuit Park Zandvoort,39,27,20,5
Jochen Mass,200,523,1979,Circuit Park Zandvoort,39,21,18,6
Hector Rebaque,212,523,1979,Circuit Park Zandvoort,39,32,24,7
Jody Scheckter,222,524,1979,Autodromo Nazionale di Monza,14,6,3,1
Gilles Villeneuve,203,524,1979,Autodromo Nazionale di Monza,14,6,5,2
Clay Regazzoni,223,524,1979,Autodromo Nazionale di Monza,14,3,6,3
Niki Lauda,182,524,1979,Autodromo Nazionale di Monza,14,202,9,4
Mario Andretti,207,524,1979,Autodromo Nazionale di Monza,14,32,10,5
Jean-Pierre Jarier,197,524,1979,Autodromo Nazionale di Monza,14,25,16,6
Carlos Reutemann,199,524,1979,Autodromo Nazionale di Monza,14,32,13,7
Emerson Fittipaldi,224,524,1979,Autodromo Nazionale di Monza,14,55,20,8
Alan Jones,178,524,1979,Autodromo Nazionale di Monza,14,3,4,9
Didier Pironi,202,524,1979,Autodromo Nazionale di Monza,14,25,12,10
Hans-Joachim Stuck,233,524,1979,Autodromo Nazionale di Monza,14,53,15,11
Vittorio Brambilla,230,524,1979,Autodromo Nazionale di Monza,14,50,22,12
Riccardo Patrese,119,524,1979,Autodromo Nazionale di Monza,14,21,17,13
Jean-Pierre Jabouille,219,524,1979,Autodromo Nazionale di Monza,14,4,1,14
Alan Jones,178,525,1979,Circuit Gilles Villeneuve,7,3,1,1
Gilles Villeneuve,203,525,1979,Circuit Gilles Villeneuve,7,6,2,2
Clay Regazzoni,223,525,1979,Circuit Gilles Villeneuve,7,3,3,3
Jody Scheckter,222,525,1979,Circuit Gilles Villeneuve,7,6,9,4
Didier Pironi,202,525,1979,Circuit Gilles Villeneuve,7,25,6,5
John Watson,187,525,1979,Circuit Gilles Villeneuve,7,1,17,6
Ricardo Zunino,217,525,1979,Circuit Gilles Villeneuve,7,180,17,7
Emerson Fittipaldi,224,525,1979,Circuit Gilles Villeneuve,7,55,15,8
Jan Lammers,136,525,1979,Circuit Gilles Villeneuve,7,57,21,9
Mario Andretti,207,525,1979,Circuit Gilles Villeneuve,7,32,10,10
Gilles Villeneuve,203,526,1979,Watkins Glen,46,6,3,1
René Arnoux,163,526,1979,Watkins Glen,46,4,7,2
Didier Pironi,202,526,1979,Watkins Glen,46,25,10,3
Elio de Angelis,173,526,1979,Watkins Glen,46,57,20,4
Hans-Joachim Stuck,233,526,1979,Watkins Glen,46,53,14,5
John Watson,187,526,1979,Watkins Glen,46,1,13,6
Emerson Fittipaldi,224,526,1979,Watkins Glen,46,55,23,7
Mario Andretti,207,527,1978,Autódromo Juan y Oscar Gálvez,25,32,1,1
Niki Lauda,182,527,1978,Autódromo Juan y Oscar Gálvez,25,34,5,2
Patrick Depailler,221,527,1978,Autódromo Juan y Oscar Gálvez,25,25,10,3
James Hunt,231,527,1978,Autódromo Juan y Oscar Gálvez,25,1,6,4
Ronnie Peterson,238,527,1978,Autódromo Juan y Oscar Gálvez,25,32,3,5
Patrick Tambay,175,527,1978,Autódromo Juan y Oscar Gálvez,25,1,9,6
Carlos Reutemann,199,527,1978,Autódromo Juan y Oscar Gálvez,25,6,2,7
Gilles Villeneuve,203,527,1978,Autódromo Juan y Oscar Gálvez,25,6,7,8
Emerson Fittipaldi,224,527,1978,Autódromo Juan y Oscar Gálvez,25,55,17,9
Jody Scheckter,222,527,1978,Autódromo Juan y Oscar Gálvez,25,58,15,10
Jochen Mass,200,527,1978,Autódromo Juan y Oscar Gálvez,25,53,13,11
Jean-Pierre Jarier,197,527,1978,Autódromo Juan y Oscar Gálvez,25,53,11,12
Brett Lunger,239,527,1978,Autódromo Juan y Oscar Gálvez,25,1,24,13
Didier Pironi,202,527,1978,Autódromo Juan y Oscar Gálvez,25,25,23,14
Clay Regazzoni,223,527,1978,Autódromo Juan y Oscar Gálvez,25,57,16,15
Jacques Laffite,172,527,1978,Autódromo Juan y Oscar Gálvez,25,27,8,16
Hans-Joachim Stuck,233,527,1978,Autódromo Juan y Oscar Gálvez,25,57,18,17
Vittorio Brambilla,230,527,1978,Autódromo Juan y Oscar Gálvez,25,62,12,18
Carlos Reutemann,199,528,1978,Autódromo Internacional Nelson Piquet,36,6,4,1
Emerson Fittipaldi,224,528,1978,Autódromo Internacional Nelson Piquet,36,55,7,2
Niki Lauda,182,528,1978,Autódromo Internacional Nelson Piquet,36,34,10,3
Mario Andretti,207,528,1978,Autódromo Internacional Nelson Piquet,36,32,3,4
Clay Regazzoni,223,528,1978,Autódromo Internacional Nelson Piquet,36,57,15,5
Didier Pironi,202,528,1978,Autódromo Internacional Nelson Piquet,36,25,19,6
Jochen Mass,200,528,1978,Autódromo Internacional Nelson Piquet,36,53,20,7
John Watson,187,528,1978,Autódromo Internacional Nelson Piquet,36,34,21,8
Jacques Laffite,172,528,1978,Autódromo Internacional Nelson Piquet,36,27,14,9
Riccardo Patrese,119,528,1978,Autódromo Internacional Nelson Piquet,36,21,18,10
Alan Jones,178,528,1978,Autódromo Internacional Nelson Piquet,36,3,8,11
Ronnie Peterson,238,529,1978,Kyalami,30,32,12,1
Patrick Depailler,221,529,1978,Kyalami,30,25,11,2
John Watson,187,529,1978,Kyalami,30,34,10,3
Alan Jones,178,529,1978,Kyalami,30,3,18,4
Jacques Laffite,172,529,1978,Kyalami,30,27,13,5
Didier Pironi,202,529,1978,Kyalami,30,25,14,6
Mario Andretti,207,529,1978,Kyalami,30,32,2,7
Jean-Pierre Jarier,197,529,1978,Kyalami,30,53,17,8
Rolf Stommelen,243,529,1978,Kyalami,30,21,22,9
Hector Rebaque,212,529,1978,Kyalami,30,32,21,10
Brett Lunger,239,529,1978,Kyalami,30,1,20,11
Vittorio Brambilla,230,529,1978,Kyalami,30,62,19,12
Carlos Reutemann,199,530,1978,Long Beach,43,6,1,1
Mario Andretti,207,530,1978,Long Beach,43,32,4,2
Patrick Depailler,221,530,1978,Long Beach,43,25,12,3
Ronnie Peterson,238,530,1978,Long Beach,43,32,6,4
Jacques Laffite,172,530,1978,Long Beach,43,27,14,5
Riccardo Patrese,119,530,1978,Long Beach,43,21,9,6
Alan Jones,178,530,1978,Long Beach,43,3,8,7
Emerson Fittipaldi,224,530,1978,Long Beach,43,55,15,8
Rolf Stommelen,243,530,1978,Long Beach,43,21,18,9
Clay Regazzoni,223,530,1978,Long Beach,43,57,20,10
Jean-Pierre Jarier,197,530,1978,Long Beach,43,53,19,11
Patrick Tambay,175,530,1978,Long Beach,43,1,11,12
Patrick Depailler,221,531,1978,Circuit de Monaco,6,25,5,1
Niki Lauda,182,531,1978,Circuit de Monaco,6,34,3,2
Jody Scheckter,222,531,1978,Circuit de Monaco,6,58,9,3
John Watson,187,531,1978,Circuit de Monaco,6,34,2,4
Didier Pironi,202,531,1978,Circuit de Monaco,6,25,13,5
Riccardo Patrese,119,531,1978,Circuit de Monaco,6,21,14,6
Patrick Tambay,175,531,1978,Circuit de Monaco,6,1,11,7
Carlos Reutemann,199,531,1978,Circuit de Monaco,6,6,1,8
Emerson Fittipaldi,224,531,1978,Circuit de Monaco,6,55,20,9
Jean-Pierre Jabouille,219,531,1978,Circuit de Monaco,6,4,12,10
Mario Andretti,207,531,1978,Circuit de Monaco,6,32,4,11
Mario Andretti,207,532,1978,Zolder,40,32,1,1
Ronnie Peterson,238,532,1978,Zolder,40,32,7,2
Carlos Reutemann,199,532,1978,Zolder,40,6,2,3
Gilles Villeneuve,203,532,1978,Zolder,40,6,4,4
Jacques Laffite,172,532,1978,Zolder,40,27,14,5
Didier Pironi,202,532,1978,Zolder,40,25,23,6
Brett Lunger,239,532,1978,Zolder,40,1,24,7
Bruno Giacomelli,152,532,1978,Zolder,40,1,21,8
René Arnoux,163,532,1978,Zolder,40,64,19,9
Alan Jones,178,532,1978,Zolder,40,3,11,10
Jochen Mass,200,532,1978,Zolder,40,53,16,11
Jacky Ickx,235,532,1978,Zolder,40,56,22,12
Vittorio Brambilla,230,532,1978,Zolder,40,62,12,13
Mario Andretti,207,533,1978,Jarama,45,32,1,1
Ronnie Peterson,238,533,1978,Jarama,45,32,2,2
Jacques Laffite,172,533,1978,Jarama,45,27,10,3
Jody Scheckter,222,533,1978,Jarama,45,58,9,4
John Watson,187,533,1978,Jarama,45,34,7,5
James Hunt,231,533,1978,Jarama,45,1,4,6
Vittorio Brambilla,230,533,1978,Jarama,45,62,16,7
Alan Jones,178,533,1978,Jarama,45,3,18,8
Jochen Mass,200,533,1978,Jarama,45,53,17,9
Gilles Villeneuve,203,533,1978,Jarama,45,6,5,10
Rupert Keegan,211,533,1978,Jarama,45,62,23,11
Didier Pironi,202,533,1978,Jarama,45,25,13,12
Jean-Pierre Jabouille,219,533,1978,Jarama,45,4,11,13
Rolf Stommelen,243,533,1978,Jarama,45,21,19,14
Clay Regazzoni,223,533,1978,Jarama,45,57,22,15
Niki Lauda,182,534,1978,Scandinavian Raceway,47,34,3,1
Riccardo Patrese,119,534,1978,Scandinavian Raceway,47,21,5,2
Ronnie Peterson,238,534,1978,Scandinavian Raceway,47,32,4,3
Patrick Tambay,175,534,1978,Scandinavian Raceway,47,1,15,4
Clay Regazzoni,223,534,1978,Scandinavian Raceway,47,57,16,5
Emerson Fittipaldi,224,534,1978,Scandinavian Raceway,47,55,13,6
Jacques Laffite,172,534,1978,Scandinavian Raceway,47,27,11,7
James Hunt,231,534,1978,Scandinavian Raceway,47,1,14,8
Gilles Villeneuve,203,534,1978,Scandinavian Raceway,47,6,7,9
Carlos Reutemann,199,534,1978,Scandinavian Raceway,47,6,8,10
Hans-Joachim Stuck,233,534,1978,Scandinavian Raceway,47,57,20,11
Hector Rebaque,212,534,1978,Scandinavian Raceway,47,32,21,12
Jochen Mass,200,534,1978,Scandinavian Raceway,47,53,19,13
Rolf Stommelen,243,534,1978,Scandinavian Raceway,47,21,24,14
Keke Rosberg,177,534,1978,Scandinavian Raceway,47,53,23,15
Mario Andretti,207,535,1978,Circuit Paul Ricard,34,32,2,1
Ronnie Peterson,238,535,1978,Circuit Paul Ricard,34,32,5,2
James Hunt,231,535,1978,Circuit Paul Ricard,34,1,4,3
John Watson,187,535,1978,Circuit Paul Ricard,34,34,1,4
Alan Jones,178,535,1978,Circuit Paul Ricard,34,3,14,5
Jody Scheckter,222,535,1978,Circuit Paul Ricard,34,58,7,6
Jacques Laffite,172,535,1978,Circuit Paul Ricard,34,27,10,7
Riccardo Patrese,119,535,1978,Circuit Paul Ricard,34,21,12,8
Patrick Tambay,175,535,1978,Circuit Paul Ricard,34,1,6,9
Didier Pironi,202,535,1978,Circuit Paul Ricard,34,25,16,10
Hans-Joachim Stuck,233,535,1978,Circuit Paul Ricard,34,57,20,11
Gilles Villeneuve,203,535,1978,Circuit Paul Ricard,34,6,9,12
Jochen Mass,200,535,1978,Circuit Paul Ricard,34,53,25,13
René Arnoux,163,535,1978,Circuit Paul Ricard,34,64,18,14
Rolf Stommelen,243,535,1978,Circuit Paul Ricard,34,21,21,15
Keke Rosberg,177,535,1978,Circuit Paul Ricard,34,53,26,16
Vittorio Brambilla,230,535,1978,Circuit Paul Ricard,34,62,19,17
Carlos Reutemann,199,535,1978,Circuit Paul Ricard,34,6,8,18
Carlos Reutemann,199,536,1978,Brands Hatch,38,6,8,1
Niki Lauda,182,536,1978,Brands Hatch,38,34,4,2
John Watson,187,536,1978,Brands Hatch,38,34,9,3
Patrick Depailler,221,536,1978,Brands Hatch,38,25,10,4
Hans-Joachim Stuck,233,536,1978,Brands Hatch,38,57,18,5
Patrick Tambay,175,536,1978,Brands Hatch,38,1,20,6
Bruno Giacomelli,152,536,1978,Brands Hatch,38,1,16,7
Brett Lunger,239,536,1978,Brands Hatch,38,1,24,8
Vittorio Brambilla,230,536,1978,Brands Hatch,38,62,25,9
Jacques Laffite,172,536,1978,Brands Hatch,38,27,7,10
Mario Andretti,207,537,1978,Hockenheimring,10,32,1,1
Jody Scheckter,222,537,1978,Hockenheimring,10,58,4,2
Jacques Laffite,172,537,1978,Hockenheimring,10,27,7,3
Emerson Fittipaldi,224,537,1978,Hockenheimring,10,55,10,4
Didier Pironi,202,537,1978,Hockenheimring,10,25,16,5
Hector Rebaque,212,537,1978,Hockenheimring,10,32,18,6
John Watson,187,537,1978,Hockenheimring,10,34,5,7
Gilles Villeneuve,203,537,1978,Hockenheimring,10,6,15,8
Riccardo Patrese,119,537,1978,Hockenheimring,10,21,14,9
Keke Rosberg,177,537,1978,Hockenheimring,10,58,19,10
Harald Ertl,229,537,1978,Hockenheimring,10,56,17,11
Ronnie Peterson,238,538,1978,Red Bull Ring,70,32,1,1
Patrick Depailler,221,538,1978,Red Bull Ring,70,25,14,2
Gilles Villeneuve,203,538,1978,Red Bull Ring,70,6,11,3
Emerson Fittipaldi,224,538,1978,Red Bull Ring,70,55,6,4
Jacques Laffite,172,538,1978,Red Bull Ring,70,27,5,5
Vittorio Brambilla,230,538,1978,Red Bull Ring,70,62,21,6
John Watson,187,538,1978,Red Bull Ring,70,34,10,7
Brett Lunger,239,538,1978,Red Bull Ring,70,1,17,8
René Arnoux,163,538,1978,Red Bull Ring,70,64,26,9
Mario Andretti,207,539,1978,Circuit Park Zandvoort,39,32,1,1
Ronnie Peterson,238,539,1978,Circuit Park Zandvoort,39,32,2,2
Niki Lauda,182,539,1978,Circuit Park Zandvoort,39,34,3,3
John Watson,187,539,1978,Circuit Park Zandvoort,39,34,8,4
Emerson Fittipaldi,224,539,1978,Circuit Park Zandvoort,39,55,10,5
Gilles Villeneuve,203,539,1978,Circuit Park Zandvoort,39,6,5,6
Carlos Reutemann,199,539,1978,Circuit Park Zandvoort,39,6,4,7
Jacques Laffite,172,539,1978,Circuit Park Zandvoort,39,27,6,8
Patrick Tambay,175,539,1978,Circuit Park Zandvoort,39,1,14,9
James Hunt,231,539,1978,Circuit Park Zandvoort,39,1,7,10
Hector Rebaque,212,539,1978,Circuit Park Zandvoort,39,32,20,11
Jody Scheckter,222,539,1978,Circuit Park Zandvoort,39,58,15,12
Niki Lauda,182,540,1978,Autodromo Nazionale di Monza,14,34,4,1
John Watson,187,540,1978,Autodromo Nazionale di Monza,14,34,7,2
Carlos Reutemann,199,540,1978,Autodromo Nazionale di Monza,14,6,11,3
Jacques Laffite,172,540,1978,Autodromo Nazionale di Monza,14,27,8,4
Patrick Tambay,175,540,1978,Autodromo Nazionale di Monza,14,1,19,5
Mario Andretti,207,540,1978,Autodromo Nazionale di Monza,14,32,1,6
Gilles Villeneuve,203,540,1978,Autodromo Nazionale di Monza,14,6,2,7
Emerson Fittipaldi,224,540,1978,Autodromo Nazionale di Monza,14,55,13,8
Nelson Piquet,137,540,1978,Autodromo Nazionale di Monza,14,1,24,9
Derek Daly,206,540,1978,Autodromo Nazionale di Monza,14,56,18,10
Patrick Depailler,221,540,1978,Autodromo Nazionale di Monza,14,25,16,11
Jody Scheckter,222,540,1978,Autodromo Nazionale di Monza,14,58,9,12
Alan Jones,178,540,1978,Autodromo Nazionale di Monza,14,3,6,13
Bruno Giacomelli,152,540,1978,Autodromo Nazionale di Monza,14,1,20,14
Carlos Reutemann,199,541,1978,Watkins Glen,46,6,2,1
Alan Jones,178,541,1978,Watkins Glen,46,3,3,2
Jody Scheckter,222,541,1978,Watkins Glen,46,58,11,3
Jean-Pierre Jabouille,219,541,1978,Watkins Glen,46,4,9,4
Emerson Fittipaldi,224,541,1978,Watkins Glen,46,55,13,5
Patrick Tambay,175,541,1978,Watkins Glen,46,1,18,6
James Hunt,231,541,1978,Watkins Glen,46,1,6,7
Derek Daly,206,541,1978,Watkins Glen,46,56,19,8
René Arnoux,163,541,1978,Watkins Glen,46,64,21,9
Didier Pironi,202,541,1978,Watkins Glen,46,25,16,10
Jacques Laffite,172,541,1978,Watkins Glen,46,27,10,11
Bobby Rahal,249,541,1978,Watkins Glen,46,58,20,12
Brett Lunger,239,541,1978,Watkins Glen,46,56,24,13
Clay Regazzoni,223,541,1978,Watkins Glen,46,57,17,14
Jean-Pierre Jarier,197,541,1978,Watkins Glen,46,32,8,15
Rolf Stommelen,243,541,1978,Watkins Glen,46,21,22,16
Gilles Villeneuve,203,542,1978,Circuit Gilles Villeneuve,7,6,3,1
Jody Scheckter,222,542,1978,Circuit Gilles Villeneuve,7,58,2,2
Carlos Reutemann,199,542,1978,Circuit Gilles Villeneuve,7,6,11,3
Riccardo Patrese,119,542,1978,Circuit Gilles Villeneuve,7,21,12,4
Patrick Depailler,221,542,1978,Circuit Gilles Villeneuve,7,25,13,5
Derek Daly,206,542,1978,Circuit Gilles Villeneuve,7,56,15,6
Didier Pironi,202,542,1978,Circuit Gilles Villeneuve,7,25,18,7
Patrick Tambay,175,542,1978,Circuit Gilles Villeneuve,7,1,17,8
Alan Jones,178,542,1978,Circuit Gilles Villeneuve,7,3,5,9
Mario Andretti,207,542,1978,Circuit Gilles Villeneuve,7,32,9,10
Nelson Piquet,137,542,1978,Circuit Gilles Villeneuve,7,34,14,11
Jean-Pierre Jabouille,219,542,1978,Circuit Gilles Villeneuve,7,4,22,12
Jody Scheckter,222,543,1977,Autódromo Juan y Oscar Gálvez,25,58,11,1
Carlos Pace,250,543,1977,Autódromo Juan y Oscar Gálvez,25,34,6,2
Carlos Reutemann,199,543,1977,Autódromo Juan y Oscar Gálvez,25,6,7,3
Emerson Fittipaldi,224,543,1977,Autódromo Juan y Oscar Gálvez,25,55,16,4
Mario Andretti,207,543,1977,Autódromo Juan y Oscar Gálvez,25,32,8,5
Clay Regazzoni,223,543,1977,Autódromo Juan y Oscar Gálvez,25,56,12,6
Vittorio Brambilla,230,543,1977,Autódromo Juan y Oscar Gálvez,25,62,13,7
Carlos Reutemann,199,544,1977,Autódromo José Carlos Pace,18,6,2,1
James Hunt,231,544,1977,Autódromo José Carlos Pace,18,1,1,2
Niki Lauda,182,544,1977,Autódromo José Carlos Pace,18,6,13,3
Emerson Fittipaldi,224,544,1977,Autódromo José Carlos Pace,18,55,16,4
Gunnar Nilsson,255,544,1977,Autódromo José Carlos Pace,18,32,10,5
Renzo Zorzi,254,544,1977,Autódromo José Carlos Pace,18,57,18,6
Ingo Hoffmann,253,544,1977,Autódromo José Carlos Pace,18,55,19,7
Niki Lauda,182,545,1977,Kyalami,30,6,3,1
Jody Scheckter,222,545,1977,Kyalami,30,58,5,2
Patrick Depailler,221,545,1977,Kyalami,30,25,4,3
James Hunt,231,545,1977,Kyalami,30,1,1,4
Jochen Mass,200,545,1977,Kyalami,30,1,12,5
John Watson,187,545,1977,Kyalami,30,34,11,6
Vittorio Brambilla,230,545,1977,Kyalami,30,62,14,7
Carlos Reutemann,199,545,1977,Kyalami,30,6,8,8
Clay Regazzoni,223,545,1977,Kyalami,30,56,16,9
Emerson Fittipaldi,224,545,1977,Kyalami,30,55,9,10
Hans Binder,246,545,1977,Kyalami,30,62,19,11
Gunnar Nilsson,255,545,1977,Kyalami,30,32,10,12
Carlos Pace,250,545,1977,Kyalami,30,34,2,13
Brett Lunger,239,545,1977,Kyalami,30,37,23,14
Larry Perkins,256,545,1977,Kyalami,30,65,22,15
Mario Andretti,207,546,1977,Long Beach,43,32,2,1
Niki Lauda,182,546,1977,Long Beach,43,6,1,2
Jody Scheckter,222,546,1977,Long Beach,43,58,3,3
Patrick Depailler,221,546,1977,Long Beach,43,25,12,4
Emerson Fittipaldi,224,546,1977,Long Beach,43,55,7,5
Jean-Pierre Jarier,197,546,1977,Long Beach,43,66,9,6
James Hunt,231,546,1977,Long Beach,43,1,8,7
Gunnar Nilsson,255,546,1977,Long Beach,43,32,16,8
Jacques Laffite,172,546,1977,Long Beach,43,27,5,9
Brian Henton,205,546,1977,Long Beach,43,37,18,10
Hans Binder,246,546,1977,Long Beach,43,62,19,11
Mario Andretti,207,547,1977,Jarama,45,32,1,1
Carlos Reutemann,199,547,1977,Jarama,45,6,4,2
Jody Scheckter,222,547,1977,Jarama,45,58,5,3
Jochen Mass,200,547,1977,Jarama,45,1,9,4
Gunnar Nilsson,255,547,1977,Jarama,45,32,12,5
Hans-Joachim Stuck,233,547,1977,Jarama,45,34,13,6
Jacques Laffite,172,547,1977,Jarama,45,27,2,7
Ronnie Peterson,238,547,1977,Jarama,45,25,15,8
Hans Binder,246,547,1977,Jarama,45,62,20,9
Brett Lunger,239,547,1977,Jarama,45,37,28,10
Ian Scheckter,251,547,1977,Jarama,45,37,17,11
Patrick Nève,258,547,1977,Jarama,45,37,22,12
Emilio de Villota,208,547,1977,Jarama,45,1,23,13
Emerson Fittipaldi,224,547,1977,Jarama,45,55,19,14
Jody Scheckter,222,548,1977,Circuit de Monaco,6,58,2,1
Niki Lauda,182,548,1977,Circuit de Monaco,6,6,6,2
Carlos Reutemann,199,548,1977,Circuit de Monaco,6,6,3,3
Jochen Mass,200,548,1977,Circuit de Monaco,6,1,9,4
Mario Andretti,207,548,1977,Circuit de Monaco,6,32,10,5
Alan Jones,178,548,1977,Circuit de Monaco,6,57,11,6
Jacques Laffite,172,548,1977,Circuit de Monaco,6,27,16,7
Vittorio Brambilla,230,548,1977,Circuit de Monaco,6,62,14,8
Riccardo Patrese,119,548,1977,Circuit de Monaco,6,57,15,9
Jacky Ickx,235,548,1977,Circuit de Monaco,6,56,17,10
Jean-Pierre Jarier,197,548,1977,Circuit de Monaco,6,66,12,11
Rupert Keegan,211,548,1977,Circuit de Monaco,6,63,20,12
Gunnar Nilsson,255,549,1977,Zolder,40,32,3,1
Niki Lauda,182,549,1977,Zolder,40,6,11,2
Ronnie Peterson,238,549,1977,Zolder,40,25,8,3
Vittorio Brambilla,230,549,1977,Zolder,40,62,12,4
Alan Jones,178,549,1977,Zolder,40,57,17,5
Hans-Joachim Stuck,233,549,1977,Zolder,40,34,18,6
James Hunt,231,549,1977,Zolder,40,1,9,7
Patrick Depailler,221,549,1977,Zolder,40,25,5,8
Harald Ertl,229,549,1977,Zolder,40,63,25,9
Patrick Nève,258,549,1977,Zolder,40,37,24,10
Jean-Pierre Jarier,197,549,1977,Zolder,40,66,26,11
Larry Perkins,256,549,1977,Zolder,40,62,23,12
David Purley,259,549,1977,Zolder,40,67,20,13
Arturo Merzario,232,549,1977,Zolder,40,37,14,14
Jacques Laffite,172,550,1977,Scandinavian Raceway,47,27,8,1
Jochen Mass,200,550,1977,Scandinavian Raceway,47,1,9,2
Carlos Reutemann,199,550,1977,Scandinavian Raceway,47,6,12,3
Patrick Depailler,221,550,1977,Scandinavian Raceway,47,25,6,4
John Watson,187,550,1977,Scandinavian Raceway,47,34,2,5
Mario Andretti,207,550,1977,Scandinavian Raceway,47,32,1,6
Clay Regazzoni,223,550,1977,Scandinavian Raceway,47,56,14,7
Jean-Pierre Jarier,197,550,1977,Scandinavian Raceway,47,66,17,8
Jackie Oliver,262,550,1977,Scandinavian Raceway,47,57,16,9
Hans-Joachim Stuck,233,550,1977,Scandinavian Raceway,47,34,5,10
Brett Lunger,239,550,1977,Scandinavian Raceway,47,1,22,11
James Hunt,231,550,1977,Scandinavian Raceway,47,1,3,12
Rupert Keegan,211,550,1977,Scandinavian Raceway,47,63,24,13
David Purley,259,550,1977,Scandinavian Raceway,47,67,19,14
Patrick Nève,258,550,1977,Scandinavian Raceway,47,37,20,15
Harald Ertl,229,550,1977,Scandinavian Raceway,47,63,23,16
Alan Jones,178,550,1977,Scandinavian Raceway,47,57,11,17
Emerson Fittipaldi,224,550,1977,Scandinavian Raceway,47,55,18,18
Gunnar Nilsson,255,550,1977,Scandinavian Raceway,47,32,7,19
Mario Andretti,207,551,1977,Dijon-Prenois,41,32,1,1
John Watson,187,551,1977,Dijon-Prenois,41,34,4,2
James Hunt,231,551,1977,Dijon-Prenois,41,1,2,3
Gunnar Nilsson,255,551,1977,Dijon-Prenois,41,32,3,4
Niki Lauda,182,551,1977,Dijon-Prenois,41,6,9,5
Carlos Reutemann,199,551,1977,Dijon-Prenois,41,6,6,6
Clay Regazzoni,223,551,1977,Dijon-Prenois,41,56,16,7
Jacques Laffite,172,551,1977,Dijon-Prenois,41,27,5,8
Jochen Mass,200,551,1977,Dijon-Prenois,41,1,7,9
Rupert Keegan,211,551,1977,Dijon-Prenois,41,63,14,10
Emerson Fittipaldi,224,551,1977,Dijon-Prenois,41,55,22,11
Ronnie Peterson,238,551,1977,Dijon-Prenois,41,25,17,12
Vittorio Brambilla,230,551,1977,Dijon-Prenois,41,62,11,13
James Hunt,231,552,1977,Silverstone Circuit,9,1,1,1
Niki Lauda,182,552,1977,Silverstone Circuit,9,6,3,2
Gunnar Nilsson,255,552,1977,Silverstone Circuit,9,32,5,3
Jochen Mass,200,552,1977,Silverstone Circuit,9,1,11,4
Hans-Joachim Stuck,233,552,1977,Silverstone Circuit,9,34,7,5
Jacques Laffite,172,552,1977,Silverstone Circuit,9,27,15,6
Alan Jones,178,552,1977,Silverstone Circuit,9,57,12,7
Vittorio Brambilla,230,552,1977,Silverstone Circuit,9,62,8,8
Jean-Pierre Jarier,197,552,1977,Silverstone Circuit,9,66,20,9
Patrick Nève,258,552,1977,Silverstone Circuit,9,37,26,10
Gilles Villeneuve,203,552,1977,Silverstone Circuit,9,1,9,11
Vern Schuppan,267,552,1977,Silverstone Circuit,9,62,23,12
Brett Lunger,239,552,1977,Silverstone Circuit,9,1,19,13
Mario Andretti,207,552,1977,Silverstone Circuit,9,32,6,14
Carlos Reutemann,199,552,1977,Silverstone Circuit,9,6,14,15
Niki Lauda,182,553,1977,Hockenheimring,10,6,3,1
Jody Scheckter,222,553,1977,Hockenheimring,10,58,1,2
Hans-Joachim Stuck,233,553,1977,Hockenheimring,10,34,5,3
Carlos Reutemann,199,553,1977,Hockenheimring,10,6,8,4
Vittorio Brambilla,230,553,1977,Hockenheimring,10,62,10,5
Patrick Tambay,175,553,1977,Hockenheimring,10,56,11,6
Vern Schuppan,267,553,1977,Hockenheimring,10,62,19,7
Alex Ribeiro,237,553,1977,Hockenheimring,10,37,20,8
Ronnie Peterson,238,553,1977,Hockenheimring,10,25,14,9
Riccardo Patrese,119,553,1977,Hockenheimring,10,57,16,10
Alan Jones,178,554,1977,Red Bull Ring,70,57,14,1
Niki Lauda,182,554,1977,Red Bull Ring,70,6,1,2
Hans-Joachim Stuck,233,554,1977,Red Bull Ring,70,34,4,3
Carlos Reutemann,199,554,1977,Red Bull Ring,70,6,5,4
Ronnie Peterson,238,554,1977,Red Bull Ring,70,25,15,5
Jochen Mass,200,554,1977,Red Bull Ring,70,1,9,6
Rupert Keegan,211,554,1977,Red Bull Ring,70,63,20,7
John Watson,187,554,1977,Red Bull Ring,70,34,12,8
Patrick Nève,258,554,1977,Red Bull Ring,70,37,22,9
Brett Lunger,239,554,1977,Red Bull Ring,70,1,17,10
Emerson Fittipaldi,224,554,1977,Red Bull Ring,70,55,23,11
Hans Binder,246,554,1977,Red Bull Ring,70,66,19,12
Patrick Depailler,221,554,1977,Red Bull Ring,70,25,10,13
Jean-Pierre Jarier,197,554,1977,Red Bull Ring,70,66,18,14
Vittorio Brambilla,230,554,1977,Red Bull Ring,70,62,13,15
Vern Schuppan,267,554,1977,Red Bull Ring,70,62,25,16
Emilio de Villota,208,554,1977,Red Bull Ring,70,1,26,17
Niki Lauda,182,555,1977,Circuit Park Zandvoort,39,6,4,1
Jacques Laffite,172,555,1977,Circuit Park Zandvoort,39,27,2,2
Jody Scheckter,222,555,1977,Circuit Park Zandvoort,39,58,15,3
Emerson Fittipaldi,224,555,1977,Circuit Park Zandvoort,39,55,17,4
Patrick Tambay,175,555,1977,Circuit Park Zandvoort,39,56,12,5
Carlos Reutemann,199,555,1977,Circuit Park Zandvoort,39,6,6,6
Hans-Joachim Stuck,233,555,1977,Circuit Park Zandvoort,39,34,19,7
Hans Binder,246,555,1977,Circuit Park Zandvoort,39,66,18,8
Brett Lunger,239,555,1977,Circuit Park Zandvoort,39,1,20,9
Ian Scheckter,251,555,1977,Circuit Park Zandvoort,39,37,25,10
Alex Ribeiro,237,555,1977,Circuit Park Zandvoort,39,37,24,11
Vittorio Brambilla,230,555,1977,Circuit Park Zandvoort,39,62,22,12
Riccardo Patrese,119,555,1977,Circuit Park Zandvoort,39,57,16,13
Mario Andretti,207,556,1977,Autodromo Nazionale di Monza,14,32,4,1
Niki Lauda,182,556,1977,Autodromo Nazionale di Monza,14,6,5,2
Alan Jones,178,556,1977,Autodromo Nazionale di Monza,14,57,16,3
Jochen Mass,200,556,1977,Autodromo Nazionale di Monza,14,1,9,4
Clay Regazzoni,223,556,1977,Autodromo Nazionale di Monza,14,56,7,5
Ronnie Peterson,238,556,1977,Autodromo Nazionale di Monza,14,25,12,6
Patrick Nève,258,556,1977,Autodromo Nazionale di Monza,14,37,24,7
Jacques Laffite,172,556,1977,Autodromo Nazionale di Monza,14,27,8,8
Rupert Keegan,211,556,1977,Autodromo Nazionale di Monza,14,63,23,9
James Hunt,231,557,1977,Watkins Glen,46,1,1,1
Mario Andretti,207,557,1977,Watkins Glen,46,32,4,2
Jody Scheckter,222,557,1977,Watkins Glen,46,58,9,3
Niki Lauda,182,557,1977,Watkins Glen,46,6,7,4
Clay Regazzoni,223,557,1977,Watkins Glen,46,56,19,5
Carlos Reutemann,199,557,1977,Watkins Glen,46,6,6,6
Jacques Laffite,172,557,1977,Watkins Glen,46,27,10,7
Rupert Keegan,211,557,1977,Watkins Glen,46,63,20,8
Jean-Pierre Jarier,197,557,1977,Watkins Glen,46,57,16,9
Brett Lunger,239,557,1977,Watkins Glen,46,1,17,10
Hans Binder,246,557,1977,Watkins Glen,46,62,25,11
John Watson,187,557,1977,Watkins Glen,46,34,3,12
Emerson Fittipaldi,224,557,1977,Watkins Glen,46,55,18,13
Patrick Depailler,221,557,1977,Watkins Glen,46,25,8,14
Alex Ribeiro,237,557,1977,Watkins Glen,46,37,23,15
Ronnie Peterson,238,557,1977,Watkins Glen,46,25,5,16
Ian Ashley,270,557,1977,Watkins Glen,46,63,22,17
Patrick Nève,258,557,1977,Watkins Glen,46,37,24,18
Vittorio Brambilla,230,557,1977,Watkins Glen,46,62,11,19
Jody Scheckter,222,558,1977,Mosport International Raceway,48,58,9,1
Patrick Depailler,221,558,1977,Mosport International Raceway,48,25,6,2
Jochen Mass,200,558,1977,Mosport International Raceway,48,1,5,3
Alan Jones,178,558,1977,Mosport International Raceway,48,57,7,4
Patrick Tambay,175,558,1977,Mosport International Raceway,48,56,16,5
Vittorio Brambilla,230,558,1977,Mosport International Raceway,48,62,15,6
Danny Ongais,240,558,1977,Mosport International Raceway,48,66,22,7
Alex Ribeiro,237,558,1977,Mosport International Raceway,48,37,23,8
Mario Andretti,207,558,1977,Mosport International Raceway,48,32,1,9
Riccardo Patrese,119,558,1977,Mosport International Raceway,48,57,8,10
Brett Lunger,239,558,1977,Mosport International Raceway,48,1,20,11
Gilles Villeneuve,203,558,1977,Mosport International Raceway,48,6,17,12
James Hunt,231,559,1977,Fuji Speedway,16,1,2,1
Carlos Reutemann,199,559,1977,Fuji Speedway,16,6,7,2
Patrick Depailler,221,559,1977,Fuji Speedway,16,25,15,3
Alan Jones,178,559,1977,Fuji Speedway,16,57,12,4
Jacques Laffite,172,559,1977,Fuji Speedway,16,27,5,5
Riccardo Patrese,119,559,1977,Fuji Speedway,16,57,13,6
Hans-Joachim Stuck,233,559,1977,Fuji Speedway,16,34,4,7
Vittorio Brambilla,230,559,1977,Fuji Speedway,16,62,9,8
Kunimitsu Takahashi,272,559,1977,Fuji Speedway,16,25,22,9
Jody Scheckter,222,559,1977,Fuji Speedway,16,58,6,10
Kazuyoshi Hoshino,273,559,1977,Fuji Speedway,16,71,11,11
Alex Ribeiro,237,559,1977,Fuji Speedway,16,37,23,12
Niki Lauda,182,560,1976,Autódromo José Carlos Pace,18,6,2,1
Patrick Depailler,221,560,1976,Autódromo José Carlos Pace,18,25,9,2
Tom Pryce,252,560,1976,Autódromo José Carlos Pace,18,57,12,3
Hans-Joachim Stuck,233,560,1976,Autódromo José Carlos Pace,18,37,14,4
Jody Scheckter,222,560,1976,Autódromo José Carlos Pace,18,25,13,5
Jochen Mass,200,560,1976,Autódromo José Carlos Pace,18,1,6,6
Clay Regazzoni,223,560,1976,Autódromo José Carlos Pace,18,6,4,7
Jacky Ickx,235,560,1976,Autódromo José Carlos Pace,18,58,19,8
Renzo Zorzi,254,560,1976,Autódromo José Carlos Pace,18,3,17,9
Carlos Pace,250,560,1976,Autódromo José Carlos Pace,18,202,10,10
Ingo Hoffmann,253,560,1976,Autódromo José Carlos Pace,18,55,20,11
Carlos Reutemann,199,560,1976,Autódromo José Carlos Pace,18,202,15,12
Emerson Fittipaldi,224,560,1976,Autódromo José Carlos Pace,18,55,5,13
Lella Lombardi,275,560,1976,Autódromo José Carlos Pace,18,37,22,14
Niki Lauda,182,561,1976,Kyalami,30,6,2,1
James Hunt,231,561,1976,Kyalami,30,1,1,2
Jochen Mass,200,561,1976,Kyalami,30,1,4,3
Jody Scheckter,222,561,1976,Kyalami,30,25,12,4
John Watson,187,561,1976,Kyalami,30,66,3,5
Mario Andretti,207,561,1976,Kyalami,30,72,13,6
Tom Pryce,252,561,1976,Kyalami,30,57,7,7
Vittorio Brambilla,230,561,1976,Kyalami,30,37,5,8
Patrick Depailler,221,561,1976,Kyalami,30,25,6,9
Bob Evans,276,561,1976,Kyalami,30,32,23,10
Brett Lunger,239,561,1976,Kyalami,30,62,20,11
Hans-Joachim Stuck,233,561,1976,Kyalami,30,37,17,12
Michel Leclère,277,561,1976,Kyalami,30,58,22,13
Chris Amon,278,561,1976,Kyalami,30,56,18,14
Harald Ertl,229,561,1976,Kyalami,30,63,24,15
Jacky Ickx,235,561,1976,Kyalami,30,58,19,16
Emerson Fittipaldi,224,561,1976,Kyalami,30,55,21,17
Clay Regazzoni,223,562,1976,Long Beach,43,6,1,1
Niki Lauda,182,562,1976,Long Beach,43,6,4,2
Patrick Depailler,221,562,1976,Long Beach,43,25,2,3
Jacques Laffite,172,562,1976,Long Beach,43,27,12,4
Jochen Mass,200,562,1976,Long Beach,43,1,14,5
Emerson Fittipaldi,224,562,1976,Long Beach,43,55,16,6
Jean-Pierre Jarier,197,562,1976,Long Beach,43,57,7,7
Chris Amon,278,562,1976,Long Beach,43,56,17,8
Carlos Pace,250,562,1976,Long Beach,43,202,13,9
Ronnie Peterson,238,562,1976,Long Beach,43,37,6,10
James Hunt,231,563,1976,Jarama,45,1,1,1
Niki Lauda,182,563,1976,Jarama,45,6,2,2
Gunnar Nilsson,255,563,1976,Jarama,45,32,7,3
Carlos Reutemann,199,563,1976,Jarama,45,202,12,4
Chris Amon,278,563,1976,Jarama,45,56,10,5
Carlos Pace,250,563,1976,Jarama,45,202,11,6
Jacky Ickx,235,563,1976,Jarama,45,58,21,7
Tom Pryce,252,563,1976,Jarama,45,57,22,8
Alan Jones,178,563,1976,Jarama,45,62,20,9
Michel Leclère,277,563,1976,Jarama,45,58,23,10
Clay Regazzoni,223,563,1976,Jarama,45,6,5,11
Jacques Laffite,172,563,1976,Jarama,45,27,8,12
Larry Perkins,256,563,1976,Jarama,45,69,24,13
Niki Lauda,182,564,1976,Zolder,40,6,1,1
Clay Regazzoni,223,564,1976,Zolder,40,6,2,2
Jacques Laffite,172,564,1976,Zolder,40,27,4,3
Jody Scheckter,222,564,1976,Zolder,40,25,7,4
Alan Jones,178,564,1976,Zolder,40,62,16,5
Jochen Mass,200,564,1976,Zolder,40,1,18,6
John Watson,187,564,1976,Zolder,40,66,17,7
Larry Perkins,256,564,1976,Zolder,40,69,20,8
Jean-Pierre Jarier,197,564,1976,Zolder,40,57,14,9
Tom Pryce,252,564,1976,Zolder,40,57,13,10
Michel Leclère,277,564,1976,Zolder,40,58,25,11
Loris Kessel,271,564,1976,Zolder,40,180,23,12
Niki Lauda,182,565,1976,Circuit de Monaco,6,6,1,1
Jody Scheckter,222,565,1976,Circuit de Monaco,6,25,5,2
Patrick Depailler,221,565,1976,Circuit de Monaco,6,25,4,3
Hans-Joachim Stuck,233,565,1976,Circuit de Monaco,6,37,6,4
Jochen Mass,200,565,1976,Circuit de Monaco,6,1,11,5
Emerson Fittipaldi,224,565,1976,Circuit de Monaco,6,55,7,6
Tom Pryce,252,565,1976,Circuit de Monaco,6,57,15,7
Jean-Pierre Jarier,197,565,1976,Circuit de Monaco,6,57,10,8
Carlos Pace,250,565,1976,Circuit de Monaco,6,202,13,9
John Watson,187,565,1976,Circuit de Monaco,6,66,17,10
Michel Leclère,277,565,1976,Circuit de Monaco,6,58,18,11
Jacques Laffite,172,565,1976,Circuit de Monaco,6,27,8,12
Chris Amon,278,565,1976,Circuit de Monaco,6,56,12,13
Clay Regazzoni,223,565,1976,Circuit de Monaco,6,6,2,14
Jody Scheckter,222,566,1976,Scandinavian Raceway,47,25,1,1
Patrick Depailler,221,566,1976,Scandinavian Raceway,47,25,4,2
Niki Lauda,182,566,1976,Scandinavian Raceway,47,6,5,3
Jacques Laffite,172,566,1976,Scandinavian Raceway,47,27,7,4
James Hunt,231,566,1976,Scandinavian Raceway,47,1,8,5
Clay Regazzoni,223,566,1976,Scandinavian Raceway,47,6,11,6
Ronnie Peterson,238,566,1976,Scandinavian Raceway,47,37,9,7
Carlos Pace,250,566,1976,Scandinavian Raceway,47,202,10,8
Tom Pryce,252,566,1976,Scandinavian Raceway,47,57,12,9
Vittorio Brambilla,230,566,1976,Scandinavian Raceway,47,37,15,10
Jochen Mass,200,566,1976,Scandinavian Raceway,47,1,13,11
Jean-Pierre Jarier,197,566,1976,Scandinavian Raceway,47,57,14,12
Alan Jones,178,566,1976,Scandinavian Raceway,47,62,18,13
Arturo Merzario,232,566,1976,Scandinavian Raceway,47,37,19,14
Brett Lunger,239,566,1976,Scandinavian Raceway,47,62,24,15
James Hunt,231,567,1976,Circuit Paul Ricard,34,1,1,1
Patrick Depailler,221,567,1976,Circuit Paul Ricard,34,25,3,2
John Watson,187,567,1976,Circuit Paul Ricard,34,66,8,3
Carlos Pace,250,567,1976,Circuit Paul Ricard,34,202,5,4
Mario Andretti,207,567,1976,Circuit Paul Ricard,34,32,7,5
Jody Scheckter,222,567,1976,Circuit Paul Ricard,34,25,9,6
Hans-Joachim Stuck,233,567,1976,Circuit Paul Ricard,34,37,17,7
Tom Pryce,252,567,1976,Circuit Paul Ricard,34,57,16,8
Arturo Merzario,232,567,1976,Circuit Paul Ricard,34,37,20,9
Jacky Ickx,235,567,1976,Circuit Paul Ricard,34,58,19,10
Carlos Reutemann,199,567,1976,Circuit Paul Ricard,34,202,10,11
Jean-Pierre Jarier,197,567,1976,Circuit Paul Ricard,34,57,15,12
Michel Leclère,277,567,1976,Circuit Paul Ricard,34,58,22,13
Jacques Laffite,172,567,1976,Circuit Paul Ricard,34,27,13,14
Jochen Mass,200,567,1976,Circuit Paul Ricard,34,1,14,15
Brett Lunger,239,567,1976,Circuit Paul Ricard,34,62,23,16
Guy Edwards,265,567,1976,Circuit Paul Ricard,34,63,25,17
Patrick Nève,258,567,1976,Circuit Paul Ricard,34,56,26,18
Ronnie Peterson,238,567,1976,Circuit Paul Ricard,34,37,6,19
Niki Lauda,182,568,1976,Brands Hatch,38,6,1,1
Jody Scheckter,222,568,1976,Brands Hatch,38,25,8,2
John Watson,187,568,1976,Brands Hatch,38,66,11,3
Tom Pryce,252,568,1976,Brands Hatch,38,57,20,4
Alan Jones,178,568,1976,Brands Hatch,38,62,19,5
Emerson Fittipaldi,224,568,1976,Brands Hatch,38,55,21,6
Harald Ertl,229,568,1976,Brands Hatch,38,63,23,7
Carlos Pace,250,568,1976,Brands Hatch,38,202,16,8
Jean-Pierre Jarier,197,568,1976,Brands Hatch,38,57,24,9
James Hunt,231,569,1976,Nürburgring,20,1,1,1
Jody Scheckter,222,569,1976,Nürburgring,20,25,8,2
Jochen Mass,200,569,1976,Nürburgring,20,1,9,3
Carlos Pace,250,569,1976,Nürburgring,20,202,7,4
Gunnar Nilsson,255,569,1976,Nürburgring,20,32,16,5
Rolf Stommelen,243,569,1976,Nürburgring,20,202,15,6
John Watson,187,569,1976,Nürburgring,20,66,19,7
Tom Pryce,252,569,1976,Nürburgring,20,57,18,8
Clay Regazzoni,223,569,1976,Nürburgring,20,6,5,9
Alan Jones,178,569,1976,Nürburgring,20,62,14,10
Jean-Pierre Jarier,197,569,1976,Nürburgring,20,57,23,11
Mario Andretti,207,569,1976,Nürburgring,20,32,12,12
Emerson Fittipaldi,224,569,1976,Nürburgring,20,55,20,13
Alessandro Pesenti-Rossi,284,569,1976,Nürburgring,20,25,26,14
Guy Edwards,265,569,1976,Nürburgring,20,63,25,15
John Watson,187,570,1976,Red Bull Ring,70,66,2,1
Jacques Laffite,172,570,1976,Red Bull Ring,70,27,5,2
Gunnar Nilsson,255,570,1976,Red Bull Ring,70,32,4,3
James Hunt,231,570,1976,Red Bull Ring,70,1,1,4
Mario Andretti,207,570,1976,Red Bull Ring,70,32,9,5
Ronnie Peterson,238,570,1976,Red Bull Ring,70,37,3,6
Jochen Mass,200,570,1976,Red Bull Ring,70,1,12,7
Harald Ertl,229,570,1976,Red Bull Ring,70,63,20,8
Henri Pescarolo,280,570,1976,Red Bull Ring,70,62,22,9
Brett Lunger,239,570,1976,Red Bull Ring,70,62,16,10
Alessandro Pesenti-Rossi,284,570,1976,Red Bull Ring,70,25,23,11
Lella Lombardi,275,570,1976,Red Bull Ring,70,180,24,12
James Hunt,231,571,1976,Circuit Park Zandvoort,39,1,2,1
Clay Regazzoni,223,571,1976,Circuit Park Zandvoort,39,6,5,2
Mario Andretti,207,571,1976,Circuit Park Zandvoort,39,32,6,3
Tom Pryce,252,571,1976,Circuit Park Zandvoort,39,57,3,4
Jody Scheckter,222,571,1976,Circuit Park Zandvoort,39,25,8,5
Vittorio Brambilla,230,571,1976,Circuit Park Zandvoort,39,37,7,6
Patrick Depailler,221,571,1976,Circuit Park Zandvoort,39,25,14,7
Alan Jones,178,571,1976,Circuit Park Zandvoort,39,62,16,8
Jochen Mass,200,571,1976,Circuit Park Zandvoort,39,1,15,9
Jean-Pierre Jarier,197,571,1976,Circuit Park Zandvoort,39,57,20,10
Henri Pescarolo,280,571,1976,Circuit Park Zandvoort,39,62,22,11
Rolf Stommelen,243,571,1976,Circuit Park Zandvoort,39,63,25,12
Ronnie Peterson,238,572,1976,Autodromo Nazionale di Monza,14,37,8,1
Clay Regazzoni,223,572,1976,Autodromo Nazionale di Monza,14,6,9,2
Jacques Laffite,172,572,1976,Autodromo Nazionale di Monza,14,27,1,3
Niki Lauda,182,572,1976,Autodromo Nazionale di Monza,14,6,5,4
Jody Scheckter,222,572,1976,Autodromo Nazionale di Monza,14,25,2,5
Patrick Depailler,221,572,1976,Autodromo Nazionale di Monza,14,25,4,6
Vittorio Brambilla,230,572,1976,Autodromo Nazionale di Monza,14,37,16,7
Tom Pryce,252,572,1976,Autodromo Nazionale di Monza,14,57,15,8
Carlos Reutemann,199,572,1976,Autodromo Nazionale di Monza,14,6,7,9
Jacky Ickx,235,572,1976,Autodromo Nazionale di Monza,14,56,10,10
John Watson,187,572,1976,Autodromo Nazionale di Monza,14,66,26,11
Alan Jones,178,572,1976,Autodromo Nazionale di Monza,14,62,18,12
Gunnar Nilsson,255,572,1976,Autodromo Nazionale di Monza,14,32,12,13
Brett Lunger,239,572,1976,Autodromo Nazionale di Monza,14,62,24,14
Emerson Fittipaldi,224,572,1976,Autodromo Nazionale di Monza,14,55,20,15
Harald Ertl,229,572,1976,Autodromo Nazionale di Monza,14,63,19,16
Henri Pescarolo,280,572,1976,Autodromo Nazionale di Monza,14,62,22,17
Alessandro Pesenti-Rossi,284,572,1976,Autodromo Nazionale di Monza,14,25,21,18
Jean-Pierre Jarier,197,572,1976,Autodromo Nazionale di Monza,14,57,17,19
James Hunt,231,573,1976,Mosport International Raceway,48,1,1,1
Patrick Depailler,221,573,1976,Mosport International Raceway,48,25,4,2
Mario Andretti,207,573,1976,Mosport International Raceway,48,32,5,3
Jody Scheckter,222,573,1976,Mosport International Raceway,48,25,7,4
Jochen Mass,200,573,1976,Mosport International Raceway,48,1,11,5
Clay Regazzoni,223,573,1976,Mosport International Raceway,48,6,12,6
Carlos Pace,250,573,1976,Mosport International Raceway,48,202,10,7
Niki Lauda,182,573,1976,Mosport International Raceway,48,6,6,8
Ronnie Peterson,238,573,1976,Mosport International Raceway,48,37,2,9
John Watson,187,573,1976,Mosport International Raceway,48,66,14,10
Tom Pryce,252,573,1976,Mosport International Raceway,48,57,13,11
Gunnar Nilsson,255,573,1976,Mosport International Raceway,48,32,15,12
Jacky Ickx,235,573,1976,Mosport International Raceway,48,56,16,13
Vittorio Brambilla,230,573,1976,Mosport International Raceway,48,37,3,14
Brett Lunger,239,573,1976,Mosport International Raceway,48,62,22,15
Alan Jones,178,573,1976,Mosport International Raceway,48,62,20,16
Larry Perkins,256,573,1976,Mosport International Raceway,48,202,19,17
Jean-Pierre Jarier,197,573,1976,Mosport International Raceway,48,57,18,18
Henri Pescarolo,280,573,1976,Mosport International Raceway,48,62,21,19
Guy Edwards,265,573,1976,Mosport International Raceway,48,63,23,20
James Hunt,231,574,1976,Watkins Glen,46,1,1,1
Jody Scheckter,222,574,1976,Watkins Glen,46,25,2,2
Niki Lauda,182,574,1976,Watkins Glen,46,6,5,3
Jochen Mass,200,574,1976,Watkins Glen,46,1,17,4
Hans-Joachim Stuck,233,574,1976,Watkins Glen,46,37,6,5
John Watson,187,574,1976,Watkins Glen,46,66,8,6
Clay Regazzoni,223,574,1976,Watkins Glen,46,6,14,7
Alan Jones,178,574,1976,Watkins Glen,46,62,18,8
Emerson Fittipaldi,224,574,1976,Watkins Glen,46,55,15,9
Jean-Pierre Jarier,197,574,1976,Watkins Glen,46,57,16,10
Brett Lunger,239,574,1976,Watkins Glen,46,62,24,11
Alex Ribeiro,237,574,1976,Watkins Glen,46,63,22,12
Harald Ertl,229,574,1976,Watkins Glen,46,63,21,13
Warwick Brown,286,574,1976,Watkins Glen,46,58,23,14
Mario Andretti,207,575,1976,Fuji Speedway,16,32,1,1
Patrick Depailler,221,575,1976,Fuji Speedway,16,25,13,2
James Hunt,231,575,1976,Fuji Speedway,16,1,2,3
Alan Jones,178,575,1976,Fuji Speedway,16,62,20,4
Clay Regazzoni,223,575,1976,Fuji Speedway,16,6,7,5
Gunnar Nilsson,255,575,1976,Fuji Speedway,16,32,16,6
Jacques Laffite,172,575,1976,Fuji Speedway,16,27,11,7
Harald Ertl,229,575,1976,Fuji Speedway,16,63,22,8
Noritake Takahara,274,575,1976,Fuji Speedway,16,62,24,9
Jean-Pierre Jarier,197,575,1976,Fuji Speedway,16,57,15,10
Masahiro Hasemi,287,575,1976,Fuji Speedway,16,71,10,11
Emerson Fittipaldi,224,576,1975,Autódromo Juan y Oscar Gálvez,25,1,5,1
James Hunt,231,576,1975,Autódromo Juan y Oscar Gálvez,25,63,6,2
Carlos Reutemann,199,576,1975,Autódromo Juan y Oscar Gálvez,25,34,3,3
Clay Regazzoni,223,576,1975,Autódromo Juan y Oscar Gálvez,25,6,7,4
Patrick Depailler,221,576,1975,Autódromo Juan y Oscar Gálvez,25,25,8,5
Niki Lauda,182,576,1975,Autódromo Juan y Oscar Gálvez,25,6,4,6
Mark Donohue,288,576,1975,Autódromo Juan y Oscar Gálvez,25,66,16,7
Jacky Ickx,235,576,1975,Autódromo Juan y Oscar Gálvez,25,32,18,8
Vittorio Brambilla,230,576,1975,Autódromo Juan y Oscar Gálvez,25,37,12,9
Graham Hill,289,576,1975,Autódromo Juan y Oscar Gálvez,25,26,21,10
Jody Scheckter,222,576,1975,Autódromo Juan y Oscar Gálvez,25,25,9,11
Tom Pryce,252,576,1975,Autódromo Juan y Oscar Gálvez,25,200,14,12
Rolf Stommelen,243,576,1975,Autódromo Juan y Oscar Gálvez,25,26,19,13
Jochen Mass,200,576,1975,Autódromo Juan y Oscar Gálvez,25,1,13,14
Carlos Pace,250,577,1975,Autódromo José Carlos Pace,18,34,6,1
Emerson Fittipaldi,224,577,1975,Autódromo José Carlos Pace,18,1,2,2
Jochen Mass,200,577,1975,Autódromo José Carlos Pace,18,1,10,3
Clay Regazzoni,223,577,1975,Autódromo José Carlos Pace,18,6,5,4
Niki Lauda,182,577,1975,Autódromo José Carlos Pace,18,6,4,5
James Hunt,231,577,1975,Autódromo José Carlos Pace,18,63,7,6
Mario Andretti,207,577,1975,Autódromo José Carlos Pace,18,72,18,7
Carlos Reutemann,199,577,1975,Autódromo José Carlos Pace,18,34,3,8
Jacky Ickx,235,577,1975,Autódromo José Carlos Pace,18,32,12,9
John Watson,187,577,1975,Autódromo José Carlos Pace,18,62,13,10
Jacques Laffite,172,577,1975,Autódromo José Carlos Pace,18,3,11,11
Graham Hill,289,577,1975,Autódromo José Carlos Pace,18,26,20,12
Wilson Fittipaldi,290,577,1975,Autódromo José Carlos Pace,18,55,21,13
Rolf Stommelen,243,577,1975,Autódromo José Carlos Pace,18,26,23,14
Ronnie Peterson,238,577,1975,Autódromo José Carlos Pace,18,32,16,15
Jody Scheckter,222,578,1975,Kyalami,30,25,3,1
Carlos Reutemann,199,578,1975,Kyalami,30,34,2,2
Patrick Depailler,221,578,1975,Kyalami,30,25,5,3
Carlos Pace,250,578,1975,Kyalami,30,34,1,4
Niki Lauda,182,578,1975,Kyalami,30,6,4,5
Jochen Mass,200,578,1975,Kyalami,30,1,16,6
Rolf Stommelen,243,578,1975,Kyalami,30,74,14,7
Mark Donohue,288,578,1975,Kyalami,30,66,18,8
Tom Pryce,252,578,1975,Kyalami,30,200,19,9
Ronnie Peterson,238,578,1975,Kyalami,30,32,8,10
Guy Tunmer,291,578,1975,Kyalami,30,32,25,11
Jacky Ickx,235,578,1975,Kyalami,30,32,21,12
Eddie Keizan,292,578,1975,Kyalami,30,32,22,13
Dave Charlton,293,578,1975,Kyalami,30,1,20,14
Bob Evans,276,578,1975,Kyalami,30,65,24,15
Clay Regazzoni,223,578,1975,Kyalami,30,6,9,16
Mario Andretti,207,578,1975,Kyalami,30,72,6,17
Jochen Mass,200,579,1975,Montjuïc,49,1,11,1
Jacky Ickx,235,579,1975,Montjuïc,49,32,16,2
Carlos Reutemann,199,579,1975,Montjuïc,49,34,15,3
Jean-Pierre Jarier,197,579,1975,Montjuïc,49,200,10,4
Vittorio Brambilla,230,579,1975,Montjuïc,49,37,5,5
Lella Lombardi,275,579,1975,Montjuïc,49,37,24,6
Tony Brise,294,579,1975,Montjuïc,49,3,18,7
John Watson,187,579,1975,Montjuïc,49,62,6,8
Niki Lauda,182,580,1975,Circuit de Monaco,6,6,1,1
Emerson Fittipaldi,224,580,1975,Circuit de Monaco,6,1,9,2
Carlos Pace,250,580,1975,Circuit de Monaco,6,34,8,3
Ronnie Peterson,238,580,1975,Circuit de Monaco,6,32,4,4
Patrick Depailler,221,580,1975,Circuit de Monaco,6,25,12,5
Jochen Mass,200,580,1975,Circuit de Monaco,6,1,15,6
Jody Scheckter,222,580,1975,Circuit de Monaco,6,25,7,7
Jacky Ickx,235,580,1975,Circuit de Monaco,6,32,14,8
Carlos Reutemann,199,580,1975,Circuit de Monaco,6,34,10,9
Niki Lauda,182,581,1975,Zolder,40,6,1,1
Jody Scheckter,222,581,1975,Zolder,40,25,9,2
Carlos Reutemann,199,581,1975,Zolder,40,34,6,3
Patrick Depailler,221,581,1975,Zolder,40,25,12,4
Clay Regazzoni,223,581,1975,Zolder,40,6,4,5
Tom Pryce,252,581,1975,Zolder,40,200,5,6
Emerson Fittipaldi,224,581,1975,Zolder,40,1,8,7
Carlos Pace,250,581,1975,Zolder,40,34,2,8
Bob Evans,276,581,1975,Zolder,40,65,20,9
John Watson,187,581,1975,Zolder,40,62,18,10
Mark Donohue,288,581,1975,Zolder,40,66,21,11
Wilson Fittipaldi,290,581,1975,Zolder,40,55,24,12
Niki Lauda,182,582,1975,Scandinavian Raceway,47,6,5,1
Carlos Reutemann,199,582,1975,Scandinavian Raceway,47,34,4,2
Clay Regazzoni,223,582,1975,Scandinavian Raceway,47,6,12,3
Mario Andretti,207,582,1975,Scandinavian Raceway,47,72,15,4
Mark Donohue,288,582,1975,Scandinavian Raceway,47,66,16,5
Tony Brise,294,582,1975,Scandinavian Raceway,47,74,17,6
Jody Scheckter,222,582,1975,Scandinavian Raceway,47,25,8,7
Emerson Fittipaldi,224,582,1975,Scandinavian Raceway,47,1,11,8
Ronnie Peterson,238,582,1975,Scandinavian Raceway,47,32,9,9
Torsten Palm,297,582,1975,Scandinavian Raceway,47,63,21,10
Alan Jones,178,582,1975,Scandinavian Raceway,47,63,19,11
Patrick Depailler,221,582,1975,Scandinavian Raceway,47,25,2,12
Bob Evans,276,582,1975,Scandinavian Raceway,47,65,23,13
Damien Magee,282,582,1975,Scandinavian Raceway,47,3,22,14
Jacky Ickx,235,582,1975,Scandinavian Raceway,47,32,18,15
John Watson,187,582,1975,Scandinavian Raceway,47,62,10,16
Wilson Fittipaldi,290,582,1975,Scandinavian Raceway,47,55,25,17
James Hunt,231,583,1975,Circuit Park Zandvoort,39,63,3,1
Niki Lauda,182,583,1975,Circuit Park Zandvoort,39,6,1,2
Clay Regazzoni,223,583,1975,Circuit Park Zandvoort,39,6,2,3
Carlos Reutemann,199,583,1975,Circuit Park Zandvoort,39,34,5,4
Carlos Pace,250,583,1975,Circuit Park Zandvoort,39,34,9,5
Tom Pryce,252,583,1975,Circuit Park Zandvoort,39,200,12,6
Tony Brise,294,583,1975,Circuit Park Zandvoort,39,74,7,7
Mark Donohue,288,583,1975,Circuit Park Zandvoort,39,66,18,8
Patrick Depailler,221,583,1975,Circuit Park Zandvoort,39,25,13,9
Gijs van Lennep,298,583,1975,Circuit Park Zandvoort,39,56,22,10
Wilson Fittipaldi,290,583,1975,Circuit Park Zandvoort,39,55,24,11
Ian Scheckter,251,583,1975,Circuit Park Zandvoort,39,3,19,12
Alan Jones,178,583,1975,Circuit Park Zandvoort,39,74,17,13
Lella Lombardi,275,583,1975,Circuit Park Zandvoort,39,37,23,14
Ronnie Peterson,238,583,1975,Circuit Park Zandvoort,39,32,16,15
Jody Scheckter,222,583,1975,Circuit Park Zandvoort,39,25,4,16
Niki Lauda,182,584,1975,Circuit Paul Ricard,34,6,1,1
James Hunt,231,584,1975,Circuit Paul Ricard,34,63,3,2
Jochen Mass,200,584,1975,Circuit Paul Ricard,34,1,7,3
Emerson Fittipaldi,224,584,1975,Circuit Paul Ricard,34,1,10,4
Mario Andretti,207,584,1975,Circuit Paul Ricard,34,72,15,5
Patrick Depailler,221,584,1975,Circuit Paul Ricard,34,25,13,6
Tony Brise,294,584,1975,Circuit Paul Ricard,34,74,12,7
Jean-Pierre Jarier,197,584,1975,Circuit Paul Ricard,34,200,4,8
Jody Scheckter,222,584,1975,Circuit Paul Ricard,34,25,2,9
Ronnie Peterson,238,584,1975,Circuit Paul Ricard,34,32,17,10
Jacques Laffite,172,584,1975,Circuit Paul Ricard,34,3,16,11
Jean-Pierre Jabouille,219,584,1975,Circuit Paul Ricard,34,25,21,12
John Watson,187,584,1975,Circuit Paul Ricard,34,62,14,13
Carlos Reutemann,199,584,1975,Circuit Paul Ricard,34,34,11,14
Gijs van Lennep,298,584,1975,Circuit Paul Ricard,34,56,22,15
Alan Jones,178,584,1975,Circuit Paul Ricard,34,74,20,16
Bob Evans,276,584,1975,Circuit Paul Ricard,34,65,25,17
Lella Lombardi,275,584,1975,Circuit Paul Ricard,34,37,26,18
Emerson Fittipaldi,224,585,1975,Silverstone Circuit,9,1,7,1
Carlos Pace,250,585,1975,Silverstone Circuit,9,34,2,2
Jody Scheckter,222,585,1975,Silverstone Circuit,9,25,6,3
James Hunt,231,585,1975,Silverstone Circuit,9,63,9,4
Mark Donohue,288,585,1975,Silverstone Circuit,9,37,15,5
Vittorio Brambilla,230,585,1975,Silverstone Circuit,9,37,5,6
Jochen Mass,200,585,1975,Silverstone Circuit,9,1,10,7
Niki Lauda,182,585,1975,Silverstone Circuit,9,6,3,8
Patrick Depailler,221,585,1975,Silverstone Circuit,9,25,17,9
Alan Jones,178,585,1975,Silverstone Circuit,9,74,28,10
John Watson,187,585,1975,Silverstone Circuit,9,62,18,11
Mario Andretti,207,585,1975,Silverstone Circuit,9,72,12,12
Clay Regazzoni,223,585,1975,Silverstone Circuit,9,6,4,13
Jean-Pierre Jarier,197,585,1975,Silverstone Circuit,9,200,11,14
Tony Brise,294,585,1975,Silverstone Circuit,9,74,13,15
Brian Henton,205,585,1975,Silverstone Circuit,9,32,21,16
John Nicholson,300,585,1975,Silverstone Circuit,9,75,26,17
Dave Morgan,301,585,1975,Silverstone Circuit,9,62,23,18
Wilson Fittipaldi,290,585,1975,Silverstone Circuit,9,55,24,19
Carlos Reutemann,199,586,1975,Nürburgring,20,34,10,1
Jacques Laffite,172,586,1975,Nürburgring,20,3,15,2
Niki Lauda,182,586,1975,Nürburgring,20,6,1,3
Tom Pryce,252,586,1975,Nürburgring,20,200,16,4
Alan Jones,178,586,1975,Nürburgring,20,74,21,5
Gijs van Lennep,298,586,1975,Nürburgring,20,56,24,6
Lella Lombardi,275,586,1975,Nürburgring,20,37,25,7
Harald Ertl,229,586,1975,Nürburgring,20,63,23,8
Patrick Depailler,221,586,1975,Nürburgring,20,25,4,9
Mario Andretti,207,586,1975,Nürburgring,20,72,13,10
Vittorio Brambilla,230,587,1975,Red Bull Ring,70,37,8,1
James Hunt,231,587,1975,Red Bull Ring,70,63,2,2
Tom Pryce,252,587,1975,Red Bull Ring,70,200,15,3
Jochen Mass,200,587,1975,Red Bull Ring,70,1,9,4
Ronnie Peterson,238,587,1975,Red Bull Ring,70,32,13,5
Niki Lauda,182,587,1975,Red Bull Ring,70,6,1,6
Clay Regazzoni,223,587,1975,Red Bull Ring,70,6,5,7
Jody Scheckter,222,587,1975,Red Bull Ring,70,25,10,8
Emerson Fittipaldi,224,587,1975,Red Bull Ring,70,1,3,9
John Watson,187,587,1975,Red Bull Ring,70,62,18,10
Patrick Depailler,221,587,1975,Red Bull Ring,70,25,7,11
Chris Amon,278,587,1975,Red Bull Ring,70,56,23,12
Brett Lunger,239,587,1975,Red Bull Ring,70,63,17,13
Carlos Reutemann,199,587,1975,Red Bull Ring,70,34,11,14
Tony Brise,294,587,1975,Red Bull Ring,70,74,16,15
Rolf Stommelen,243,587,1975,Red Bull Ring,70,74,25,16
Lella Lombardi,275,587,1975,Red Bull Ring,70,37,21,17
Clay Regazzoni,223,588,1975,Autodromo Nazionale di Monza,14,6,2,1
Emerson Fittipaldi,224,588,1975,Autodromo Nazionale di Monza,14,1,3,2
Niki Lauda,182,588,1975,Autodromo Nazionale di Monza,14,6,1,3
Carlos Reutemann,199,588,1975,Autodromo Nazionale di Monza,14,34,7,4
James Hunt,231,588,1975,Autodromo Nazionale di Monza,14,63,8,5
Tom Pryce,252,588,1975,Autodromo Nazionale di Monza,14,200,14,6
Patrick Depailler,221,588,1975,Autodromo Nazionale di Monza,14,25,12,7
Jody Scheckter,222,588,1975,Autodromo Nazionale di Monza,14,25,4,8
Harald Ertl,229,588,1975,Autodromo Nazionale di Monza,14,63,17,9
Brett Lunger,239,588,1975,Autodromo Nazionale di Monza,14,63,21,10
Arturo Merzario,232,588,1975,Autodromo Nazionale di Monza,14,55,26,11
Chris Amon,278,588,1975,Autodromo Nazionale di Monza,14,56,19,12
Jim Crawford,302,588,1975,Autodromo Nazionale di Monza,14,32,25,13
Renzo Zorzi,254,588,1975,Autodromo Nazionale di Monza,14,3,22,14
Niki Lauda,182,589,1975,Watkins Glen,46,6,1,1
Emerson Fittipaldi,224,589,1975,Watkins Glen,46,1,2,2
Jochen Mass,200,589,1975,Watkins Glen,46,1,9,3
James Hunt,231,589,1975,Watkins Glen,46,63,15,4
Ronnie Peterson,238,589,1975,Watkins Glen,46,32,14,5
Jody Scheckter,222,589,1975,Watkins Glen,46,25,10,6
Vittorio Brambilla,230,589,1975,Watkins Glen,46,37,6,7
Hans-Joachim Stuck,233,589,1975,Watkins Glen,46,37,13,8
John Watson,187,589,1975,Watkins Glen,46,66,12,9
Wilson Fittipaldi,290,589,1975,Watkins Glen,46,55,23,10
Denny Hulme,304,590,1974,Autódromo Juan y Oscar Gálvez,25,1,10,1
Niki Lauda,182,590,1974,Autódromo Juan y Oscar Gálvez,25,6,8,2
Clay Regazzoni,223,590,1974,Autódromo Juan y Oscar Gálvez,25,6,2,3
Mike Hailwood,305,590,1974,Autódromo Juan y Oscar Gálvez,25,1,9,4
Jean-Pierre Beltoise,306,590,1974,Autódromo Juan y Oscar Gálvez,25,65,14,5
Patrick Depailler,221,590,1974,Autódromo Juan y Oscar Gálvez,25,25,15,6
Carlos Reutemann,199,590,1974,Autódromo Juan y Oscar Gálvez,25,34,6,7
Howden Ganley,307,590,1974,Autódromo Juan y Oscar Gálvez,25,37,19,8
Henri Pescarolo,280,590,1974,Autódromo Juan y Oscar Gálvez,25,65,21,9
Emerson Fittipaldi,224,590,1974,Autódromo Juan y Oscar Gálvez,25,1,3,10
Guy Edwards,265,590,1974,Autódromo Juan y Oscar Gálvez,25,26,25,11
John Watson,187,590,1974,Autódromo Juan y Oscar Gálvez,25,34,20,12
Ronnie Peterson,238,590,1974,Autódromo Juan y Oscar Gálvez,25,32,1,13
Emerson Fittipaldi,224,591,1974,Autódromo José Carlos Pace,18,1,1,1
Clay Regazzoni,223,591,1974,Autódromo José Carlos Pace,18,6,8,2
Jacky Ickx,235,591,1974,Autódromo José Carlos Pace,18,32,5,3
Carlos Pace,250,591,1974,Autódromo José Carlos Pace,18,62,12,4
Mike Hailwood,305,591,1974,Autódromo José Carlos Pace,18,1,7,5
Ronnie Peterson,238,591,1974,Autódromo José Carlos Pace,18,32,4,6
Carlos Reutemann,199,591,1974,Autódromo José Carlos Pace,18,34,2,7
Patrick Depailler,221,591,1974,Autódromo José Carlos Pace,18,25,16,8
James Hunt,231,591,1974,Autódromo José Carlos Pace,18,37,18,9
Jean-Pierre Beltoise,306,591,1974,Autódromo José Carlos Pace,18,65,17,10
Graham Hill,289,591,1974,Autódromo José Carlos Pace,18,26,21,11
Denny Hulme,304,591,1974,Autódromo José Carlos Pace,18,1,11,12
Jody Scheckter,222,591,1974,Autódromo José Carlos Pace,18,25,14,13
Henri Pescarolo,280,591,1974,Autódromo José Carlos Pace,18,65,22,14
Richard Robarts,308,591,1974,Autódromo José Carlos Pace,18,34,24,15
François Migault,296,591,1974,Autódromo José Carlos Pace,18,65,23,16
Jochen Mass,200,591,1974,Autódromo José Carlos Pace,18,62,10,17
Carlos Reutemann,199,592,1974,Kyalami,30,34,4,1
Jean-Pierre Beltoise,306,592,1974,Kyalami,30,65,11,2
Mike Hailwood,305,592,1974,Kyalami,30,1,12,3
Patrick Depailler,221,592,1974,Kyalami,30,25,15,4
Hans-Joachim Stuck,233,592,1974,Kyalami,30,37,7,5
Arturo Merzario,232,592,1974,Kyalami,30,79,3,6
Emerson Fittipaldi,224,592,1974,Kyalami,30,1,5,7
Jody Scheckter,222,592,1974,Kyalami,30,25,8,8
Denny Hulme,304,592,1974,Kyalami,30,1,9,9
Vittorio Brambilla,230,592,1974,Kyalami,30,37,19,10
Carlos Pace,250,592,1974,Kyalami,30,62,2,11
Graham Hill,289,592,1974,Kyalami,30,26,18,12
Ian Scheckter,251,592,1974,Kyalami,30,32,22,13
Eddie Keizan,292,592,1974,Kyalami,30,25,24,14
François Migault,296,592,1974,Kyalami,30,65,25,15
Niki Lauda,182,592,1974,Kyalami,30,6,1,16
Richard Robarts,308,592,1974,Kyalami,30,34,23,17
Henri Pescarolo,280,592,1974,Kyalami,30,65,21,18
Dave Charlton,293,592,1974,Kyalami,30,1,20,19
Niki Lauda,182,593,1974,Jarama,45,6,1,1
Clay Regazzoni,223,593,1974,Jarama,45,6,3,2
Emerson Fittipaldi,224,593,1974,Jarama,45,1,4,3
Hans-Joachim Stuck,233,593,1974,Jarama,45,37,13,4
Jody Scheckter,222,593,1974,Jarama,45,25,9,5
Denny Hulme,304,593,1974,Jarama,45,1,8,6
Brian Redman,312,593,1974,Jarama,45,57,21,7
Patrick Depailler,221,593,1974,Jarama,45,25,16,8
Mike Hailwood,305,593,1974,Jarama,45,1,17,9
James Hunt,231,593,1974,Jarama,45,63,10,10
John Watson,187,593,1974,Jarama,45,34,15,11
Henri Pescarolo,280,593,1974,Jarama,45,65,20,12
Carlos Pace,250,593,1974,Jarama,45,62,14,13
Tim Schenken,314,593,1974,Jarama,45,76,25,14
Emerson Fittipaldi,224,594,1974,Nivelles-Baulers,50,1,4,1
Niki Lauda,182,594,1974,Nivelles-Baulers,50,6,3,2
Jody Scheckter,222,594,1974,Nivelles-Baulers,50,25,2,3
Clay Regazzoni,223,594,1974,Nivelles-Baulers,50,6,1,4
Jean-Pierre Beltoise,306,594,1974,Nivelles-Baulers,50,65,7,5
Denny Hulme,304,594,1974,Nivelles-Baulers,50,1,12,6
Mike Hailwood,305,594,1974,Nivelles-Baulers,50,1,13,7
Graham Hill,289,594,1974,Nivelles-Baulers,50,26,29,8
Vittorio Brambilla,230,594,1974,Nivelles-Baulers,50,37,31,9
Tim Schenken,314,594,1974,Nivelles-Baulers,50,76,23,10
John Watson,187,594,1974,Nivelles-Baulers,50,34,19,11
Guy Edwards,265,594,1974,Nivelles-Baulers,50,26,21,12
Jean-Pierre Jarier,197,594,1974,Nivelles-Baulers,50,57,17,13
Gijs van Lennep,298,594,1974,Nivelles-Baulers,50,79,30,14
Vern Schuppan,267,594,1974,Nivelles-Baulers,50,56,14,15
François Migault,296,594,1974,Nivelles-Baulers,50,65,25,16
Teddy Pilette,269,594,1974,Nivelles-Baulers,50,34,27,17
Brian Redman,312,594,1974,Nivelles-Baulers,50,57,18,18
Ronnie Peterson,238,595,1974,Circuit de Monaco,6,32,3,1
Jody Scheckter,222,595,1974,Circuit de Monaco,6,25,5,2
Jean-Pierre Jarier,197,595,1974,Circuit de Monaco,6,57,6,3
Clay Regazzoni,223,595,1974,Circuit de Monaco,6,6,2,4
Emerson Fittipaldi,224,595,1974,Circuit de Monaco,6,1,13,5
John Watson,187,595,1974,Circuit de Monaco,6,34,23,6
Graham Hill,289,595,1974,Circuit de Monaco,6,26,21,7
Guy Edwards,265,595,1974,Circuit de Monaco,6,26,26,8
Patrick Depailler,221,595,1974,Circuit de Monaco,6,25,4,9
Jody Scheckter,222,596,1974,Scandinavian Raceway,47,25,2,1
Patrick Depailler,221,596,1974,Scandinavian Raceway,47,25,1,2
James Hunt,231,596,1974,Scandinavian Raceway,47,63,6,3
Emerson Fittipaldi,224,596,1974,Scandinavian Raceway,47,1,9,4
Jean-Pierre Jarier,197,596,1974,Scandinavian Raceway,47,57,8,5
Graham Hill,289,596,1974,Scandinavian Raceway,47,26,15,6
Guy Edwards,265,596,1974,Scandinavian Raceway,47,26,18,7
Tom Belsø,311,596,1974,Scandinavian Raceway,47,79,21,8
Rikky von Opel,313,596,1974,Scandinavian Raceway,47,34,20,9
Vittorio Brambilla,230,596,1974,Scandinavian Raceway,47,37,17,10
John Watson,187,596,1974,Scandinavian Raceway,47,34,14,11
Niki Lauda,182,597,1974,Circuit Park Zandvoort,39,6,1,1
Clay Regazzoni,223,597,1974,Circuit Park Zandvoort,39,6,2,2
Emerson Fittipaldi,224,597,1974,Circuit Park Zandvoort,39,1,3,3
Mike Hailwood,305,597,1974,Circuit Park Zandvoort,39,1,4,4
Jody Scheckter,222,597,1974,Circuit Park Zandvoort,39,25,5,5
Patrick Depailler,221,597,1974,Circuit Park Zandvoort,39,25,8,6
John Watson,187,597,1974,Circuit Park Zandvoort,39,34,13,7
Ronnie Peterson,238,597,1974,Circuit Park Zandvoort,39,32,10,8
Rikky von Opel,313,597,1974,Circuit Park Zandvoort,39,34,23,9
Vittorio Brambilla,230,597,1974,Circuit Park Zandvoort,39,37,15,10
Jacky Ickx,235,597,1974,Circuit Park Zandvoort,39,32,18,11
Carlos Reutemann,199,597,1974,Circuit Park Zandvoort,39,34,12,12
Ronnie Peterson,238,598,1974,Dijon-Prenois,41,32,2,1
Niki Lauda,182,598,1974,Dijon-Prenois,41,6,1,2
Clay Regazzoni,223,598,1974,Dijon-Prenois,41,6,4,3
Jody Scheckter,222,598,1974,Dijon-Prenois,41,25,7,4
Jacky Ickx,235,598,1974,Dijon-Prenois,41,32,13,5
Denny Hulme,304,598,1974,Dijon-Prenois,41,1,11,6
Mike Hailwood,305,598,1974,Dijon-Prenois,41,1,6,7
Patrick Depailler,221,598,1974,Dijon-Prenois,41,25,9,8
Arturo Merzario,232,598,1974,Dijon-Prenois,41,79,15,9
Jean-Pierre Beltoise,306,598,1974,Dijon-Prenois,41,65,17,10
Vittorio Brambilla,230,598,1974,Dijon-Prenois,41,37,16,11
Jean-Pierre Jarier,197,598,1974,Dijon-Prenois,41,57,12,12
Graham Hill,289,598,1974,Dijon-Prenois,41,26,21,13
François Migault,296,598,1974,Dijon-Prenois,41,65,22,14
Guy Edwards,265,598,1974,Dijon-Prenois,41,26,20,15
John Watson,187,598,1974,Dijon-Prenois,41,34,14,16
Jody Scheckter,222,599,1974,Brands Hatch,38,25,3,1
Emerson Fittipaldi,224,599,1974,Brands Hatch,38,1,8,2
Jacky Ickx,235,599,1974,Brands Hatch,38,32,12,3
Clay Regazzoni,223,599,1974,Brands Hatch,38,6,7,4
Niki Lauda,182,599,1974,Brands Hatch,38,6,1,5
Carlos Reutemann,199,599,1974,Brands Hatch,38,34,4,6
Denny Hulme,304,599,1974,Brands Hatch,38,1,19,7
Tom Pryce,252,599,1974,Brands Hatch,38,57,5,8
Carlos Pace,250,599,1974,Brands Hatch,38,34,20,9
Ronnie Peterson,238,599,1974,Brands Hatch,38,32,2,10
John Watson,187,599,1974,Brands Hatch,38,34,13,11
Jean-Pierre Beltoise,306,599,1974,Brands Hatch,38,65,23,12
Graham Hill,289,599,1974,Brands Hatch,38,26,22,13
Jochen Mass,200,599,1974,Brands Hatch,38,62,17,14
Clay Regazzoni,223,600,1974,Nürburgring,20,6,2,1
Jody Scheckter,222,600,1974,Nürburgring,20,25,4,2
Carlos Reutemann,199,600,1974,Nürburgring,20,34,6,3
Ronnie Peterson,238,600,1974,Nürburgring,20,32,8,4
Jacky Ickx,235,600,1974,Nürburgring,20,32,9,5
Tom Pryce,252,600,1974,Nürburgring,20,57,11,6
Hans-Joachim Stuck,233,600,1974,Nürburgring,20,37,20,7
Jean-Pierre Jarier,197,600,1974,Nürburgring,20,57,18,8
Graham Hill,289,600,1974,Nürburgring,20,26,19,9
Henri Pescarolo,280,600,1974,Nürburgring,20,65,24,10
Derek Bell,321,600,1974,Nürburgring,20,62,25,11
Carlos Pace,250,600,1974,Nürburgring,20,34,17,12
Vittorio Brambilla,230,600,1974,Nürburgring,20,37,23,13
Ian Ashley,270,600,1974,Nürburgring,20,78,20,14
Mike Hailwood,305,600,1974,Nürburgring,20,1,12,15
Carlos Reutemann,199,601,1974,Red Bull Ring,70,34,2,1
Denny Hulme,304,601,1974,Red Bull Ring,70,1,10,2
James Hunt,231,601,1974,Red Bull Ring,70,63,7,3
John Watson,187,601,1974,Red Bull Ring,70,34,11,4
Clay Regazzoni,223,601,1974,Red Bull Ring,70,6,8,5
Vittorio Brambilla,230,601,1974,Red Bull Ring,70,37,20,6
David Hobbs,322,601,1974,Red Bull Ring,70,1,17,7
Jean-Pierre Jarier,197,601,1974,Red Bull Ring,70,57,23,8
Dieter Quester,323,601,1974,Red Bull Ring,70,62,25,9
Tim Schenken,314,601,1974,Red Bull Ring,70,76,19,10
Hans-Joachim Stuck,233,601,1974,Red Bull Ring,70,37,15,11
Graham Hill,289,601,1974,Red Bull Ring,70,26,21,12
Ronnie Peterson,238,602,1974,Autodromo Nazionale di Monza,14,32,7,1
Emerson Fittipaldi,224,602,1974,Autodromo Nazionale di Monza,14,1,6,2
Jody Scheckter,222,602,1974,Autodromo Nazionale di Monza,14,25,12,3
Arturo Merzario,232,602,1974,Autodromo Nazionale di Monza,14,79,15,4
Carlos Pace,250,602,1974,Autodromo Nazionale di Monza,14,34,3,5
Denny Hulme,304,602,1974,Autodromo Nazionale di Monza,14,1,19,6
John Watson,187,602,1974,Autodromo Nazionale di Monza,14,34,4,7
Graham Hill,289,602,1974,Autodromo Nazionale di Monza,14,26,21,8
David Hobbs,322,602,1974,Autodromo Nazionale di Monza,14,1,23,9
Tom Pryce,252,602,1974,Autodromo Nazionale di Monza,14,57,22,10
Patrick Depailler,221,602,1974,Autodromo Nazionale di Monza,14,25,10,11
Emerson Fittipaldi,224,603,1974,Mosport International Raceway,48,1,1,1
Clay Regazzoni,223,603,1974,Mosport International Raceway,48,6,6,2
Ronnie Peterson,238,603,1974,Mosport International Raceway,48,32,10,3
James Hunt,231,603,1974,Mosport International Raceway,48,63,8,4
Patrick Depailler,221,603,1974,Mosport International Raceway,48,25,7,5
Denny Hulme,304,603,1974,Mosport International Raceway,48,1,14,6
Mario Andretti,207,603,1974,Mosport International Raceway,48,72,16,7
Carlos Pace,250,603,1974,Mosport International Raceway,48,34,9,8
Carlos Reutemann,199,603,1974,Mosport International Raceway,48,34,4,9
Helmuth Koinigg,324,603,1974,Mosport International Raceway,48,62,22,10
Rolf Stommelen,243,603,1974,Mosport International Raceway,48,26,11,11
Mark Donohue,288,603,1974,Mosport International Raceway,48,66,24,12
Jacky Ickx,235,603,1974,Mosport International Raceway,48,32,21,13
Graham Hill,289,603,1974,Mosport International Raceway,48,26,20,14
Jacques Laffite,172,603,1974,Mosport International Raceway,48,79,18,15
Jochen Mass,200,603,1974,Mosport International Raceway,48,1,12,16
Carlos Reutemann,199,604,1974,Watkins Glen,46,34,1,1
Carlos Pace,250,604,1974,Watkins Glen,46,34,4,2
James Hunt,231,604,1974,Watkins Glen,46,63,2,3
Emerson Fittipaldi,224,604,1974,Watkins Glen,46,1,8,4
John Watson,187,604,1974,Watkins Glen,46,34,7,5
Patrick Depailler,221,604,1974,Watkins Glen,46,25,13,6
Jochen Mass,200,604,1974,Watkins Glen,46,1,20,7
Graham Hill,289,604,1974,Watkins Glen,46,26,24,8
Chris Amon,278,604,1974,Watkins Glen,46,65,12,9
Jean-Pierre Jarier,197,604,1974,Watkins Glen,46,57,10,10
Clay Regazzoni,223,604,1974,Watkins Glen,46,6,9,11
Rolf Stommelen,243,604,1974,Watkins Glen,46,26,21,12
Emerson Fittipaldi,224,605,1973,Autódromo Juan y Oscar Gálvez,25,32,2,1
François Cevert,327,605,1973,Autódromo Juan y Oscar Gálvez,25,25,6,2
Jackie Stewart,328,605,1973,Autódromo Juan y Oscar Gálvez,25,25,4,3
Jacky Ickx,235,605,1973,Autódromo Juan y Oscar Gálvez,25,6,3,4
Denny Hulme,304,605,1973,Autódromo Juan y Oscar Gálvez,25,1,8,5
Wilson Fittipaldi,290,605,1973,Autódromo Juan y Oscar Gálvez,25,34,13,6
Clay Regazzoni,223,605,1973,Autódromo Juan y Oscar Gálvez,25,65,1,7
Peter Revson,309,605,1973,Autódromo Juan y Oscar Gálvez,25,1,11,8
Arturo Merzario,232,605,1973,Autódromo Juan y Oscar Gálvez,25,6,14,9
Mike Beuttler,329,605,1973,Autódromo Juan y Oscar Gálvez,25,37,18,10
Emerson Fittipaldi,224,606,1973,Autódromo José Carlos Pace,18,32,2,1
Jackie Stewart,328,606,1973,Autódromo José Carlos Pace,18,25,8,2
Denny Hulme,304,606,1973,Autódromo José Carlos Pace,18,1,5,3
Arturo Merzario,232,606,1973,Autódromo José Carlos Pace,18,6,17,4
Jacky Ickx,235,606,1973,Autódromo José Carlos Pace,18,6,3,5
Clay Regazzoni,223,606,1973,Autódromo José Carlos Pace,18,65,4,6
Howden Ganley,307,606,1973,Autódromo José Carlos Pace,18,79,14,7
Niki Lauda,182,606,1973,Autódromo José Carlos Pace,18,65,13,8
Nanni Galli,330,606,1973,Autódromo José Carlos Pace,18,79,18,9
François Cevert,327,606,1973,Autódromo José Carlos Pace,18,25,9,10
Carlos Reutemann,199,606,1973,Autódromo José Carlos Pace,18,34,7,11
Luiz Bueno,331,606,1973,Autódromo José Carlos Pace,18,62,20,12
Jackie Stewart,328,607,1973,Kyalami,30,25,16,1
Peter Revson,309,607,1973,Kyalami,30,1,6,2
Emerson Fittipaldi,224,607,1973,Kyalami,30,32,2,3
Arturo Merzario,232,607,1973,Kyalami,30,6,15,4
Denny Hulme,304,607,1973,Kyalami,30,1,1,5
George Follmer,332,607,1973,Kyalami,30,57,21,6
Carlos Reutemann,199,607,1973,Kyalami,30,34,8,7
Andrea de Adamich,333,607,1973,Kyalami,30,62,20,8
Jody Scheckter,222,607,1973,Kyalami,30,1,3,9
Howden Ganley,307,607,1973,Kyalami,30,79,19,10
Ronnie Peterson,238,607,1973,Kyalami,30,32,4,11
Emerson Fittipaldi,224,608,1973,Montjuïc,49,32,7,1
François Cevert,327,608,1973,Montjuïc,49,25,3,2
George Follmer,332,608,1973,Montjuïc,49,57,14,3
Peter Revson,309,608,1973,Montjuïc,49,1,5,4
Jean-Pierre Beltoise,306,608,1973,Montjuïc,49,65,10,5
Denny Hulme,304,608,1973,Montjuïc,49,1,2,6
Mike Beuttler,329,608,1973,Montjuïc,49,37,19,7
Henri Pescarolo,280,608,1973,Montjuïc,49,37,18,8
Clay Regazzoni,223,608,1973,Montjuïc,49,65,8,9
Wilson Fittipaldi,290,608,1973,Montjuïc,49,34,12,10
Nanni Galli,330,608,1973,Montjuïc,49,79,20,11
Jacky Ickx,235,608,1973,Montjuïc,49,6,6,12
Jackie Stewart,328,609,1973,Zolder,40,25,6,1
François Cevert,327,609,1973,Zolder,40,25,4,2
Emerson Fittipaldi,224,609,1973,Zolder,40,32,9,3
Andrea de Adamich,333,609,1973,Zolder,40,34,18,4
Niki Lauda,182,609,1973,Zolder,40,65,14,5
Chris Amon,278,609,1973,Zolder,40,80,15,6
Denny Hulme,304,609,1973,Zolder,40,1,2,7
Carlos Pace,250,609,1973,Zolder,40,62,8,8
Graham Hill,289,609,1973,Zolder,40,57,23,9
Clay Regazzoni,223,609,1973,Zolder,40,65,12,10
Mike Beuttler,329,609,1973,Zolder,40,37,20,11
Jackie Stewart,328,610,1973,Circuit de Monaco,6,25,1,1
Emerson Fittipaldi,224,610,1973,Circuit de Monaco,6,32,5,2
Ronnie Peterson,238,610,1973,Circuit de Monaco,6,32,2,3
François Cevert,327,610,1973,Circuit de Monaco,6,25,4,4
Peter Revson,309,610,1973,Circuit de Monaco,6,1,15,5
Denny Hulme,304,610,1973,Circuit de Monaco,6,1,3,6
Andrea de Adamich,333,610,1973,Circuit de Monaco,6,34,25,7
Mike Hailwood,305,610,1973,Circuit de Monaco,6,62,13,8
James Hunt,231,610,1973,Circuit de Monaco,6,37,18,9
Jackie Oliver,262,610,1973,Circuit de Monaco,6,57,22,10
Wilson Fittipaldi,290,610,1973,Circuit de Monaco,6,34,9,11
Denny Hulme,304,611,1973,Scandinavian Raceway,47,1,6,1
Ronnie Peterson,238,611,1973,Scandinavian Raceway,47,32,1,2
François Cevert,327,611,1973,Scandinavian Raceway,47,25,2,3
Carlos Reutemann,199,611,1973,Scandinavian Raceway,47,34,5,4
Jackie Stewart,328,611,1973,Scandinavian Raceway,47,25,3,5
Jacky Ickx,235,611,1973,Scandinavian Raceway,47,6,8,6
Peter Revson,309,611,1973,Scandinavian Raceway,47,1,7,7
Mike Beuttler,329,611,1973,Scandinavian Raceway,47,37,21,8
Clay Regazzoni,223,611,1973,Scandinavian Raceway,47,65,12,9
Carlos Pace,250,611,1973,Scandinavian Raceway,47,62,16,10
Howden Ganley,307,611,1973,Scandinavian Raceway,47,79,11,11
Emerson Fittipaldi,224,611,1973,Scandinavian Raceway,47,32,4,12
Niki Lauda,182,611,1973,Scandinavian Raceway,47,65,15,13
George Follmer,332,611,1973,Scandinavian Raceway,47,57,19,14
Ronnie Peterson,238,612,1973,Circuit Paul Ricard,34,32,5,1
François Cevert,327,612,1973,Circuit Paul Ricard,34,25,4,2
Carlos Reutemann,199,612,1973,Circuit Paul Ricard,34,34,8,3
Jackie Stewart,328,612,1973,Circuit Paul Ricard,34,25,1,4
Jacky Ickx,235,612,1973,Circuit Paul Ricard,34,6,12,5
James Hunt,231,612,1973,Circuit Paul Ricard,34,37,14,6
Arturo Merzario,232,612,1973,Circuit Paul Ricard,34,6,10,7
Denny Hulme,304,612,1973,Circuit Paul Ricard,34,1,6,8
Niki Lauda,182,612,1973,Circuit Paul Ricard,34,65,17,9
Graham Hill,289,612,1973,Circuit Paul Ricard,34,57,16,10
Jean-Pierre Beltoise,306,612,1973,Circuit Paul Ricard,34,65,15,11
Clay Regazzoni,223,612,1973,Circuit Paul Ricard,34,65,9,12
Carlos Pace,250,612,1973,Circuit Paul Ricard,34,62,18,13
Howden Ganley,307,612,1973,Circuit Paul Ricard,34,79,24,14
Rikky von Opel,313,612,1973,Circuit Paul Ricard,34,56,25,15
Wilson Fittipaldi,290,612,1973,Circuit Paul Ricard,34,34,19,16
Peter Revson,309,613,1973,Silverstone Circuit,9,1,3,1
Ronnie Peterson,238,613,1973,Silverstone Circuit,9,32,1,2
Denny Hulme,304,613,1973,Silverstone Circuit,9,1,2,3
James Hunt,231,613,1973,Silverstone Circuit,9,37,11,4
François Cevert,327,613,1973,Silverstone Circuit,9,25,7,5
Carlos Reutemann,199,613,1973,Silverstone Circuit,9,34,8,6
Clay Regazzoni,223,613,1973,Silverstone Circuit,9,65,10,7
Jacky Ickx,235,613,1973,Silverstone Circuit,9,6,19,8
Howden Ganley,307,613,1973,Silverstone Circuit,9,79,18,9
Jackie Stewart,328,613,1973,Silverstone Circuit,9,25,4,10
Mike Beuttler,329,613,1973,Silverstone Circuit,9,37,24,11
Niki Lauda,182,613,1973,Silverstone Circuit,9,65,9,12
Rikky von Opel,313,613,1973,Silverstone Circuit,9,56,21,13
Jackie Stewart,328,614,1973,Circuit Park Zandvoort,39,25,2,1
François Cevert,327,614,1973,Circuit Park Zandvoort,39,25,3,2
James Hunt,231,614,1973,Circuit Park Zandvoort,39,37,7,3
Peter Revson,309,614,1973,Circuit Park Zandvoort,39,1,6,4
Jean-Pierre Beltoise,306,614,1973,Circuit Park Zandvoort,39,65,9,5
Gijs van Lennep,298,614,1973,Circuit Park Zandvoort,39,79,20,6
Carlos Pace,250,614,1973,Circuit Park Zandvoort,39,62,8,7
Clay Regazzoni,223,614,1973,Circuit Park Zandvoort,39,65,12,8
Howden Ganley,307,614,1973,Circuit Park Zandvoort,39,79,15,9
George Follmer,332,614,1973,Circuit Park Zandvoort,39,57,22,10
Ronnie Peterson,238,614,1973,Circuit Park Zandvoort,39,32,1,11
Jackie Stewart,328,615,1973,Nürburgring,20,25,1,1
François Cevert,327,615,1973,Nürburgring,20,25,3,2
Jacky Ickx,235,615,1973,Nürburgring,20,1,4,3
Carlos Pace,250,615,1973,Nürburgring,20,62,11,4
Wilson Fittipaldi,290,615,1973,Nürburgring,20,34,13,5
Emerson Fittipaldi,224,615,1973,Nürburgring,20,32,14,6
Jochen Mass,200,615,1973,Nürburgring,20,62,15,7
Jackie Oliver,262,615,1973,Nürburgring,20,57,17,8
Peter Revson,309,615,1973,Nürburgring,20,1,7,9
Henri Pescarolo,280,615,1973,Nürburgring,20,79,12,10
Rolf Stommelen,243,615,1973,Nürburgring,20,34,16,11
Denny Hulme,304,615,1973,Nürburgring,20,1,8,12
Graham Hill,289,615,1973,Nürburgring,20,57,20,13
Mike Hailwood,305,615,1973,Nürburgring,20,62,18,14
David Purley,259,615,1973,Nürburgring,20,37,22,15
Mike Beuttler,329,615,1973,Nürburgring,20,37,19,16
Ronnie Peterson,238,616,1973,Red Bull Ring,70,32,2,1
Jackie Stewart,328,616,1973,Red Bull Ring,70,25,7,2
Carlos Pace,250,616,1973,Red Bull Ring,70,62,8,3
Carlos Reutemann,199,616,1973,Red Bull Ring,70,34,5,4
Jean-Pierre Beltoise,306,616,1973,Red Bull Ring,70,65,13,5
Clay Regazzoni,223,616,1973,Red Bull Ring,70,65,14,6
Arturo Merzario,232,616,1973,Red Bull Ring,70,6,6,7
Denny Hulme,304,616,1973,Red Bull Ring,70,1,3,8
Gijs van Lennep,298,616,1973,Red Bull Ring,70,79,23,9
Mike Hailwood,305,616,1973,Red Bull Ring,70,62,15,10
Ronnie Peterson,238,617,1973,Autodromo Nazionale di Monza,14,32,1,1
Emerson Fittipaldi,224,617,1973,Autodromo Nazionale di Monza,14,32,4,2
Peter Revson,309,617,1973,Autodromo Nazionale di Monza,14,1,2,3
Jackie Stewart,328,617,1973,Autodromo Nazionale di Monza,14,25,6,4
François Cevert,327,617,1973,Autodromo Nazionale di Monza,14,25,11,5
Carlos Reutemann,199,617,1973,Autodromo Nazionale di Monza,14,34,10,6
Mike Hailwood,305,617,1973,Autodromo Nazionale di Monza,14,62,8,7
Jacky Ickx,235,617,1973,Autodromo Nazionale di Monza,14,6,14,8
David Purley,259,617,1973,Autodromo Nazionale di Monza,14,37,24,9
George Follmer,332,617,1973,Autodromo Nazionale di Monza,14,57,21,10
Jackie Oliver,262,617,1973,Autodromo Nazionale di Monza,14,57,19,11
Rolf Stommelen,243,617,1973,Autodromo Nazionale di Monza,14,34,9,12
Jean-Pierre Beltoise,306,617,1973,Autodromo Nazionale di Monza,14,65,13,13
Graham Hill,289,617,1973,Autodromo Nazionale di Monza,14,57,22,14
Denny Hulme,304,617,1973,Autodromo Nazionale di Monza,14,1,3,15
Peter Revson,309,618,1973,Mosport International Raceway,48,1,2,1
Emerson Fittipaldi,224,618,1973,Mosport International Raceway,48,32,5,2
Jackie Oliver,262,618,1973,Mosport International Raceway,48,57,14,3
Jean-Pierre Beltoise,306,618,1973,Mosport International Raceway,48,65,16,4
Jackie Stewart,328,618,1973,Mosport International Raceway,48,25,9,5
Howden Ganley,307,618,1973,Mosport International Raceway,48,79,22,6
James Hunt,231,618,1973,Mosport International Raceway,48,37,15,7
Carlos Reutemann,199,618,1973,Mosport International Raceway,48,34,4,8
Mike Hailwood,305,618,1973,Mosport International Raceway,48,62,12,9
Chris Amon,278,618,1973,Mosport International Raceway,48,25,11,10
Wilson Fittipaldi,290,618,1973,Mosport International Raceway,48,34,10,11
Rolf Stommelen,243,618,1973,Mosport International Raceway,48,34,18,12
Denny Hulme,304,618,1973,Mosport International Raceway,48,1,7,13
Tim Schenken,314,618,1973,Mosport International Raceway,48,79,24,14
Arturo Merzario,232,618,1973,Mosport International Raceway,48,6,20,15
Graham Hill,289,618,1973,Mosport International Raceway,48,57,17,16
George Follmer,332,618,1973,Mosport International Raceway,48,57,13,17
Carlos Pace,250,618,1973,Mosport International Raceway,48,62,19,18
Ronnie Peterson,238,619,1973,Watkins Glen,46,32,1,1
James Hunt,231,619,1973,Watkins Glen,46,37,4,2
Carlos Reutemann,199,619,1973,Watkins Glen,46,34,2,3
Denny Hulme,304,619,1973,Watkins Glen,46,1,8,4
Peter Revson,309,619,1973,Watkins Glen,46,1,7,5
Emerson Fittipaldi,224,619,1973,Watkins Glen,46,32,3,6
Jacky Ickx,235,619,1973,Watkins Glen,46,79,23,7
Clay Regazzoni,223,619,1973,Watkins Glen,46,65,15,8
Jean-Pierre Beltoise,306,619,1973,Watkins Glen,46,65,14,9
Mike Beuttler,329,619,1973,Watkins Glen,46,37,26,10
Jean-Pierre Jarier,197,619,1973,Watkins Glen,46,37,17,11
Howden Ganley,307,619,1973,Watkins Glen,46,79,19,12
Graham Hill,289,619,1973,Watkins Glen,46,57,18,13
George Follmer,332,619,1973,Watkins Glen,46,57,20,14
Jackie Oliver,262,619,1973,Watkins Glen,46,57,22,15
Arturo Merzario,232,619,1973,Watkins Glen,46,6,11,16
Jackie Stewart,328,620,1972,Autódromo Juan y Oscar Gálvez,25,25,2,1
Denny Hulme,304,620,1972,Autódromo Juan y Oscar Gálvez,25,1,4,2
Jacky Ickx,235,620,1972,Autódromo Juan y Oscar Gálvez,25,6,8,3
Clay Regazzoni,223,620,1972,Autódromo Juan y Oscar Gálvez,25,6,6,4
Tim Schenken,314,620,1972,Autódromo Juan y Oscar Gálvez,25,62,11,5
Ronnie Peterson,238,620,1972,Autódromo Juan y Oscar Gálvez,25,37,10,6
Carlos Reutemann,199,620,1972,Autódromo Juan y Oscar Gálvez,25,34,1,7
Henri Pescarolo,280,620,1972,Autódromo Juan y Oscar Gálvez,25,37,15,8
Howden Ganley,307,620,1972,Autódromo Juan y Oscar Gálvez,25,65,13,9
Helmut Marko,337,620,1972,Autódromo Juan y Oscar Gálvez,25,65,19,10
Niki Lauda,182,620,1972,Autódromo Juan y Oscar Gálvez,25,37,22,11
Denny Hulme,304,621,1972,Kyalami,30,1,5,1
Emerson Fittipaldi,224,621,1972,Kyalami,30,32,3,2
Peter Revson,309,621,1972,Kyalami,30,1,12,3
Mario Andretti,207,621,1972,Kyalami,30,6,6,4
Ronnie Peterson,238,621,1972,Kyalami,30,37,9,5
Graham Hill,289,621,1972,Kyalami,30,34,14,6
Niki Lauda,182,621,1972,Kyalami,30,37,21,7
Jacky Ickx,235,621,1972,Kyalami,30,6,7,8
François Cevert,327,621,1972,Kyalami,30,25,8,9
David Walker,338,621,1972,Kyalami,30,32,19,10
Henri Pescarolo,280,621,1972,Kyalami,30,37,22,11
Clay Regazzoni,223,621,1972,Kyalami,30,6,2,12
Rolf Stommelen,243,621,1972,Kyalami,30,37,25,13
Helmut Marko,337,621,1972,Kyalami,30,65,23,14
Chris Amon,278,621,1972,Kyalami,30,81,13,15
John Love,340,621,1972,Kyalami,30,62,26,16
Carlos Pace,250,621,1972,Kyalami,30,37,24,17
Emerson Fittipaldi,224,622,1972,Jarama,45,32,3,1
Jacky Ickx,235,622,1972,Jarama,45,6,1,2
Clay Regazzoni,223,622,1972,Jarama,45,6,8,3
Andrea de Adamich,333,622,1972,Jarama,45,62,13,4
Peter Revson,309,622,1972,Jarama,45,1,11,5
Carlos Pace,250,622,1972,Jarama,45,37,16,6
Wilson Fittipaldi,290,622,1972,Jarama,45,34,14,7
Tim Schenken,314,622,1972,Jarama,45,62,18,8
David Walker,338,622,1972,Jarama,45,32,24,9
Graham Hill,289,622,1972,Jarama,45,34,23,10
Henri Pescarolo,280,622,1972,Jarama,45,37,19,11
Jean-Pierre Beltoise,306,623,1972,Circuit de Monaco,6,65,4,1
Jacky Ickx,235,623,1972,Circuit de Monaco,6,6,2,2
Emerson Fittipaldi,224,623,1972,Circuit de Monaco,6,32,1,3
Jackie Stewart,328,623,1972,Circuit de Monaco,6,25,8,4
Brian Redman,312,623,1972,Circuit de Monaco,6,1,10,5
Chris Amon,278,623,1972,Circuit de Monaco,6,81,6,6
Andrea de Adamich,333,623,1972,Circuit de Monaco,6,62,18,7
Helmut Marko,337,623,1972,Circuit de Monaco,6,65,17,8
Wilson Fittipaldi,290,623,1972,Circuit de Monaco,6,34,21,9
Rolf Stommelen,243,623,1972,Circuit de Monaco,6,37,25,10
Ronnie Peterson,238,623,1972,Circuit de Monaco,6,37,15,11
Graham Hill,289,623,1972,Circuit de Monaco,6,34,20,12
Mike Beuttler,329,623,1972,Circuit de Monaco,6,37,23,13
David Walker,338,623,1972,Circuit de Monaco,6,32,14,14
Denny Hulme,304,623,1972,Circuit de Monaco,6,1,7,15
Niki Lauda,182,623,1972,Circuit de Monaco,6,37,22,16
Carlos Pace,250,623,1972,Circuit de Monaco,6,37,24,17
Emerson Fittipaldi,224,624,1972,Nivelles-Baulers,50,32,1,1
François Cevert,327,624,1972,Nivelles-Baulers,50,25,5,2
Denny Hulme,304,624,1972,Nivelles-Baulers,50,1,3,3
Mike Hailwood,305,624,1972,Nivelles-Baulers,50,62,8,4
Carlos Pace,250,624,1972,Nivelles-Baulers,50,37,11,5
Chris Amon,278,624,1972,Nivelles-Baulers,50,81,13,6
Peter Revson,309,624,1972,Nivelles-Baulers,50,1,7,7
Howden Ganley,307,624,1972,Nivelles-Baulers,50,65,15,8
Ronnie Peterson,238,624,1972,Nivelles-Baulers,50,37,14,9
Helmut Marko,337,624,1972,Nivelles-Baulers,50,65,23,10
Rolf Stommelen,243,624,1972,Nivelles-Baulers,50,37,20,11
Niki Lauda,182,624,1972,Nivelles-Baulers,50,37,25,12
Carlos Reutemann,199,624,1972,Nivelles-Baulers,50,34,9,13
David Walker,338,624,1972,Nivelles-Baulers,50,32,12,14
Jackie Stewart,328,625,1972,Charade Circuit,51,25,3,1
Emerson Fittipaldi,224,625,1972,Charade Circuit,51,32,8,2
Chris Amon,278,625,1972,Charade Circuit,51,81,1,3
François Cevert,327,625,1972,Charade Circuit,51,25,7,4
Ronnie Peterson,238,625,1972,Charade Circuit,51,37,9,5
Mike Hailwood,305,625,1972,Charade Circuit,51,62,10,6
Denny Hulme,304,625,1972,Charade Circuit,51,1,2,7
Wilson Fittipaldi,290,625,1972,Charade Circuit,51,34,14,8
Brian Redman,312,625,1972,Charade Circuit,51,1,13,9
Graham Hill,289,625,1972,Charade Circuit,51,34,20,10
Jacky Ickx,235,625,1972,Charade Circuit,51,6,4,11
Carlos Reutemann,199,625,1972,Charade Circuit,51,34,17,12
Nanni Galli,330,625,1972,Charade Circuit,51,6,19,13
Andrea de Adamich,333,625,1972,Charade Circuit,51,62,12,14
Jean-Pierre Beltoise,306,625,1972,Charade Circuit,51,65,24,15
Rolf Stommelen,243,625,1972,Charade Circuit,51,37,15,16
Tim Schenken,314,625,1972,Charade Circuit,51,62,5,17
David Walker,338,625,1972,Charade Circuit,51,32,22,18
Mike Beuttler,329,625,1972,Charade Circuit,51,37,23,19
Emerson Fittipaldi,224,626,1972,Brands Hatch,38,32,2,1
Jackie Stewart,328,626,1972,Brands Hatch,38,25,4,2
Peter Revson,309,626,1972,Brands Hatch,38,1,3,3
Chris Amon,278,626,1972,Brands Hatch,38,81,17,4
Denny Hulme,304,626,1972,Brands Hatch,38,1,11,5
Arturo Merzario,232,626,1972,Brands Hatch,38,6,9,6
Ronnie Peterson,238,626,1972,Brands Hatch,38,37,8,7
Carlos Reutemann,199,626,1972,Brands Hatch,38,34,10,8
Niki Lauda,182,626,1972,Brands Hatch,38,37,19,9
Rolf Stommelen,243,626,1972,Brands Hatch,38,37,25,10
Jean-Pierre Beltoise,306,626,1972,Brands Hatch,38,65,6,11
Wilson Fittipaldi,290,626,1972,Brands Hatch,38,34,22,12
Mike Beuttler,329,626,1972,Brands Hatch,38,37,23,13
Jacky Ickx,235,627,1972,Nürburgring,20,6,1,1
Clay Regazzoni,223,627,1972,Nürburgring,20,6,7,2
Ronnie Peterson,238,627,1972,Nürburgring,20,37,4,3
Howden Ganley,307,627,1972,Nürburgring,20,65,18,4
Brian Redman,312,627,1972,Nürburgring,20,1,19,5
Graham Hill,289,627,1972,Nürburgring,20,34,15,6
Wilson Fittipaldi,290,627,1972,Nürburgring,20,34,21,7
Mike Beuttler,329,627,1972,Nürburgring,20,37,27,8
Jean-Pierre Beltoise,306,627,1972,Nürburgring,20,65,13,9
François Cevert,327,627,1972,Nürburgring,20,25,5,10
Jackie Stewart,328,627,1972,Nürburgring,20,25,2,11
Arturo Merzario,232,627,1972,Nürburgring,20,6,22,12
Andrea de Adamich,333,627,1972,Nürburgring,20,62,20,13
Tim Schenken,314,627,1972,Nürburgring,20,62,12,14
Chris Amon,278,627,1972,Nürburgring,20,81,8,15
Emerson Fittipaldi,224,628,1972,Red Bull Ring,70,32,1,1
Denny Hulme,304,628,1972,Red Bull Ring,70,1,7,2
Peter Revson,309,628,1972,Red Bull Ring,70,1,4,3
Mike Hailwood,305,628,1972,Red Bull Ring,70,62,12,4
Chris Amon,278,628,1972,Red Bull Ring,70,81,6,5
Howden Ganley,307,628,1972,Red Bull Ring,70,65,10,6
Jackie Stewart,328,628,1972,Red Bull Ring,70,25,3,7
Jean-Pierre Beltoise,306,628,1972,Red Bull Ring,70,65,21,8
François Cevert,327,628,1972,Red Bull Ring,70,25,20,9
Niki Lauda,182,628,1972,Red Bull Ring,70,37,22,10
Tim Schenken,314,628,1972,Red Bull Ring,70,62,8,11
Ronnie Peterson,238,628,1972,Red Bull Ring,70,37,11,12
Peter Gethin,320,628,1972,Red Bull Ring,70,65,16,13
Andrea de Adamich,333,628,1972,Red Bull Ring,70,62,13,14
Emerson Fittipaldi,224,629,1972,Autodromo Nazionale di Monza,14,32,4,1
Mike Hailwood,305,629,1972,Autodromo Nazionale di Monza,14,62,9,2
Denny Hulme,304,629,1972,Autodromo Nazionale di Monza,14,1,5,3
Peter Revson,309,629,1972,Autodromo Nazionale di Monza,14,1,8,4
Graham Hill,289,629,1972,Autodromo Nazionale di Monza,14,34,13,5
Peter Gethin,320,629,1972,Autodromo Nazionale di Monza,14,65,12,6
Mario Andretti,207,629,1972,Autodromo Nazionale di Monza,14,6,7,7
Jean-Pierre Beltoise,306,629,1972,Autodromo Nazionale di Monza,14,65,16,8
Ronnie Peterson,238,629,1972,Autodromo Nazionale di Monza,14,37,24,9
Mike Beuttler,329,629,1972,Autodromo Nazionale di Monza,14,37,25,10
Howden Ganley,307,629,1972,Autodromo Nazionale di Monza,14,65,17,11
Reine Wisell,317,629,1972,Autodromo Nazionale di Monza,14,65,10,12
Niki Lauda,182,629,1972,Autodromo Nazionale di Monza,14,37,20,13
Jackie Stewart,328,630,1972,Mosport International Raceway,48,25,5,1
Peter Revson,309,630,1972,Mosport International Raceway,48,1,1,2
Denny Hulme,304,630,1972,Mosport International Raceway,48,1,2,3
Carlos Reutemann,199,630,1972,Mosport International Raceway,48,34,9,4
Clay Regazzoni,223,630,1972,Mosport International Raceway,48,6,7,5
Chris Amon,278,630,1972,Mosport International Raceway,48,81,10,6
Tim Schenken,314,630,1972,Mosport International Raceway,48,62,13,7
Graham Hill,289,630,1972,Mosport International Raceway,48,34,17,8
Carlos Pace,250,630,1972,Mosport International Raceway,48,37,18,9
Howden Ganley,307,630,1972,Mosport International Raceway,48,65,14,10
Emerson Fittipaldi,224,630,1972,Mosport International Raceway,48,32,4,11
Jacky Ickx,235,630,1972,Mosport International Raceway,48,6,8,12
Henri Pescarolo,280,630,1972,Mosport International Raceway,48,37,21,13
Jackie Stewart,328,631,1972,Watkins Glen,46,25,1,1
François Cevert,327,631,1972,Watkins Glen,46,25,4,2
Denny Hulme,304,631,1972,Watkins Glen,46,1,3,3
Ronnie Peterson,238,631,1972,Watkins Glen,46,37,26,4
Jacky Ickx,235,631,1972,Watkins Glen,46,6,12,5
Mario Andretti,207,631,1972,Watkins Glen,46,6,10,6
Patrick Depailler,221,631,1972,Watkins Glen,46,25,11,7
Clay Regazzoni,223,631,1972,Watkins Glen,46,6,6,8
Jody Scheckter,222,631,1972,Watkins Glen,46,1,8,9
Reine Wisell,317,631,1972,Watkins Glen,46,32,16,10
Graham Hill,289,631,1972,Watkins Glen,46,34,27,11
Sam Posey,344,631,1972,Watkins Glen,46,62,22,12
Mike Beuttler,329,631,1972,Watkins Glen,46,37,20,13
Henri Pescarolo,280,631,1972,Watkins Glen,46,37,21,14
Chris Amon,278,631,1972,Watkins Glen,46,81,7,15
Skip Barber,342,631,1972,Watkins Glen,46,37,20,16
Mike Hailwood,305,631,1972,Watkins Glen,46,62,14,17
Peter Revson,309,631,1972,Watkins Glen,46,1,2,18
Niki Lauda,182,631,1972,Watkins Glen,46,37,25,19
Mario Andretti,207,632,1971,Kyalami,30,6,4,1
Jackie Stewart,328,632,1971,Kyalami,30,25,1,2
Clay Regazzoni,223,632,1971,Kyalami,30,6,3,3
Reine Wisell,317,632,1971,Kyalami,30,178,14,4
Chris Amon,278,632,1971,Kyalami,30,81,2,5
Denny Hulme,304,632,1971,Kyalami,30,1,7,6
Brian Redman,312,632,1971,Kyalami,30,62,17,7
Jacky Ickx,235,632,1971,Kyalami,30,6,8,8
Graham Hill,289,632,1971,Kyalami,30,34,19,9
Ronnie Peterson,238,632,1971,Kyalami,30,198,13,10
Henri Pescarolo,280,632,1971,Kyalami,30,198,18,11
Rolf Stommelen,243,632,1971,Kyalami,30,62,15,12
Andrea de Adamich,333,632,1971,Kyalami,30,197,22,13
Jackie Stewart,328,633,1971,Montjuïc,49,25,4,1
Jacky Ickx,235,633,1971,Montjuïc,49,6,1,2
Chris Amon,278,633,1971,Montjuïc,49,81,3,3
Pedro Rodríguez,345,633,1971,Montjuïc,49,65,5,4
Denny Hulme,304,633,1971,Montjuïc,49,1,9,5
Jean-Pierre Beltoise,306,633,1971,Montjuïc,49,81,6,6
François Cevert,327,633,1971,Montjuïc,49,25,12,7
Peter Gethin,320,633,1971,Montjuïc,49,1,7,8
Tim Schenken,314,633,1971,Montjuïc,49,34,21,9
Howden Ganley,307,633,1971,Montjuïc,49,65,17,10
John Surtees,341,633,1971,Montjuïc,49,62,22,11
Jackie Stewart,328,634,1971,Circuit de Monaco,6,25,1,1
Ronnie Peterson,238,634,1971,Circuit de Monaco,6,198,6,2
Jacky Ickx,235,634,1971,Circuit de Monaco,6,6,2,3
Denny Hulme,304,634,1971,Circuit de Monaco,6,1,6,4
Emerson Fittipaldi,224,634,1971,Circuit de Monaco,6,178,17,5
Rolf Stommelen,243,634,1971,Circuit de Monaco,6,62,16,6
John Surtees,341,634,1971,Circuit de Monaco,6,62,10,7
Henri Pescarolo,280,634,1971,Circuit de Monaco,6,198,13,8
Pedro Rodríguez,345,634,1971,Circuit de Monaco,6,65,5,9
Tim Schenken,314,634,1971,Circuit de Monaco,6,34,18,10
Jacky Ickx,235,635,1971,Circuit Park Zandvoort,39,6,1,1
Pedro Rodríguez,345,635,1971,Circuit Park Zandvoort,39,65,2,2
Clay Regazzoni,223,635,1971,Circuit Park Zandvoort,39,6,4,3
Ronnie Peterson,238,635,1971,Circuit Park Zandvoort,39,198,13,4
John Surtees,341,635,1971,Circuit Park Zandvoort,39,62,7,5
Jo Siffert,346,635,1971,Circuit Park Zandvoort,39,65,8,6
Howden Ganley,307,635,1971,Circuit Park Zandvoort,39,65,9,7
Gijs van Lennep,298,635,1971,Circuit Park Zandvoort,39,62,21,8
Jean-Pierre Beltoise,306,635,1971,Circuit Park Zandvoort,39,81,11,9
Graham Hill,289,635,1971,Circuit Park Zandvoort,39,34,16,10
Jackie Stewart,328,635,1971,Circuit Park Zandvoort,39,25,3,11
Denny Hulme,304,635,1971,Circuit Park Zandvoort,39,1,14,12
Jackie Stewart,328,636,1971,Circuit Paul Ricard,34,25,1,1
François Cevert,327,636,1971,Circuit Paul Ricard,34,25,7,2
Emerson Fittipaldi,224,636,1971,Circuit Paul Ricard,34,178,17,3
Jo Siffert,346,636,1971,Circuit Paul Ricard,34,65,6,4
Chris Amon,278,636,1971,Circuit Paul Ricard,34,81,9,5
Reine Wisell,317,636,1971,Circuit Paul Ricard,34,178,15,6
Jean-Pierre Beltoise,306,636,1971,Circuit Paul Ricard,34,81,8,7
John Surtees,341,636,1971,Circuit Paul Ricard,34,62,13,8
Peter Gethin,320,636,1971,Circuit Paul Ricard,34,1,19,9
Howden Ganley,307,636,1971,Circuit Paul Ricard,34,65,16,10
Rolf Stommelen,243,636,1971,Circuit Paul Ricard,34,62,10,11
Tim Schenken,314,636,1971,Circuit Paul Ricard,34,34,14,12
François Mazet,348,636,1971,Circuit Paul Ricard,34,198,23,13
Jackie Stewart,328,637,1971,Silverstone Circuit,9,25,2,1
Ronnie Peterson,238,637,1971,Silverstone Circuit,9,198,5,2
Emerson Fittipaldi,224,637,1971,Silverstone Circuit,9,178,4,3
Henri Pescarolo,280,637,1971,Silverstone Circuit,9,198,17,4
Rolf Stommelen,243,637,1971,Silverstone Circuit,9,62,12,5
John Surtees,341,637,1971,Silverstone Circuit,9,62,11,6
Jean-Pierre Beltoise,306,637,1971,Silverstone Circuit,9,81,15,7
Howden Ganley,307,637,1971,Silverstone Circuit,9,65,11,8
Jo Siffert,346,637,1971,Silverstone Circuit,9,65,3,9
François Cevert,327,637,1971,Silverstone Circuit,9,25,10,10
Nanni Galli,330,637,1971,Silverstone Circuit,9,198,21,11
Tim Schenken,314,637,1971,Silverstone Circuit,9,34,7,12
Jackie Stewart,328,638,1971,Nürburgring,20,25,1,1
François Cevert,327,638,1971,Nürburgring,20,25,5,2
Clay Regazzoni,223,638,1971,Nürburgring,20,6,4,3
Mario Andretti,207,638,1971,Nürburgring,20,6,11,4
Ronnie Peterson,238,638,1971,Nürburgring,20,198,3,5
Tim Schenken,314,638,1971,Nürburgring,20,34,9,6
John Surtees,341,638,1971,Nürburgring,20,62,15,7
Reine Wisell,317,638,1971,Nürburgring,20,178,17,8
Graham Hill,289,638,1971,Nürburgring,20,34,13,9
Rolf Stommelen,243,638,1971,Nürburgring,20,62,12,10
Vic Elford,350,638,1971,Nürburgring,20,65,18,11
Nanni Galli,330,638,1971,Nürburgring,20,197,21,12
Jo Siffert,346,639,1971,Red Bull Ring,70,65,1,1
Emerson Fittipaldi,224,639,1971,Red Bull Ring,70,178,5,2
Tim Schenken,314,639,1971,Red Bull Ring,70,34,7,3
Reine Wisell,317,639,1971,Red Bull Ring,70,178,10,4
Graham Hill,289,639,1971,Red Bull Ring,70,34,8,5
Henri Pescarolo,280,639,1971,Red Bull Ring,70,198,13,6
Rolf Stommelen,243,639,1971,Red Bull Ring,70,62,12,7
Ronnie Peterson,238,639,1971,Red Bull Ring,70,198,11,8
Jackie Oliver,262,639,1971,Red Bull Ring,70,1,22,9
Peter Gethin,320,639,1971,Red Bull Ring,70,65,16,10
Helmut Marko,337,639,1971,Red Bull Ring,70,65,17,11
Nanni Galli,330,639,1971,Red Bull Ring,70,197,15,12
Peter Gethin,320,640,1971,Autodromo Nazionale di Monza,14,65,11,1
Ronnie Peterson,238,640,1971,Autodromo Nazionale di Monza,14,198,6,2
François Cevert,327,640,1971,Autodromo Nazionale di Monza,14,25,5,3
Mike Hailwood,305,640,1971,Autodromo Nazionale di Monza,14,62,17,4
Howden Ganley,307,640,1971,Autodromo Nazionale di Monza,14,65,4,5
Chris Amon,278,640,1971,Autodromo Nazionale di Monza,14,81,1,6
Jackie Oliver,262,640,1971,Autodromo Nazionale di Monza,14,1,13,7
Emerson Fittipaldi,224,640,1971,Autodromo Nazionale di Monza,14,199,18,8
Jo Siffert,346,640,1971,Autodromo Nazionale di Monza,14,65,3,9
Jo Bonnier,347,640,1971,Autodromo Nazionale di Monza,14,1,21,10
Jackie Stewart,328,641,1971,Mosport International Raceway,48,25,1,1
Ronnie Peterson,238,641,1971,Mosport International Raceway,48,198,6,2
Mark Donohue,288,641,1971,Mosport International Raceway,48,1,8,3
Denny Hulme,304,641,1971,Mosport International Raceway,48,1,10,4
Reine Wisell,317,641,1971,Mosport International Raceway,48,178,7,5
François Cevert,327,641,1971,Mosport International Raceway,48,25,3,6
Emerson Fittipaldi,224,641,1971,Mosport International Raceway,48,178,4,7
Jacky Ickx,235,641,1971,Mosport International Raceway,48,6,12,8
Jo Siffert,346,641,1971,Mosport International Raceway,48,65,2,9
Chris Amon,278,641,1971,Mosport International Raceway,48,81,5,10
John Surtees,341,641,1971,Mosport International Raceway,48,62,14,11
Helmut Marko,337,641,1971,Mosport International Raceway,48,65,19,12
Mario Andretti,207,641,1971,Mosport International Raceway,48,6,13,13
Peter Gethin,320,641,1971,Mosport International Raceway,48,65,16,14
George Eaton,352,641,1971,Mosport International Raceway,48,65,21,15
Nanni Galli,330,641,1971,Mosport International Raceway,48,198,20,16
François Cevert,327,642,1971,Watkins Glen,46,25,5,1
Jo Siffert,346,642,1971,Watkins Glen,46,65,6,2
Ronnie Peterson,238,642,1971,Watkins Glen,46,198,11,3
Howden Ganley,307,642,1971,Watkins Glen,46,65,12,4
Jackie Stewart,328,642,1971,Watkins Glen,46,25,1,5
Clay Regazzoni,223,642,1971,Watkins Glen,46,6,4,6
Graham Hill,289,642,1971,Watkins Glen,46,34,18,7
Jean-Pierre Beltoise,306,642,1971,Watkins Glen,46,81,10,8
Peter Gethin,320,642,1971,Watkins Glen,46,65,21,9
David Hobbs,322,642,1971,Watkins Glen,46,1,22,10
Andrea de Adamich,333,642,1971,Watkins Glen,46,197,26,11
Chris Amon,278,642,1971,Watkins Glen,46,81,8,12
Helmut Marko,337,642,1971,Watkins Glen,46,65,16,13
John Cannon,355,642,1971,Watkins Glen,46,65,24,14
Mike Hailwood,305,642,1971,Watkins Glen,46,62,14,15
Jo Bonnier,347,642,1971,Watkins Glen,46,1,28,16
John Surtees,341,642,1971,Watkins Glen,46,62,13,17
Jack Brabham,356,643,1970,Kyalami,30,34,3,1
Denny Hulme,304,643,1970,Kyalami,30,185,6,2
Jackie Stewart,328,643,1970,Kyalami,30,37,1,3
Jean-Pierre Beltoise,306,643,1970,Kyalami,30,81,8,4
John Miles,357,643,1970,Kyalami,30,32,14,5
Graham Hill,289,643,1970,Kyalami,30,32,19,6
Henri Pescarolo,280,643,1970,Kyalami,30,81,18,7
John Love,340,643,1970,Kyalami,30,32,22,8
Pedro Rodríguez,345,643,1970,Kyalami,30,65,16,9
Jo Siffert,346,643,1970,Kyalami,30,37,9,10
Peter de Klerk,362,643,1970,Kyalami,30,34,21,11
Dave Charlton,293,643,1970,Kyalami,30,32,13,12
Jochen Rindt,358,643,1970,Kyalami,30,32,4,13
Jackie Stewart,328,644,1970,Jarama,45,37,3,1
Bruce McLaren,360,644,1970,Jarama,45,185,11,2
Mario Andretti,207,644,1970,Jarama,45,37,16,3
Graham Hill,289,644,1970,Jarama,45,32,15,4
Johnny Servoz-Gavin,359,644,1970,Jarama,45,37,14,5
Jochen Rindt,358,645,1970,Circuit de Monaco,6,32,8,1
Jack Brabham,356,645,1970,Circuit de Monaco,6,34,4,2
Henri Pescarolo,280,645,1970,Circuit de Monaco,6,81,7,3
Denny Hulme,304,645,1970,Circuit de Monaco,6,185,3,4
Graham Hill,289,645,1970,Circuit de Monaco,6,32,16,5
Pedro Rodríguez,345,645,1970,Circuit de Monaco,6,65,15,6
Ronnie Peterson,238,645,1970,Circuit de Monaco,6,37,12,7
Jo Siffert,346,645,1970,Circuit de Monaco,6,37,11,8
Pedro Rodríguez,345,646,1970,Circuit de Spa-Francorchamps,13,65,6,1
Chris Amon,278,646,1970,Circuit de Spa-Francorchamps,13,37,3,2
Jean-Pierre Beltoise,306,646,1970,Circuit de Spa-Francorchamps,13,81,11,3
Ignazio Giunti,363,646,1970,Circuit de Spa-Francorchamps,13,6,8,4
Rolf Stommelen,243,646,1970,Circuit de Spa-Francorchamps,13,34,7,5
Henri Pescarolo,280,646,1970,Circuit de Spa-Francorchamps,13,81,17,6
Jo Siffert,346,646,1970,Circuit de Spa-Francorchamps,13,37,10,7
Jacky Ickx,235,646,1970,Circuit de Spa-Francorchamps,13,6,4,8
Jochen Rindt,358,647,1970,Circuit Park Zandvoort,39,32,1,1
Jackie Stewart,328,647,1970,Circuit Park Zandvoort,39,37,2,2
Jacky Ickx,235,647,1970,Circuit Park Zandvoort,39,6,3,3
Clay Regazzoni,223,647,1970,Circuit Park Zandvoort,39,6,6,4
Jean-Pierre Beltoise,306,647,1970,Circuit Park Zandvoort,39,81,10,5
John Surtees,341,647,1970,Circuit Park Zandvoort,39,185,14,6
John Miles,357,647,1970,Circuit Park Zandvoort,39,32,8,7
Henri Pescarolo,280,647,1970,Circuit Park Zandvoort,39,81,13,8
Ronnie Peterson,238,647,1970,Circuit Park Zandvoort,39,37,16,9
Pedro Rodríguez,345,647,1970,Circuit Park Zandvoort,39,65,7,10
Jack Brabham,356,647,1970,Circuit Park Zandvoort,39,34,12,11
Jochen Rindt,358,648,1970,Charade Circuit,51,32,6,1
Chris Amon,278,648,1970,Charade Circuit,51,37,3,2
Jack Brabham,356,648,1970,Charade Circuit,51,34,5,3
Denny Hulme,304,648,1970,Charade Circuit,51,185,7,4
Henri Pescarolo,280,648,1970,Charade Circuit,51,81,8,5
Dan Gurney,364,648,1970,Charade Circuit,51,185,17,6
Rolf Stommelen,243,648,1970,Charade Circuit,51,34,14,7
John Miles,357,648,1970,Charade Circuit,51,32,18,8
Jackie Stewart,328,648,1970,Charade Circuit,51,37,4,9
Graham Hill,289,648,1970,Charade Circuit,51,32,20,10
François Cevert,327,648,1970,Charade Circuit,51,37,13,11
George Eaton,352,648,1970,Charade Circuit,51,65,19,12
Jean-Pierre Beltoise,306,648,1970,Charade Circuit,51,81,2,13
Ignazio Giunti,363,648,1970,Charade Circuit,51,6,11,14
Jochen Rindt,358,649,1970,Brands Hatch,38,32,1,1
Jack Brabham,356,649,1970,Brands Hatch,38,34,2,2
Denny Hulme,304,649,1970,Brands Hatch,38,185,5,3
Clay Regazzoni,223,649,1970,Brands Hatch,38,6,6,4
Chris Amon,278,649,1970,Brands Hatch,38,37,17,5
Graham Hill,289,649,1970,Brands Hatch,38,32,22,6
François Cevert,327,649,1970,Brands Hatch,38,37,14,7
Emerson Fittipaldi,224,649,1970,Brands Hatch,38,32,21,8
Ronnie Peterson,238,649,1970,Brands Hatch,38,37,13,9
Jochen Rindt,358,650,1970,Hockenheimring,10,32,2,1
Jacky Ickx,235,650,1970,Hockenheimring,10,6,1,2
Denny Hulme,304,650,1970,Hockenheimring,10,185,16,3
Emerson Fittipaldi,224,650,1970,Hockenheimring,10,32,13,4
Rolf Stommelen,243,650,1970,Hockenheimring,10,34,11,5
Henri Pescarolo,280,650,1970,Hockenheimring,10,81,5,6
François Cevert,327,650,1970,Hockenheimring,10,37,14,7
Jo Siffert,346,650,1970,Hockenheimring,10,37,4,8
John Surtees,341,650,1970,Hockenheimring,10,62,15,9
Sebastian Vettel,20,17,2009,Yas Marina Circuit,24,9,2,1
Mark Webber,17,17,2009,Yas Marina Circuit,24,9,3,2
Jenson Button,18,17,2009,Yas Marina Circuit,24,23,5,3
Rubens Barrichello,22,17,2009,Yas Marina Circuit,24,23,4,4
Nick Heidfeld,2,17,2009,Yas Marina Circuit,24,2,8,5
Kamui Kobayashi,155,17,2009,Yas Marina Circuit,24,7,12,6
Jarno Trulli,15,17,2009,Yas Marina Circuit,24,7,6,7
Sébastien Buemi,67,17,2009,Yas Marina Circuit,24,5,10,8
Nico Rosberg,3,17,2009,Yas Marina Circuit,24,3,9,9
Robert Kubica,9,17,2009,Yas Marina Circuit,24,2,7,10
Heikki Kovalainen,5,17,2009,Yas Marina Circuit,24,1,18,11
Kimi Räikkönen,8,17,2009,Yas Marina Circuit,24,6,11,12
Kazuki Nakajima,6,17,2009,Yas Marina Circuit,24,3,13,13
Fernando Alonso,4,17,2009,Yas Marina Circuit,24,4,15,14
Vitantonio Liuzzi,24,17,2009,Yas Marina Circuit,24,10,16,15
Giancarlo Fisichella,21,17,2009,Yas Marina Circuit,24,6,20,16
Adrian Sutil,16,17,2009,Yas Marina Circuit,24,10,17,17
Romain Grosjean,154,17,2009,Yas Marina Circuit,24,4,19,18
Jacky Ickx,235,651,1970,Red Bull Ring,70,6,3,1
Clay Regazzoni,223,651,1970,Red Bull Ring,70,6,2,2
Rolf Stommelen,243,651,1970,Red Bull Ring,70,34,17,3
Pedro Rodríguez,345,651,1970,Red Bull Ring,70,65,22,4
Jackie Oliver,262,651,1970,Red Bull Ring,70,65,14,5
Jean-Pierre Beltoise,306,651,1970,Red Bull Ring,70,81,7,6
Ignazio Giunti,363,651,1970,Red Bull Ring,70,6,5,7
Chris Amon,278,651,1970,Red Bull Ring,70,37,5,8
Jo Siffert,346,651,1970,Red Bull Ring,70,37,20,9
Peter Gethin,320,651,1970,Red Bull Ring,70,185,21,10
George Eaton,352,651,1970,Red Bull Ring,70,65,23,11
Andrea de Adamich,333,651,1970,Red Bull Ring,70,196,15,12
Jack Brabham,356,651,1970,Red Bull Ring,70,34,8,13
Henri Pescarolo,280,651,1970,Red Bull Ring,70,81,13,14
Emerson Fittipaldi,224,651,1970,Red Bull Ring,70,32,16,15
Clay Regazzoni,223,652,1970,Autodromo Nazionale di Monza,14,6,3,1
Jackie Stewart,328,652,1970,Autodromo Nazionale di Monza,14,37,4,2
Jean-Pierre Beltoise,306,652,1970,Autodromo Nazionale di Monza,14,81,14,3
Denny Hulme,304,652,1970,Autodromo Nazionale di Monza,14,185,9,4
Rolf Stommelen,243,652,1970,Autodromo Nazionale di Monza,14,34,17,5
François Cevert,327,652,1970,Autodromo Nazionale di Monza,14,37,11,6
Chris Amon,278,652,1970,Autodromo Nazionale di Monza,14,37,18,7
Andrea de Adamich,333,652,1970,Autodromo Nazionale di Monza,14,196,12,8
Jacky Ickx,235,653,1970,Circuit Mont-Tremblant,52,6,2,1
Clay Regazzoni,223,653,1970,Circuit Mont-Tremblant,52,6,3,2
Chris Amon,278,653,1970,Circuit Mont-Tremblant,52,37,6,3
Pedro Rodríguez,345,653,1970,Circuit Mont-Tremblant,52,65,7,4
John Surtees,341,653,1970,Circuit Mont-Tremblant,52,62,5,5
Peter Gethin,320,653,1970,Circuit Mont-Tremblant,52,185,11,6
Henri Pescarolo,280,653,1970,Circuit Mont-Tremblant,52,81,8,7
Jean-Pierre Beltoise,306,653,1970,Circuit Mont-Tremblant,52,81,13,8
François Cevert,327,653,1970,Circuit Mont-Tremblant,52,37,4,9
George Eaton,352,653,1970,Circuit Mont-Tremblant,52,65,9,10
Emerson Fittipaldi,224,654,1970,Watkins Glen,46,32,3,1
Pedro Rodríguez,345,654,1970,Watkins Glen,46,65,4,2
Reine Wisell,317,654,1970,Watkins Glen,46,32,9,3
Jacky Ickx,235,654,1970,Watkins Glen,46,6,1,4
Chris Amon,278,654,1970,Watkins Glen,46,37,5,5
Derek Bell,321,654,1970,Watkins Glen,46,62,13,6
Denny Hulme,304,654,1970,Watkins Glen,46,185,11,7
Henri Pescarolo,280,654,1970,Watkins Glen,46,81,12,8
Jo Siffert,346,654,1970,Watkins Glen,46,37,23,9
Jack Brabham,356,654,1970,Watkins Glen,46,34,16,10
Ronnie Peterson,238,654,1970,Watkins Glen,46,37,15,11
Rolf Stommelen,243,654,1970,Watkins Glen,46,34,19,12
Clay Regazzoni,223,654,1970,Watkins Glen,46,6,6,13
Peter Gethin,320,654,1970,Watkins Glen,46,185,21,14
Jacky Ickx,235,655,1970,Autódromo Hermanos Rodríguez,32,6,3,1
Clay Regazzoni,223,655,1970,Autódromo Hermanos Rodríguez,32,6,1,2
Denny Hulme,304,655,1970,Autódromo Hermanos Rodríguez,32,185,14,3
Chris Amon,278,655,1970,Autódromo Hermanos Rodríguez,32,37,5,4
Jean-Pierre Beltoise,306,655,1970,Autódromo Hermanos Rodríguez,32,81,6,5
Pedro Rodríguez,345,655,1970,Autódromo Hermanos Rodríguez,32,65,7,6
Jackie Oliver,262,655,1970,Autódromo Hermanos Rodríguez,32,65,13,7
John Surtees,341,655,1970,Autódromo Hermanos Rodríguez,32,62,15,8
Henri Pescarolo,280,655,1970,Autódromo Hermanos Rodríguez,32,81,11,9
Jackie Stewart,328,656,1969,Kyalami,30,194,4,1
Graham Hill,289,656,1969,Kyalami,30,178,7,2
Denny Hulme,304,656,1969,Kyalami,30,185,3,3
Jo Siffert,346,656,1969,Kyalami,30,178,12,4
Bruce McLaren,360,656,1969,Kyalami,30,185,8,5
Jean-Pierre Beltoise,306,656,1969,Kyalami,30,194,11,6
Jackie Oliver,262,656,1969,Kyalami,30,65,14,7
Sam Tingle,368,656,1969,Kyalami,30,189,17,8
Jackie Stewart,328,657,1969,Montjuïc,49,194,4,1
Bruce McLaren,360,657,1969,Montjuïc,49,185,13,2
Jean-Pierre Beltoise,306,657,1969,Montjuïc,49,194,12,3
Denny Hulme,304,657,1969,Montjuïc,49,185,8,4
John Surtees,341,657,1969,Montjuïc,49,65,9,5
Jacky Ickx,235,657,1969,Montjuïc,49,180,7,6
Graham Hill,289,658,1969,Circuit de Monaco,6,178,4,1
Piers Courage,361,658,1969,Circuit de Monaco,6,180,9,2
Jo Siffert,346,658,1969,Circuit de Monaco,6,178,5,3
Richard Attwood,370,658,1969,Circuit de Monaco,6,178,10,4
Bruce McLaren,360,658,1969,Circuit de Monaco,6,185,11,5
Denny Hulme,304,658,1969,Circuit de Monaco,6,185,12,6
Vic Elford,350,658,1969,Circuit de Monaco,6,164,16,7
Jackie Stewart,328,659,1969,Circuit Park Zandvoort,39,194,2,1
Jo Siffert,346,659,1969,Circuit Park Zandvoort,39,178,10,2
Chris Amon,278,659,1969,Circuit Park Zandvoort,39,6,4,3
Denny Hulme,304,659,1969,Circuit Park Zandvoort,39,185,7,4
Jacky Ickx,235,659,1969,Circuit Park Zandvoort,39,180,5,5
Jack Brabham,356,659,1969,Circuit Park Zandvoort,39,180,8,6
Graham Hill,289,659,1969,Circuit Park Zandvoort,39,178,3,7
Jean-Pierre Beltoise,306,659,1969,Circuit Park Zandvoort,39,185,11,8
John Surtees,341,659,1969,Circuit Park Zandvoort,39,65,12,9
Vic Elford,350,659,1969,Circuit Park Zandvoort,39,185,15,10
Jackie Stewart,328,660,1969,Charade Circuit,51,194,1,1
Jean-Pierre Beltoise,306,660,1969,Charade Circuit,51,194,5,2
Jacky Ickx,235,660,1969,Charade Circuit,51,180,4,3
Bruce McLaren,360,660,1969,Charade Circuit,51,185,7,4
Vic Elford,350,660,1969,Charade Circuit,51,185,10,5
Graham Hill,289,660,1969,Charade Circuit,51,178,8,6
Silvio Moser,351,660,1969,Charade Circuit,51,180,13,7
Denny Hulme,304,660,1969,Charade Circuit,51,185,2,8
Jo Siffert,346,660,1969,Charade Circuit,51,178,9,9
Jackie Stewart,328,661,1969,Silverstone Circuit,9,194,2,1
Jacky Ickx,235,661,1969,Silverstone Circuit,9,180,4,2
Bruce McLaren,360,661,1969,Silverstone Circuit,9,185,7,3
Jochen Rindt,358,661,1969,Silverstone Circuit,9,178,1,4
Piers Courage,361,661,1969,Silverstone Circuit,9,180,10,5
Vic Elford,350,661,1969,Silverstone Circuit,9,185,11,6
Graham Hill,289,661,1969,Silverstone Circuit,9,178,12,7
Jo Siffert,346,661,1969,Silverstone Circuit,9,178,9,8
Jean-Pierre Beltoise,306,661,1969,Silverstone Circuit,9,194,17,9
John Miles,357,661,1969,Silverstone Circuit,9,178,14,10
Jacky Ickx,235,662,1969,Nürburgring,20,180,1,1
Jackie Stewart,328,662,1969,Nürburgring,20,194,2,2
Bruce McLaren,360,662,1969,Nürburgring,20,185,8,3
Graham Hill,289,662,1969,Nürburgring,20,178,9,4
Jo Siffert,346,662,1969,Nürburgring,20,178,4,5
Jean-Pierre Beltoise,306,662,1969,Nürburgring,20,194,10,6
Jackie Stewart,328,663,1969,Autodromo Nazionale di Monza,14,194,3,1
Jochen Rindt,358,663,1969,Autodromo Nazionale di Monza,14,178,1,2
Jean-Pierre Beltoise,306,663,1969,Autodromo Nazionale di Monza,14,194,6,3
Bruce McLaren,360,663,1969,Autodromo Nazionale di Monza,14,185,5,4
Piers Courage,361,663,1969,Autodromo Nazionale di Monza,14,180,4,5
Pedro Rodríguez,345,663,1969,Autodromo Nazionale di Monza,14,6,12,6
Denny Hulme,304,663,1969,Autodromo Nazionale di Monza,14,185,2,7
Jo Siffert,346,663,1969,Autodromo Nazionale di Monza,14,178,8,8
Graham Hill,289,663,1969,Autodromo Nazionale di Monza,14,178,9,9
Jacky Ickx,235,663,1969,Autodromo Nazionale di Monza,14,180,15,10
Jacky Ickx,235,664,1969,Mosport International Raceway,48,180,1,1
Jack Brabham,356,664,1969,Mosport International Raceway,48,180,6,2
Jochen Rindt,358,664,1969,Mosport International Raceway,48,178,3,3
Jean-Pierre Beltoise,306,664,1969,Mosport International Raceway,48,194,2,4
Bruce McLaren,360,664,1969,Mosport International Raceway,48,185,9,5
Johnny Servoz-Gavin,359,664,1969,Mosport International Raceway,48,194,15,6
Pete Lovely,353,664,1969,Mosport International Raceway,48,178,16,7
Jochen Rindt,358,665,1969,Watkins Glen,46,178,1,1
Piers Courage,361,665,1969,Watkins Glen,46,180,9,2
John Surtees,341,665,1969,Watkins Glen,46,65,11,3
Jack Brabham,356,665,1969,Watkins Glen,46,180,18,4
Pedro Rodríguez,345,665,1969,Watkins Glen,46,6,12,5
Silvio Moser,351,665,1969,Watkins Glen,46,180,17,6
Denny Hulme,304,666,1969,Autódromo Hermanos Rodríguez,32,185,4,1
Jacky Ickx,235,666,1969,Autódromo Hermanos Rodríguez,32,180,2,2
Jack Brabham,356,666,1969,Autódromo Hermanos Rodríguez,32,180,1,3
Jackie Stewart,328,666,1969,Autódromo Hermanos Rodríguez,32,194,3,4
Jean-Pierre Beltoise,306,666,1969,Autódromo Hermanos Rodríguez,32,194,8,5
Jackie Oliver,262,666,1969,Autódromo Hermanos Rodríguez,32,65,12,6
Pedro Rodríguez,345,666,1969,Autódromo Hermanos Rodríguez,32,6,15,7
Johnny Servoz-Gavin,359,666,1969,Autódromo Hermanos Rodríguez,32,194,14,8
Pete Lovely,353,666,1969,Autódromo Hermanos Rodríguez,32,178,16,9
Piers Courage,361,666,1969,Autódromo Hermanos Rodríguez,32,180,9,10
Silvio Moser,351,666,1969,Autódromo Hermanos Rodríguez,32,180,13,11
Jim Clark,373,667,1968,Kyalami,30,178,1,1
Graham Hill,289,667,1968,Kyalami,30,178,2,2
Jochen Rindt,358,667,1968,Kyalami,30,189,4,3
Chris Amon,278,667,1968,Kyalami,30,6,8,4
Denny Hulme,304,667,1968,Kyalami,30,192,9,5
Jean-Pierre Beltoise,306,667,1968,Kyalami,30,194,18,6
Jo Siffert,346,667,1968,Kyalami,30,164,16,7
John Surtees,341,667,1968,Kyalami,30,11,6,8
John Love,340,667,1968,Kyalami,30,189,17,9
Graham Hill,289,668,1968,Jarama,45,178,6,1
Denny Hulme,304,668,1968,Jarama,45,185,3,2
Brian Redman,312,668,1968,Jarama,45,193,13,3
Ludovico Scarfiotti,375,668,1968,Jarama,45,193,12,4
Jean-Pierre Beltoise,306,668,1968,Jarama,45,194,5,5
Graham Hill,289,669,1968,Circuit de Monaco,6,178,1,1
Richard Attwood,370,669,1968,Circuit de Monaco,6,65,6,2
Lucien Bianchi,376,669,1968,Circuit de Monaco,6,193,14,3
Ludovico Scarfiotti,375,669,1968,Circuit de Monaco,6,193,15,4
Denny Hulme,304,669,1968,Circuit de Monaco,6,185,10,5
Bruce McLaren,360,670,1968,Circuit de Spa-Francorchamps,13,185,6,1
Pedro Rodríguez,345,670,1968,Circuit de Spa-Francorchamps,13,65,8,2
Jacky Ickx,235,670,1968,Circuit de Spa-Francorchamps,13,6,3,3
Jackie Stewart,328,670,1968,Circuit de Spa-Francorchamps,13,194,2,4
Jackie Oliver,262,670,1968,Circuit de Spa-Francorchamps,13,178,15,5
Lucien Bianchi,376,670,1968,Circuit de Spa-Francorchamps,13,193,12,6
Jo Siffert,346,670,1968,Circuit de Spa-Francorchamps,13,178,9,7
Jean-Pierre Beltoise,306,670,1968,Circuit de Spa-Francorchamps,13,81,13,8
Jackie Stewart,328,671,1968,Circuit Park Zandvoort,39,194,5,1
Jean-Pierre Beltoise,306,671,1968,Circuit Park Zandvoort,39,81,16,2
Pedro Rodríguez,345,671,1968,Circuit Park Zandvoort,39,65,11,3
Jacky Ickx,235,671,1968,Circuit Park Zandvoort,39,6,6,4
Silvio Moser,351,671,1968,Circuit Park Zandvoort,39,189,7,5
Chris Amon,278,671,1968,Circuit Park Zandvoort,39,6,1,6
Richard Attwood,370,671,1968,Circuit Park Zandvoort,39,65,15,7
Jo Bonnier,347,671,1968,Circuit Park Zandvoort,39,192,19,8
Graham Hill,289,671,1968,Circuit Park Zandvoort,39,178,3,9
Jacky Ickx,235,672,1968,Rouen-Les-Essarts,53,6,3,1
John Surtees,341,672,1968,Rouen-Les-Essarts,53,11,7,2
Jackie Stewart,328,672,1968,Rouen-Les-Essarts,53,194,2,3
Vic Elford,350,672,1968,Rouen-Les-Essarts,53,193,17,4
Denny Hulme,304,672,1968,Rouen-Les-Essarts,53,185,4,5
Piers Courage,361,672,1968,Rouen-Les-Essarts,53,65,14,6
Richard Attwood,370,672,1968,Rouen-Les-Essarts,53,65,12,7
Bruce McLaren,360,672,1968,Rouen-Les-Essarts,53,185,6,8
Jean-Pierre Beltoise,306,672,1968,Rouen-Les-Essarts,53,81,8,9
Chris Amon,278,672,1968,Rouen-Les-Essarts,53,6,5,10
Jo Siffert,346,672,1968,Rouen-Les-Essarts,53,178,11,11
Jo Siffert,346,673,1968,Brands Hatch,38,178,4,1
Chris Amon,278,673,1968,Brands Hatch,38,6,3,2
Jacky Ickx,235,673,1968,Brands Hatch,38,6,12,3
Denny Hulme,304,673,1968,Brands Hatch,38,185,11,4
John Surtees,341,673,1968,Brands Hatch,38,11,9,5
Jackie Stewart,328,673,1968,Brands Hatch,38,194,7,6
Bruce McLaren,360,673,1968,Brands Hatch,38,185,10,7
Piers Courage,361,673,1968,Brands Hatch,38,65,16,8
Jackie Stewart,328,674,1968,Nürburgring,20,194,6,1
Graham Hill,289,674,1968,Nürburgring,20,178,4,2
Jochen Rindt,358,674,1968,Nürburgring,20,189,3,3
Jacky Ickx,235,674,1968,Nürburgring,20,6,1,4
Jack Brabham,356,674,1968,Nürburgring,20,189,15,5
Pedro Rodríguez,345,674,1968,Nürburgring,20,65,14,6
Denny Hulme,304,674,1968,Nürburgring,20,185,11,7
Piers Courage,361,674,1968,Nürburgring,20,65,8,8
Dan Gurney,364,674,1968,Nürburgring,20,188,10,9
Hubert Hahne,365,674,1968,Nürburgring,20,26,18,10
Jackie Oliver,262,674,1968,Nürburgring,20,178,13,11
Kurt Ahrens,379,674,1968,Nürburgring,20,189,17,12
Bruce McLaren,360,674,1968,Nürburgring,20,1,16,13
Richard Attwood,370,674,1968,Nürburgring,20,65,20,14
Denny Hulme,304,675,1968,Autodromo Nazionale di Monza,14,185,7,1
Johnny Servoz-Gavin,359,675,1968,Autodromo Nazionale di Monza,14,194,13,2
Jacky Ickx,235,675,1968,Autodromo Nazionale di Monza,14,6,4,3
Piers Courage,361,675,1968,Autodromo Nazionale di Monza,14,65,17,4
Jean-Pierre Beltoise,306,675,1968,Autodromo Nazionale di Monza,14,81,18,5
Jo Bonnier,347,675,1968,Autodromo Nazionale di Monza,14,192,19,6
Denny Hulme,304,676,1968,Circuit Mont-Tremblant,52,185,6,1
Bruce McLaren,360,676,1968,Circuit Mont-Tremblant,52,185,8,2
Pedro Rodríguez,345,676,1968,Circuit Mont-Tremblant,52,65,12,3
Graham Hill,289,676,1968,Circuit Mont-Tremblant,52,178,5,4
Vic Elford,350,676,1968,Circuit Mont-Tremblant,52,193,16,5
Jackie Stewart,328,676,1968,Circuit Mont-Tremblant,52,194,11,6
Jackie Stewart,328,677,1968,Watkins Glen,46,194,2,1
Graham Hill,289,677,1968,Watkins Glen,46,178,3,2
John Surtees,341,677,1968,Watkins Glen,46,11,9,3
Dan Gurney,364,677,1968,Watkins Glen,46,185,7,4
Jo Siffert,346,677,1968,Watkins Glen,46,178,12,5
Bruce McLaren,360,677,1968,Watkins Glen,46,185,10,6
Graham Hill,289,678,1968,Autódromo Hermanos Rodríguez,32,178,3,1
Bruce McLaren,360,678,1968,Autódromo Hermanos Rodríguez,32,185,9,2
Jackie Oliver,262,678,1968,Autódromo Hermanos Rodríguez,32,178,14,3
Pedro Rodríguez,345,678,1968,Autódromo Hermanos Rodríguez,32,65,12,4
Jo Bonnier,347,678,1968,Autódromo Hermanos Rodríguez,32,11,18,5
Jo Siffert,346,678,1968,Autódromo Hermanos Rodríguez,32,178,1,6
Jackie Stewart,328,678,1968,Autódromo Hermanos Rodríguez,32,194,7,7
Vic Elford,350,678,1968,Autódromo Hermanos Rodríguez,32,193,17,8
Henri Pescarolo,280,678,1968,Autódromo Hermanos Rodríguez,32,81,20,9
Jack Brabham,356,678,1968,Autódromo Hermanos Rodríguez,32,189,8,10
Pedro Rodríguez,345,679,1967,Kyalami,30,164,4,1
John Love,340,679,1967,Kyalami,30,168,5,2
John Surtees,341,679,1967,Kyalami,30,11,6,3
Denny Hulme,304,679,1967,Kyalami,30,189,2,4
Bob Anderson,383,679,1967,Kyalami,30,181,10,5
Jack Brabham,356,679,1967,Kyalami,30,189,1,6
Denny Hulme,304,680,1967,Circuit de Monaco,6,189,4,1
Graham Hill,289,680,1967,Circuit de Monaco,6,174,8,2
Chris Amon,278,680,1967,Circuit de Monaco,6,6,14,3
Bruce McLaren,360,680,1967,Circuit de Monaco,6,192,10,4
Pedro Rodríguez,345,680,1967,Circuit de Monaco,6,164,16,5
Mike Spence,374,680,1967,Circuit de Monaco,6,65,12,6
Jim Clark,373,681,1967,Circuit Park Zandvoort,39,178,8,1
Jack Brabham,356,681,1967,Circuit Park Zandvoort,39,189,3,2
Denny Hulme,304,681,1967,Circuit Park Zandvoort,39,189,7,3
Chris Amon,278,681,1967,Circuit Park Zandvoort,39,6,9,4
Mike Parkes,387,681,1967,Circuit Park Zandvoort,39,6,10,5
Ludovico Scarfiotti,375,681,1967,Circuit Park Zandvoort,39,6,15,6
Chris Irwin,388,681,1967,Circuit Park Zandvoort,39,174,13,7
Mike Spence,374,681,1967,Circuit Park Zandvoort,39,65,12,8
Bob Anderson,383,681,1967,Circuit Park Zandvoort,39,181,17,9
Jo Siffert,346,681,1967,Circuit Park Zandvoort,39,164,16,10
Dan Gurney,364,682,1967,Circuit de Spa-Francorchamps,13,188,2,1
Jackie Stewart,328,682,1967,Circuit de Spa-Francorchamps,13,65,6,2
Chris Amon,278,682,1967,Circuit de Spa-Francorchamps,13,6,5,3
Jochen Rindt,358,682,1967,Circuit de Spa-Francorchamps,13,164,4,4
Mike Spence,374,682,1967,Circuit de Spa-Francorchamps,13,65,11,5
Jim Clark,373,682,1967,Circuit de Spa-Francorchamps,13,178,1,6
Jo Siffert,346,682,1967,Circuit de Spa-Francorchamps,13,164,16,7
Bob Anderson,383,682,1967,Circuit de Spa-Francorchamps,13,181,17,8
Pedro Rodríguez,345,682,1967,Circuit de Spa-Francorchamps,13,164,13,9
Guy Ligier,389,682,1967,Circuit de Spa-Francorchamps,13,164,18,10
Jack Brabham,356,683,1967,Le Mans,54,189,2,1
Denny Hulme,304,683,1967,Le Mans,54,189,6,2
Jackie Stewart,328,683,1967,Le Mans,54,65,10,3
Jo Siffert,346,683,1967,Le Mans,54,164,11,4
Chris Irwin,388,683,1967,Le Mans,54,65,9,5
Pedro Rodríguez,345,683,1967,Le Mans,54,164,13,6
Jim Clark,373,684,1967,Silverstone Circuit,9,178,1,1
Denny Hulme,304,684,1967,Silverstone Circuit,9,189,4,2
Chris Amon,278,684,1967,Silverstone Circuit,9,6,6,3
Jack Brabham,356,684,1967,Silverstone Circuit,9,189,3,4
Pedro Rodríguez,345,684,1967,Silverstone Circuit,9,164,9,5
John Surtees,341,684,1967,Silverstone Circuit,9,11,7,6
Chris Irwin,388,684,1967,Silverstone Circuit,9,65,13,7
David Hobbs,322,684,1967,Silverstone Circuit,9,65,14,8
Alan Rees,390,684,1967,Silverstone Circuit,9,164,15,9
Guy Ligier,389,684,1967,Silverstone Circuit,9,189,21,10
Denny Hulme,304,685,1967,Nürburgring,20,189,2,1
Jack Brabham,356,685,1967,Nürburgring,20,189,7,2
Chris Amon,278,685,1967,Nürburgring,20,6,8,3
John Surtees,341,685,1967,Nürburgring,20,11,6,4
Jackie Oliver,262,685,1967,Nürburgring,20,178,19,5
Jo Bonnier,347,685,1967,Nürburgring,20,164,16,6
Alan Rees,390,685,1967,Nürburgring,20,180,20,7
Guy Ligier,389,685,1967,Nürburgring,20,189,17,8
Chris Irwin,388,685,1967,Nürburgring,20,65,15,9
David Hobbs,322,685,1967,Nürburgring,20,26,22,10
Pedro Rodríguez,345,685,1967,Nürburgring,20,164,10,11
Jack Brabham,356,686,1967,Mosport International Raceway,48,189,7,1
Denny Hulme,304,686,1967,Mosport International Raceway,48,189,3,2
Dan Gurney,364,686,1967,Mosport International Raceway,48,188,5,3
Graham Hill,289,686,1967,Mosport International Raceway,48,178,2,4
Mike Spence,374,686,1967,Mosport International Raceway,48,65,10,5
Chris Amon,278,686,1967,Mosport International Raceway,48,6,4,6
Bruce McLaren,360,686,1967,Mosport International Raceway,48,192,6,7
Jo Bonnier,347,686,1967,Mosport International Raceway,48,164,14,8
David Hobbs,322,686,1967,Mosport International Raceway,48,65,12,9
Richard Attwood,370,686,1967,Mosport International Raceway,48,164,13,10
Mike Fisher,392,686,1967,Mosport International Raceway,48,174,17,11
John Surtees,341,687,1967,Autodromo Nazionale di Monza,14,11,9,1
Jack Brabham,356,687,1967,Autodromo Nazionale di Monza,14,189,2,2
Jim Clark,373,687,1967,Autodromo Nazionale di Monza,14,178,1,3
Jochen Rindt,358,687,1967,Autodromo Nazionale di Monza,14,164,11,4
Mike Spence,374,687,1967,Autodromo Nazionale di Monza,14,65,12,5
Jacky Ickx,235,687,1967,Autodromo Nazionale di Monza,14,164,15,6
Chris Amon,278,687,1967,Autodromo Nazionale di Monza,14,6,4,7
Jim Clark,373,688,1967,Watkins Glen,46,178,2,1
Graham Hill,289,688,1967,Watkins Glen,46,178,1,2
Denny Hulme,304,688,1967,Watkins Glen,46,189,6,3
Jo Siffert,346,688,1967,Watkins Glen,46,164,12,4
Jack Brabham,356,688,1967,Watkins Glen,46,189,5,5
Jo Bonnier,347,688,1967,Watkins Glen,46,164,15,6
Jean-Pierre Beltoise,306,688,1967,Watkins Glen,46,185,18,7
Jim Clark,373,689,1967,Autódromo Hermanos Rodríguez,32,178,1,1
Jack Brabham,356,689,1967,Autódromo Hermanos Rodríguez,32,189,5,2
Denny Hulme,304,689,1967,Autódromo Hermanos Rodríguez,32,189,6,3
John Surtees,341,689,1967,Autódromo Hermanos Rodríguez,32,11,7,4
Mike Spence,374,689,1967,Autódromo Hermanos Rodríguez,32,65,11,5
Pedro Rodríguez,345,689,1967,Autódromo Hermanos Rodríguez,32,164,13,6
Jean-Pierre Beltoise,306,689,1967,Autódromo Hermanos Rodríguez,32,185,14,7
Jonathan Williams,395,689,1967,Autódromo Hermanos Rodríguez,32,6,16,8
Chris Amon,278,689,1967,Autódromo Hermanos Rodríguez,32,6,2,9
Jo Bonnier,347,689,1967,Autódromo Hermanos Rodríguez,32,164,17,10
Guy Ligier,389,689,1967,Autódromo Hermanos Rodríguez,32,189,19,11
Jo Siffert,346,689,1967,Autódromo Hermanos Rodríguez,32,164,10,12
Jackie Stewart,328,690,1966,Circuit de Monaco,6,65,3,1
Lorenzo Bandini,385,690,1966,Circuit de Monaco,6,6,5,2
Graham Hill,289,690,1966,Circuit de Monaco,6,65,4,3
Bob Bondurant,396,690,1966,Circuit de Monaco,6,65,16,4
John Surtees,341,691,1966,Circuit de Spa-Francorchamps,13,6,1,1
Jochen Rindt,358,691,1966,Circuit de Spa-Francorchamps,13,164,2,2
Lorenzo Bandini,385,691,1966,Circuit de Spa-Francorchamps,13,6,5,3
Jack Brabham,356,691,1966,Circuit de Spa-Francorchamps,13,189,4,4
Richie Ginther,386,691,1966,Circuit de Spa-Francorchamps,13,164,8,5
Jack Brabham,356,692,1966,Reims-Gueux,55,189,4,1
Mike Parkes,387,692,1966,Reims-Gueux,55,6,3,2
Denny Hulme,304,692,1966,Reims-Gueux,55,189,9,3
Jochen Rindt,358,692,1966,Reims-Gueux,55,164,5,4
Dan Gurney,364,692,1966,Reims-Gueux,55,187,14,5
John Taylor,399,692,1966,Reims-Gueux,55,179,15,6
Bob Anderson,383,692,1966,Reims-Gueux,55,181,12,7
Chris Amon,278,692,1966,Reims-Gueux,55,164,7,8
Jack Brabham,356,693,1966,Brands Hatch,38,189,1,1
Denny Hulme,304,693,1966,Brands Hatch,38,189,2,2
Graham Hill,289,693,1966,Brands Hatch,38,65,4,3
Jim Clark,373,693,1966,Brands Hatch,38,170,5,4
Jochen Rindt,358,693,1966,Brands Hatch,38,164,7,5
Bruce McLaren,360,693,1966,Brands Hatch,38,186,13,6
Chris Irwin,388,693,1966,Brands Hatch,38,181,12,7
John Taylor,399,693,1966,Brands Hatch,38,179,16,8
Bob Bondurant,396,693,1966,Brands Hatch,38,65,14,9
Guy Ligier,389,693,1966,Brands Hatch,38,164,17,10
Chris Lawrence,400,693,1966,Brands Hatch,38,190,19,11
Jack Brabham,356,694,1966,Circuit Park Zandvoort,39,189,1,1
Graham Hill,289,694,1966,Circuit Park Zandvoort,39,65,7,2
Jim Clark,373,694,1966,Circuit Park Zandvoort,39,170,3,3
Jackie Stewart,328,694,1966,Circuit Park Zandvoort,39,65,8,4
Mike Spence,374,694,1966,Circuit Park Zandvoort,39,174,12,5
Lorenzo Bandini,385,694,1966,Circuit Park Zandvoort,39,6,9,6
Jo Bonnier,347,694,1966,Circuit Park Zandvoort,39,164,13,7
John Taylor,399,694,1966,Circuit Park Zandvoort,39,179,17,8
Guy Ligier,389,694,1966,Circuit Park Zandvoort,39,164,16,9
Jack Brabham,356,695,1966,Nürburgring,20,189,5,1
John Surtees,341,695,1966,Nürburgring,20,164,2,2
Jochen Rindt,358,695,1966,Nürburgring,20,164,9,3
Graham Hill,289,695,1966,Nürburgring,20,65,10,4
Jackie Stewart,328,695,1966,Nürburgring,20,65,3,5
Lorenzo Bandini,385,695,1966,Nürburgring,20,6,6,6
Dan Gurney,364,695,1966,Nürburgring,20,187,8,7
Peter Arundell,397,695,1966,Nürburgring,20,174,17,8
Ludovico Scarfiotti,375,696,1966,Autodromo Nazionale di Monza,14,6,2,1
Mike Parkes,387,696,1966,Autodromo Nazionale di Monza,14,6,1,2
Denny Hulme,304,696,1966,Autodromo Nazionale di Monza,14,189,10,3
Jochen Rindt,358,696,1966,Autodromo Nazionale di Monza,14,164,8,4
Mike Spence,374,696,1966,Autodromo Nazionale di Monza,14,174,14,5
Bob Anderson,383,696,1966,Autodromo Nazionale di Monza,14,181,15,6
Bob Bondurant,396,696,1966,Autodromo Nazionale di Monza,14,65,18,7
Peter Arundell,397,696,1966,Autodromo Nazionale di Monza,14,174,13,8
Giacomo Russo,402,696,1966,Autodromo Nazionale di Monza,14,170,20,9
Jim Clark,373,697,1966,Watkins Glen,46,174,2,1
Jochen Rindt,358,697,1966,Watkins Glen,46,164,9,2
John Surtees,341,697,1966,Watkins Glen,46,164,4,3
Jo Siffert,346,697,1966,Watkins Glen,46,164,13,4
Bruce McLaren,360,697,1966,Watkins Glen,46,185,11,5
Peter Arundell,397,697,1966,Watkins Glen,46,170,19,6
John Surtees,341,698,1966,Autódromo Hermanos Rodríguez,32,164,1,1
Jack Brabham,356,698,1966,Autódromo Hermanos Rodríguez,32,189,4,2
Denny Hulme,304,698,1966,Autódromo Hermanos Rodríguez,32,189,6,3
Richie Ginther,386,698,1966,Autódromo Hermanos Rodríguez,32,11,3,4
Dan Gurney,364,698,1966,Autódromo Hermanos Rodríguez,32,187,9,5
Jo Bonnier,347,698,1966,Autódromo Hermanos Rodríguez,32,164,12,6
Peter Arundell,397,698,1966,Autódromo Hermanos Rodríguez,32,174,17,7
Ronnie Bucknum,405,698,1966,Autódromo Hermanos Rodríguez,32,11,13,8
Jim Clark,373,699,1965,Prince George Circuit,56,170,1,1
John Surtees,341,699,1965,Prince George Circuit,56,6,2,2
Graham Hill,289,699,1965,Prince George Circuit,56,65,5,3
Mike Spence,374,699,1965,Prince George Circuit,56,170,4,4
Bruce McLaren,360,699,1965,Prince George Circuit,56,168,8,5
Jackie Stewart,328,699,1965,Prince George Circuit,56,65,11,6
Jo Siffert,346,699,1965,Prince George Circuit,56,179,14,7
Jack Brabham,356,699,1965,Prince George Circuit,56,181,3,8
Paul Hawkins,406,699,1965,Prince George Circuit,56,180,16,9
Peter de Klerk,362,699,1965,Prince George Circuit,56,50,17,10
Tony Maggs,408,699,1965,Prince George Circuit,56,174,13,11
Frank Gardner,380,699,1965,Prince George Circuit,56,179,15,12
Sam Tingle,368,699,1965,Prince George Circuit,56,183,20,13
David Prophet,407,699,1965,Prince George Circuit,56,180,19,14
Lorenzo Bandini,385,699,1965,Prince George Circuit,56,6,6,15
Graham Hill,289,700,1965,Circuit de Monaco,6,65,1,1
Lorenzo Bandini,385,700,1965,Circuit de Monaco,6,6,4,2
Jackie Stewart,328,700,1965,Circuit de Monaco,6,65,3,3
John Surtees,341,700,1965,Circuit de Monaco,6,6,5,4
Bruce McLaren,360,700,1965,Circuit de Monaco,6,168,7,5
Jo Siffert,346,700,1965,Circuit de Monaco,6,179,10,6
Jo Bonnier,347,700,1965,Circuit de Monaco,6,181,13,7
Denny Hulme,304,700,1965,Circuit de Monaco,6,181,8,8
Bob Anderson,383,700,1965,Circuit de Monaco,6,181,9,9
Paul Hawkins,406,700,1965,Circuit de Monaco,6,170,14,10
Jim Clark,373,701,1965,Circuit de Spa-Francorchamps,13,170,2,1
Jackie Stewart,328,701,1965,Circuit de Spa-Francorchamps,13,65,3,2
Bruce McLaren,360,701,1965,Circuit de Spa-Francorchamps,13,168,9,3
Jack Brabham,356,701,1965,Circuit de Spa-Francorchamps,13,181,10,4
Graham Hill,289,701,1965,Circuit de Spa-Francorchamps,13,65,1,5
Richie Ginther,386,701,1965,Circuit de Spa-Francorchamps,13,11,4,6
Mike Spence,374,701,1965,Circuit de Spa-Francorchamps,13,170,12,7
Jo Siffert,346,701,1965,Circuit de Spa-Francorchamps,13,179,8,8
Lorenzo Bandini,385,701,1965,Circuit de Spa-Francorchamps,13,6,15,9
Dan Gurney,364,701,1965,Circuit de Spa-Francorchamps,13,181,5,10
Jochen Rindt,358,701,1965,Circuit de Spa-Francorchamps,13,168,14,11
Lucien Bianchi,376,701,1965,Circuit de Spa-Francorchamps,13,65,17,12
Innes Ireland,404,701,1965,Circuit de Spa-Francorchamps,13,174,16,13
Richard Attwood,370,701,1965,Circuit de Spa-Francorchamps,13,174,13,14
Jim Clark,373,702,1965,Charade Circuit,51,170,1,1
Jackie Stewart,328,702,1965,Charade Circuit,51,65,2,2
John Surtees,341,702,1965,Charade Circuit,51,6,4,3
Denny Hulme,304,702,1965,Charade Circuit,51,181,6,4
Graham Hill,289,702,1965,Charade Circuit,51,65,13,5
Jo Siffert,346,702,1965,Charade Circuit,51,179,14,6
Mike Spence,374,702,1965,Charade Circuit,51,170,10,7
Lorenzo Bandini,385,702,1965,Charade Circuit,51,6,3,8
Bob Anderson,383,702,1965,Charade Circuit,51,181,15,9
Jim Clark,373,703,1965,Silverstone Circuit,9,170,1,1
Graham Hill,289,703,1965,Silverstone Circuit,9,65,2,2
John Surtees,341,703,1965,Silverstone Circuit,9,6,5,3
Mike Spence,374,703,1965,Silverstone Circuit,9,170,6,4
Jackie Stewart,328,703,1965,Silverstone Circuit,9,65,4,5
Dan Gurney,364,703,1965,Silverstone Circuit,9,181,7,6
Jo Bonnier,347,703,1965,Silverstone Circuit,9,181,14,7
Frank Gardner,380,703,1965,Silverstone Circuit,9,179,13,8
Jo Siffert,346,703,1965,Silverstone Circuit,9,179,18,9
Bruce McLaren,360,703,1965,Silverstone Circuit,9,168,11,10
Ian Raby,420,703,1965,Silverstone Circuit,9,179,20,11
Masten Gregory,418,703,1965,Silverstone Circuit,9,65,19,12
Richard Attwood,370,703,1965,Silverstone Circuit,9,174,16,13
Jochen Rindt,358,703,1965,Silverstone Circuit,9,168,12,14
Jim Clark,373,704,1965,Circuit Park Zandvoort,39,170,2,1
Jackie Stewart,328,704,1965,Circuit Park Zandvoort,39,65,6,2
Dan Gurney,364,704,1965,Circuit Park Zandvoort,39,181,5,3
Graham Hill,289,704,1965,Circuit Park Zandvoort,39,65,1,4
Denny Hulme,304,704,1965,Circuit Park Zandvoort,39,181,7,5
Richie Ginther,386,704,1965,Circuit Park Zandvoort,39,11,3,6
John Surtees,341,704,1965,Circuit Park Zandvoort,39,6,4,7
Mike Spence,374,704,1965,Circuit Park Zandvoort,39,170,8,8
Lorenzo Bandini,385,704,1965,Circuit Park Zandvoort,39,6,12,9
Innes Ireland,404,704,1965,Circuit Park Zandvoort,39,174,13,10
Frank Gardner,380,704,1965,Circuit Park Zandvoort,39,179,11,11
Richard Attwood,370,704,1965,Circuit Park Zandvoort,39,174,17,12
Jo Siffert,346,704,1965,Circuit Park Zandvoort,39,179,10,13
Jim Clark,373,705,1965,Nürburgring,20,170,1,1
Graham Hill,289,705,1965,Nürburgring,20,65,3,2
Dan Gurney,364,705,1965,Nürburgring,20,181,5,3
Jochen Rindt,358,705,1965,Nürburgring,20,168,8,4
Jack Brabham,356,705,1965,Nürburgring,20,181,14,5
Lorenzo Bandini,385,705,1965,Nürburgring,20,6,7,6
Jo Bonnier,347,705,1965,Nürburgring,20,181,9,7
Masten Gregory,418,705,1965,Nürburgring,20,65,19,8
Jackie Stewart,328,706,1965,Autodromo Nazionale di Monza,14,65,3,1
Graham Hill,289,706,1965,Autodromo Nazionale di Monza,14,65,4,2
Dan Gurney,364,706,1965,Autodromo Nazionale di Monza,14,181,9,3
Lorenzo Bandini,385,706,1965,Autodromo Nazionale di Monza,14,6,5,4
Bruce McLaren,360,706,1965,Autodromo Nazionale di Monza,14,168,11,5
Richard Attwood,370,706,1965,Autodromo Nazionale di Monza,14,174,13,6
Jo Bonnier,347,706,1965,Autodromo Nazionale di Monza,14,181,14,7
Jochen Rindt,358,706,1965,Autodromo Nazionale di Monza,14,168,7,8
Innes Ireland,404,706,1965,Autodromo Nazionale di Monza,14,174,18,9
Jim Clark,373,706,1965,Autodromo Nazionale di Monza,14,170,1,10
Mike Spence,374,706,1965,Autodromo Nazionale di Monza,14,170,8,11
Nino Vaccarella,425,706,1965,Autodromo Nazionale di Monza,14,6,15,12
Roberto Bussinello,424,706,1965,Autodromo Nazionale di Monza,14,65,21,13
Richie Ginther,386,706,1965,Autodromo Nazionale di Monza,14,11,17,14
Graham Hill,289,707,1965,Watkins Glen,46,65,1,1
Dan Gurney,364,707,1965,Watkins Glen,46,181,8,2
Jack Brabham,356,707,1965,Watkins Glen,46,181,7,3
Lorenzo Bandini,385,707,1965,Watkins Glen,46,6,5,4
Pedro Rodríguez,345,707,1965,Watkins Glen,46,6,15,5
Jochen Rindt,358,707,1965,Watkins Glen,46,168,13,6
Richie Ginther,386,707,1965,Watkins Glen,46,11,3,7
Jo Bonnier,347,707,1965,Watkins Glen,46,181,10,8
Bob Bondurant,396,707,1965,Watkins Glen,46,6,14,9
Richard Attwood,370,707,1965,Watkins Glen,46,174,16,10
Jo Siffert,346,707,1965,Watkins Glen,46,179,11,11
Moisés Solana,382,707,1965,Watkins Glen,46,170,17,12
Ronnie Bucknum,405,707,1965,Watkins Glen,46,11,12,13
Richie Ginther,386,708,1965,Autódromo Hermanos Rodríguez,32,11,3,1
Dan Gurney,364,708,1965,Autódromo Hermanos Rodríguez,32,181,2,2
Mike Spence,374,708,1965,Autódromo Hermanos Rodríguez,32,170,6,3
Jo Siffert,346,708,1965,Autódromo Hermanos Rodríguez,32,179,11,4
Ronnie Bucknum,405,708,1965,Autódromo Hermanos Rodríguez,32,11,10,5
Richard Attwood,370,708,1965,Autódromo Hermanos Rodríguez,32,174,17,6
Pedro Rodríguez,345,708,1965,Autódromo Hermanos Rodríguez,32,6,14,7
Lorenzo Bandini,385,708,1965,Autódromo Hermanos Rodríguez,32,6,7,8
Graham Hill,289,709,1964,Circuit de Monaco,6,65,3,1
Richie Ginther,386,709,1964,Circuit de Monaco,6,65,8,2
Peter Arundell,397,709,1964,Circuit de Monaco,6,170,6,3
Jim Clark,373,709,1964,Circuit de Monaco,6,170,1,4
Jo Bonnier,347,709,1964,Circuit de Monaco,6,168,11,5
Mike Hailwood,305,709,1964,Circuit de Monaco,6,174,15,6
Bob Anderson,383,709,1964,Circuit de Monaco,6,181,12,7
Jo Siffert,346,709,1964,Circuit de Monaco,6,174,16,8
Phil Hill,403,709,1964,Circuit de Monaco,6,168,9,9
Lorenzo Bandini,385,709,1964,Circuit de Monaco,6,6,7,10
Jim Clark,373,710,1964,Circuit Park Zandvoort,39,170,2,1
John Surtees,341,710,1964,Circuit Park Zandvoort,39,6,4,2
Peter Arundell,397,710,1964,Circuit Park Zandvoort,39,170,6,3
Graham Hill,289,710,1964,Circuit Park Zandvoort,39,65,3,4
Chris Amon,278,710,1964,Circuit Park Zandvoort,39,174,13,5
Bob Anderson,383,710,1964,Circuit Park Zandvoort,39,181,11,6
Bruce McLaren,360,710,1964,Circuit Park Zandvoort,39,168,5,7
Phil Hill,403,710,1964,Circuit Park Zandvoort,39,168,9,8
Jo Bonnier,347,710,1964,Circuit Park Zandvoort,39,179,12,9
Giancarlo Baghetti,394,710,1964,Circuit Park Zandvoort,39,65,16,10
Richie Ginther,386,710,1964,Circuit Park Zandvoort,39,65,8,11
Mike Hailwood,305,710,1964,Circuit Park Zandvoort,39,174,14,12
Jo Siffert,346,710,1964,Circuit Park Zandvoort,39,179,18,13
Jim Clark,373,711,1964,Circuit de Spa-Francorchamps,13,170,6,1
Bruce McLaren,360,711,1964,Circuit de Spa-Francorchamps,13,168,7,2
Jack Brabham,356,711,1964,Circuit de Spa-Francorchamps,13,181,3,3
Richie Ginther,386,711,1964,Circuit de Spa-Francorchamps,13,65,8,4
Graham Hill,289,711,1964,Circuit de Spa-Francorchamps,13,65,2,5
Dan Gurney,364,711,1964,Circuit de Spa-Francorchamps,13,181,1,6
Trevor Taylor,401,711,1964,Circuit de Spa-Francorchamps,13,93,12,7
Giancarlo Baghetti,394,711,1964,Circuit de Spa-Francorchamps,13,65,17,8
Peter Arundell,397,711,1964,Circuit de Spa-Francorchamps,13,170,4,9
Innes Ireland,404,711,1964,Circuit de Spa-Francorchamps,13,93,16,10
Dan Gurney,364,712,1964,Rouen-Les-Essarts,53,181,2,1
Graham Hill,289,712,1964,Rouen-Les-Essarts,53,65,6,2
Jack Brabham,356,712,1964,Rouen-Les-Essarts,53,181,5,3
Peter Arundell,397,712,1964,Rouen-Les-Essarts,53,170,4,4
Richie Ginther,386,712,1964,Rouen-Les-Essarts,53,65,9,5
Bruce McLaren,360,712,1964,Rouen-Les-Essarts,53,168,7,6
Phil Hill,403,712,1964,Rouen-Les-Essarts,53,168,10,7
Mike Hailwood,305,712,1964,Rouen-Les-Essarts,53,174,13,8
Lorenzo Bandini,385,712,1964,Rouen-Les-Essarts,53,6,8,9
Chris Amon,278,712,1964,Rouen-Les-Essarts,53,174,14,10
Maurice Trintignant,427,712,1964,Rouen-Les-Essarts,53,65,16,11
Bob Anderson,383,712,1964,Rouen-Les-Essarts,53,181,15,12
Jim Clark,373,713,1964,Brands Hatch,38,170,1,1
Graham Hill,289,713,1964,Brands Hatch,38,65,2,2
John Surtees,341,713,1964,Brands Hatch,38,6,5,3
Jack Brabham,356,713,1964,Brands Hatch,38,181,4,4
Lorenzo Bandini,385,713,1964,Brands Hatch,38,6,8,5
Phil Hill,403,713,1964,Brands Hatch,38,168,15,6
Bob Anderson,383,713,1964,Brands Hatch,38,181,7,7
Richie Ginther,386,713,1964,Brands Hatch,38,65,14,8
Mike Spence,374,713,1964,Brands Hatch,38,170,13,9
Innes Ireland,404,713,1964,Brands Hatch,38,93,10,10
Jo Siffert,346,713,1964,Brands Hatch,38,179,16,11
Giancarlo Baghetti,394,713,1964,Brands Hatch,38,65,21,12
Dan Gurney,364,713,1964,Brands Hatch,38,181,3,13
John Taylor,399,713,1964,Brands Hatch,38,168,20,14
John Surtees,341,714,1964,Nürburgring,20,6,1,1
Graham Hill,289,714,1964,Nürburgring,20,65,5,2
Lorenzo Bandini,385,714,1964,Nürburgring,20,6,4,3
Jo Siffert,346,714,1964,Nürburgring,20,179,10,4
Maurice Trintignant,427,714,1964,Nürburgring,20,65,14,5
Tony Maggs,408,714,1964,Nürburgring,20,65,16,6
Richie Ginther,386,714,1964,Nürburgring,20,65,11,7
Mike Spence,374,714,1964,Nürburgring,20,170,17,8
Gerhard Mitter,423,714,1964,Nürburgring,20,170,19,9
Dan Gurney,364,714,1964,Nürburgring,20,181,3,10
Chris Amon,278,714,1964,Nürburgring,20,174,9,11
Jack Brabham,356,714,1964,Nürburgring,20,181,6,12
Ronnie Bucknum,405,714,1964,Nürburgring,20,11,22,13
Peter Revson,309,714,1964,Nürburgring,20,174,18,14
Lorenzo Bandini,385,715,1964,Zeltweg,57,6,7,1
Richie Ginther,386,715,1964,Zeltweg,57,65,5,2
Bob Anderson,383,715,1964,Zeltweg,57,181,14,3
Tony Maggs,408,715,1964,Zeltweg,57,65,19,4
Innes Ireland,404,715,1964,Zeltweg,57,93,11,5
Jo Bonnier,347,715,1964,Zeltweg,57,181,10,6
Giancarlo Baghetti,394,715,1964,Zeltweg,57,65,15,7
Mike Hailwood,305,715,1964,Zeltweg,57,174,18,8
Jack Brabham,356,715,1964,Zeltweg,57,181,6,9
John Surtees,341,716,1964,Autodromo Nazionale di Monza,14,6,1,1
Bruce McLaren,360,716,1964,Autodromo Nazionale di Monza,14,168,5,2
Lorenzo Bandini,385,716,1964,Autodromo Nazionale di Monza,14,6,7,3
Richie Ginther,386,716,1964,Autodromo Nazionale di Monza,14,65,9,4
Innes Ireland,404,716,1964,Autodromo Nazionale di Monza,14,93,13,5
Mike Spence,374,716,1964,Autodromo Nazionale di Monza,14,170,8,6
Jo Siffert,346,716,1964,Autodromo Nazionale di Monza,14,179,6,7
Giancarlo Baghetti,394,716,1964,Autodromo Nazionale di Monza,14,65,15,8
Ludovico Scarfiotti,375,716,1964,Autodromo Nazionale di Monza,14,6,16,9
Dan Gurney,364,716,1964,Autodromo Nazionale di Monza,14,181,2,10
Bob Anderson,383,716,1964,Autodromo Nazionale di Monza,14,181,14,11
Jo Bonnier,347,716,1964,Autodromo Nazionale di Monza,14,181,12,12
Peter Revson,309,716,1964,Autodromo Nazionale di Monza,14,174,18,13
Jack Brabham,356,716,1964,Autodromo Nazionale di Monza,14,181,11,14
Jim Clark,373,716,1964,Autodromo Nazionale di Monza,14,170,4,15
Graham Hill,289,717,1964,Watkins Glen,46,65,4,1
John Surtees,341,717,1964,Watkins Glen,46,6,2,2
Jo Siffert,346,717,1964,Watkins Glen,46,179,12,3
Richie Ginther,386,717,1964,Watkins Glen,46,65,13,4
Walt Hansgen,433,717,1964,Watkins Glen,46,170,17,5
Trevor Taylor,401,717,1964,Watkins Glen,46,93,15,6
Jim Clark,373,717,1964,Watkins Glen,46,170,1,7
Mike Hailwood,305,717,1964,Watkins Glen,46,174,15,8
Dan Gurney,364,718,1964,Autódromo Hermanos Rodríguez,32,181,2,1
John Surtees,341,718,1964,Autódromo Hermanos Rodríguez,32,6,4,2
Lorenzo Bandini,385,718,1964,Autódromo Hermanos Rodríguez,32,6,3,3
Mike Spence,374,718,1964,Autódromo Hermanos Rodríguez,32,170,5,4
Jim Clark,373,718,1964,Autódromo Hermanos Rodríguez,32,170,1,5
Pedro Rodríguez,345,718,1964,Autódromo Hermanos Rodríguez,32,6,9,6
Bruce McLaren,360,718,1964,Autódromo Hermanos Rodríguez,32,168,10,7
Richie Ginther,386,718,1964,Autódromo Hermanos Rodríguez,32,65,11,8
Phil Hill,403,718,1964,Autódromo Hermanos Rodríguez,32,168,15,9
Moisés Solana,382,718,1964,Autódromo Hermanos Rodríguez,32,170,14,10
Graham Hill,289,718,1964,Autódromo Hermanos Rodríguez,32,65,6,11
Innes Ireland,404,718,1964,Autódromo Hermanos Rodríguez,32,93,16,12
Hap Sharp,434,718,1964,Autódromo Hermanos Rodríguez,32,179,19,13
Graham Hill,289,719,1963,Circuit de Monaco,6,65,2,1
Richie Ginther,386,719,1963,Circuit de Monaco,6,65,4,2
Bruce McLaren,360,719,1963,Circuit de Monaco,6,168,8,3
John Surtees,341,719,1963,Circuit de Monaco,6,6,3,4
Tony Maggs,408,719,1963,Circuit de Monaco,6,168,10,5
Trevor Taylor,401,719,1963,Circuit de Monaco,6,170,9,6
Jo Bonnier,347,719,1963,Circuit de Monaco,6,168,11,7
Jim Clark,373,719,1963,Circuit de Monaco,6,170,1,8
Jack Brabham,356,719,1963,Circuit de Monaco,6,170,16,9
Jim Clark,373,720,1963,Circuit de Spa-Francorchamps,13,170,8,1
Bruce McLaren,360,720,1963,Circuit de Spa-Francorchamps,13,168,5,2
Dan Gurney,364,720,1963,Circuit de Spa-Francorchamps,13,34,2,3
Richie Ginther,386,720,1963,Circuit de Spa-Francorchamps,13,65,9,4
Jo Bonnier,347,720,1963,Circuit de Spa-Francorchamps,13,168,13,5
Carel Godin de Beaufort,430,720,1963,Circuit de Spa-Francorchamps,13,94,18,6
Tony Maggs,408,720,1963,Circuit de Spa-Francorchamps,13,168,4,7
Tony Settember,438,720,1963,Circuit de Spa-Francorchamps,13,91,19,8
Jim Clark,373,721,1963,Circuit Park Zandvoort,39,170,1,1
Dan Gurney,364,721,1963,Circuit Park Zandvoort,39,34,14,2
John Surtees,341,721,1963,Circuit Park Zandvoort,39,6,5,3
Innes Ireland,404,721,1963,Circuit Park Zandvoort,39,93,7,4
Richie Ginther,386,721,1963,Circuit Park Zandvoort,39,65,6,5
Ludovico Scarfiotti,375,721,1963,Circuit Park Zandvoort,39,6,11,6
Jo Siffert,346,721,1963,Circuit Park Zandvoort,39,174,17,7
Jim Hall,440,721,1963,Circuit Park Zandvoort,39,174,18,8
Carel Godin de Beaufort,430,721,1963,Circuit Park Zandvoort,39,94,19,9
Trevor Taylor,401,721,1963,Circuit Park Zandvoort,39,170,10,10
Jo Bonnier,347,721,1963,Circuit Park Zandvoort,39,168,8,11
Jim Clark,373,722,1963,Reims-Gueux,55,170,1,1
Tony Maggs,408,722,1963,Reims-Gueux,55,168,8,2
Graham Hill,289,722,1963,Reims-Gueux,55,65,2,3
Jack Brabham,356,722,1963,Reims-Gueux,55,34,5,4
Dan Gurney,364,722,1963,Reims-Gueux,55,34,3,5
Jo Siffert,346,722,1963,Reims-Gueux,55,174,10,6
Chris Amon,278,722,1963,Reims-Gueux,55,26,17,7
Maurice Trintignant,427,722,1963,Reims-Gueux,55,170,15,8
Innes Ireland,404,722,1963,Reims-Gueux,55,93,9,9
Lorenzo Bandini,385,722,1963,Reims-Gueux,55,65,21,10
Jim Hall,440,722,1963,Reims-Gueux,55,174,18,11
Bruce McLaren,360,722,1963,Reims-Gueux,55,168,6,12
Trevor Taylor,401,722,1963,Reims-Gueux,55,170,7,13
Jim Clark,373,723,1963,Silverstone Circuit,9,170,1,1
John Surtees,341,723,1963,Silverstone Circuit,9,6,5,2
Graham Hill,289,723,1963,Silverstone Circuit,9,65,3,3
Richie Ginther,386,723,1963,Silverstone Circuit,9,65,9,4
Lorenzo Bandini,385,723,1963,Silverstone Circuit,9,65,8,5
Jim Hall,440,723,1963,Silverstone Circuit,9,174,13,6
Chris Amon,278,723,1963,Silverstone Circuit,9,26,14,7
Mike Hailwood,305,723,1963,Silverstone Circuit,9,170,17,8
Tony Maggs,408,723,1963,Silverstone Circuit,9,168,7,9
Carel Godin de Beaufort,430,723,1963,Silverstone Circuit,9,94,21,10
Masten Gregory,418,723,1963,Silverstone Circuit,9,174,22,11
Bob Anderson,383,723,1963,Silverstone Circuit,9,26,16,12
John Campbell-Jones,436,723,1963,Silverstone Circuit,9,26,23,13
John Surtees,341,724,1963,Nürburgring,20,6,2,1
Jim Clark,373,724,1963,Nürburgring,20,170,1,2
Richie Ginther,386,724,1963,Nürburgring,20,65,6,3
Gerhard Mitter,423,724,1963,Nürburgring,20,94,15,4
Jim Hall,440,724,1963,Nürburgring,20,174,16,5
Jo Bonnier,347,724,1963,Nürburgring,20,168,12,6
Jack Brabham,356,724,1963,Nürburgring,20,34,8,7
Trevor Taylor,401,724,1963,Nürburgring,20,170,18,8
Jo Siffert,346,724,1963,Nürburgring,20,174,9,9
Bernard Collomb,428,724,1963,Nürburgring,20,170,21,10
Jim Clark,373,725,1963,Autodromo Nazionale di Monza,14,170,3,1
Richie Ginther,386,725,1963,Autodromo Nazionale di Monza,14,65,4,2
Bruce McLaren,360,725,1963,Autodromo Nazionale di Monza,14,168,8,3
Innes Ireland,404,725,1963,Autodromo Nazionale di Monza,14,93,10,4
Jack Brabham,356,725,1963,Autodromo Nazionale di Monza,14,34,7,5
Tony Maggs,408,725,1963,Autodromo Nazionale di Monza,14,168,13,6
Jo Bonnier,347,725,1963,Autodromo Nazionale di Monza,14,168,11,7
Jim Hall,440,725,1963,Autodromo Nazionale di Monza,14,174,17,8
Maurice Trintignant,427,725,1963,Autodromo Nazionale di Monza,14,65,20,9
Mike Hailwood,305,725,1963,Autodromo Nazionale di Monza,14,26,18,10
Phil Hill,403,725,1963,Autodromo Nazionale di Monza,14,53,14,11
Bob Anderson,383,725,1963,Autodromo Nazionale di Monza,14,26,19,12
Mike Spence,374,725,1963,Autodromo Nazionale di Monza,14,170,9,13
Dan Gurney,364,725,1963,Autodromo Nazionale di Monza,14,34,5,14
Giancarlo Baghetti,394,725,1963,Autodromo Nazionale di Monza,14,53,25,15
Graham Hill,289,725,1963,Autodromo Nazionale di Monza,14,65,2,16
Graham Hill,289,726,1963,Watkins Glen,46,65,1,1
Richie Ginther,386,726,1963,Watkins Glen,46,65,4,2
Jim Clark,373,726,1963,Watkins Glen,46,170,2,3
Jack Brabham,356,726,1963,Watkins Glen,46,34,5,4
Lorenzo Bandini,385,726,1963,Watkins Glen,46,6,9,5
Carel Godin de Beaufort,430,726,1963,Watkins Glen,46,94,19,6
Peter Broeker,448,726,1963,Watkins Glen,46,97,21,7
Jo Bonnier,347,726,1963,Watkins Glen,46,168,12,8
John Surtees,341,726,1963,Watkins Glen,46,6,3,9
Jim Hall,440,726,1963,Watkins Glen,46,174,16,10
Bruce McLaren,360,726,1963,Watkins Glen,46,168,11,11
Jim Clark,373,727,1963,Autódromo Hermanos Rodríguez,32,170,1,1
Jack Brabham,356,727,1963,Autódromo Hermanos Rodríguez,32,34,10,2
Richie Ginther,386,727,1963,Autódromo Hermanos Rodríguez,32,65,5,3
Graham Hill,289,727,1963,Autódromo Hermanos Rodríguez,32,65,3,4
Jo Bonnier,347,727,1963,Autódromo Hermanos Rodríguez,32,168,8,5
Dan Gurney,364,727,1963,Autódromo Hermanos Rodríguez,32,34,4,6
Hap Sharp,434,727,1963,Autódromo Hermanos Rodríguez,32,174,16,7
Jim Hall,440,727,1963,Autódromo Hermanos Rodríguez,32,174,15,8
Jo Siffert,346,727,1963,Autódromo Hermanos Rodríguez,32,174,9,9
Carel Godin de Beaufort,430,727,1963,Autódromo Hermanos Rodríguez,32,94,18,10
Moisés Solana,382,727,1963,Autódromo Hermanos Rodríguez,32,65,11,11
Graham Hill,289,729,1962,Circuit Park Zandvoort,39,65,2,1
Trevor Taylor,401,729,1962,Circuit Park Zandvoort,39,170,10,2
Phil Hill,403,729,1962,Circuit Park Zandvoort,39,6,9,3
Giancarlo Baghetti,394,729,1962,Circuit Park Zandvoort,39,6,12,4
Tony Maggs,408,729,1962,Circuit Park Zandvoort,39,168,15,5
Carel Godin de Beaufort,430,729,1962,Circuit Park Zandvoort,39,94,14,6
Jo Bonnier,347,729,1962,Circuit Park Zandvoort,39,94,13,7
Jackie Lewis,453,729,1962,Circuit Park Zandvoort,39,168,7,8
Jim Clark,373,729,1962,Circuit Park Zandvoort,39,170,3,9
Bruce McLaren,360,730,1962,Circuit de Monaco,6,168,3,1
Phil Hill,403,730,1962,Circuit de Monaco,6,6,9,2
Lorenzo Bandini,385,730,1962,Circuit de Monaco,6,6,10,3
John Surtees,341,730,1962,Circuit de Monaco,6,26,11,4
Jo Bonnier,347,730,1962,Circuit de Monaco,6,94,18,5
Graham Hill,289,730,1962,Circuit de Monaco,6,65,2,6
Willy Mairesse,435,730,1962,Circuit de Monaco,6,6,4,7
Jack Brabham,356,730,1962,Circuit de Monaco,6,170,6,8
Jim Clark,373,731,1962,Circuit de Spa-Francorchamps,13,170,13,1
Graham Hill,289,731,1962,Circuit de Spa-Francorchamps,13,65,1,2
Phil Hill,403,731,1962,Circuit de Spa-Francorchamps,13,6,4,3
Ricardo Rodríguez,454,731,1962,Circuit de Spa-Francorchamps,13,6,7,4
John Surtees,341,731,1962,Circuit de Spa-Francorchamps,13,26,11,5
Jack Brabham,356,731,1962,Circuit de Spa-Francorchamps,13,170,15,6
Carel Godin de Beaufort,430,731,1962,Circuit de Spa-Francorchamps,13,94,13,7
Maurice Trintignant,427,731,1962,Circuit de Spa-Francorchamps,13,170,16,8
Lucien Bianchi,376,731,1962,Circuit de Spa-Francorchamps,13,170,18,9
Jo Siffert,346,731,1962,Circuit de Spa-Francorchamps,13,170,17,10
John Campbell-Jones,436,731,1962,Circuit de Spa-Francorchamps,13,170,19,11
Dan Gurney,364,732,1962,Rouen-Les-Essarts,53,94,6,1
Tony Maggs,408,732,1962,Rouen-Les-Essarts,53,168,11,2
Richie Ginther,386,732,1962,Rouen-Les-Essarts,53,65,10,3
Bruce McLaren,360,732,1962,Rouen-Les-Essarts,53,168,3,4
John Surtees,341,732,1962,Rouen-Les-Essarts,53,26,5,5
Carel Godin de Beaufort,430,732,1962,Rouen-Les-Essarts,53,94,17,6
Maurice Trintignant,427,732,1962,Rouen-Les-Essarts,53,170,13,7
Trevor Taylor,401,732,1962,Rouen-Les-Essarts,53,170,12,8
Graham Hill,289,732,1962,Rouen-Les-Essarts,53,65,2,9
Jim Clark,373,733,1962,Aintree,58,170,1,1
John Surtees,341,733,1962,Aintree,58,26,2,2
Bruce McLaren,360,733,1962,Aintree,58,168,4,3
Graham Hill,289,733,1962,Aintree,58,65,5,4
Jack Brabham,356,733,1962,Aintree,58,170,9,5
Tony Maggs,408,733,1962,Aintree,58,168,13,6
Masten Gregory,418,733,1962,Aintree,58,170,14,7
Trevor Taylor,401,733,1962,Aintree,58,170,10,8
Dan Gurney,364,733,1962,Aintree,58,94,6,9
Jackie Lewis,453,733,1962,Aintree,58,168,15,10
Tony Settember,438,733,1962,Aintree,58,98,19,11
Ian Burgess,437,733,1962,Aintree,58,168,16,12
Richie Ginther,386,733,1962,Aintree,58,65,8,13
Carel Godin de Beaufort,430,733,1962,Aintree,58,94,17,14
Jay Chamberlain,463,733,1962,Aintree,58,170,20,15
Innes Ireland,404,733,1962,Aintree,58,170,3,16
Graham Hill,289,734,1962,Nürburgring,20,65,2,1
John Surtees,341,734,1962,Nürburgring,20,26,4,2
Dan Gurney,364,734,1962,Nürburgring,20,94,1,3
Jim Clark,373,734,1962,Nürburgring,20,170,3,4
Bruce McLaren,360,734,1962,Nürburgring,20,168,5,5
Ricardo Rodríguez,454,734,1962,Nürburgring,20,6,10,6
Jo Bonnier,347,734,1962,Nürburgring,20,94,6,7
Richie Ginther,386,734,1962,Nürburgring,20,65,7,8
Tony Maggs,408,734,1962,Nürburgring,20,168,23,9
Giancarlo Baghetti,394,734,1962,Nürburgring,20,6,13,10
Ian Burgess,437,734,1962,Nürburgring,20,168,16,11
Jo Siffert,346,734,1962,Nürburgring,20,170,17,12
Carel Godin de Beaufort,430,734,1962,Nürburgring,20,94,8,13
Heini Walter,466,734,1962,Nürburgring,20,94,14,14
Nino Vaccarella,425,734,1962,Nürburgring,20,94,15,15
Lucien Bianchi,376,734,1962,Nürburgring,20,99,25,16
Graham Hill,289,735,1962,Autodromo Nazionale di Monza,14,65,2,1
Richie Ginther,386,735,1962,Autodromo Nazionale di Monza,14,65,3,2
Bruce McLaren,360,735,1962,Autodromo Nazionale di Monza,14,168,4,3
Willy Mairesse,435,735,1962,Autodromo Nazionale di Monza,14,6,10,4
Giancarlo Baghetti,394,735,1962,Autodromo Nazionale di Monza,14,6,18,5
Jo Bonnier,347,735,1962,Autodromo Nazionale di Monza,14,94,9,6
Tony Maggs,408,735,1962,Autodromo Nazionale di Monza,14,168,12,7
Lorenzo Bandini,385,735,1962,Autodromo Nazionale di Monza,14,6,17,8
Nino Vaccarella,425,735,1962,Autodromo Nazionale di Monza,14,170,14,9
Carel Godin de Beaufort,430,735,1962,Autodromo Nazionale di Monza,14,94,20,10
Phil Hill,403,735,1962,Autodromo Nazionale di Monza,14,6,15,11
Masten Gregory,418,735,1962,Autodromo Nazionale di Monza,14,174,6,12
Dan Gurney,364,735,1962,Autodromo Nazionale di Monza,14,94,7,13
Ricardo Rodríguez,454,735,1962,Autodromo Nazionale di Monza,14,6,11,14
Jim Clark,373,736,1962,Watkins Glen,46,170,1,1
Graham Hill,289,736,1962,Watkins Glen,46,65,3,2
Bruce McLaren,360,736,1962,Watkins Glen,46,168,6,3
Jack Brabham,356,736,1962,Watkins Glen,46,34,5,4
Dan Gurney,364,736,1962,Watkins Glen,46,94,4,5
Masten Gregory,418,736,1962,Watkins Glen,46,174,7,6
Tony Maggs,408,736,1962,Watkins Glen,46,168,10,7
Innes Ireland,404,736,1962,Watkins Glen,46,170,16,8
Roger Penske,468,736,1962,Watkins Glen,46,170,13,9
Rob Schroeder,469,736,1962,Watkins Glen,46,170,17,10
Hap Sharp,434,736,1962,Watkins Glen,46,168,15,11
Trevor Taylor,401,736,1962,Watkins Glen,46,170,8,12
Jo Bonnier,347,736,1962,Watkins Glen,46,94,9,13
Graham Hill,289,737,1962,Prince George Circuit,56,65,2,1
Bruce McLaren,360,737,1962,Prince George Circuit,56,168,8,2
Tony Maggs,408,737,1962,Prince George Circuit,56,168,6,3
Jack Brabham,356,737,1962,Prince George Circuit,56,34,3,4
Innes Ireland,404,737,1962,Prince George Circuit,56,170,4,5
Neville Lederle,410,737,1962,Prince George Circuit,56,170,10,6
Richie Ginther,386,737,1962,Prince George Circuit,56,65,7,7
John Love,340,737,1962,Prince George Circuit,56,168,12,8
Bruce Johnstone,471,737,1962,Prince George Circuit,56,65,17,9
Ernie Pieterse,413,737,1962,Prince George Circuit,56,170,13,10
Carel Godin de Beaufort,430,737,1962,Prince George Circuit,56,94,16,11
Stirling Moss,475,738,1961,Circuit de Monaco,6,170,1,1
Richie Ginther,386,738,1961,Circuit de Monaco,6,6,2,2
Phil Hill,403,738,1961,Circuit de Monaco,6,6,5,3
Wolfgang von Trips,476,738,1961,Circuit de Monaco,6,6,6,4
Dan Gurney,364,738,1961,Circuit de Monaco,6,94,11,5
Bruce McLaren,360,738,1961,Circuit de Monaco,6,168,7,6
Maurice Trintignant,427,738,1961,Circuit de Monaco,6,164,16,7
Cliff Allison,477,738,1961,Circuit de Monaco,6,170,15,8
Hans Herrmann,478,738,1961,Circuit de Monaco,6,94,13,9
Jim Clark,373,738,1961,Circuit de Monaco,6,170,3,10
John Surtees,341,738,1961,Circuit de Monaco,6,168,12,11
Jo Bonnier,347,738,1961,Circuit de Monaco,6,94,9,12
Tony Brooks,479,738,1961,Circuit de Monaco,6,65,8,13
Wolfgang von Trips,476,739,1961,Circuit Park Zandvoort,39,6,2,1
Phil Hill,403,739,1961,Circuit Park Zandvoort,39,6,1,2
Jim Clark,373,739,1961,Circuit Park Zandvoort,39,170,11,3
Stirling Moss,475,739,1961,Circuit Park Zandvoort,39,170,4,4
Richie Ginther,386,739,1961,Circuit Park Zandvoort,39,6,3,5
Jack Brabham,356,739,1961,Circuit Park Zandvoort,39,168,7,6
John Surtees,341,739,1961,Circuit Park Zandvoort,39,168,9,7
Graham Hill,289,739,1961,Circuit Park Zandvoort,39,65,5,8
Tony Brooks,479,739,1961,Circuit Park Zandvoort,39,65,8,9
Dan Gurney,364,739,1961,Circuit Park Zandvoort,39,94,6,10
Jo Bonnier,347,739,1961,Circuit Park Zandvoort,39,94,12,11
Bruce McLaren,360,739,1961,Circuit Park Zandvoort,39,168,14,12
Trevor Taylor,401,739,1961,Circuit Park Zandvoort,39,170,16,13
Carel Godin de Beaufort,430,739,1961,Circuit Park Zandvoort,39,94,17,14
Hans Herrmann,478,739,1961,Circuit Park Zandvoort,39,94,13,15
Phil Hill,403,740,1961,Circuit de Spa-Francorchamps,13,6,1,1
Wolfgang von Trips,476,740,1961,Circuit de Spa-Francorchamps,13,6,2,2
Richie Ginther,386,740,1961,Circuit de Spa-Francorchamps,13,6,5,3
Olivier Gendebien,482,740,1961,Circuit de Spa-Francorchamps,13,6,3,4
John Surtees,341,740,1961,Circuit de Spa-Francorchamps,13,168,4,5
Dan Gurney,364,740,1961,Circuit de Spa-Francorchamps,13,94,10,6
Jo Bonnier,347,740,1961,Circuit de Spa-Francorchamps,13,94,9,7
Stirling Moss,475,740,1961,Circuit de Spa-Francorchamps,13,170,8,8
Jackie Lewis,453,740,1961,Circuit de Spa-Francorchamps,13,168,13,9
Masten Gregory,418,740,1961,Circuit de Spa-Francorchamps,13,168,12,10
Carel Godin de Beaufort,430,740,1961,Circuit de Spa-Francorchamps,13,94,14,11
Jim Clark,373,740,1961,Circuit de Spa-Francorchamps,13,170,16,12
Tony Brooks,479,740,1961,Circuit de Spa-Francorchamps,13,65,7,13
Giancarlo Baghetti,394,741,1961,Reims-Gueux,55,6,12,1
Dan Gurney,364,741,1961,Reims-Gueux,55,94,5,2
Jim Clark,373,741,1961,Reims-Gueux,55,170,9,3
Innes Ireland,404,741,1961,Reims-Gueux,55,170,10,4
Bruce McLaren,360,741,1961,Reims-Gueux,55,168,8,5
Graham Hill,289,741,1961,Reims-Gueux,55,65,6,6
Jo Bonnier,347,741,1961,Reims-Gueux,55,94,13,7
Roy Salvadori,456,741,1961,Reims-Gueux,55,168,15,8
Phil Hill,403,741,1961,Reims-Gueux,55,6,1,9
Henry Taylor,481,741,1961,Reims-Gueux,55,170,25,10
Michael May,480,741,1961,Reims-Gueux,55,170,22,11
Masten Gregory,418,741,1961,Reims-Gueux,55,168,16,12
Maurice Trintignant,427,741,1961,Reims-Gueux,55,164,23,13
Ian Burgess,437,741,1961,Reims-Gueux,55,170,24,14
Richie Ginther,386,741,1961,Reims-Gueux,55,6,3,15
Wolfgang von Trips,476,742,1961,Aintree,58,6,4,1
Phil Hill,403,742,1961,Aintree,58,6,1,2
Richie Ginther,386,742,1961,Aintree,58,6,2,3
Jack Brabham,356,742,1961,Aintree,58,168,9,4
Jo Bonnier,347,742,1961,Aintree,58,94,3,5
Roy Salvadori,456,742,1961,Aintree,58,168,13,6
Dan Gurney,364,742,1961,Aintree,58,94,12,7
Bruce McLaren,360,742,1961,Aintree,58,168,14,8
Tony Brooks,479,742,1961,Aintree,58,65,6,9
Innes Ireland,404,742,1961,Aintree,58,170,7,10
Masten Gregory,418,742,1961,Aintree,58,168,16,11
Lorenzo Bandini,385,742,1961,Aintree,58,164,21,12
Tony Maggs,408,742,1961,Aintree,58,170,24,13
Ian Burgess,437,742,1961,Aintree,58,170,25,14
Keith Greene,465,742,1961,Aintree,58,96,26,15
Carel Godin de Beaufort,430,742,1961,Aintree,58,94,18,16
Wolfgang Seidel,455,742,1961,Aintree,58,170,22,17
Stirling Moss,475,743,1961,Nürburgring,20,170,3,1
Wolfgang von Trips,476,743,1961,Nürburgring,20,6,5,2
Phil Hill,403,743,1961,Nürburgring,20,6,1,3
Jim Clark,373,743,1961,Nürburgring,20,170,8,4
John Surtees,341,743,1961,Nürburgring,20,168,10,5
Bruce McLaren,360,743,1961,Nürburgring,20,168,12,6
Dan Gurney,364,743,1961,Nürburgring,20,94,7,7
Richie Ginther,386,743,1961,Nürburgring,20,6,14,8
Jackie Lewis,453,743,1961,Nürburgring,20,168,18,9
Roy Salvadori,456,743,1961,Nürburgring,20,168,15,10
Tony Maggs,408,743,1961,Nürburgring,20,170,22,11
Ian Burgess,437,743,1961,Nürburgring,20,168,24,12
Hans Herrmann,478,743,1961,Nürburgring,20,94,11,13
Carel Godin de Beaufort,430,743,1961,Nürburgring,20,94,17,14
Tony Marsh,459,743,1961,Nürburgring,20,170,20,15
Gerry Ashmore,460,743,1961,Nürburgring,20,170,25,16
Phil Hill,403,744,1961,Autodromo Nazionale di Monza,14,6,4,1
Dan Gurney,364,744,1961,Autodromo Nazionale di Monza,14,94,12,2
Bruce McLaren,360,744,1961,Autodromo Nazionale di Monza,14,168,14,3
Jackie Lewis,453,744,1961,Autodromo Nazionale di Monza,14,168,16,4
Tony Brooks,479,744,1961,Autodromo Nazionale di Monza,14,65,13,5
Roy Salvadori,456,744,1961,Autodromo Nazionale di Monza,14,168,18,6
Carel Godin de Beaufort,430,744,1961,Autodromo Nazionale di Monza,14,94,15,7
Lorenzo Bandini,385,744,1961,Autodromo Nazionale di Monza,14,164,21,8
Maurice Trintignant,427,744,1961,Autodromo Nazionale di Monza,14,164,22,9
Tim Parnell,441,744,1961,Autodromo Nazionale di Monza,14,170,27,10
Henry Taylor,481,744,1961,Autodromo Nazionale di Monza,14,170,23,11
Renato Pirocchi,489,744,1961,Autodromo Nazionale di Monza,14,164,29,12
Innes Ireland,404,745,1961,Watkins Glen,46,170,8,1
Dan Gurney,364,745,1961,Watkins Glen,46,94,7,2
Tony Brooks,479,745,1961,Watkins Glen,46,65,5,3
Bruce McLaren,360,745,1961,Watkins Glen,46,168,4,4
Graham Hill,289,745,1961,Watkins Glen,46,65,2,5
Jo Bonnier,347,745,1961,Watkins Glen,46,94,10,6
Jim Clark,373,745,1961,Watkins Glen,46,170,6,7
Roger Penske,468,745,1961,Watkins Glen,46,168,16,8
Peter Ryan,493,745,1961,Watkins Glen,46,170,13,9
Hap Sharp,434,745,1961,Watkins Glen,46,168,17,10
Olivier Gendebien,482,745,1961,Watkins Glen,46,170,15,11
Bruce McLaren,360,746,1960,Autódromo Juan y Oscar Gálvez,25,168,13,1
Cliff Allison,477,746,1960,Autódromo Juan y Oscar Gálvez,25,6,7,2
Maurice Trintignant,427,746,1960,Autódromo Juan y Oscar Gálvez,25,168,8,3
Carlos Menditeguy,496,746,1960,Autódromo Juan y Oscar Gálvez,25,164,12,4
Wolfgang von Trips,476,746,1960,Autódromo Juan y Oscar Gálvez,25,6,5,5
Innes Ireland,404,746,1960,Autódromo Juan y Oscar Gálvez,25,32,2,6
Jo Bonnier,347,746,1960,Autódromo Juan y Oscar Gálvez,25,65,4,7
Phil Hill,403,746,1960,Autódromo Juan y Oscar Gálvez,25,6,6,8
Alberto Rodriguez Larreta,497,746,1960,Autódromo Juan y Oscar Gálvez,25,32,15,9
José Froilán González,498,746,1960,Autódromo Juan y Oscar Gálvez,25,6,11,10
Roberto Bonomi,499,746,1960,Autódromo Juan y Oscar Gálvez,25,164,17,11
Masten Gregory,418,746,1960,Autódromo Juan y Oscar Gálvez,25,103,16,12
Gino Munaron,500,746,1960,Autódromo Juan y Oscar Gálvez,25,104,19,13
Nasif Estéfano,439,746,1960,Autódromo Juan y Oscar Gálvez,25,104,20,14
Stirling Moss,475,747,1960,Circuit de Monaco,6,32,1,1
Bruce McLaren,360,747,1960,Circuit de Monaco,6,168,11,2
Phil Hill,403,747,1960,Circuit de Monaco,6,6,10,3
Tony Brooks,479,747,1960,Circuit de Monaco,6,168,3,4
Jo Bonnier,347,747,1960,Circuit de Monaco,6,65,5,5
Richie Ginther,386,747,1960,Circuit de Monaco,6,6,9,6
Graham Hill,289,747,1960,Circuit de Monaco,6,65,6,7
Wolfgang von Trips,476,747,1960,Circuit de Monaco,6,6,8,8
Innes Ireland,404,747,1960,Circuit de Monaco,6,32,7,9
Jim Rathmann,509,748,1960,Indianapolis Motor Speedway,19,106,2,1
Rodger Ward,449,748,1960,Indianapolis Motor Speedway,19,106,3,2
Paul Goldsmith,510,748,1960,Indianapolis Motor Speedway,19,107,26,3
Don Branson,511,748,1960,Indianapolis Motor Speedway,19,108,8,4
Johnny Thomson,512,748,1960,Indianapolis Motor Speedway,19,109,17,5
Eddie Johnson,513,748,1960,Indianapolis Motor Speedway,19,110,7,6
Lloyd Ruby,494,748,1960,Indianapolis Motor Speedway,19,106,12,7
Bob Veith,514,748,1960,Indianapolis Motor Speedway,19,111,25,8
Bud Tingelstad,515,748,1960,Indianapolis Motor Speedway,19,110,28,9
Bob Christie,516,748,1960,Indianapolis Motor Speedway,19,112,14,10
Red Amick,517,748,1960,Indianapolis Motor Speedway,19,107,22,11
Duane Carter,518,748,1960,Indianapolis Motor Speedway,19,113,27,12
Bill Homeier,519,748,1960,Indianapolis Motor Speedway,19,113,31,13
Gene Hartley,520,748,1960,Indianapolis Motor Speedway,19,112,24,14
Chuck Stevenson,521,748,1960,Indianapolis Motor Speedway,19,106,9,15
Bobby Grim,522,748,1960,Indianapolis Motor Speedway,19,111,21,16
Shorty Templeman,523,748,1960,Indianapolis Motor Speedway,19,112,19,17
Jim Hurtubise,524,748,1960,Indianapolis Motor Speedway,19,114,23,18
Jimmy Bryan,525,748,1960,Indianapolis Motor Speedway,19,107,10,19
Troy Ruttman,526,748,1960,Indianapolis Motor Speedway,19,106,6,20
Eddie Sachs,527,748,1960,Indianapolis Motor Speedway,19,115,1,21
Don Freeland,528,748,1960,Indianapolis Motor Speedway,19,112,11,22
Tony Bettenhausen,529,748,1960,Indianapolis Motor Speedway,19,106,18,23
Wayne Weiler,530,748,1960,Indianapolis Motor Speedway,19,107,15,24
Anthony Foyt,531,748,1960,Indianapolis Motor Speedway,19,112,16,25
Eddie Russo,532,748,1960,Indianapolis Motor Speedway,19,112,29,26
Johnny Boyd,533,748,1960,Indianapolis Motor Speedway,19,107,13,27
Gene Force,534,748,1960,Indianapolis Motor Speedway,19,112,20,28
Jim McWithey,535,748,1960,Indianapolis Motor Speedway,19,107,32,29
Len Sutton,536,748,1960,Indianapolis Motor Speedway,19,106,5,30
Dick Rathmann,537,748,1960,Indianapolis Motor Speedway,19,106,4,31
Al Herman,538,748,1960,Indianapolis Motor Speedway,19,115,30,32
Dempsey Wilson,539,748,1960,Indianapolis Motor Speedway,19,112,33,33
Jack Brabham,356,749,1960,Circuit Park Zandvoort,39,168,2,1
Innes Ireland,404,749,1960,Circuit Park Zandvoort,39,32,3,2
Graham Hill,289,749,1960,Circuit Park Zandvoort,39,65,5,3
Stirling Moss,475,749,1960,Circuit Park Zandvoort,39,32,1,4
Wolfgang von Trips,476,749,1960,Circuit Park Zandvoort,39,6,15,5
Richie Ginther,386,749,1960,Circuit Park Zandvoort,39,6,12,6
Henry Taylor,481,749,1960,Circuit Park Zandvoort,39,168,14,7
Carel Godin de Beaufort,430,749,1960,Circuit Park Zandvoort,39,168,18,8
Jack Brabham,356,750,1960,Circuit de Spa-Francorchamps,13,168,1,1
Bruce McLaren,360,750,1960,Circuit de Spa-Francorchamps,13,168,14,2
Olivier Gendebien,482,750,1960,Circuit de Spa-Francorchamps,13,168,5,3
Phil Hill,403,750,1960,Circuit de Spa-Francorchamps,13,6,4,4
Jim Clark,373,750,1960,Circuit de Spa-Francorchamps,13,32,10,5
Lucien Bianchi,376,750,1960,Circuit de Spa-Francorchamps,13,168,15,6
Jack Brabham,356,751,1960,Reims-Gueux,55,168,1,1
Olivier Gendebien,482,751,1960,Reims-Gueux,55,168,9,2
Bruce McLaren,360,751,1960,Reims-Gueux,55,168,7,3
Henry Taylor,481,751,1960,Reims-Gueux,55,168,12,4
Jim Clark,373,751,1960,Reims-Gueux,55,32,10,5
Ron Flockhart,541,751,1960,Reims-Gueux,55,32,14,6
Innes Ireland,404,751,1960,Reims-Gueux,55,32,4,7
Bruce Halford,506,751,1960,Reims-Gueux,55,168,15,8
Masten Gregory,418,751,1960,Reims-Gueux,55,164,17,9
Ian Burgess,437,751,1960,Reims-Gueux,55,164,22,10
Wolfgang von Trips,476,751,1960,Reims-Gueux,55,6,5,11
Phil Hill,403,751,1960,Reims-Gueux,55,6,2,12
Jack Brabham,356,752,1960,Silverstone Circuit,9,168,1,1
John Surtees,341,752,1960,Silverstone Circuit,9,32,11,2
Innes Ireland,404,752,1960,Silverstone Circuit,9,32,5,3
Bruce McLaren,360,752,1960,Silverstone Circuit,9,168,3,4
Tony Brooks,479,752,1960,Silverstone Circuit,9,168,9,5
Wolfgang von Trips,476,752,1960,Silverstone Circuit,9,6,7,6
Phil Hill,403,752,1960,Silverstone Circuit,9,6,10,7
Henry Taylor,481,752,1960,Silverstone Circuit,9,168,16,8
Olivier Gendebien,482,752,1960,Silverstone Circuit,9,168,12,9
Dan Gurney,364,752,1960,Silverstone Circuit,9,65,6,10
Maurice Trintignant,427,752,1960,Silverstone Circuit,9,116,21,11
David Piper,542,752,1960,Silverstone Circuit,9,32,24,12
Brian Naylor,484,752,1960,Silverstone Circuit,9,100,18,13
Masten Gregory,418,752,1960,Silverstone Circuit,9,164,14,14
Gino Munaron,500,752,1960,Silverstone Circuit,9,169,25,15
Jim Clark,373,752,1960,Silverstone Circuit,9,32,8,16
Jack Brabham,356,753,1960,Circuito da Boavista,59,168,3,1
Bruce McLaren,360,753,1960,Circuito da Boavista,59,168,6,2
Jim Clark,373,753,1960,Circuito da Boavista,59,32,8,3
Wolfgang von Trips,476,753,1960,Circuito da Boavista,59,6,9,4
Tony Brooks,479,753,1960,Circuito da Boavista,59,168,12,5
Innes Ireland,404,753,1960,Circuito da Boavista,59,32,7,6
Olivier Gendebien,482,753,1960,Circuito da Boavista,59,168,14,7
Phil Hill,403,754,1960,Autodromo Nazionale di Monza,14,6,1,1
Richie Ginther,386,754,1960,Autodromo Nazionale di Monza,14,6,2,2
Willy Mairesse,435,754,1960,Autodromo Nazionale di Monza,14,6,3,3
Giulio Cabianca,543,754,1960,Autodromo Nazionale di Monza,14,169,4,4
Wolfgang von Trips,476,754,1960,Autodromo Nazionale di Monza,14,6,6,5
Hans Herrmann,478,754,1960,Autodromo Nazionale di Monza,14,94,10,6
Edgar Barth,431,754,1960,Autodromo Nazionale di Monza,14,94,12,7
Piero Drogo,544,754,1960,Autodromo Nazionale di Monza,14,168,15,8
Wolfgang Seidel,455,754,1960,Autodromo Nazionale di Monza,14,168,13,9
Fred Gamble,545,754,1960,Autodromo Nazionale di Monza,14,103,14,10
Stirling Moss,475,755,1960,Riverside International Raceway,60,32,1,1
Innes Ireland,404,755,1960,Riverside International Raceway,60,32,7,2
Bruce McLaren,360,755,1960,Riverside International Raceway,60,168,10,3
Jack Brabham,356,755,1960,Riverside International Raceway,60,168,2,4
Jo Bonnier,347,755,1960,Riverside International Raceway,60,65,4,5
Phil Hill,403,755,1960,Riverside International Raceway,60,168,13,6
Jim Hall,440,755,1960,Riverside International Raceway,60,32,12,7
Roy Salvadori,456,755,1960,Riverside International Raceway,60,168,15,8
Wolfgang von Trips,476,755,1960,Riverside International Raceway,60,164,16,9
Chuck Daigh,507,755,1960,Riverside International Raceway,60,105,18,10
Pete Lovely,353,755,1960,Riverside International Raceway,60,169,20,11
Olivier Gendebien,482,755,1960,Riverside International Raceway,60,168,8,12
Bob Drake,548,755,1960,Riverside International Raceway,60,104,22,13
Henry Taylor,481,755,1960,Riverside International Raceway,60,168,14,14
Maurice Trintignant,427,755,1960,Riverside International Raceway,60,164,19,15
Jim Clark,373,755,1960,Riverside International Raceway,60,32,5,16
Jack Brabham,356,756,1959,Circuit de Monaco,6,168,3,1
Tony Brooks,479,756,1959,Circuit de Monaco,6,6,4,2
Maurice Trintignant,427,756,1959,Circuit de Monaco,6,168,6,3
Phil Hill,403,756,1959,Circuit de Monaco,6,6,5,4
Bruce McLaren,360,756,1959,Circuit de Monaco,6,168,13,5
Roy Salvadori,456,756,1959,Circuit de Monaco,6,164,8,6
Rodger Ward,449,757,1959,Indianapolis Motor Speedway,19,106,6,1
Jim Rathmann,509,757,1959,Indianapolis Motor Speedway,19,106,3,2
Johnny Thomson,512,757,1959,Indianapolis Motor Speedway,19,109,1,3
Tony Bettenhausen,529,757,1959,Indianapolis Motor Speedway,19,107,15,4
Paul Goldsmith,510,757,1959,Indianapolis Motor Speedway,19,107,16,5
Johnny Boyd,533,757,1959,Indianapolis Motor Speedway,19,107,11,6
Duane Carter,518,757,1959,Indianapolis Motor Speedway,19,112,12,7
Eddie Johnson,513,757,1959,Indianapolis Motor Speedway,19,112,8,8
Paul Russo,555,757,1959,Indianapolis Motor Speedway,19,112,27,9
Anthony Foyt,531,757,1959,Indianapolis Motor Speedway,19,113,17,10
Gene Hartley,520,757,1959,Indianapolis Motor Speedway,19,113,9,11
Bob Veith,514,757,1959,Indianapolis Motor Speedway,19,118,7,12
Al Herman,538,757,1959,Indianapolis Motor Speedway,19,119,23,13
Jimmy Daywalt,556,757,1959,Indianapolis Motor Speedway,19,112,13,14
Chuck Arnold,557,757,1959,Indianapolis Motor Speedway,19,112,21,15
Jim McWithey,535,757,1959,Indianapolis Motor Speedway,19,112,33,16
Jo Bonnier,347,758,1959,Circuit Park Zandvoort,39,65,1,1
Jack Brabham,356,758,1959,Circuit Park Zandvoort,39,168,2,2
Masten Gregory,418,758,1959,Circuit Park Zandvoort,39,168,7,3
Innes Ireland,404,758,1959,Circuit Park Zandvoort,39,32,9,4
Jean Behra,554,758,1959,Circuit Park Zandvoort,39,6,4,5
Phil Hill,403,758,1959,Circuit Park Zandvoort,39,6,12,6
Graham Hill,289,758,1959,Circuit Park Zandvoort,39,32,5,7
Maurice Trintignant,427,758,1959,Circuit Park Zandvoort,39,168,11,8
Cliff Allison,477,758,1959,Circuit Park Zandvoort,39,6,15,9
Carel Godin de Beaufort,430,758,1959,Circuit Park Zandvoort,39,94,14,10
Tony Brooks,479,759,1959,Reims-Gueux,55,6,1,1
Phil Hill,403,759,1959,Reims-Gueux,55,6,3,2
Jack Brabham,356,759,1959,Reims-Gueux,55,168,2,3
Olivier Gendebien,482,759,1959,Reims-Gueux,55,6,11,4
Bruce McLaren,360,759,1959,Reims-Gueux,55,168,10,5
Ron Flockhart,541,759,1959,Reims-Gueux,55,65,13,6
Harry Schell,501,759,1959,Reims-Gueux,55,65,9,7
Giorgio Scarlatti,483,759,1959,Reims-Gueux,55,104,21,8
Carel Godin de Beaufort,430,759,1959,Reims-Gueux,55,104,20,9
Fritz d'Orey,567,759,1959,Reims-Gueux,55,104,18,10
Maurice Trintignant,427,759,1959,Reims-Gueux,55,168,8,11
Jack Brabham,356,760,1959,Aintree,58,168,1,1
Stirling Moss,475,760,1959,Aintree,58,65,7,2
Bruce McLaren,360,760,1959,Aintree,58,168,8,3
Harry Schell,501,760,1959,Aintree,58,65,3,4
Maurice Trintignant,427,760,1959,Aintree,58,168,4,5
Roy Salvadori,456,760,1959,Aintree,58,116,2,6
Masten Gregory,418,760,1959,Aintree,58,168,5,7
Alan Stacey,502,760,1959,Aintree,58,32,12,8
Graham Hill,289,760,1959,Aintree,58,32,9,9
Chris Bristow,505,760,1959,Aintree,58,167,16,10
Henry Taylor,481,760,1959,Aintree,58,168,21,11
Peter Ashdown,569,760,1959,Aintree,58,168,23,12
Ivor Bueb,549,760,1959,Aintree,58,167,18,13
Tony Brooks,479,761,1959,AVUS,61,6,1,1
Dan Gurney,364,761,1959,AVUS,61,6,3,2
Phil Hill,403,761,1959,AVUS,61,6,6,3
Maurice Trintignant,427,761,1959,AVUS,61,168,12,4
Jo Bonnier,347,761,1959,AVUS,61,65,7,5
Ian Burgess,437,761,1959,AVUS,61,164,15,6
Harry Schell,501,761,1959,AVUS,61,65,8,7
Stirling Moss,475,762,1959,Monsanto Park Circuit,62,168,1,1
Masten Gregory,418,762,1959,Monsanto Park Circuit,62,168,3,2
Dan Gurney,364,762,1959,Monsanto Park Circuit,62,6,6,3
Maurice Trintignant,427,762,1959,Monsanto Park Circuit,62,168,4,4
Harry Schell,501,762,1959,Monsanto Park Circuit,62,65,9,5
Roy Salvadori,456,762,1959,Monsanto Park Circuit,62,116,12,6
Ron Flockhart,541,762,1959,Monsanto Park Circuit,62,65,11,7
Carroll Shelby,566,762,1959,Monsanto Park Circuit,62,116,13,8
Tony Brooks,479,762,1959,Monsanto Park Circuit,62,6,10,9
Mário de Araújo Cabral,432,762,1959,Monsanto Park Circuit,62,164,14,10
Stirling Moss,475,763,1959,Autodromo Nazionale di Monza,14,168,1,1
Phil Hill,403,763,1959,Autodromo Nazionale di Monza,14,6,5,2
Jack Brabham,356,763,1959,Autodromo Nazionale di Monza,14,168,3,3
Dan Gurney,364,763,1959,Autodromo Nazionale di Monza,14,6,4,4
Cliff Allison,477,763,1959,Autodromo Nazionale di Monza,14,6,8,5
Olivier Gendebien,482,763,1959,Autodromo Nazionale di Monza,14,6,6,6
Harry Schell,501,763,1959,Autodromo Nazionale di Monza,14,65,7,7
Jo Bonnier,347,763,1959,Autodromo Nazionale di Monza,14,65,11,8
Maurice Trintignant,427,763,1959,Autodromo Nazionale di Monza,14,168,13,9
Carroll Shelby,566,763,1959,Autodromo Nazionale di Monza,14,116,19,10
Colin Davis,462,763,1959,Autodromo Nazionale di Monza,14,164,18,11
Giorgio Scarlatti,483,763,1959,Autodromo Nazionale di Monza,14,168,12,12
Ron Flockhart,541,763,1959,Autodromo Nazionale di Monza,14,65,15,13
Ian Burgess,437,763,1959,Autodromo Nazionale di Monza,14,164,16,14
Giulio Cabianca,543,763,1959,Autodromo Nazionale di Monza,14,104,21,15
Bruce McLaren,360,764,1959,Sebring International Raceway,63,168,10,1
Maurice Trintignant,427,764,1959,Sebring International Raceway,63,168,5,2
Tony Brooks,479,764,1959,Sebring International Raceway,63,6,4,3
Jack Brabham,356,764,1959,Sebring International Raceway,63,168,2,4
Innes Ireland,404,764,1959,Sebring International Raceway,63,32,9,5
Wolfgang von Trips,476,764,1959,Sebring International Raceway,63,6,6,6
Harry Blanchard,572,764,1959,Sebring International Raceway,63,94,16,7
Stirling Moss,475,765,1958,Autódromo Juan y Oscar Gálvez,25,86,7,1
Luigi Musso,577,765,1958,Autódromo Juan y Oscar Gálvez,25,6,5,2
Mike Hawthorn,578,765,1958,Autódromo Juan y Oscar Gálvez,25,6,2,3
Juan Fangio,579,765,1958,Autódromo Juan y Oscar Gálvez,25,104,1,4
Jean Behra,554,765,1958,Autódromo Juan y Oscar Gálvez,25,104,4,5
Harry Schell,501,765,1958,Autódromo Juan y Oscar Gálvez,25,104,8,6
Carlos Menditeguy,496,765,1958,Autódromo Juan y Oscar Gálvez,25,104,6,7
Paco Godia,580,765,1958,Autódromo Juan y Oscar Gálvez,25,104,9,8
Horace Gould,547,765,1958,Autódromo Juan y Oscar Gálvez,25,104,10,9
Maurice Trintignant,427,766,1958,Circuit de Monaco,6,86,5,1
Luigi Musso,577,766,1958,Circuit de Monaco,6,6,10,2
Peter Collins,581,766,1958,Circuit de Monaco,6,6,9,3
Jack Brabham,356,766,1958,Circuit de Monaco,6,86,3,4
Harry Schell,501,766,1958,Circuit de Monaco,6,65,12,5
Cliff Allison,477,766,1958,Circuit de Monaco,6,32,13,6
Stirling Moss,475,767,1958,Circuit Park Zandvoort,39,117,2,1
Harry Schell,501,767,1958,Circuit Park Zandvoort,39,65,7,2
Jean Behra,554,767,1958,Circuit Park Zandvoort,39,65,4,3
Roy Salvadori,456,767,1958,Circuit Park Zandvoort,39,86,9,4
Mike Hawthorn,578,767,1958,Circuit Park Zandvoort,39,6,6,5
Cliff Allison,477,767,1958,Circuit Park Zandvoort,39,32,11,6
Luigi Musso,577,767,1958,Circuit Park Zandvoort,39,6,12,7
Jack Brabham,356,767,1958,Circuit Park Zandvoort,39,86,5,8
Maurice Trintignant,427,767,1958,Circuit Park Zandvoort,39,86,8,9
Jo Bonnier,347,767,1958,Circuit Park Zandvoort,39,104,15,10
Carel Godin de Beaufort,430,767,1958,Circuit Park Zandvoort,39,94,17,11
Jimmy Bryan,525,768,1958,Indianapolis Motor Speedway,19,107,7,1
George Amick,591,768,1958,Indianapolis Motor Speedway,19,107,25,2
Johnny Boyd,533,768,1958,Indianapolis Motor Speedway,19,112,8,3
Tony Bettenhausen,529,768,1958,Indianapolis Motor Speedway,19,107,9,4
Jim Rathmann,509,768,1958,Indianapolis Motor Speedway,19,107,20,5
Jimmy Reece,592,768,1958,Indianapolis Motor Speedway,19,106,3,6
Don Freeland,528,768,1958,Indianapolis Motor Speedway,19,108,13,7
Jud Larson,564,768,1958,Indianapolis Motor Speedway,19,106,19,8
Eddie Johnson,513,768,1958,Indianapolis Motor Speedway,19,112,26,9
Bill Cheesbourg,560,768,1958,Indianapolis Motor Speedway,19,112,33,10
Al Keller,558,768,1958,Indianapolis Motor Speedway,19,112,21,11
Johnnie Parsons,593,768,1958,Indianapolis Motor Speedway,19,112,6,12
Johnnie Tolan,594,768,1958,Indianapolis Motor Speedway,19,113,30,13
Tony Brooks,479,769,1958,Circuit de Spa-Francorchamps,13,117,5,1
Mike Hawthorn,578,769,1958,Circuit de Spa-Francorchamps,13,6,1,2
Stuart Lewis-Evans,590,769,1958,Circuit de Spa-Francorchamps,13,117,11,3
Cliff Allison,477,769,1958,Circuit de Spa-Francorchamps,13,32,12,4
Harry Schell,501,769,1958,Circuit de Spa-Francorchamps,13,65,7,5
Olivier Gendebien,482,769,1958,Circuit de Spa-Francorchamps,13,6,6,6
Maurice Trintignant,427,769,1958,Circuit de Spa-Francorchamps,13,104,16,7
Roy Salvadori,456,769,1958,Circuit de Spa-Francorchamps,13,86,13,8
Jo Bonnier,347,769,1958,Circuit de Spa-Francorchamps,13,104,14,9
Maria de Filippis,551,769,1958,Circuit de Spa-Francorchamps,13,104,19,10
Mike Hawthorn,578,770,1958,Reims-Gueux,55,6,1,1
Stirling Moss,475,770,1958,Reims-Gueux,55,117,6,2
Wolfgang von Trips,476,770,1958,Reims-Gueux,55,6,21,3
Juan Fangio,579,770,1958,Reims-Gueux,55,104,8,4
Peter Collins,581,770,1958,Reims-Gueux,55,6,4,5
Jack Brabham,356,770,1958,Reims-Gueux,55,86,12,6
Phil Hill,403,770,1958,Reims-Gueux,55,104,13,7
Jo Bonnier,347,770,1958,Reims-Gueux,55,104,16,8
Gerino Gerini,583,770,1958,Reims-Gueux,55,104,15,9
Troy Ruttman,526,770,1958,Reims-Gueux,55,104,18,10
Roy Salvadori,456,770,1958,Reims-Gueux,55,86,14,11
Peter Collins,581,771,1958,Silverstone Circuit,9,6,6,1
Mike Hawthorn,578,771,1958,Silverstone Circuit,9,6,4,2
Roy Salvadori,456,771,1958,Silverstone Circuit,9,86,3,3
Stuart Lewis-Evans,590,771,1958,Silverstone Circuit,9,117,7,4
Harry Schell,501,771,1958,Silverstone Circuit,9,65,2,5
Jack Brabham,356,771,1958,Silverstone Circuit,9,86,10,6
Tony Brooks,479,771,1958,Silverstone Circuit,9,117,9,7
Maurice Trintignant,427,771,1958,Silverstone Circuit,9,86,12,8
Carroll Shelby,566,771,1958,Silverstone Circuit,9,104,15,9
Tony Brooks,479,772,1958,Nürburgring,20,117,2,1
Roy Salvadori,456,772,1958,Nürburgring,20,86,6,2
Maurice Trintignant,427,772,1958,Nürburgring,20,86,7,3
Wolfgang von Trips,476,772,1958,Nürburgring,20,6,5,4
Bruce McLaren,360,772,1958,Nürburgring,20,86,12,5
Edgar Barth,431,772,1958,Nürburgring,20,94,13,6
Ian Burgess,437,772,1958,Nürburgring,20,86,11,7
Tony Marsh,459,772,1958,Nürburgring,20,86,14,8
Phil Hill,403,772,1958,Nürburgring,20,6,10,9
Cliff Allison,477,772,1958,Nürburgring,20,32,24,10
Ivor Bueb,549,772,1958,Nürburgring,20,32,16,11
Stirling Moss,475,773,1958,Circuito da Boavista,59,117,1,1
Mike Hawthorn,578,773,1958,Circuito da Boavista,59,6,2,2
Stuart Lewis-Evans,590,773,1958,Circuito da Boavista,59,117,3,3
Jean Behra,554,773,1958,Circuito da Boavista,59,65,4,4
Wolfgang von Trips,476,773,1958,Circuito da Boavista,59,6,6,5
Harry Schell,501,773,1958,Circuito da Boavista,59,65,7,6
Jack Brabham,356,773,1958,Circuito da Boavista,59,86,8,7
Maurice Trintignant,427,773,1958,Circuito da Boavista,59,86,9,8
Roy Salvadori,456,773,1958,Circuito da Boavista,59,86,11,9
Tony Brooks,479,774,1958,Autodromo Nazionale di Monza,14,117,2,1
Mike Hawthorn,578,774,1958,Autodromo Nazionale di Monza,14,6,3,2
Phil Hill,403,774,1958,Autodromo Nazionale di Monza,14,6,7,3
Masten Gregory,418,774,1958,Autodromo Nazionale di Monza,14,104,11,4
Roy Salvadori,456,774,1958,Autodromo Nazionale di Monza,14,86,14,5
Graham Hill,289,774,1958,Autodromo Nazionale di Monza,14,32,12,6
Cliff Allison,477,774,1958,Autodromo Nazionale di Monza,14,32,16,7
Stirling Moss,475,775,1958,Ain Diab,64,117,2,1
Mike Hawthorn,578,775,1958,Ain Diab,64,6,1,2
Phil Hill,403,775,1958,Ain Diab,64,6,5,3
Jo Bonnier,347,775,1958,Ain Diab,64,65,8,4
Harry Schell,501,775,1958,Ain Diab,64,65,10,5
Masten Gregory,418,775,1958,Ain Diab,64,104,13,6
Roy Salvadori,456,775,1958,Ain Diab,64,86,14,7
Jack Fairman,486,775,1958,Ain Diab,64,86,11,8
Hans Herrmann,478,775,1958,Ain Diab,64,104,18,9
Cliff Allison,477,775,1958,Ain Diab,64,32,16,10
Jack Brabham,356,775,1958,Ain Diab,64,86,19,11
Gerino Gerini,583,775,1958,Ain Diab,64,104,17,12
Bruce McLaren,360,775,1958,Ain Diab,64,86,21,13
Robert La Caze,602,775,1958,Ain Diab,64,86,23,14
André Guelfi,603,775,1958,Ain Diab,64,86,25,15
Graham Hill,289,775,1958,Ain Diab,64,32,12,16
Juan Fangio,579,776,1957,Autódromo Juan y Oscar Gálvez,25,104,2,1
Jean Behra,554,776,1957,Autódromo Juan y Oscar Gálvez,25,104,3,2
Carlos Menditeguy,496,776,1957,Autódromo Juan y Oscar Gálvez,25,104,8,3
Harry Schell,501,776,1957,Autódromo Juan y Oscar Gálvez,25,104,9,4
Alfonso de Portago,606,776,1957,Autódromo Juan y Oscar Gálvez,25,6,10,5
Cesare Perdisa,607,776,1957,Autódromo Juan y Oscar Gálvez,25,6,11,6
Jo Bonnier,347,776,1957,Autódromo Juan y Oscar Gálvez,25,104,13,7
Stirling Moss,475,776,1957,Autódromo Juan y Oscar Gálvez,25,104,1,8
Alessandro de Tomaso,573,776,1957,Autódromo Juan y Oscar Gálvez,25,6,12,9
Luigi Piotti,586,776,1957,Autódromo Juan y Oscar Gálvez,25,104,14,10
Juan Fangio,579,777,1957,Circuit de Monaco,6,104,1,1
Tony Brooks,479,777,1957,Circuit de Monaco,6,117,4,2
Masten Gregory,418,777,1957,Circuit de Monaco,6,104,10,3
Stuart Lewis-Evans,590,777,1957,Circuit de Monaco,6,124,13,4
Maurice Trintignant,427,777,1957,Circuit de Monaco,6,6,6,5
Jack Brabham,356,777,1957,Circuit de Monaco,6,86,15,6
Sam Hanks,611,778,1957,Indianapolis Motor Speedway,19,107,13,1
Jim Rathmann,509,778,1957,Indianapolis Motor Speedway,19,107,32,2
Jimmy Bryan,525,778,1957,Indianapolis Motor Speedway,19,113,15,3
Paul Russo,555,778,1957,Indianapolis Motor Speedway,19,112,10,4
Andy Linden,612,778,1957,Indianapolis Motor Speedway,19,112,12,5
Johnny Boyd,533,778,1957,Indianapolis Motor Speedway,19,112,5,6
Marshall Teague,613,778,1957,Indianapolis Motor Speedway,19,112,28,7
Pat O'Connor,597,778,1957,Indianapolis Motor Speedway,19,112,1,8
Bob Veith,514,778,1957,Indianapolis Motor Speedway,19,108,16,9
Gene Hartley,520,778,1957,Indianapolis Motor Speedway,19,109,14,10
Jack Turner,562,778,1957,Indianapolis Motor Speedway,19,112,19,11
Johnny Thomson,512,778,1957,Indianapolis Motor Speedway,19,113,11,12
Bob Christie,516,778,1957,Indianapolis Motor Speedway,19,112,33,13
Chuck Weyant,563,778,1957,Indianapolis Motor Speedway,19,113,25,14
Tony Bettenhausen,529,778,1957,Indianapolis Motor Speedway,19,112,22,15
Johnnie Parsons,593,778,1957,Indianapolis Motor Speedway,19,112,17,16
Don Freeland,528,778,1957,Indianapolis Motor Speedway,19,112,21,17
Juan Fangio,579,779,1957,Rouen-Les-Essarts,53,104,1,1
Luigi Musso,577,779,1957,Rouen-Les-Essarts,53,6,3,2
Peter Collins,581,779,1957,Rouen-Les-Essarts,53,6,5,3
Mike Hawthorn,578,779,1957,Rouen-Les-Essarts,53,6,7,4
Harry Schell,501,779,1957,Rouen-Les-Essarts,53,104,4,5
Jean Behra,554,779,1957,Rouen-Les-Essarts,53,104,2,6
Mike MacDowel,617,779,1957,Rouen-Les-Essarts,53,86,15,7
Tony Brooks,479,780,1957,Aintree,58,117,3,1
Luigi Musso,577,780,1957,Aintree,58,6,10,2
Mike Hawthorn,578,780,1957,Aintree,58,6,5,3
Maurice Trintignant,427,780,1957,Aintree,58,6,9,4
Roy Salvadori,456,780,1957,Aintree,58,86,15,5
Bob Gerard,619,780,1957,Aintree,58,86,18,6
Stuart Lewis-Evans,590,780,1957,Aintree,58,117,6,7
Ivor Bueb,549,780,1957,Aintree,58,104,19,8
Juan Fangio,579,781,1957,Nürburgring,20,104,1,1
Mike Hawthorn,578,781,1957,Nürburgring,20,6,2,2
Peter Collins,581,781,1957,Nürburgring,20,6,4,3
Luigi Musso,577,781,1957,Nürburgring,20,6,8,4
Stirling Moss,475,781,1957,Nürburgring,20,117,7,5
Jean Behra,554,781,1957,Nürburgring,20,104,3,6
Harry Schell,501,781,1957,Nürburgring,20,104,6,7
Masten Gregory,418,781,1957,Nürburgring,20,104,10,8
Tony Brooks,479,781,1957,Nürburgring,20,117,5,9
Giorgio Scarlatti,483,781,1957,Nürburgring,20,104,13,10
Bruce Halford,506,781,1957,Nürburgring,20,104,16,11
Edgar Barth,431,781,1957,Nürburgring,20,94,12,12
Brian Naylor,484,781,1957,Nürburgring,20,86,17,13
Carel Godin de Beaufort,430,781,1957,Nürburgring,20,94,20,14
Tony Marsh,459,781,1957,Nürburgring,20,86,22,15
Stirling Moss,475,782,1957,Pescara Circuit,65,117,2,1
Juan Fangio,579,782,1957,Pescara Circuit,65,104,1,2
Harry Schell,501,782,1957,Pescara Circuit,65,104,5,3
Masten Gregory,418,782,1957,Pescara Circuit,65,104,7,4
Stuart Lewis-Evans,590,782,1957,Pescara Circuit,65,117,8,5
Giorgio Scarlatti,483,782,1957,Pescara Circuit,65,104,10,6
Jack Brabham,356,782,1957,Pescara Circuit,65,86,16,7
Stirling Moss,475,783,1957,Autodromo Nazionale di Monza,14,117,2,1
Juan Fangio,579,783,1957,Autodromo Nazionale di Monza,14,104,4,2
Wolfgang von Trips,476,783,1957,Autodromo Nazionale di Monza,14,6,8,3
Masten Gregory,418,783,1957,Autodromo Nazionale di Monza,14,104,11,4
Giorgio Scarlatti,483,783,1957,Autodromo Nazionale di Monza,14,104,12,5
Mike Hawthorn,578,783,1957,Autodromo Nazionale di Monza,14,6,10,6
Tony Brooks,479,783,1957,Autodromo Nazionale di Monza,14,117,3,7
Luigi Musso,577,783,1957,Autodromo Nazionale di Monza,14,6,9,8
Paco Godia,580,783,1957,Autodromo Nazionale di Monza,14,104,15,9
Horace Gould,547,783,1957,Autodromo Nazionale di Monza,14,104,18,10
André Simon,609,783,1957,Autodromo Nazionale di Monza,14,104,16,11
Luigi Musso,577,784,1956,Autódromo Juan y Oscar Gálvez,25,6,3,1
Jean Behra,554,784,1956,Autódromo Juan y Oscar Gálvez,25,104,4,2
Mike Hawthorn,578,784,1956,Autódromo Juan y Oscar Gálvez,25,104,8,3
Chico Landi,622,784,1956,Autódromo Juan y Oscar Gálvez,25,104,11,4
Olivier Gendebien,482,784,1956,Autódromo Juan y Oscar Gálvez,25,6,10,5
Alberto Uria,623,784,1956,Autódromo Juan y Oscar Gálvez,25,104,13,6
Stirling Moss,475,785,1956,Circuit de Monaco,6,104,2,1
Peter Collins,581,785,1956,Circuit de Monaco,6,6,9,2
Jean Behra,554,785,1956,Circuit de Monaco,6,104,4,3
Juan Fangio,579,785,1956,Circuit de Monaco,6,6,1,4
Hernando da Silva Ramos,624,785,1956,Circuit de Monaco,6,127,14,5
Élie Bayol,625,785,1956,Circuit de Monaco,6,127,11,6
Cesare Perdisa,607,785,1956,Circuit de Monaco,6,104,7,7
Horace Gould,547,785,1956,Circuit de Monaco,6,104,16,8
Pat Flaherty,559,786,1956,Indianapolis Motor Speedway,19,106,1,1
Sam Hanks,611,786,1956,Indianapolis Motor Speedway,19,112,13,2
Don Freeland,528,786,1956,Indianapolis Motor Speedway,19,108,26,3
Johnnie Parsons,593,786,1956,Indianapolis Motor Speedway,19,112,6,4
Dick Rathmann,537,786,1956,Indianapolis Motor Speedway,19,112,4,5
Bob Sweikert,628,786,1956,Indianapolis Motor Speedway,19,113,10,6
Bob Veith,514,786,1956,Indianapolis Motor Speedway,19,112,23,7
Rodger Ward,449,786,1956,Indianapolis Motor Speedway,19,112,15,8
Jimmy Reece,592,786,1956,Indianapolis Motor Speedway,19,109,21,9
Cliff Griffith,629,786,1956,Indianapolis Motor Speedway,19,128,30,10
Gene Hartley,520,786,1956,Indianapolis Motor Speedway,19,113,22,11
Fred Agabashian,615,786,1956,Indianapolis Motor Speedway,19,112,7,12
Bob Christie,516,786,1956,Indianapolis Motor Speedway,19,112,25,13
Al Keller,558,786,1956,Indianapolis Motor Speedway,19,112,28,14
Eddie Johnson,513,786,1956,Indianapolis Motor Speedway,19,113,32,15
Billy Garrett,595,786,1956,Indianapolis Motor Speedway,19,113,29,16
Duke Dinsmore,630,786,1956,Indianapolis Motor Speedway,19,112,33,17
Pat O'Connor,597,786,1956,Indianapolis Motor Speedway,19,112,3,18
Jimmy Bryan,525,786,1956,Indianapolis Motor Speedway,19,113,19,19
Peter Collins,581,787,1956,Circuit de Spa-Francorchamps,13,6,3,1
Paul Frère,632,787,1956,Circuit de Spa-Francorchamps,13,6,8,2
Cesare Perdisa,607,787,1956,Circuit de Spa-Francorchamps,13,104,9,3
Harry Schell,501,787,1956,Circuit de Spa-Francorchamps,13,117,6,4
Luigi Villoresi,633,787,1956,Circuit de Spa-Francorchamps,13,104,11,5
André Pilette,429,787,1956,Circuit de Spa-Francorchamps,13,6,16,6
Jean Behra,554,787,1956,Circuit de Spa-Francorchamps,13,104,4,7
Louis Rosier,627,787,1956,Circuit de Spa-Francorchamps,13,104,10,8
Peter Collins,581,788,1956,Reims-Gueux,55,6,3,1
Eugenio Castellotti,608,788,1956,Reims-Gueux,55,6,2,2
Jean Behra,554,788,1956,Reims-Gueux,55,104,7,3
Juan Fangio,579,788,1956,Reims-Gueux,55,6,1,4
Cesare Perdisa,607,788,1956,Reims-Gueux,55,104,13,5
Louis Rosier,627,788,1956,Reims-Gueux,55,104,12,6
Paco Godia,580,788,1956,Reims-Gueux,55,104,17,7
Hernando da Silva Ramos,624,788,1956,Reims-Gueux,55,127,14,8
Robert Manzon,626,788,1956,Reims-Gueux,55,127,15,9
Mike Hawthorn,578,788,1956,Reims-Gueux,55,117,6,10
André Pilette,429,788,1956,Reims-Gueux,55,127,19,11
Juan Fangio,579,789,1956,Silverstone Circuit,9,6,2,1
Alfonso de Portago,606,789,1956,Silverstone Circuit,9,6,12,2
Jean Behra,554,789,1956,Silverstone Circuit,9,104,13,3
Jack Fairman,486,789,1956,Silverstone Circuit,9,124,21,4
Horace Gould,547,789,1956,Silverstone Circuit,9,104,14,5
Luigi Villoresi,633,789,1956,Silverstone Circuit,9,104,19,6
Cesare Perdisa,607,789,1956,Silverstone Circuit,9,104,15,7
Paco Godia,580,789,1956,Silverstone Circuit,9,104,25,8
Robert Manzon,626,789,1956,Silverstone Circuit,9,127,18,9
Eugenio Castellotti,608,789,1956,Silverstone Circuit,9,6,8,10
Bob Gerard,619,789,1956,Silverstone Circuit,9,86,22,11
Juan Fangio,579,790,1956,Nürburgring,20,6,1,1
Stirling Moss,475,790,1956,Nürburgring,20,104,4,2
Jean Behra,554,790,1956,Nürburgring,20,104,8,3
Paco Godia,580,790,1956,Nürburgring,20,104,16,4
Louis Rosier,627,790,1956,Nürburgring,20,104,14,5
Stirling Moss,475,791,1956,Autodromo Nazionale di Monza,14,104,6,1
Peter Collins,581,791,1956,Autodromo Nazionale di Monza,14,6,7,2
Ron Flockhart,541,791,1956,Autodromo Nazionale di Monza,14,124,26,3
Paco Godia,580,791,1956,Autodromo Nazionale di Monza,14,104,18,4
Jack Fairman,486,791,1956,Autodromo Nazionale di Monza,14,124,16,5
Luigi Piotti,586,791,1956,Autodromo Nazionale di Monza,14,104,15,6
Toulo de Graffenried,640,791,1956,Autodromo Nazionale di Monza,14,104,19,7
Juan Fangio,579,791,1956,Autodromo Nazionale di Monza,14,6,1,8
André Simon,609,791,1956,Autodromo Nazionale di Monza,14,127,25,9
Gerino Gerini,583,791,1956,Autodromo Nazionale di Monza,14,104,17,10
Roy Salvadori,456,791,1956,Autodromo Nazionale di Monza,14,104,14,11
Juan Fangio,579,792,1955,Autódromo Juan y Oscar Gálvez,25,130,3,1
José Froilán González,498,792,1955,Autódromo Juan y Oscar Gálvez,25,6,1,2
Nino Farina,642,792,1955,Autódromo Juan y Oscar Gálvez,25,6,5,3
Hans Herrmann,478,792,1955,Autódromo Juan y Oscar Gálvez,25,130,10,4
Roberto Mieres,643,792,1955,Autódromo Juan y Oscar Gálvez,25,104,16,5
Harry Schell,501,792,1955,Autódromo Juan y Oscar Gálvez,25,104,7,6
Luigi Musso,577,792,1955,Autódromo Juan y Oscar Gálvez,25,104,18,7
Maurice Trintignant,427,793,1955,Circuit de Monaco,6,6,9,1
Eugenio Castellotti,608,793,1955,Circuit de Monaco,6,131,4,2
Jean Behra,554,793,1955,Circuit de Monaco,6,104,5,3
Nino Farina,642,793,1955,Circuit de Monaco,6,6,14,4
Luigi Villoresi,633,793,1955,Circuit de Monaco,6,131,7,5
Louis Chiron,589,793,1955,Circuit de Monaco,6,131,19,6
Jacques Pollet,650,793,1955,Circuit de Monaco,6,127,20,7
Piero Taruffi,641,793,1955,Circuit de Monaco,6,6,15,8
Stirling Moss,475,793,1955,Circuit de Monaco,6,130,3,9
Bob Sweikert,628,794,1955,Indianapolis Motor Speedway,19,112,14,1
Tony Bettenhausen,529,794,1955,Indianapolis Motor Speedway,19,112,2,2
Jimmy Davies,653,794,1955,Indianapolis Motor Speedway,19,112,10,3
Johnny Thomson,512,794,1955,Indianapolis Motor Speedway,19,113,33,4
Walt Faulkner,654,794,1955,Indianapolis Motor Speedway,19,112,7,5
Andy Linden,612,794,1955,Indianapolis Motor Speedway,19,112,8,6
Al Herman,538,794,1955,Indianapolis Motor Speedway,19,112,16,7
Pat O'Connor,597,794,1955,Indianapolis Motor Speedway,19,112,19,8
Jimmy Daywalt,556,794,1955,Indianapolis Motor Speedway,19,112,17,9
Pat Flaherty,559,794,1955,Indianapolis Motor Speedway,19,112,12,10
Duane Carter,518,794,1955,Indianapolis Motor Speedway,19,113,18,11
Chuck Weyant,563,794,1955,Indianapolis Motor Speedway,19,112,25,12
Eddie Johnson,513,794,1955,Indianapolis Motor Speedway,19,110,32,13
Jim Rathmann,509,794,1955,Indianapolis Motor Speedway,19,107,20,14
Juan Fangio,579,795,1955,Circuit de Spa-Francorchamps,13,130,2,1
Stirling Moss,475,795,1955,Circuit de Spa-Francorchamps,13,130,3,2
Nino Farina,642,795,1955,Circuit de Spa-Francorchamps,13,6,4,3
Paul Frère,632,795,1955,Circuit de Spa-Francorchamps,13,6,8,4
Roberto Mieres,643,795,1955,Circuit de Spa-Francorchamps,13,104,13,5
Maurice Trintignant,427,795,1955,Circuit de Spa-Francorchamps,13,6,10,6
Luigi Musso,577,795,1955,Circuit de Spa-Francorchamps,13,104,7,7
Cesare Perdisa,607,795,1955,Circuit de Spa-Francorchamps,13,104,11,8
Louis Rosier,627,795,1955,Circuit de Spa-Francorchamps,13,104,12,9
Juan Fangio,579,796,1955,Circuit Park Zandvoort,39,130,1,1
Stirling Moss,475,796,1955,Circuit Park Zandvoort,39,130,2,2
Luigi Musso,577,796,1955,Circuit Park Zandvoort,39,104,4,3
Roberto Mieres,643,796,1955,Circuit Park Zandvoort,39,104,7,4
Eugenio Castellotti,608,796,1955,Circuit Park Zandvoort,39,6,9,5
Jean Behra,554,796,1955,Circuit Park Zandvoort,39,104,6,6
Mike Hawthorn,578,796,1955,Circuit Park Zandvoort,39,6,5,7
Hernando da Silva Ramos,624,796,1955,Circuit Park Zandvoort,39,127,14,8
Louis Rosier,627,796,1955,Circuit Park Zandvoort,39,104,13,9
Jacques Pollet,650,796,1955,Circuit Park Zandvoort,39,127,12,10
Johnny Claes,660,796,1955,Circuit Park Zandvoort,39,6,16,11
Stirling Moss,475,797,1955,Aintree,58,130,1,1
Juan Fangio,579,797,1955,Aintree,58,130,2,2
Karl Kling,648,797,1955,Aintree,58,130,4,3
Piero Taruffi,641,797,1955,Aintree,58,130,5,4
Luigi Musso,577,797,1955,Aintree,58,104,9,5
Mike Hawthorn,578,797,1955,Aintree,58,6,12,6
Mike Sparken,662,797,1955,Aintree,58,127,23,7
Lance Macklin,651,797,1955,Aintree,58,104,16,8
Ken Wharton,663,797,1955,Aintree,58,117,15,9
Juan Fangio,579,798,1955,Autodromo Nazionale di Monza,14,130,1,1
Piero Taruffi,641,798,1955,Autodromo Nazionale di Monza,14,130,9,2
Eugenio Castellotti,608,798,1955,Autodromo Nazionale di Monza,14,6,4,3
Jean Behra,554,798,1955,Autodromo Nazionale di Monza,14,104,6,4
Carlos Menditeguy,496,798,1955,Autodromo Nazionale di Monza,14,104,16,5
Umberto Maglioli,620,798,1955,Autodromo Nazionale di Monza,14,6,12,6
Roberto Mieres,643,798,1955,Autodromo Nazionale di Monza,14,104,7,7
Maurice Trintignant,427,798,1955,Autodromo Nazionale di Monza,14,6,15,8
John Fitch,667,798,1955,Autodromo Nazionale di Monza,14,104,20,9
Mike Hawthorn,578,798,1955,Autodromo Nazionale di Monza,14,6,14,10
Juan Fangio,579,799,1954,Autódromo Juan y Oscar Gálvez,25,104,3,1
Nino Farina,642,799,1954,Autódromo Juan y Oscar Gálvez,25,6,1,2
José Froilán González,498,799,1954,Autódromo Juan y Oscar Gálvez,25,6,2,3
Maurice Trintignant,427,799,1954,Autódromo Juan y Oscar Gálvez,25,6,5,4
Élie Bayol,625,799,1954,Autódromo Juan y Oscar Gálvez,25,127,15,5
Harry Schell,501,799,1954,Autódromo Juan y Oscar Gálvez,25,104,11,6
Prince Bira,669,799,1954,Autódromo Juan y Oscar Gálvez,25,104,10,7
Toulo de Graffenried,640,799,1954,Autódromo Juan y Oscar Gálvez,25,104,13,8
Umberto Maglioli,620,799,1954,Autódromo Juan y Oscar Gálvez,25,6,12,9
Bill Vukovich,657,800,1954,Indianapolis Motor Speedway,19,112,19,1
Jimmy Bryan,525,800,1954,Indianapolis Motor Speedway,19,113,3,2
Jack McGrath,658,800,1954,Indianapolis Motor Speedway,19,112,1,3
Troy Ruttman,526,800,1954,Indianapolis Motor Speedway,19,112,11,4
Mike Nazaruk,673,800,1954,Indianapolis Motor Speedway,19,112,14,5
Fred Agabashian,615,800,1954,Indianapolis Motor Speedway,19,112,24,6
Don Freeland,528,800,1954,Indianapolis Motor Speedway,19,108,6,7
Paul Russo,555,800,1954,Indianapolis Motor Speedway,19,112,32,8
Larry Crockett,674,800,1954,Indianapolis Motor Speedway,19,112,25,9
Cal Niday,655,800,1954,Indianapolis Motor Speedway,19,128,13,10
Art Cross,656,800,1954,Indianapolis Motor Speedway,19,112,27,11
Chuck Stevenson,521,800,1954,Indianapolis Motor Speedway,19,113,5,12
Manny Ayulo,675,800,1954,Indianapolis Motor Speedway,19,113,22,13
Bob Sweikert,628,800,1954,Indianapolis Motor Speedway,19,112,9,14
Duane Carter,518,800,1954,Indianapolis Motor Speedway,19,112,8,15
Ernie McCoy,679,800,1954,Indianapolis Motor Speedway,19,112,20,16
Jimmy Reece,592,800,1954,Indianapolis Motor Speedway,19,135,7,17
Ed Elisian,596,800,1954,Indianapolis Motor Speedway,19,128,31,18
Frank Armi,676,800,1954,Indianapolis Motor Speedway,19,112,33,19
Gene Hartley,520,800,1954,Indianapolis Motor Speedway,19,112,17,23
Juan Fangio,579,801,1954,Circuit de Spa-Francorchamps,13,104,1,1
Maurice Trintignant,427,801,1954,Circuit de Spa-Francorchamps,13,6,6,2
Stirling Moss,475,801,1954,Circuit de Spa-Francorchamps,13,104,9,3
José Froilán González,498,801,1954,Circuit de Spa-Francorchamps,13,6,5,4
André Pilette,429,801,1954,Circuit de Spa-Francorchamps,13,127,8,5
Prince Bira,669,801,1954,Circuit de Spa-Francorchamps,13,104,13,6
Sergio Mantovani,644,801,1954,Circuit de Spa-Francorchamps,13,104,11,7
Juan Fangio,579,802,1954,Reims-Gueux,55,130,1,1
Karl Kling,648,802,1954,Reims-Gueux,55,130,2,2
Robert Manzon,626,802,1954,Reims-Gueux,55,6,12,3
Prince Bira,669,802,1954,Reims-Gueux,55,104,6,4
Luigi Villoresi,633,802,1954,Reims-Gueux,55,104,14,5
Jean Behra,554,802,1954,Reims-Gueux,55,127,17,6
José Froilán González,498,803,1954,Silverstone Circuit,9,6,2,1
Mike Hawthorn,578,803,1954,Silverstone Circuit,9,6,3,2
Onofre Marimón,670,803,1954,Silverstone Circuit,9,104,28,3
Juan Fangio,579,803,1954,Silverstone Circuit,9,130,1,4
Maurice Trintignant,427,803,1954,Silverstone Circuit,9,6,8,5
Roberto Mieres,643,803,1954,Silverstone Circuit,9,104,32,6
Karl Kling,648,803,1954,Silverstone Circuit,9,130,6,7
Ken Wharton,663,803,1954,Silverstone Circuit,9,104,9,8
André Pilette,429,803,1954,Silverstone Circuit,9,127,12,9
Bob Gerard,619,803,1954,Silverstone Circuit,9,86,18,10
Don Beauman,682,803,1954,Silverstone Circuit,9,124,17,11
Harry Schell,501,803,1954,Silverstone Circuit,9,104,16,12
Leslie Marr,665,803,1954,Silverstone Circuit,9,124,22,13
Leslie Thorne,683,803,1954,Silverstone Circuit,9,124,23,14
Horace Gould,547,803,1954,Silverstone Circuit,9,86,20,15
Juan Fangio,579,804,1954,Nürburgring,20,130,1,1
José Froilán González,498,804,1954,Nürburgring,20,6,5,2
Maurice Trintignant,427,804,1954,Nürburgring,20,6,7,3
Karl Kling,648,804,1954,Nürburgring,20,130,23,4
Sergio Mantovani,644,804,1954,Nürburgring,20,104,15,5
Piero Taruffi,641,804,1954,Nürburgring,20,6,13,6
Harry Schell,501,804,1954,Nürburgring,20,104,14,7
Louis Rosier,627,804,1954,Nürburgring,20,6,11,8
Robert Manzon,626,804,1954,Nürburgring,20,6,12,9
Jean Behra,554,804,1954,Nürburgring,20,127,9,10
Juan Fangio,579,805,1954,Circuit Bremgarten,66,130,2,1
José Froilán González,498,805,1954,Circuit Bremgarten,66,6,1,2
Hans Herrmann,478,805,1954,Circuit Bremgarten,66,130,7,3
Roberto Mieres,643,805,1954,Circuit Bremgarten,66,104,12,4
Sergio Mantovani,644,805,1954,Circuit Bremgarten,66,104,9,5
Ken Wharton,663,805,1954,Circuit Bremgarten,66,104,8,6
Umberto Maglioli,620,805,1954,Circuit Bremgarten,66,6,11,7
Jacques Swaters,680,805,1954,Circuit Bremgarten,66,6,16,8
Juan Fangio,579,806,1954,Autodromo Nazionale di Monza,14,130,1,1
Mike Hawthorn,578,806,1954,Autodromo Nazionale di Monza,14,6,7,2
Umberto Maglioli,620,806,1954,Autodromo Nazionale di Monza,14,6,13,3
Hans Herrmann,478,806,1954,Autodromo Nazionale di Monza,14,130,8,4
Maurice Trintignant,427,806,1954,Autodromo Nazionale di Monza,14,6,11,5
Fred Wacker,693,806,1954,Autodromo Nazionale di Monza,14,127,18,6
Peter Collins,581,806,1954,Autodromo Nazionale di Monza,14,117,16,7
Louis Rosier,627,806,1954,Autodromo Nazionale di Monza,14,104,20,8
Sergio Mantovani,644,806,1954,Autodromo Nazionale di Monza,14,104,9,9
Stirling Moss,475,806,1954,Autodromo Nazionale di Monza,14,104,3,10
Jorge Daponte,672,806,1954,Autodromo Nazionale di Monza,14,104,19,11
Mike Hawthorn,578,807,1954,Circuit de Pedralbes,67,6,3,1
Luigi Musso,577,807,1954,Circuit de Pedralbes,67,104,7,2
Juan Fangio,579,807,1954,Circuit de Pedralbes,67,130,2,3
Roberto Mieres,643,807,1954,Circuit de Pedralbes,67,104,11,4
Karl Kling,648,807,1954,Circuit de Pedralbes,67,130,12,5
Paco Godia,580,807,1954,Circuit de Pedralbes,67,104,13,6
Louis Rosier,627,807,1954,Circuit de Pedralbes,67,104,20,7
Ken Wharton,663,807,1954,Circuit de Pedralbes,67,104,14,8
Prince Bira,669,807,1954,Circuit de Pedralbes,67,104,15,9
Alberto Ascari,647,808,1953,Autódromo Juan y Oscar Gálvez,25,6,1,1
Luigi Villoresi,633,808,1953,Autódromo Juan y Oscar Gálvez,25,6,3,2
José Froilán González,498,808,1953,Autódromo Juan y Oscar Gálvez,25,104,5,3
Mike Hawthorn,578,808,1953,Autódromo Juan y Oscar Gálvez,25,6,6,4
Oscar Gálvez,695,808,1953,Autódromo Juan y Oscar Gálvez,25,104,9,5
Jean Behra,554,808,1953,Autódromo Juan y Oscar Gálvez,25,127,11,6
Maurice Trintignant,427,808,1953,Autódromo Juan y Oscar Gálvez,25,127,7,7
John Barber,696,808,1953,Autódromo Juan y Oscar Gálvez,25,86,16,8
Alan Brown,689,808,1953,Autódromo Juan y Oscar Gálvez,25,86,12,9
Bill Vukovich,657,809,1953,Indianapolis Motor Speedway,19,112,1,1
Art Cross,656,809,1953,Indianapolis Motor Speedway,19,112,12,2
Sam Hanks,611,809,1953,Indianapolis Motor Speedway,19,112,9,3
Fred Agabashian,615,809,1953,Indianapolis Motor Speedway,19,112,2,4
Jack McGrath,658,809,1953,Indianapolis Motor Speedway,19,112,3,5
Jimmy Daywalt,556,809,1953,Indianapolis Motor Speedway,19,112,21,6
Jim Rathmann,509,809,1953,Indianapolis Motor Speedway,19,112,25,7
Ernie McCoy,679,809,1953,Indianapolis Motor Speedway,19,128,20,8
Tony Bettenhausen,529,809,1953,Indianapolis Motor Speedway,19,113,6,9
Jimmy Davies,653,809,1953,Indianapolis Motor Speedway,19,112,32,10
Duke Nalon,699,809,1953,Indianapolis Motor Speedway,19,112,26,11
Carl Scarborough,700,809,1953,Indianapolis Motor Speedway,19,112,19,12
Manny Ayulo,675,809,1953,Indianapolis Motor Speedway,19,113,4,13
Jimmy Bryan,525,809,1953,Indianapolis Motor Speedway,19,133,31,14
Bill Holland,701,809,1953,Indianapolis Motor Speedway,19,112,28,15
Rodger Ward,449,809,1953,Indianapolis Motor Speedway,19,112,10,16
Walt Faulkner,654,809,1953,Indianapolis Motor Speedway,19,112,14,17
Alberto Ascari,647,810,1953,Circuit Park Zandvoort,39,6,1,1
Nino Farina,642,810,1953,Circuit Park Zandvoort,39,6,3,2
Felice Bonetto,697,810,1953,Circuit Park Zandvoort,39,104,13,3
Mike Hawthorn,578,810,1953,Circuit Park Zandvoort,39,6,6,4
Toulo de Graffenried,640,810,1953,Circuit Park Zandvoort,39,104,7,5
Maurice Trintignant,427,810,1953,Circuit Park Zandvoort,39,127,12,6
Louis Rosier,627,810,1953,Circuit Park Zandvoort,39,6,8,7
Peter Collins,581,810,1953,Circuit Park Zandvoort,39,132,16,8
Stirling Moss,475,810,1953,Circuit Park Zandvoort,39,124,9,9
Alberto Ascari,647,811,1953,Circuit de Spa-Francorchamps,13,6,2,1
Luigi Villoresi,633,811,1953,Circuit de Spa-Francorchamps,13,6,5,2
Onofre Marimón,670,811,1953,Circuit de Spa-Francorchamps,13,104,16,3
Toulo de Graffenried,640,811,1953,Circuit de Spa-Francorchamps,13,104,9,4
Maurice Trintignant,427,811,1953,Circuit de Spa-Francorchamps,13,127,8,5
Mike Hawthorn,578,811,1953,Circuit de Spa-Francorchamps,13,6,7,6
Harry Schell,501,811,1953,Circuit de Spa-Francorchamps,13,127,12,7
Louis Rosier,627,811,1953,Circuit de Spa-Francorchamps,13,6,13,8
Fred Wacker,693,811,1953,Circuit de Spa-Francorchamps,13,127,15,9
Paul Frère,632,811,1953,Circuit de Spa-Francorchamps,13,132,11,10
André Pilette,429,811,1953,Circuit de Spa-Francorchamps,13,124,18,11
Mike Hawthorn,578,812,1953,Reims-Gueux,55,6,7,1
Juan Fangio,579,812,1953,Reims-Gueux,55,104,4,2
José Froilán González,498,812,1953,Reims-Gueux,55,104,5,3
Alberto Ascari,647,812,1953,Reims-Gueux,55,6,1,4
Nino Farina,642,812,1953,Reims-Gueux,55,6,6,5
Luigi Villoresi,633,812,1953,Reims-Gueux,55,6,3,6
Toulo de Graffenried,640,812,1953,Reims-Gueux,55,104,9,7
Louis Rosier,627,812,1953,Reims-Gueux,55,6,10,8
Onofre Marimón,670,812,1953,Reims-Gueux,55,104,8,9
Jean Behra,554,812,1953,Reims-Gueux,55,127,22,10
Bob Gerard,619,812,1953,Reims-Gueux,55,86,12,11
Johnny Claes,660,812,1953,Reims-Gueux,55,124,21,12
Peter Collins,581,812,1953,Reims-Gueux,55,132,17,13
Yves Cabantous,704,812,1953,Reims-Gueux,55,132,18,14
Louis Chiron,589,812,1953,Reims-Gueux,55,126,25,15
Alberto Ascari,647,813,1953,Silverstone Circuit,9,6,1,1
Juan Fangio,579,813,1953,Silverstone Circuit,9,104,4,2
Nino Farina,642,813,1953,Silverstone Circuit,9,6,5,3
José Froilán González,498,813,1953,Silverstone Circuit,9,104,2,4
Mike Hawthorn,578,813,1953,Silverstone Circuit,9,6,3,5
Felice Bonetto,697,813,1953,Silverstone Circuit,9,104,16,6
Prince Bira,669,813,1953,Silverstone Circuit,9,124,19,7
Ken Wharton,663,813,1953,Silverstone Circuit,9,86,11,8
Peter Whitehead,687,813,1953,Silverstone Circuit,9,86,14,9
Louis Rosier,627,813,1953,Silverstone Circuit,9,6,24,10
Nino Farina,642,814,1953,Nürburgring,20,6,3,1
Juan Fangio,579,814,1953,Nürburgring,20,104,2,2
Mike Hawthorn,578,814,1953,Nürburgring,20,6,4,3
Felice Bonetto,697,814,1953,Nürburgring,20,104,7,4
Toulo de Graffenried,640,814,1953,Nürburgring,20,104,11,5
Stirling Moss,475,814,1953,Nürburgring,20,86,12,6
Jacques Swaters,680,814,1953,Nürburgring,20,6,19,7
Alberto Ascari,647,814,1953,Nürburgring,20,6,1,8
Hans Herrmann,478,814,1953,Nürburgring,20,143,14,9
Louis Rosier,627,814,1953,Nürburgring,20,6,22,10
Rodney Nuckey,690,814,1953,Nürburgring,20,86,20,11
Theo Helfrich,692,814,1953,Nürburgring,20,143,28,12
Kenneth McAlpine,664,814,1953,Nürburgring,20,124,16,13
Rudolf Krause,710,814,1953,Nürburgring,20,144,26,14
Ernst Klodwig,709,814,1953,Nürburgring,20,144,32,15
Wolfgang Seidel,455,814,1953,Nürburgring,20,143,29,16
Alberto Ascari,647,815,1953,Circuit Bremgarten,66,6,2,1
Nino Farina,642,815,1953,Circuit Bremgarten,66,6,3,2
Mike Hawthorn,578,815,1953,Circuit Bremgarten,66,6,7,3
Juan Fangio,579,815,1953,Circuit Bremgarten,66,104,1,4
Hermann Lang,691,815,1953,Circuit Bremgarten,66,104,11,5
Luigi Villoresi,633,815,1953,Circuit Bremgarten,66,6,6,6
Ken Wharton,663,815,1953,Circuit Bremgarten,66,86,9,7
Max de Terra,720,815,1953,Circuit Bremgarten,66,6,19,8
Albert Scherrer,719,815,1953,Circuit Bremgarten,66,132,18,9
Juan Fangio,579,816,1953,Autodromo Nazionale di Monza,14,104,2,1
Nino Farina,642,816,1953,Autodromo Nazionale di Monza,14,6,3,2
Luigi Villoresi,633,816,1953,Autodromo Nazionale di Monza,14,6,5,3
Mike Hawthorn,578,816,1953,Autodromo Nazionale di Monza,14,6,6,4
Maurice Trintignant,427,816,1953,Autodromo Nazionale di Monza,14,127,8,5
Roberto Mieres,643,816,1953,Autodromo Nazionale di Monza,14,127,16,6
Sergio Mantovani,644,816,1953,Autodromo Nazionale di Monza,14,104,12,7
Umberto Maglioli,620,816,1953,Autodromo Nazionale di Monza,14,6,11,8
Harry Schell,501,816,1953,Autodromo Nazionale di Monza,14,127,15,9
Louis Chiron,589,816,1953,Autodromo Nazionale di Monza,14,126,25,10
Prince Bira,669,816,1953,Autodromo Nazionale di Monza,14,104,23,11
Alan Brown,689,816,1953,Autodromo Nazionale di Monza,14,86,24,12
Stirling Moss,475,816,1953,Autodromo Nazionale di Monza,14,86,10,13
Hans von Stuck,717,816,1953,Autodromo Nazionale di Monza,14,146,29,14
Yves Cabantous,704,816,1953,Autodromo Nazionale di Monza,14,132,28,15
Louis Rosier,627,816,1953,Autodromo Nazionale di Monza,14,6,17,16
Piero Taruffi,641,817,1952,Circuit Bremgarten,66,6,2,1
Rudi Fischer,723,817,1952,Circuit Bremgarten,66,6,5,2
Jean Behra,554,817,1952,Circuit Bremgarten,66,127,7,3
Ken Wharton,663,817,1952,Circuit Bremgarten,66,147,13,4
Alan Brown,689,817,1952,Circuit Bremgarten,66,86,15,5
Toulo de Graffenried,640,817,1952,Circuit Bremgarten,66,104,8,6
Peter Hirt,721,817,1952,Circuit Bremgarten,66,6,19,7
Eric Brandon,688,817,1952,Circuit Bremgarten,66,86,17,8
Troy Ruttman,526,818,1952,Indianapolis Motor Speedway,19,113,7,1
Jim Rathmann,509,818,1952,Indianapolis Motor Speedway,19,112,10,2
Sam Hanks,611,818,1952,Indianapolis Motor Speedway,19,112,5,3
Duane Carter,518,818,1952,Indianapolis Motor Speedway,19,109,6,4
Art Cross,656,818,1952,Indianapolis Motor Speedway,19,112,20,5
Jimmy Bryan,525,818,1952,Indianapolis Motor Speedway,19,112,21,6
Jimmy Reece,592,818,1952,Indianapolis Motor Speedway,19,112,23,7
George Connor,726,818,1952,Indianapolis Motor Speedway,19,112,14,8
Cliff Griffith,629,818,1952,Indianapolis Motor Speedway,19,112,9,9
Johnnie Parsons,593,818,1952,Indianapolis Motor Speedway,19,112,31,10
Jack McGrath,658,818,1952,Indianapolis Motor Speedway,19,112,3,11
Jim Rigsby,727,818,1952,Indianapolis Motor Speedway,19,106,26,12
Joe James,728,818,1952,Indianapolis Motor Speedway,19,112,16,13
Bill Schindler,729,818,1952,Indianapolis Motor Speedway,19,128,15,14
George Fonder,730,818,1952,Indianapolis Motor Speedway,19,148,13,15
Eddie Johnson,513,818,1952,Indianapolis Motor Speedway,19,110,24,16
Bill Vukovich,657,818,1952,Indianapolis Motor Speedway,19,112,8,17
Chuck Stevenson,521,818,1952,Indianapolis Motor Speedway,19,112,11,18
Henry Banks,731,818,1952,Indianapolis Motor Speedway,19,109,12,19
Manny Ayulo,675,818,1952,Indianapolis Motor Speedway,19,109,28,20
Johnny McDowell,732,818,1952,Indianapolis Motor Speedway,19,112,33,21
Alberto Ascari,647,819,1952,Circuit de Spa-Francorchamps,13,6,1,1
Nino Farina,642,819,1952,Circuit de Spa-Francorchamps,13,6,2,2
Robert Manzon,626,819,1952,Circuit de Spa-Francorchamps,13,127,4,3
Mike Hawthorn,578,819,1952,Circuit de Spa-Francorchamps,13,86,6,4
Paul Frère,632,819,1952,Circuit de Spa-Francorchamps,13,132,8,5
Alan Brown,689,819,1952,Circuit de Spa-Francorchamps,13,86,9,6
Charles de Tornaco,735,819,1952,Circuit de Spa-Francorchamps,13,6,13,7
Johnny Claes,660,819,1952,Circuit de Spa-Francorchamps,13,127,19,8
Eric Brandon,688,819,1952,Circuit de Spa-Francorchamps,13,86,12,9
Prince Bira,669,819,1952,Circuit de Spa-Francorchamps,13,140,18,10
Lance Macklin,651,819,1952,Circuit de Spa-Francorchamps,13,132,14,11
Roger Laurent,736,819,1952,Circuit de Spa-Francorchamps,13,132,20,12
Arthur Legat,703,819,1952,Circuit de Spa-Francorchamps,13,143,21,13
Robert O'Brien,737,819,1952,Circuit de Spa-Francorchamps,13,140,22,14
Tony Gaze,738,819,1952,Circuit de Spa-Francorchamps,13,132,16,15
Alberto Ascari,647,820,1952,Rouen-Les-Essarts,53,6,1,1
Nino Farina,642,820,1952,Rouen-Les-Essarts,53,6,2,2
Piero Taruffi,641,820,1952,Rouen-Les-Essarts,53,6,3,3
Robert Manzon,626,820,1952,Rouen-Les-Essarts,53,127,5,4
Maurice Trintignant,427,820,1952,Rouen-Les-Essarts,53,140,6,5
Peter Collins,581,820,1952,Rouen-Les-Essarts,53,132,8,6
Jean Behra,554,820,1952,Rouen-Les-Essarts,53,127,4,7
Philippe Étancelin,741,820,1952,Rouen-Les-Essarts,53,104,18,8
Lance Macklin,651,820,1952,Rouen-Les-Essarts,53,132,14,9
Yves Cabantous,704,820,1952,Rouen-Les-Essarts,53,132,10,10
Rudi Fischer,723,820,1952,Rouen-Les-Essarts,53,6,17,11
Franco Comotti,740,820,1952,Rouen-Les-Essarts,53,6,16,12
Alberto Ascari,647,821,1952,Silverstone Circuit,9,6,2,1
Piero Taruffi,641,821,1952,Silverstone Circuit,9,6,3,2
Mike Hawthorn,578,821,1952,Silverstone Circuit,9,86,7,3
Dennis Poore,742,821,1952,Silverstone Circuit,9,124,8,4
Eric Thompson,743,821,1952,Silverstone Circuit,9,124,9,5
Nino Farina,642,821,1952,Silverstone Circuit,9,6,1,6
Reg Parnell,686,821,1952,Silverstone Circuit,9,86,6,7
Roy Salvadori,456,821,1952,Silverstone Circuit,9,6,19,8
Ken Downing,744,821,1952,Silverstone Circuit,9,124,5,9
Peter Whitehead,687,821,1952,Silverstone Circuit,9,6,20,10
Prince Bira,669,821,1952,Silverstone Circuit,9,127,10,11
Graham Whitehead,745,821,1952,Silverstone Circuit,9,125,12,12
Rudi Fischer,723,821,1952,Silverstone Circuit,9,6,15,13
Johnny Claes,660,821,1952,Silverstone Circuit,9,140,23,14
Lance Macklin,651,821,1952,Silverstone Circuit,9,132,29,15
Kenneth McAlpine,664,821,1952,Silverstone Circuit,9,124,17,16
Harry Schell,501,821,1952,Silverstone Circuit,9,104,32,17
Gino Bianco,746,821,1952,Silverstone Circuit,9,104,28,18
Toulo de Graffenried,640,821,1952,Silverstone Circuit,9,104,31,19
Eric Brandon,688,821,1952,Silverstone Circuit,9,86,18,20
Tony Crook,705,821,1952,Silverstone Circuit,9,147,25,21
Alan Brown,689,821,1952,Silverstone Circuit,9,86,13,22
Alberto Ascari,647,822,1952,Nürburgring,20,6,1,1
Nino Farina,642,822,1952,Nürburgring,20,6,2,2
Rudi Fischer,723,822,1952,Nürburgring,20,6,6,3
Piero Taruffi,641,822,1952,Nürburgring,20,6,5,4
Jean Behra,554,822,1952,Nürburgring,20,127,11,5
Roger Laurent,736,822,1952,Nürburgring,20,6,17,6
Fritz Riess,751,822,1952,Nürburgring,20,143,12,7
Toni Ulmen,724,822,1952,Nürburgring,20,143,15,8
Helmut Niedermayr,752,822,1952,Nürburgring,20,146,22,9
Johnny Claes,660,822,1952,Nürburgring,20,132,32,10
Hans Klenk,753,822,1952,Nürburgring,20,143,8,11
Ernst Klodwig,709,822,1952,Nürburgring,20,144,29,12
Alberto Ascari,647,823,1952,Circuit Park Zandvoort,39,6,1,1
Nino Farina,642,823,1952,Circuit Park Zandvoort,39,6,2,2
Luigi Villoresi,633,823,1952,Circuit Park Zandvoort,39,6,4,3
Mike Hawthorn,578,823,1952,Circuit Park Zandvoort,39,86,3,4
Robert Manzon,626,823,1952,Circuit Park Zandvoort,39,127,6,5
Maurice Trintignant,427,823,1952,Circuit Park Zandvoort,39,127,5,6
Duncan Hamilton,708,823,1952,Circuit Park Zandvoort,39,132,10,7
Lance Macklin,651,823,1952,Circuit Park Zandvoort,39,132,9,8
Chico Landi,622,823,1952,Circuit Park Zandvoort,39,104,16,9
Alberto Ascari,647,824,1952,Autodromo Nazionale di Monza,14,6,1,1
José Froilán González,498,824,1952,Autodromo Nazionale di Monza,14,104,5,2
Luigi Villoresi,633,824,1952,Autodromo Nazionale di Monza,14,6,2,3
Nino Farina,642,824,1952,Autodromo Nazionale di Monza,14,6,3,4
Felice Bonetto,697,824,1952,Autodromo Nazionale di Monza,14,104,13,5
André Simon,609,824,1952,Autodromo Nazionale di Monza,14,6,8,6
Piero Taruffi,641,824,1952,Autodromo Nazionale di Monza,14,6,6,7
Chico Landi,622,824,1952,Autodromo Nazionale di Monza,14,104,18,8
Ken Wharton,663,824,1952,Autodromo Nazionale di Monza,14,86,15,9
Louis Rosier,627,824,1952,Autodromo Nazionale di Monza,14,6,17,10
Eitel Cantoni,748,824,1952,Autodromo Nazionale di Monza,14,104,23,11
Dennis Poore,742,824,1952,Autodromo Nazionale di Monza,14,124,19,12
Eric Brandon,688,824,1952,Autodromo Nazionale di Monza,14,86,20,13
Robert Manzon,626,824,1952,Autodromo Nazionale di Monza,14,127,7,14
Alan Brown,689,824,1952,Autodromo Nazionale di Monza,14,86,12,15
Juan Fangio,579,825,1951,Circuit Bremgarten,66,50,1,1
Piero Taruffi,641,825,1951,Circuit Bremgarten,66,6,6,2
Nino Farina,642,825,1951,Circuit Bremgarten,66,50,2,3
Consalvo Sanesi,763,825,1951,Circuit Bremgarten,66,50,4,4
Toulo de Graffenried,640,825,1951,Circuit Bremgarten,66,50,5,5
Alberto Ascari,647,825,1951,Circuit Bremgarten,66,6,7,6
Louis Chiron,589,825,1951,Circuit Bremgarten,66,104,19,7
Stirling Moss,475,825,1951,Circuit Bremgarten,66,132,14,8
Louis Rosier,627,825,1951,Circuit Bremgarten,66,153,8,9
Philippe Étancelin,741,825,1951,Circuit Bremgarten,66,153,12,10
Rudi Fischer,723,825,1951,Circuit Bremgarten,66,6,10,11
Harry Schell,501,825,1951,Circuit Bremgarten,66,104,17,12
Johnny Claes,660,825,1951,Circuit Bremgarten,66,153,18,13
Guy Mairesse,764,825,1951,Circuit Bremgarten,66,153,21,14
Lee Wallard,766,826,1951,Indianapolis Motor Speedway,19,112,2,1
Mike Nazaruk,673,826,1951,Indianapolis Motor Speedway,19,112,7,2
Jack McGrath,658,826,1951,Indianapolis Motor Speedway,19,112,3,3
Andy Linden,612,826,1951,Indianapolis Motor Speedway,19,148,31,4
Bobby Ball,734,826,1951,Indianapolis Motor Speedway,19,133,29,5
Henry Banks,731,826,1951,Indianapolis Motor Speedway,19,118,17,6
Carl Forberg,767,826,1951,Indianapolis Motor Speedway,19,112,24,7
Duane Carter,518,826,1951,Indianapolis Motor Speedway,19,149,4,8
Nino Farina,642,827,1951,Circuit de Spa-Francorchamps,13,50,2,1
Alberto Ascari,647,827,1951,Circuit de Spa-Francorchamps,13,6,4,2
Luigi Villoresi,633,827,1951,Circuit de Spa-Francorchamps,13,6,3,3
Louis Rosier,627,827,1951,Circuit de Spa-Francorchamps,13,153,7,4
Yves Cabantous,704,827,1951,Circuit de Spa-Francorchamps,13,153,8,5
André Pilette,429,827,1951,Circuit de Spa-Francorchamps,13,153,12,6
Johnny Claes,660,827,1951,Circuit de Spa-Francorchamps,13,153,11,7
Pierre Levegh,773,827,1951,Circuit de Spa-Francorchamps,13,153,13,8
Juan Fangio,579,827,1951,Circuit de Spa-Francorchamps,13,50,1,9
Luigi Fagioli,786,828,1951,Reims-Gueux,55,50,7,1
Alberto Ascari,647,828,1951,Reims-Gueux,55,6,6,2
Luigi Villoresi,633,828,1951,Reims-Gueux,55,6,4,3
Reg Parnell,686,828,1951,Reims-Gueux,55,6,9,4
Nino Farina,642,828,1951,Reims-Gueux,55,50,2,5
Louis Chiron,589,828,1951,Reims-Gueux,55,153,8,6
Yves Cabantous,704,828,1951,Reims-Gueux,55,153,11,7
Eugène Chaboud,774,828,1951,Reims-Gueux,55,153,14,8
Guy Mairesse,764,828,1951,Reims-Gueux,55,153,19,9
Consalvo Sanesi,763,828,1951,Reims-Gueux,55,50,5,10
Juan Fangio,579,828,1951,Reims-Gueux,55,50,1,11
José Froilán González,498,829,1951,Silverstone Circuit,9,6,1,1
Juan Fangio,579,829,1951,Silverstone Circuit,9,50,2,2
Luigi Villoresi,633,829,1951,Silverstone Circuit,9,6,5,3
Felice Bonetto,697,829,1951,Silverstone Circuit,9,50,7,4
Reg Parnell,686,829,1951,Silverstone Circuit,9,65,20,5
Consalvo Sanesi,763,829,1951,Silverstone Circuit,9,50,6,6
Peter Walker,661,829,1951,Silverstone Circuit,9,65,19,7
Brian Shawe Taylor,778,829,1951,Silverstone Circuit,9,150,12,8
Peter Whitehead,687,829,1951,Silverstone Circuit,9,6,8,9
Louis Rosier,627,829,1951,Silverstone Circuit,9,153,9,10
Bob Gerard,619,829,1951,Silverstone Circuit,9,150,10,11
Duncan Hamilton,708,829,1951,Silverstone Circuit,9,153,11,12
Johnny Claes,660,829,1951,Silverstone Circuit,9,153,14,13
Alberto Ascari,647,830,1951,Nürburgring,20,6,1,1
Juan Fangio,579,830,1951,Nürburgring,20,50,3,2
José Froilán González,498,830,1951,Nürburgring,20,6,2,3
Luigi Villoresi,633,830,1951,Nürburgring,20,6,5,4
Piero Taruffi,641,830,1951,Nürburgring,20,6,6,5
Rudi Fischer,723,830,1951,Nürburgring,20,6,8,6
Robert Manzon,626,830,1951,Nürburgring,20,140,9,7
Louis Rosier,627,830,1951,Nürburgring,20,153,15,8
Pierre Levegh,773,830,1951,Nürburgring,20,153,19,9
Jacques Swaters,680,830,1951,Nürburgring,20,153,22,10
Johnny Claes,660,830,1951,Nürburgring,20,153,18,11
Alberto Ascari,647,831,1951,Autodromo Nazionale di Monza,14,6,3,1
José Froilán González,498,831,1951,Autodromo Nazionale di Monza,14,6,4,2
Felice Bonetto,697,831,1951,Autodromo Nazionale di Monza,14,50,7,3
Luigi Villoresi,633,831,1951,Autodromo Nazionale di Monza,14,6,5,4
Piero Taruffi,641,831,1951,Autodromo Nazionale di Monza,14,6,6,5
André Simon,609,831,1951,Autodromo Nazionale di Monza,14,140,11,6
Louis Rosier,627,831,1951,Autodromo Nazionale di Monza,14,153,15,7
Yves Cabantous,704,831,1951,Autodromo Nazionale di Monza,14,153,14,8
Franco Rol,762,831,1951,Autodromo Nazionale di Monza,14,126,18,9
Juan Fangio,579,832,1951,Circuit de Pedralbes,67,50,2,1
José Froilán González,498,832,1951,Circuit de Pedralbes,67,6,3,2
Nino Farina,642,832,1951,Circuit de Pedralbes,67,50,4,3
Alberto Ascari,647,832,1951,Circuit de Pedralbes,67,6,1,4
Felice Bonetto,697,832,1951,Circuit de Pedralbes,67,50,8,5
Toulo de Graffenried,640,832,1951,Circuit de Pedralbes,67,50,6,6
Louis Rosier,627,832,1951,Circuit de Pedralbes,67,153,20,7
Philippe Étancelin,741,832,1951,Circuit de Pedralbes,67,153,13,8
Robert Manzon,626,832,1951,Circuit de Pedralbes,67,140,9,9
Paco Godia,580,832,1951,Circuit de Pedralbes,67,104,17,10
Nino Farina,642,833,1950,Silverstone Circuit,9,50,1,1
Luigi Fagioli,786,833,1950,Silverstone Circuit,9,50,2,2
Reg Parnell,686,833,1950,Silverstone Circuit,9,50,4,3
Yves Cabantous,704,833,1950,Silverstone Circuit,9,153,6,4
Louis Rosier,627,833,1950,Silverstone Circuit,9,153,9,5
Bob Gerard,619,833,1950,Silverstone Circuit,9,150,13,6
Cuth Harrison,787,833,1950,Silverstone Circuit,9,150,15,7
Philippe Étancelin,741,833,1950,Silverstone Circuit,9,153,14,8
David Hampshire,784,833,1950,Silverstone Circuit,9,104,16,9
Brian Shawe Taylor,778,833,1950,Silverstone Circuit,9,104,20,10
Johnny Claes,660,833,1950,Silverstone Circuit,9,153,21,11
Juan Fangio,579,834,1950,Circuit de Monaco,6,50,1,1
Alberto Ascari,647,834,1950,Circuit de Monaco,6,6,7,2
Louis Chiron,589,834,1950,Circuit de Monaco,6,104,8,3
Raymond Sommer,793,834,1950,Circuit de Monaco,6,6,9,4
Prince Bira,669,834,1950,Circuit de Monaco,6,104,15,5
Bob Gerard,619,834,1950,Circuit de Monaco,6,150,16,6
Johnny Claes,660,834,1950,Circuit de Monaco,6,153,19,7
Johnnie Parsons,593,835,1950,Indianapolis Motor Speedway,19,112,5,1
Bill Holland,701,835,1950,Indianapolis Motor Speedway,19,149,10,2
Mauri Rose,768,835,1950,Indianapolis Motor Speedway,19,149,3,3
Cecil Green,770,835,1950,Indianapolis Motor Speedway,19,112,12,4
Joie Chitwood,794,835,1950,Indianapolis Motor Speedway,19,112,9,5
Lee Wallard,766,835,1950,Indianapolis Motor Speedway,19,118,23,6
Walt Faulkner,654,835,1950,Indianapolis Motor Speedway,19,112,1,7
George Connor,726,835,1950,Indianapolis Motor Speedway,19,109,4,8
Paul Russo,555,835,1950,Indianapolis Motor Speedway,19,137,19,9
Pat Flaherty,559,835,1950,Indianapolis Motor Speedway,19,112,11,10
Myron Fohr,795,835,1950,Indianapolis Motor Speedway,19,155,16,11
Duane Carter,518,835,1950,Indianapolis Motor Speedway,19,128,13,12
Mack Hellings,772,835,1950,Indianapolis Motor Speedway,19,112,26,13
Jack McGrath,658,835,1950,Indianapolis Motor Speedway,19,112,6,14
Troy Ruttman,526,835,1950,Indianapolis Motor Speedway,19,109,24,15
Gene Hartley,520,835,1950,Indianapolis Motor Speedway,19,156,31,16
Jimmy Davies,653,835,1950,Indianapolis Motor Speedway,19,115,27,17
Johnny McDowell,732,835,1950,Indianapolis Motor Speedway,19,112,33,18
Walt Brown,771,835,1950,Indianapolis Motor Speedway,19,112,20,19
Travis Webb,677,835,1950,Indianapolis Motor Speedway,19,104,14,20
Jerry Hoyt,659,835,1950,Indianapolis Motor Speedway,19,112,15,21
Walt Ader,796,835,1950,Indianapolis Motor Speedway,19,157,29,22
Jackie Holmes,797,835,1950,Indianapolis Motor Speedway,19,158,30,23
Jim Rathmann,509,835,1950,Indianapolis Motor Speedway,19,159,28,24
Nino Farina,642,836,1950,Circuit Bremgarten,66,50,2,1
Luigi Fagioli,786,836,1950,Circuit Bremgarten,66,50,3,2
Louis Rosier,627,836,1950,Circuit Bremgarten,66,153,10,3
Prince Bira,669,836,1950,Circuit Bremgarten,66,104,8,4
Felice Bonetto,697,836,1950,Circuit Bremgarten,66,104,12,5
Toulo de Graffenried,640,836,1950,Circuit Bremgarten,66,104,11,6
Nello Pagani,800,836,1950,Circuit Bremgarten,66,104,15,7
Harry Schell,501,836,1950,Circuit Bremgarten,66,153,18,8
Louis Chiron,589,836,1950,Circuit Bremgarten,66,104,16,9
Johnny Claes,660,836,1950,Circuit Bremgarten,66,153,14,10
Toni Branca,780,836,1950,Circuit Bremgarten,66,104,17,11
Juan Fangio,579,837,1950,Circuit de Spa-Francorchamps,13,50,2,1
Luigi Fagioli,786,837,1950,Circuit de Spa-Francorchamps,13,50,3,2
Louis Rosier,627,837,1950,Circuit de Spa-Francorchamps,13,153,8,3
Nino Farina,642,837,1950,Circuit de Spa-Francorchamps,13,50,1,4
Alberto Ascari,647,837,1950,Circuit de Spa-Francorchamps,13,6,7,5
Luigi Villoresi,633,837,1950,Circuit de Spa-Francorchamps,13,6,4,6
Pierre Levegh,773,837,1950,Circuit de Spa-Francorchamps,13,153,10,7
Johnny Claes,660,837,1950,Circuit de Spa-Francorchamps,13,153,14,8
Geoff Crossley,785,837,1950,Circuit de Spa-Francorchamps,13,125,12,9
Toni Branca,780,837,1950,Circuit de Spa-Francorchamps,13,104,11,10
Juan Fangio,579,838,1950,Reims-Gueux,55,50,1,1
Luigi Fagioli,786,838,1950,Reims-Gueux,55,50,3,2
Peter Whitehead,687,838,1950,Reims-Gueux,55,6,18,3
Robert Manzon,626,838,1950,Reims-Gueux,55,140,12,4
Philippe Étancelin,741,838,1950,Reims-Gueux,55,153,4,5
Charles Pozzi,801,838,1950,Reims-Gueux,55,153,15,6
Nino Farina,642,838,1950,Reims-Gueux,55,50,2,7
Yves Cabantous,704,838,1950,Reims-Gueux,55,153,5,8
Nino Farina,642,839,1950,Autodromo Nazionale di Monza,14,50,3,1
Dorino Serafini,802,839,1950,Autodromo Nazionale di Monza,14,6,6,2
Luigi Fagioli,786,839,1950,Autodromo Nazionale di Monza,14,50,5,3
Louis Rosier,627,839,1950,Autodromo Nazionale di Monza,14,153,13,4
Philippe Étancelin,741,839,1950,Autodromo Nazionale di Monza,14,153,16,5
Toulo de Graffenried,640,839,1950,Autodromo Nazionale di Monza,14,104,17,6
Peter Whitehead,687,839,1950,Autodromo Nazionale di Monza,14,6,18,7
Joe Fry,788,833,1950,Silverstone Circuit,9,104,20,10
Tony Bettenhausen,529,835,1950,Indianapolis Motor Speedway,19,112,9,5
Eugène Chaboud,774,838,1950,Reims-Gueux,55,153,4,5
Louis Rosier,627,838,1950,Reims-Gueux,55,153,15,6
Alberto Ascari,647,839,1950,Autodromo Nazionale di Monza,14,6,6,2
Manny Ayulo,675,826,1951,Indianapolis Motor Speedway,19,112,3,3
Juan Fangio,579,828,1951,Reims-Gueux,55,50,7,1
José Froilán González,498,828,1951,Reims-Gueux,55,6,6,2
Luigi Fagioli,786,828,1951,Reims-Gueux,55,50,1,11
Nino Farina,642,831,1951,Autodromo Nazionale di Monza,14,50,7,3
Peter Hirt,721,820,1952,Rouen-Les-Essarts,53,6,17,11
Jan Flinterman,759,823,1952,Circuit Park Zandvoort,39,104,16,9
Harry Schell,501,808,1953,Autódromo Juan y Oscar Gálvez,25,127,7,7
Duane Carter,518,809,1953,Indianapolis Motor Speedway,19,112,9,3
Paul Russo,555,809,1953,Indianapolis Motor Speedway,19,112,2,4
Eddie Johnson,513,809,1953,Indianapolis Motor Speedway,19,112,25,7
Chuck Stevenson,521,809,1953,Indianapolis Motor Speedway,19,113,6,9
Gene Hartley,520,809,1953,Indianapolis Motor Speedway,19,113,6,9
Bob Scott,702,809,1953,Indianapolis Motor Speedway,19,112,19,12
Jim Rathmann,509,809,1953,Indianapolis Motor Speedway,19,112,28,15
Andy Linden,612,809,1953,Indianapolis Motor Speedway,19,112,10,16
Duke Dinsmore,630,809,1953,Indianapolis Motor Speedway,19,112,10,16
Johnny Mantz,804,809,1953,Indianapolis Motor Speedway,19,112,14,17
José Froilán González,498,810,1953,Circuit Park Zandvoort,39,104,13,3
Luigi Villoresi,633,814,1953,Nürburgring,20,6,1,8
Felice Bonetto,697,815,1953,Circuit Bremgarten,66,104,1,4
Luigi Musso,577,816,1953,Autodromo Nazionale di Monza,14,104,12,7
Duane Carter,518,800,1954,Indianapolis Motor Speedway,19,112,11,4
Jerry Hoyt,659,800,1954,Indianapolis Motor Speedway,19,112,32,8
Johnnie Parsons,593,800,1954,Indianapolis Motor Speedway,19,112,27,11
Sam Hanks,611,800,1954,Indianapolis Motor Speedway,19,112,27,11
Andy Linden,612,800,1954,Indianapolis Motor Speedway,19,112,27,11
Jimmy Davies,653,800,1954,Indianapolis Motor Speedway,19,112,27,11
Walt Faulkner,654,800,1954,Indianapolis Motor Speedway,19,113,5,12
Marshall Teague,613,800,1954,Indianapolis Motor Speedway,19,112,8,15
Jimmy Jackson,799,800,1954,Indianapolis Motor Speedway,19,112,8,15
Tony Bettenhausen,529,800,1954,Indianapolis Motor Speedway,19,112,8,15
Bob Scott,702,800,1954,Indianapolis Motor Speedway,19,128,31,18
George Fonder,730,800,1954,Indianapolis Motor Speedway,19,112,33,19
Mike Hawthorn,578,801,1954,Circuit de Spa-Francorchamps,13,6,5,4
Mike Hawthorn,578,804,1954,Nürburgring,20,6,5,2
José Froilán González,498,806,1954,Autodromo Nazionale di Monza,14,6,13,3
Nino Farina,642,792,1955,Autódromo Juan y Oscar Gálvez,25,6,1,2
Maurice Trintignant,427,792,1955,Autódromo Juan y Oscar Gálvez,25,6,1,2
Maurice Trintignant,427,792,1955,Autódromo Juan y Oscar Gálvez,25,6,5,3
Umberto Maglioli,620,792,1955,Autódromo Juan y Oscar Gálvez,25,6,5,3
Karl Kling,648,792,1955,Autódromo Juan y Oscar Gálvez,25,130,10,4
Stirling Moss,475,792,1955,Autódromo Juan y Oscar Gálvez,25,130,10,4
Jean Behra,554,792,1955,Autódromo Juan y Oscar Gálvez,25,104,7,6
Sergio Mantovani,644,792,1955,Autódromo Juan y Oscar Gálvez,25,104,18,7
Harry Schell,501,792,1955,Autódromo Juan y Oscar Gálvez,25,104,18,7
Cesare Perdisa,607,793,1955,Circuit de Monaco,6,104,5,3
Paul Frère,632,793,1955,Circuit de Monaco,6,6,15,8
Paul Russo,555,794,1955,Indianapolis Motor Speedway,19,112,2,2
Bill Homeier,519,794,1955,Indianapolis Motor Speedway,19,112,7,5
Jean Behra,554,795,1955,Circuit de Spa-Francorchamps,13,104,13,5
Eugenio Castellotti,608,797,1955,Aintree,58,6,12,6
Harry Schell,501,797,1955,Aintree,58,117,15,9
Juan Fangio,579,784,1956,Autódromo Juan y Oscar Gálvez,25,6,3,1
Gerino Gerini,583,784,1956,Autódromo Juan y Oscar Gálvez,25,104,11,4
Óscar González,806,784,1956,Autódromo Juan y Oscar Gálvez,25,104,13,6
Juan Fangio,579,785,1956,Circuit de Monaco,6,6,9,2
Eugenio Castellotti,608,785,1956,Circuit de Monaco,6,6,1,4
André Pilette,429,785,1956,Circuit de Monaco,6,127,11,6
Stirling Moss,475,787,1956,Circuit de Spa-Francorchamps,13,104,9,3
Stirling Moss,475,788,1956,Reims-Gueux,55,104,13,5
Harry Schell,501,788,1956,Reims-Gueux,55,117,6,10
Peter Collins,581,789,1956,Silverstone Circuit,9,6,12,2
Alfonso de Portago,606,789,1956,Silverstone Circuit,9,6,8,10
Juan Fangio,579,791,1956,Autodromo Nazionale di Monza,14,6,7,2
Eugenio Castellotti,608,791,1956,Autodromo Nazionale di Monza,14,6,1,8
José Froilán González,498,776,1957,Autódromo Juan y Oscar Gálvez,25,6,10,5
Peter Collins,581,776,1957,Autódromo Juan y Oscar Gálvez,25,6,11,6
Wolfgang von Trips,476,776,1957,Autódromo Juan y Oscar Gálvez,25,6,11,6
Jack Brabham,356,779,1957,Rouen-Les-Essarts,53,86,15,7
Stirling Moss,475,780,1957,Aintree,58,117,3,1
Peter Collins,581,780,1957,Aintree,58,6,9,4
Harry Schell,501,783,1957,Autodromo Nazionale di Monza,14,104,12,5
Ottorino Volonterio,638,783,1957,Autodromo Nazionale di Monza,14,104,16,11
Carroll Shelby,566,774,1958,Autodromo Nazionale di Monza,14,104,11,4
Stirling Moss,475,746,1960,Autódromo Juan y Oscar Gálvez,25,168,8,3
Jim Clark,373,728,1963,Prince George Circuit,56,170,1,1
Dan Gurney,364,728,1963,Prince George Circuit,56,34,3,2
Graham Hill,289,728,1963,Prince George Circuit,56,65,6,3
Bruce McLaren,360,728,1963,Prince George Circuit,56,168,9,4
Lorenzo Bandini,385,728,1963,Prince George Circuit,56,6,5,5
Jo Bonnier,347,728,1963,Prince George Circuit,56,168,11,6
Tony Maggs,408,728,1963,Prince George Circuit,56,168,10,7
Trevor Taylor,401,728,1963,Prince George Circuit,56,170,8,8
John Love,340,728,1963,Prince George Circuit,56,168,13,9
Carel Godin de Beaufort,430,728,1963,Prince George Circuit,56,94,20,10
Doug Serrurier,411,728,1963,Prince George Circuit,56,88,18,11
Trevor Blokdyk,409,728,1963,Prince George Circuit,56,164,19,12
Jack Brabham,356,728,1963,Prince George Circuit,56,34,2,13
Brausch Niemann,412,728,1963,Prince George Circuit,56,178,15,14
Fernando Alonso,4,337,2010,Bahrain International Circuit,3,6,3,1
Felipe Massa,13,337,2010,Bahrain International Circuit,3,6,2,2
Lewis Hamilton,1,337,2010,Bahrain International Circuit,3,1,4,3
Sebastian Vettel,20,337,2010,Bahrain International Circuit,3,9,1,4
Nico Rosberg,3,337,2010,Bahrain International Circuit,3,130,5,5
Michael Schumacher,30,337,2010,Bahrain International Circuit,3,130,7,6
Jenson Button,18,337,2010,Bahrain International Circuit,3,1,8,7
Mark Webber,17,337,2010,Bahrain International Circuit,3,9,6,8
Vitantonio Liuzzi,24,337,2010,Bahrain International Circuit,3,10,12,9
Rubens Barrichello,22,337,2010,Bahrain International Circuit,3,3,11,10
Robert Kubica,9,337,2010,Bahrain International Circuit,3,4,9,11
Adrian Sutil,16,337,2010,Bahrain International Circuit,3,10,10,12
Jaime Alguersuari,153,337,2010,Bahrain International Circuit,3,5,18,13
Nico Hülkenberg,807,337,2010,Bahrain International Circuit,3,3,13,14
Heikki Kovalainen,5,337,2010,Bahrain International Circuit,3,203,21,15
Sébastien Buemi,67,337,2010,Bahrain International Circuit,3,5,15,16
Jarno Trulli,15,337,2010,Bahrain International Circuit,3,203,20,17
Jenson Button,18,338,2010,Albert Park Grand Prix Circuit,1,1,4,1
Robert Kubica,9,338,2010,Albert Park Grand Prix Circuit,1,4,9,2
Felipe Massa,13,338,2010,Albert Park Grand Prix Circuit,1,6,5,3
Fernando Alonso,4,338,2010,Albert Park Grand Prix Circuit,1,6,3,4
Nico Rosberg,3,338,2010,Albert Park Grand Prix Circuit,1,130,6,5
Lewis Hamilton,1,338,2010,Albert Park Grand Prix Circuit,1,1,11,6
Vitantonio Liuzzi,24,338,2010,Albert Park Grand Prix Circuit,1,10,13,7
Rubens Barrichello,22,338,2010,Albert Park Grand Prix Circuit,1,3,8,8
Mark Webber,17,338,2010,Albert Park Grand Prix Circuit,1,9,2,9
Michael Schumacher,30,338,2010,Albert Park Grand Prix Circuit,1,130,7,10
Jaime Alguersuari,153,338,2010,Albert Park Grand Prix Circuit,1,5,17,11
Pedro de la Rosa,37,338,2010,Albert Park Grand Prix Circuit,1,15,14,12
Heikki Kovalainen,5,338,2010,Albert Park Grand Prix Circuit,1,203,19,13
Karun Chandhok,811,338,2010,Albert Park Grand Prix Circuit,1,163,22,14
Sebastian Vettel,20,339,2010,Sepang International Circuit,2,9,3,1
Mark Webber,17,339,2010,Sepang International Circuit,2,9,1,2
Nico Rosberg,3,339,2010,Sepang International Circuit,2,130,2,3
Robert Kubica,9,339,2010,Sepang International Circuit,2,4,6,4
Adrian Sutil,16,339,2010,Sepang International Circuit,2,10,4,5
Lewis Hamilton,1,339,2010,Sepang International Circuit,2,1,20,6
Felipe Massa,13,339,2010,Sepang International Circuit,2,6,21,7
Jenson Button,18,339,2010,Sepang International Circuit,2,1,17,8
Jaime Alguersuari,153,339,2010,Sepang International Circuit,2,5,14,9
Nico Hülkenberg,807,339,2010,Sepang International Circuit,2,3,5,10
Sébastien Buemi,67,339,2010,Sepang International Circuit,2,5,13,11
Rubens Barrichello,22,339,2010,Sepang International Circuit,2,3,7,12
Fernando Alonso,4,339,2010,Sepang International Circuit,2,6,19,13
Lucas di Grassi,809,339,2010,Sepang International Circuit,2,165,24,14
Karun Chandhok,811,339,2010,Sepang International Circuit,2,163,22,15
Bruno Senna,810,339,2010,Sepang International Circuit,2,163,23,16
Jarno Trulli,15,339,2010,Sepang International Circuit,2,203,18,17
Jenson Button,18,340,2010,Shanghai International Circuit,17,1,5,1
Lewis Hamilton,1,340,2010,Shanghai International Circuit,17,1,6,2
Nico Rosberg,3,340,2010,Shanghai International Circuit,17,130,4,3
Fernando Alonso,4,340,2010,Shanghai International Circuit,17,6,3,4
Robert Kubica,9,340,2010,Shanghai International Circuit,17,4,8,5
Sebastian Vettel,20,340,2010,Shanghai International Circuit,17,9,1,6
Vitaly Petrov,808,340,2010,Shanghai International Circuit,17,4,14,7
Mark Webber,17,340,2010,Shanghai International Circuit,17,9,2,8
Felipe Massa,13,340,2010,Shanghai International Circuit,17,6,7,9
Michael Schumacher,30,340,2010,Shanghai International Circuit,17,130,9,10
Adrian Sutil,16,340,2010,Shanghai International Circuit,17,10,10,11
Rubens Barrichello,22,340,2010,Shanghai International Circuit,17,3,11,12
Jaime Alguersuari,153,340,2010,Shanghai International Circuit,17,5,12,13
Heikki Kovalainen,5,340,2010,Shanghai International Circuit,17,203,21,14
Nico Hülkenberg,807,340,2010,Shanghai International Circuit,17,3,16,15
Bruno Senna,810,340,2010,Shanghai International Circuit,17,163,23,16
Karun Chandhok,811,340,2010,Shanghai International Circuit,17,163,24,17
Mark Webber,17,341,2010,Circuit de Barcelona-Catalunya,4,9,1,1
Fernando Alonso,4,341,2010,Circuit de Barcelona-Catalunya,4,6,4,2
Sebastian Vettel,20,341,2010,Circuit de Barcelona-Catalunya,4,9,2,3
Michael Schumacher,30,341,2010,Circuit de Barcelona-Catalunya,4,130,6,4
Jenson Button,18,341,2010,Circuit de Barcelona-Catalunya,4,1,5,5
Felipe Massa,13,341,2010,Circuit de Barcelona-Catalunya,4,6,9,6
Adrian Sutil,16,341,2010,Circuit de Barcelona-Catalunya,4,10,11,7
Robert Kubica,9,341,2010,Circuit de Barcelona-Catalunya,4,4,7,8
Rubens Barrichello,22,341,2010,Circuit de Barcelona-Catalunya,4,3,17,9
Jaime Alguersuari,153,341,2010,Circuit de Barcelona-Catalunya,4,5,15,10
Vitaly Petrov,808,341,2010,Circuit de Barcelona-Catalunya,4,4,19,11
Kamui Kobayashi,155,341,2010,Circuit de Barcelona-Catalunya,4,15,10,12
Nico Rosberg,3,341,2010,Circuit de Barcelona-Catalunya,4,130,8,13
Lewis Hamilton,1,341,2010,Circuit de Barcelona-Catalunya,4,1,3,14
Vitantonio Liuzzi,24,341,2010,Circuit de Barcelona-Catalunya,4,10,16,15
Nico Hülkenberg,807,341,2010,Circuit de Barcelona-Catalunya,4,3,13,16
Jarno Trulli,15,341,2010,Circuit de Barcelona-Catalunya,4,203,18,17
Timo Glock,10,341,2010,Circuit de Barcelona-Catalunya,4,165,22,18
Lucas di Grassi,809,341,2010,Circuit de Barcelona-Catalunya,4,165,23,19
Mark Webber,17,342,2010,Circuit de Monaco,6,9,1,1
Sebastian Vettel,20,342,2010,Circuit de Monaco,6,9,3,2
Robert Kubica,9,342,2010,Circuit de Monaco,6,4,2,3
Felipe Massa,13,342,2010,Circuit de Monaco,6,6,4,4
Lewis Hamilton,1,342,2010,Circuit de Monaco,6,1,5,5
Fernando Alonso,4,342,2010,Circuit de Monaco,6,6,24,6
Nico Rosberg,3,342,2010,Circuit de Monaco,6,130,6,7
Adrian Sutil,16,342,2010,Circuit de Monaco,6,10,12,8
Vitantonio Liuzzi,24,342,2010,Circuit de Monaco,6,10,10,9
Sébastien Buemi,67,342,2010,Circuit de Monaco,6,5,13,10
Jaime Alguersuari,153,342,2010,Circuit de Monaco,6,5,17,11
Michael Schumacher,30,342,2010,Circuit de Monaco,6,130,7,12
Vitaly Petrov,808,342,2010,Circuit de Monaco,6,4,14,13
Karun Chandhok,811,342,2010,Circuit de Monaco,6,163,23,14
Jarno Trulli,15,342,2010,Circuit de Monaco,6,203,19,15
Lewis Hamilton,1,343,2010,Istanbul Park,5,1,2,1
Jenson Button,18,343,2010,Istanbul Park,5,1,4,2
Mark Webber,17,343,2010,Istanbul Park,5,9,1,3
Michael Schumacher,30,343,2010,Istanbul Park,5,130,5,4
Nico Rosberg,3,343,2010,Istanbul Park,5,130,6,5
Robert Kubica,9,343,2010,Istanbul Park,5,4,7,6
Felipe Massa,13,343,2010,Istanbul Park,5,6,8,7
Fernando Alonso,4,343,2010,Istanbul Park,5,6,12,8
Adrian Sutil,16,343,2010,Istanbul Park,5,10,11,9
Kamui Kobayashi,155,343,2010,Istanbul Park,5,15,10,10
Pedro de la Rosa,37,343,2010,Istanbul Park,5,15,13,11
Jaime Alguersuari,153,343,2010,Istanbul Park,5,5,16,12
Vitantonio Liuzzi,24,343,2010,Istanbul Park,5,10,18,13
Rubens Barrichello,22,343,2010,Istanbul Park,5,3,15,14
Vitaly Petrov,808,343,2010,Istanbul Park,5,4,9,15
Sébastien Buemi,67,343,2010,Istanbul Park,5,5,14,16
Nico Hülkenberg,807,343,2010,Istanbul Park,5,3,17,17
Timo Glock,10,343,2010,Istanbul Park,5,165,21,18
Lucas di Grassi,809,343,2010,Istanbul Park,5,165,23,19
Karun Chandhok,811,343,2010,Istanbul Park,5,163,24,20
Lewis Hamilton,1,344,2010,Circuit Gilles Villeneuve,7,1,1,1
Jenson Button,18,344,2010,Circuit Gilles Villeneuve,7,1,4,2
Fernando Alonso,4,344,2010,Circuit Gilles Villeneuve,7,6,3,3
Sebastian Vettel,20,344,2010,Circuit Gilles Villeneuve,7,9,2,4
Mark Webber,17,344,2010,Circuit Gilles Villeneuve,7,9,7,5
Nico Rosberg,3,344,2010,Circuit Gilles Villeneuve,7,130,10,6
Robert Kubica,9,344,2010,Circuit Gilles Villeneuve,7,4,8,7
Sébastien Buemi,67,344,2010,Circuit Gilles Villeneuve,7,5,15,8
Vitantonio Liuzzi,24,344,2010,Circuit Gilles Villeneuve,7,10,5,9
Adrian Sutil,16,344,2010,Circuit Gilles Villeneuve,7,10,9,10
Michael Schumacher,30,344,2010,Circuit Gilles Villeneuve,7,130,13,11
Jaime Alguersuari,153,344,2010,Circuit Gilles Villeneuve,7,5,16,12
Nico Hülkenberg,807,344,2010,Circuit Gilles Villeneuve,7,3,12,13
Rubens Barrichello,22,344,2010,Circuit Gilles Villeneuve,7,3,11,14
Felipe Massa,13,344,2010,Circuit Gilles Villeneuve,7,6,6,15
Heikki Kovalainen,5,344,2010,Circuit Gilles Villeneuve,7,203,19,16
Vitaly Petrov,808,344,2010,Circuit Gilles Villeneuve,7,4,14,17
Karun Chandhok,811,344,2010,Circuit Gilles Villeneuve,7,163,24,18
Lucas di Grassi,809,344,2010,Circuit Gilles Villeneuve,7,165,23,19
Sebastian Vettel,20,345,2010,Valencia Street Circuit,12,9,1,1
Lewis Hamilton,1,345,2010,Valencia Street Circuit,12,1,3,2
Jenson Button,18,345,2010,Valencia Street Circuit,12,1,7,3
Rubens Barrichello,22,345,2010,Valencia Street Circuit,12,3,9,4
Robert Kubica,9,345,2010,Valencia Street Circuit,12,4,6,5
Adrian Sutil,16,345,2010,Valencia Street Circuit,12,10,13,6
Kamui Kobayashi,155,345,2010,Valencia Street Circuit,12,15,18,7
Fernando Alonso,4,345,2010,Valencia Street Circuit,12,6,4,8
Sébastien Buemi,67,345,2010,Valencia Street Circuit,12,5,11,9
Nico Rosberg,3,345,2010,Valencia Street Circuit,12,130,12,10
Felipe Massa,13,345,2010,Valencia Street Circuit,12,6,5,11
Pedro de la Rosa,37,345,2010,Valencia Street Circuit,12,15,16,12
Jaime Alguersuari,153,345,2010,Valencia Street Circuit,12,5,17,13
Vitaly Petrov,808,345,2010,Valencia Street Circuit,12,4,10,14
Michael Schumacher,30,345,2010,Valencia Street Circuit,12,130,15,15
Vitantonio Liuzzi,24,345,2010,Valencia Street Circuit,12,10,14,16
Lucas di Grassi,809,345,2010,Valencia Street Circuit,12,165,21,17
Karun Chandhok,811,345,2010,Valencia Street Circuit,12,163,23,18
Timo Glock,10,345,2010,Valencia Street Circuit,12,165,22,19
Bruno Senna,810,345,2010,Valencia Street Circuit,12,163,24,20
Jarno Trulli,15,345,2010,Valencia Street Circuit,12,203,19,21
Mark Webber,17,346,2010,Silverstone Circuit,9,9,2,1
Lewis Hamilton,1,346,2010,Silverstone Circuit,9,1,4,2
Nico Rosberg,3,346,2010,Silverstone Circuit,9,130,5,3
Jenson Button,18,346,2010,Silverstone Circuit,9,1,14,4
Rubens Barrichello,22,346,2010,Silverstone Circuit,9,3,8,5
Kamui Kobayashi,155,346,2010,Silverstone Circuit,9,15,12,6
Sebastian Vettel,20,346,2010,Silverstone Circuit,9,9,1,7
Adrian Sutil,16,346,2010,Silverstone Circuit,9,10,11,8
Michael Schumacher,30,346,2010,Silverstone Circuit,9,130,10,9
Nico Hülkenberg,807,346,2010,Silverstone Circuit,9,3,13,10
Vitantonio Liuzzi,24,346,2010,Silverstone Circuit,9,10,20,11
Sébastien Buemi,67,346,2010,Silverstone Circuit,9,5,16,12
Vitaly Petrov,808,346,2010,Silverstone Circuit,9,4,15,13
Fernando Alonso,4,346,2010,Silverstone Circuit,9,6,3,14
Felipe Massa,13,346,2010,Silverstone Circuit,9,6,7,15
Jarno Trulli,15,346,2010,Silverstone Circuit,9,203,21,16
Heikki Kovalainen,5,346,2010,Silverstone Circuit,9,203,18,17
Timo Glock,10,346,2010,Silverstone Circuit,9,165,19,18
Karun Chandhok,811,346,2010,Silverstone Circuit,9,163,23,19
Sakon Yamamoto,29,346,2010,Silverstone Circuit,9,163,24,20
Fernando Alonso,4,347,2010,Hockenheimring,10,6,2,1
Felipe Massa,13,347,2010,Hockenheimring,10,6,3,2
Sebastian Vettel,20,347,2010,Hockenheimring,10,9,1,3
Lewis Hamilton,1,347,2010,Hockenheimring,10,1,6,4
Jenson Button,18,347,2010,Hockenheimring,10,1,5,5
Mark Webber,17,347,2010,Hockenheimring,10,9,4,6
Robert Kubica,9,347,2010,Hockenheimring,10,4,7,7
Nico Rosberg,3,347,2010,Hockenheimring,10,130,9,8
Michael Schumacher,30,347,2010,Hockenheimring,10,130,11,9
Vitaly Petrov,808,347,2010,Hockenheimring,10,4,13,10
Kamui Kobayashi,155,347,2010,Hockenheimring,10,15,12,11
Rubens Barrichello,22,347,2010,Hockenheimring,10,3,8,12
Nico Hülkenberg,807,347,2010,Hockenheimring,10,3,10,13
Pedro de la Rosa,37,347,2010,Hockenheimring,10,15,14,14
Jaime Alguersuari,153,347,2010,Hockenheimring,10,5,15,15
Vitantonio Liuzzi,24,347,2010,Hockenheimring,10,10,21,16
Adrian Sutil,16,347,2010,Hockenheimring,10,10,19,17
Timo Glock,10,347,2010,Hockenheimring,10,165,23,18
Bruno Senna,810,347,2010,Hockenheimring,10,163,20,19
Mark Webber,17,348,2010,Hungaroring,11,9,2,1
Fernando Alonso,4,348,2010,Hungaroring,11,6,3,2
Sebastian Vettel,20,348,2010,Hungaroring,11,9,1,3
Felipe Massa,13,348,2010,Hungaroring,11,6,4,4
Vitaly Petrov,808,348,2010,Hungaroring,11,4,7,5
Nico Hülkenberg,807,348,2010,Hungaroring,11,3,10,6
Pedro de la Rosa,37,348,2010,Hungaroring,11,15,9,7
Jenson Button,18,348,2010,Hungaroring,11,1,11,8
Kamui Kobayashi,155,348,2010,Hungaroring,11,15,23,9
Rubens Barrichello,22,348,2010,Hungaroring,11,3,12,10
Michael Schumacher,30,348,2010,Hungaroring,11,130,14,11
Sébastien Buemi,67,348,2010,Hungaroring,11,5,15,12
Vitantonio Liuzzi,24,348,2010,Hungaroring,11,10,16,13
Heikki Kovalainen,5,348,2010,Hungaroring,11,203,19,14
Jarno Trulli,15,348,2010,Hungaroring,11,203,20,15
Timo Glock,10,348,2010,Hungaroring,11,165,18,16
Bruno Senna,810,348,2010,Hungaroring,11,163,22,17
Lucas di Grassi,809,348,2010,Hungaroring,11,165,21,18
Sakon Yamamoto,29,348,2010,Hungaroring,11,163,24,19
Lewis Hamilton,1,349,2010,Circuit de Spa-Francorchamps,13,1,2,1
Mark Webber,17,349,2010,Circuit de Spa-Francorchamps,13,9,1,2
Robert Kubica,9,349,2010,Circuit de Spa-Francorchamps,13,4,3,3
Felipe Massa,13,349,2010,Circuit de Spa-Francorchamps,13,6,6,4
Adrian Sutil,16,349,2010,Circuit de Spa-Francorchamps,13,10,8,5
Nico Rosberg,3,349,2010,Circuit de Spa-Francorchamps,13,130,14,6
Michael Schumacher,30,349,2010,Circuit de Spa-Francorchamps,13,130,21,7
Kamui Kobayashi,155,349,2010,Circuit de Spa-Francorchamps,13,15,17,8
Vitaly Petrov,808,349,2010,Circuit de Spa-Francorchamps,13,4,23,9
Vitantonio Liuzzi,24,349,2010,Circuit de Spa-Francorchamps,13,10,12,10
Pedro de la Rosa,37,349,2010,Circuit de Spa-Francorchamps,13,15,24,11
Sébastien Buemi,67,349,2010,Circuit de Spa-Francorchamps,13,5,16,12
Jaime Alguersuari,153,349,2010,Circuit de Spa-Francorchamps,13,5,11,13
Nico Hülkenberg,807,349,2010,Circuit de Spa-Francorchamps,13,3,9,14
Sebastian Vettel,20,349,2010,Circuit de Spa-Francorchamps,13,9,4,15
Heikki Kovalainen,5,349,2010,Circuit de Spa-Francorchamps,13,203,13,16
Lucas di Grassi,809,349,2010,Circuit de Spa-Francorchamps,13,165,22,17
Timo Glock,10,349,2010,Circuit de Spa-Francorchamps,13,165,20,18
Jarno Trulli,15,349,2010,Circuit de Spa-Francorchamps,13,203,15,19
Sakon Yamamoto,29,349,2010,Circuit de Spa-Francorchamps,13,163,19,20
Fernando Alonso,4,350,2010,Autodromo Nazionale di Monza,14,6,1,1
Jenson Button,18,350,2010,Autodromo Nazionale di Monza,14,1,2,2
Felipe Massa,13,350,2010,Autodromo Nazionale di Monza,14,6,3,3
Sebastian Vettel,20,350,2010,Autodromo Nazionale di Monza,14,9,6,4
Nico Rosberg,3,350,2010,Autodromo Nazionale di Monza,14,130,7,5
Mark Webber,17,350,2010,Autodromo Nazionale di Monza,14,9,4,6
Nico Hülkenberg,807,350,2010,Autodromo Nazionale di Monza,14,3,8,7
Robert Kubica,9,350,2010,Autodromo Nazionale di Monza,14,4,9,8
Michael Schumacher,30,350,2010,Autodromo Nazionale di Monza,14,130,12,9
Rubens Barrichello,22,350,2010,Autodromo Nazionale di Monza,14,3,10,10
Sébastien Buemi,67,350,2010,Autodromo Nazionale di Monza,14,5,14,11
Vitantonio Liuzzi,24,350,2010,Autodromo Nazionale di Monza,14,10,19,12
Vitaly Petrov,808,350,2010,Autodromo Nazionale di Monza,14,4,20,13
Pedro de la Rosa,37,350,2010,Autodromo Nazionale di Monza,14,15,16,14
Jaime Alguersuari,153,350,2010,Autodromo Nazionale di Monza,14,5,15,15
Adrian Sutil,16,350,2010,Autodromo Nazionale di Monza,14,10,11,16
Timo Glock,10,350,2010,Autodromo Nazionale di Monza,14,165,24,17
Heikki Kovalainen,5,350,2010,Autodromo Nazionale di Monza,14,203,18,18
Sakon Yamamoto,29,350,2010,Autodromo Nazionale di Monza,14,163,23,19
Lucas di Grassi,809,350,2010,Autodromo Nazionale di Monza,14,165,21,20
Fernando Alonso,4,351,2010,Marina Bay Street Circuit,15,6,1,1
Sebastian Vettel,20,351,2010,Marina Bay Street Circuit,15,9,2,2
Mark Webber,17,351,2010,Marina Bay Street Circuit,15,9,5,3
Jenson Button,18,351,2010,Marina Bay Street Circuit,15,1,4,4
Nico Rosberg,3,351,2010,Marina Bay Street Circuit,15,130,7,5
Rubens Barrichello,22,351,2010,Marina Bay Street Circuit,15,3,6,6
Robert Kubica,9,351,2010,Marina Bay Street Circuit,15,4,8,7
Felipe Massa,13,351,2010,Marina Bay Street Circuit,15,6,24,8
Adrian Sutil,16,351,2010,Marina Bay Street Circuit,15,10,15,9
Nico Hülkenberg,807,351,2010,Marina Bay Street Circuit,15,3,17,10
Vitaly Petrov,808,351,2010,Marina Bay Street Circuit,15,4,12,11
Jaime Alguersuari,153,351,2010,Marina Bay Street Circuit,15,5,11,12
Michael Schumacher,30,351,2010,Marina Bay Street Circuit,15,130,9,13
Sébastien Buemi,67,351,2010,Marina Bay Street Circuit,15,5,13,14
Lucas di Grassi,809,351,2010,Marina Bay Street Circuit,15,165,20,15
Heikki Kovalainen,5,351,2010,Marina Bay Street Circuit,15,203,19,16
Sebastian Vettel,20,352,2010,Suzuka Circuit,22,9,1,1
Mark Webber,17,352,2010,Suzuka Circuit,22,9,2,2
Fernando Alonso,4,352,2010,Suzuka Circuit,22,6,4,3
Jenson Button,18,352,2010,Suzuka Circuit,22,1,5,4
Lewis Hamilton,1,352,2010,Suzuka Circuit,22,1,8,5
Michael Schumacher,30,352,2010,Suzuka Circuit,22,130,10,6
Kamui Kobayashi,155,352,2010,Suzuka Circuit,22,15,14,7
Nick Heidfeld,2,352,2010,Suzuka Circuit,22,15,11,8
Rubens Barrichello,22,352,2010,Suzuka Circuit,22,3,7,9
Sébastien Buemi,67,352,2010,Suzuka Circuit,22,5,18,10
Jaime Alguersuari,153,352,2010,Suzuka Circuit,22,5,16,11
Heikki Kovalainen,5,352,2010,Suzuka Circuit,22,203,20,12
Jarno Trulli,15,352,2010,Suzuka Circuit,22,203,19,13
Timo Glock,10,352,2010,Suzuka Circuit,22,165,22,14
Bruno Senna,810,352,2010,Suzuka Circuit,22,163,23,15
Sakon Yamamoto,29,352,2010,Suzuka Circuit,22,163,24,16
Fernando Alonso,4,353,2010,Korean International Circuit,35,6,3,1
Lewis Hamilton,1,353,2010,Korean International Circuit,35,1,4,2
Felipe Massa,13,353,2010,Korean International Circuit,35,6,6,3
Michael Schumacher,30,353,2010,Korean International Circuit,35,130,9,4
Robert Kubica,9,353,2010,Korean International Circuit,35,4,8,5
Vitantonio Liuzzi,24,353,2010,Korean International Circuit,35,10,17,6
Rubens Barrichello,22,353,2010,Korean International Circuit,35,3,10,7
Kamui Kobayashi,155,353,2010,Korean International Circuit,35,15,12,8
Nick Heidfeld,2,353,2010,Korean International Circuit,35,15,13,9
Nico Hülkenberg,807,353,2010,Korean International Circuit,35,3,11,10
Jaime Alguersuari,153,353,2010,Korean International Circuit,35,5,15,11
Jenson Button,18,353,2010,Korean International Circuit,35,1,7,12
Heikki Kovalainen,5,353,2010,Korean International Circuit,35,203,21,13
Bruno Senna,810,353,2010,Korean International Circuit,35,163,24,14
Sakon Yamamoto,29,353,2010,Korean International Circuit,35,163,23,15
Sebastian Vettel,20,354,2010,Autódromo José Carlos Pace,18,9,2,1
Mark Webber,17,354,2010,Autódromo José Carlos Pace,18,9,3,2
Fernando Alonso,4,354,2010,Autódromo José Carlos Pace,18,6,5,3
Lewis Hamilton,1,354,2010,Autódromo José Carlos Pace,18,1,4,4
Jenson Button,18,354,2010,Autódromo José Carlos Pace,18,1,11,5
Nico Rosberg,3,354,2010,Autódromo José Carlos Pace,18,130,13,6
Michael Schumacher,30,354,2010,Autódromo José Carlos Pace,18,130,8,7
Nico Hülkenberg,807,354,2010,Autódromo José Carlos Pace,18,3,1,8
Robert Kubica,9,354,2010,Autódromo José Carlos Pace,18,4,7,9
Kamui Kobayashi,155,354,2010,Autódromo José Carlos Pace,18,15,12,10
Jaime Alguersuari,153,354,2010,Autódromo José Carlos Pace,18,5,14,11
Adrian Sutil,16,354,2010,Autódromo José Carlos Pace,18,10,22,12
Sébastien Buemi,67,354,2010,Autódromo José Carlos Pace,18,5,19,13
Rubens Barrichello,22,354,2010,Autódromo José Carlos Pace,18,3,6,14
Felipe Massa,13,354,2010,Autódromo José Carlos Pace,18,6,9,15
Vitaly Petrov,808,354,2010,Autódromo José Carlos Pace,18,4,10,16
Nick Heidfeld,2,354,2010,Autódromo José Carlos Pace,18,15,15,17
Heikki Kovalainen,5,354,2010,Autódromo José Carlos Pace,18,203,20,18
Jarno Trulli,15,354,2010,Autódromo José Carlos Pace,18,203,18,19
Timo Glock,10,354,2010,Autódromo José Carlos Pace,18,165,17,20
Bruno Senna,810,354,2010,Autódromo José Carlos Pace,18,163,24,21
Christian Klien,32,354,2010,Autódromo José Carlos Pace,18,163,23,22
Sebastian Vettel,20,355,2010,Yas Marina Circuit,24,9,1,1
Lewis Hamilton,1,355,2010,Yas Marina Circuit,24,1,2,2
Jenson Button,18,355,2010,Yas Marina Circuit,24,1,4,3
Nico Rosberg,3,355,2010,Yas Marina Circuit,24,130,9,4
Robert Kubica,9,355,2010,Yas Marina Circuit,24,4,11,5
Vitaly Petrov,808,355,2010,Yas Marina Circuit,24,4,10,6
Fernando Alonso,4,355,2010,Yas Marina Circuit,24,6,3,7
Mark Webber,17,355,2010,Yas Marina Circuit,24,9,5,8
Jaime Alguersuari,153,355,2010,Yas Marina Circuit,24,5,17,9
Felipe Massa,13,355,2010,Yas Marina Circuit,24,6,6,10
Nick Heidfeld,2,355,2010,Yas Marina Circuit,24,15,14,11
Rubens Barrichello,22,355,2010,Yas Marina Circuit,24,3,7,12
Adrian Sutil,16,355,2010,Yas Marina Circuit,24,10,13,13
Kamui Kobayashi,155,355,2010,Yas Marina Circuit,24,15,12,14
Sébastien Buemi,67,355,2010,Yas Marina Circuit,24,5,18,15
Nico Hülkenberg,807,355,2010,Yas Marina Circuit,24,3,15,16
Heikki Kovalainen,5,355,2010,Yas Marina Circuit,24,203,20,17
Lucas di Grassi,809,355,2010,Yas Marina Circuit,24,165,22,18
Bruno Senna,810,355,2010,Yas Marina Circuit,24,163,23,19
Christian Klien,32,355,2010,Yas Marina Circuit,24,163,24,20
Jarno Trulli,15,355,2010,Yas Marina Circuit,24,203,19,21
Sebastian Vettel,20,840,2011,Albert Park Grand Prix Circuit,1,9,1,1
Lewis Hamilton,1,840,2011,Albert Park Grand Prix Circuit,1,1,2,2
Vitaly Petrov,808,840,2011,Albert Park Grand Prix Circuit,1,4,6,3
Fernando Alonso,4,840,2011,Albert Park Grand Prix Circuit,1,6,5,4
Mark Webber,17,840,2011,Albert Park Grand Prix Circuit,1,9,3,5
Jenson Button,18,840,2011,Albert Park Grand Prix Circuit,1,1,4,6
Felipe Massa,13,840,2011,Albert Park Grand Prix Circuit,1,6,8,7
Sébastien Buemi,67,840,2011,Albert Park Grand Prix Circuit,1,5,10,8
Adrian Sutil,16,840,2011,Albert Park Grand Prix Circuit,1,10,16,9
Paul di Resta,813,840,2011,Albert Park Grand Prix Circuit,1,10,14,10
Jaime Alguersuari,153,840,2011,Albert Park Grand Prix Circuit,1,5,12,11
Nick Heidfeld,2,840,2011,Albert Park Grand Prix Circuit,1,4,18,12
Jarno Trulli,15,840,2011,Albert Park Grand Prix Circuit,1,203,20,13
Jérôme d'Ambrosio,815,840,2011,Albert Park Grand Prix Circuit,1,165,22,14
Sebastian Vettel,20,841,2011,Sepang International Circuit,2,9,1,1
Jenson Button,18,841,2011,Sepang International Circuit,2,1,4,2
Nick Heidfeld,2,841,2011,Sepang International Circuit,2,4,6,3
Mark Webber,17,841,2011,Sepang International Circuit,2,9,3,4
Felipe Massa,13,841,2011,Sepang International Circuit,2,6,7,5
Fernando Alonso,4,841,2011,Sepang International Circuit,2,6,5,6
Kamui Kobayashi,155,841,2011,Sepang International Circuit,2,15,10,7
Lewis Hamilton,1,841,2011,Sepang International Circuit,2,1,2,8
Michael Schumacher,30,841,2011,Sepang International Circuit,2,130,11,9
Paul di Resta,813,841,2011,Sepang International Circuit,2,10,14,10
Adrian Sutil,16,841,2011,Sepang International Circuit,2,10,17,11
Nico Rosberg,3,841,2011,Sepang International Circuit,2,130,9,12
Sébastien Buemi,67,841,2011,Sepang International Circuit,2,5,12,13
Jaime Alguersuari,153,841,2011,Sepang International Circuit,2,5,13,14
Heikki Kovalainen,5,841,2011,Sepang International Circuit,2,203,19,15
Timo Glock,10,841,2011,Sepang International Circuit,2,165,21,16
Vitaly Petrov,808,841,2011,Sepang International Circuit,2,4,8,17
Lewis Hamilton,1,842,2011,Shanghai International Circuit,17,1,3,1
Sebastian Vettel,20,842,2011,Shanghai International Circuit,17,9,1,2
Mark Webber,17,842,2011,Shanghai International Circuit,17,9,18,3
Jenson Button,18,842,2011,Shanghai International Circuit,17,1,2,4
Nico Rosberg,3,842,2011,Shanghai International Circuit,17,130,4,5
Felipe Massa,13,842,2011,Shanghai International Circuit,17,6,6,6
Fernando Alonso,4,842,2011,Shanghai International Circuit,17,6,5,7
Michael Schumacher,30,842,2011,Shanghai International Circuit,17,130,14,8
Vitaly Petrov,808,842,2011,Shanghai International Circuit,17,4,10,9
Kamui Kobayashi,155,842,2011,Shanghai International Circuit,17,15,13,10
Paul di Resta,813,842,2011,Shanghai International Circuit,17,10,8,11
Nick Heidfeld,2,842,2011,Shanghai International Circuit,17,4,16,12
Rubens Barrichello,22,842,2011,Shanghai International Circuit,17,3,15,13
Sébastien Buemi,67,842,2011,Shanghai International Circuit,17,5,9,14
Adrian Sutil,16,842,2011,Shanghai International Circuit,17,10,11,15
Heikki Kovalainen,5,842,2011,Shanghai International Circuit,17,203,19,16
Sergio Pérez,814,842,2011,Shanghai International Circuit,17,15,12,17
Pastor Maldonado,812,842,2011,Shanghai International Circuit,17,3,17,18
Jarno Trulli,15,842,2011,Shanghai International Circuit,17,203,20,19
Jérôme d'Ambrosio,815,842,2011,Shanghai International Circuit,17,165,21,20
Timo Glock,10,842,2011,Shanghai International Circuit,17,165,22,21
Vitantonio Liuzzi,24,842,2011,Shanghai International Circuit,17,163,23,22
Narain Karthikeyan,39,842,2011,Shanghai International Circuit,17,163,24,23
Sebastian Vettel,20,843,2011,Istanbul Park,5,9,1,1
Mark Webber,17,843,2011,Istanbul Park,5,9,2,2
Fernando Alonso,4,843,2011,Istanbul Park,5,6,5,3
Lewis Hamilton,1,843,2011,Istanbul Park,5,1,4,4
Nico Rosberg,3,843,2011,Istanbul Park,5,130,3,5
Jenson Button,18,843,2011,Istanbul Park,5,1,6,6
Nick Heidfeld,2,843,2011,Istanbul Park,5,4,9,7
Vitaly Petrov,808,843,2011,Istanbul Park,5,4,7,8
Sébastien Buemi,67,843,2011,Istanbul Park,5,5,16,9
Kamui Kobayashi,155,843,2011,Istanbul Park,5,15,24,10
Felipe Massa,13,843,2011,Istanbul Park,5,6,10,11
Michael Schumacher,30,843,2011,Istanbul Park,5,130,8,12
Adrian Sutil,16,843,2011,Istanbul Park,5,10,12,13
Sergio Pérez,814,843,2011,Istanbul Park,5,15,15,14
Rubens Barrichello,22,843,2011,Istanbul Park,5,3,11,15
Jaime Alguersuari,153,843,2011,Istanbul Park,5,5,17,16
Pastor Maldonado,812,843,2011,Istanbul Park,5,3,14,17
Jarno Trulli,15,843,2011,Istanbul Park,5,203,19,18
Heikki Kovalainen,5,843,2011,Istanbul Park,5,203,18,19
Jérôme d'Ambrosio,815,843,2011,Istanbul Park,5,165,23,20
Narain Karthikeyan,39,843,2011,Istanbul Park,5,163,22,21
Vitantonio Liuzzi,24,843,2011,Istanbul Park,5,163,20,22
Sebastian Vettel,20,844,2011,Circuit de Barcelona-Catalunya,4,9,2,1
Lewis Hamilton,1,844,2011,Circuit de Barcelona-Catalunya,4,1,3,2
Jenson Button,18,844,2011,Circuit de Barcelona-Catalunya,4,1,5,3
Mark Webber,17,844,2011,Circuit de Barcelona-Catalunya,4,9,1,4
Fernando Alonso,4,844,2011,Circuit de Barcelona-Catalunya,4,6,4,5
Michael Schumacher,30,844,2011,Circuit de Barcelona-Catalunya,4,130,10,6
Nico Rosberg,3,844,2011,Circuit de Barcelona-Catalunya,4,130,7,7
Nick Heidfeld,2,844,2011,Circuit de Barcelona-Catalunya,4,4,24,8
Sergio Pérez,814,844,2011,Circuit de Barcelona-Catalunya,4,15,12,9
Kamui Kobayashi,155,844,2011,Circuit de Barcelona-Catalunya,4,15,14,10
Vitaly Petrov,808,844,2011,Circuit de Barcelona-Catalunya,4,4,6,11
Paul di Resta,813,844,2011,Circuit de Barcelona-Catalunya,4,10,16,12
Adrian Sutil,16,844,2011,Circuit de Barcelona-Catalunya,4,10,17,13
Sébastien Buemi,67,844,2011,Circuit de Barcelona-Catalunya,4,5,11,14
Pastor Maldonado,812,844,2011,Circuit de Barcelona-Catalunya,4,3,9,15
Jaime Alguersuari,153,844,2011,Circuit de Barcelona-Catalunya,4,5,13,16
Rubens Barrichello,22,844,2011,Circuit de Barcelona-Catalunya,4,3,19,17
Jarno Trulli,15,844,2011,Circuit de Barcelona-Catalunya,4,203,18,18
Timo Glock,10,844,2011,Circuit de Barcelona-Catalunya,4,165,20,19
Jérôme d'Ambrosio,815,844,2011,Circuit de Barcelona-Catalunya,4,165,23,20
Narain Karthikeyan,39,844,2011,Circuit de Barcelona-Catalunya,4,163,22,21
Sebastian Vettel,20,845,2011,Circuit de Monaco,6,9,1,1
Fernando Alonso,4,845,2011,Circuit de Monaco,6,6,4,2
Jenson Button,18,845,2011,Circuit de Monaco,6,1,2,3
Mark Webber,17,845,2011,Circuit de Monaco,6,9,3,4
Kamui Kobayashi,155,845,2011,Circuit de Monaco,6,15,12,5
Lewis Hamilton,1,845,2011,Circuit de Monaco,6,1,9,6
Adrian Sutil,16,845,2011,Circuit de Monaco,6,10,14,7
Nick Heidfeld,2,845,2011,Circuit de Monaco,6,4,15,8
Rubens Barrichello,22,845,2011,Circuit de Monaco,6,3,11,9
Sébastien Buemi,67,845,2011,Circuit de Monaco,6,5,16,10
Nico Rosberg,3,845,2011,Circuit de Monaco,6,130,7,11
Paul di Resta,813,845,2011,Circuit de Monaco,6,10,13,12
Jarno Trulli,15,845,2011,Circuit de Monaco,6,203,18,13
Heikki Kovalainen,5,845,2011,Circuit de Monaco,6,203,17,14
Jérôme d'Ambrosio,815,845,2011,Circuit de Monaco,6,165,21,15
Vitantonio Liuzzi,24,845,2011,Circuit de Monaco,6,163,23,16
Narain Karthikeyan,39,845,2011,Circuit de Monaco,6,163,22,17
Pastor Maldonado,812,845,2011,Circuit de Monaco,6,3,8,18
Jenson Button,18,846,2011,Circuit Gilles Villeneuve,7,1,7,1
Sebastian Vettel,20,846,2011,Circuit Gilles Villeneuve,7,9,1,2
Mark Webber,17,846,2011,Circuit Gilles Villeneuve,7,9,4,3
Michael Schumacher,30,846,2011,Circuit Gilles Villeneuve,7,130,8,4
Vitaly Petrov,808,846,2011,Circuit Gilles Villeneuve,7,4,10,5
Felipe Massa,13,846,2011,Circuit Gilles Villeneuve,7,6,3,6
Kamui Kobayashi,155,846,2011,Circuit Gilles Villeneuve,7,15,13,7
Jaime Alguersuari,153,846,2011,Circuit Gilles Villeneuve,7,5,24,8
Rubens Barrichello,22,846,2011,Circuit Gilles Villeneuve,7,3,16,9
Sébastien Buemi,67,846,2011,Circuit Gilles Villeneuve,7,5,15,10
Nico Rosberg,3,846,2011,Circuit Gilles Villeneuve,7,130,6,11
Pedro de la Rosa,37,846,2011,Circuit Gilles Villeneuve,7,15,17,12
Vitantonio Liuzzi,24,846,2011,Circuit Gilles Villeneuve,7,163,20,13
Narain Karthikeyan,39,846,2011,Circuit Gilles Villeneuve,7,163,22,14
Jérôme d'Ambrosio,815,846,2011,Circuit Gilles Villeneuve,7,165,23,15
Timo Glock,10,846,2011,Circuit Gilles Villeneuve,7,165,21,16
Jarno Trulli,15,846,2011,Circuit Gilles Villeneuve,7,203,18,17
Paul di Resta,813,846,2011,Circuit Gilles Villeneuve,7,10,11,18
Sebastian Vettel,20,847,2011,Valencia Street Circuit,12,9,1,1
Fernando Alonso,4,847,2011,Valencia Street Circuit,12,6,4,2
Mark Webber,17,847,2011,Valencia Street Circuit,12,9,2,3
Lewis Hamilton,1,847,2011,Valencia Street Circuit,12,1,3,4
Felipe Massa,13,847,2011,Valencia Street Circuit,12,6,5,5
Jenson Button,18,847,2011,Valencia Street Circuit,12,1,6,6
Nico Rosberg,3,847,2011,Valencia Street Circuit,12,130,7,7
Jaime Alguersuari,153,847,2011,Valencia Street Circuit,12,5,18,8
Adrian Sutil,16,847,2011,Valencia Street Circuit,12,10,10,9
Nick Heidfeld,2,847,2011,Valencia Street Circuit,12,4,9,10
Sergio Pérez,814,847,2011,Valencia Street Circuit,12,15,16,11
Rubens Barrichello,22,847,2011,Valencia Street Circuit,12,3,13,12
Sébastien Buemi,67,847,2011,Valencia Street Circuit,12,5,17,13
Paul di Resta,813,847,2011,Valencia Street Circuit,12,10,12,14
Vitaly Petrov,808,847,2011,Valencia Street Circuit,12,4,11,15
Kamui Kobayashi,155,847,2011,Valencia Street Circuit,12,15,14,16
Michael Schumacher,30,847,2011,Valencia Street Circuit,12,130,8,17
Pastor Maldonado,812,847,2011,Valencia Street Circuit,12,3,15,18
Heikki Kovalainen,5,847,2011,Valencia Street Circuit,12,203,19,19
Jarno Trulli,15,847,2011,Valencia Street Circuit,12,203,20,20
Timo Glock,10,847,2011,Valencia Street Circuit,12,165,21,21
Jérôme d'Ambrosio,815,847,2011,Valencia Street Circuit,12,165,23,22
Vitantonio Liuzzi,24,847,2011,Valencia Street Circuit,12,163,22,23
Narain Karthikeyan,39,847,2011,Valencia Street Circuit,12,163,24,24
Fernando Alonso,4,848,2011,Silverstone Circuit,9,6,3,1
Sebastian Vettel,20,848,2011,Silverstone Circuit,9,9,2,2
Mark Webber,17,848,2011,Silverstone Circuit,9,9,1,3
Lewis Hamilton,1,848,2011,Silverstone Circuit,9,1,10,4
Felipe Massa,13,848,2011,Silverstone Circuit,9,6,4,5
Nico Rosberg,3,848,2011,Silverstone Circuit,9,130,9,6
Sergio Pérez,814,848,2011,Silverstone Circuit,9,15,12,7
Nick Heidfeld,2,848,2011,Silverstone Circuit,9,4,16,8
Michael Schumacher,30,848,2011,Silverstone Circuit,9,130,13,9
Jaime Alguersuari,153,848,2011,Silverstone Circuit,9,5,18,10
Adrian Sutil,16,848,2011,Silverstone Circuit,9,10,11,11
Vitaly Petrov,808,848,2011,Silverstone Circuit,9,4,14,12
Rubens Barrichello,22,848,2011,Silverstone Circuit,9,3,15,13
Pastor Maldonado,812,848,2011,Silverstone Circuit,9,3,7,14
Paul di Resta,813,848,2011,Silverstone Circuit,9,10,6,15
Timo Glock,10,848,2011,Silverstone Circuit,9,165,20,16
Jérôme d'Ambrosio,815,848,2011,Silverstone Circuit,9,165,22,17
Vitantonio Liuzzi,24,848,2011,Silverstone Circuit,9,163,23,18
Daniel Ricciardo,816,848,2011,Silverstone Circuit,9,163,24,19
Lewis Hamilton,1,849,2011,Nürburgring,20,1,2,1
Fernando Alonso,4,849,2011,Nürburgring,20,6,4,2
Mark Webber,17,849,2011,Nürburgring,20,9,1,3
Sebastian Vettel,20,849,2011,Nürburgring,20,9,3,4
Felipe Massa,13,849,2011,Nürburgring,20,6,5,5
Adrian Sutil,16,849,2011,Nürburgring,20,10,8,6
Nico Rosberg,3,849,2011,Nürburgring,20,130,6,7
Michael Schumacher,30,849,2011,Nürburgring,20,130,10,8
Kamui Kobayashi,155,849,2011,Nürburgring,20,15,17,9
Vitaly Petrov,808,849,2011,Nürburgring,20,4,9,10
Sergio Pérez,814,849,2011,Nürburgring,20,15,15,11
Jaime Alguersuari,153,849,2011,Nürburgring,20,5,16,12
Paul di Resta,813,849,2011,Nürburgring,20,10,12,13
Pastor Maldonado,812,849,2011,Nürburgring,20,3,13,14
Sébastien Buemi,67,849,2011,Nürburgring,20,5,24,15
Heikki Kovalainen,5,849,2011,Nürburgring,20,203,18,16
Timo Glock,10,849,2011,Nürburgring,20,165,19,17
Jérôme d'Ambrosio,815,849,2011,Nürburgring,20,165,21,18
Daniel Ricciardo,816,849,2011,Nürburgring,20,163,22,19
Karun Chandhok,811,849,2011,Nürburgring,20,203,20,20
Jenson Button,18,850,2011,Hungaroring,11,1,3,1
Sebastian Vettel,20,850,2011,Hungaroring,11,9,1,2
Fernando Alonso,4,850,2011,Hungaroring,11,6,5,3
Lewis Hamilton,1,850,2011,Hungaroring,11,1,2,4
Mark Webber,17,850,2011,Hungaroring,11,9,6,5
Felipe Massa,13,850,2011,Hungaroring,11,6,4,6
Paul di Resta,813,850,2011,Hungaroring,11,10,11,7
Sébastien Buemi,67,850,2011,Hungaroring,11,5,23,8
Nico Rosberg,3,850,2011,Hungaroring,11,130,7,9
Jaime Alguersuari,153,850,2011,Hungaroring,11,5,16,10
Kamui Kobayashi,155,850,2011,Hungaroring,11,15,13,11
Vitaly Petrov,808,850,2011,Hungaroring,11,4,12,12
Rubens Barrichello,22,850,2011,Hungaroring,11,3,15,13
Adrian Sutil,16,850,2011,Hungaroring,11,10,8,14
Sergio Pérez,814,850,2011,Hungaroring,11,15,10,15
Pastor Maldonado,812,850,2011,Hungaroring,11,3,17,16
Timo Glock,10,850,2011,Hungaroring,11,165,20,17
Daniel Ricciardo,816,850,2011,Hungaroring,11,163,22,18
Jérôme d'Ambrosio,815,850,2011,Hungaroring,11,165,24,19
Vitantonio Liuzzi,24,850,2011,Hungaroring,11,163,21,20
Sebastian Vettel,20,851,2011,Circuit de Spa-Francorchamps,13,9,1,1
Mark Webber,17,851,2011,Circuit de Spa-Francorchamps,13,9,3,2
Jenson Button,18,851,2011,Circuit de Spa-Francorchamps,13,1,13,3
Fernando Alonso,4,851,2011,Circuit de Spa-Francorchamps,13,6,8,4
Michael Schumacher,30,851,2011,Circuit de Spa-Francorchamps,13,130,24,5
Nico Rosberg,3,851,2011,Circuit de Spa-Francorchamps,13,130,5,6
Adrian Sutil,16,851,2011,Circuit de Spa-Francorchamps,13,10,15,7
Felipe Massa,13,851,2011,Circuit de Spa-Francorchamps,13,6,4,8
Vitaly Petrov,808,851,2011,Circuit de Spa-Francorchamps,13,4,10,9
Pastor Maldonado,812,851,2011,Circuit de Spa-Francorchamps,13,3,21,10
Paul di Resta,813,851,2011,Circuit de Spa-Francorchamps,13,10,17,11
Kamui Kobayashi,155,851,2011,Circuit de Spa-Francorchamps,13,15,12,12
Bruno Senna,810,851,2011,Circuit de Spa-Francorchamps,13,4,7,13
Jarno Trulli,15,851,2011,Circuit de Spa-Francorchamps,13,203,18,14
Heikki Kovalainen,5,851,2011,Circuit de Spa-Francorchamps,13,203,16,15
Rubens Barrichello,22,851,2011,Circuit de Spa-Francorchamps,13,3,14,16
Jérôme d'Ambrosio,815,851,2011,Circuit de Spa-Francorchamps,13,165,20,17
Timo Glock,10,851,2011,Circuit de Spa-Francorchamps,13,165,19,18
Vitantonio Liuzzi,24,851,2011,Circuit de Spa-Francorchamps,13,163,22,19
Sebastian Vettel,20,852,2011,Autodromo Nazionale di Monza,14,9,1,1
Jenson Button,18,852,2011,Autodromo Nazionale di Monza,14,1,3,2
Fernando Alonso,4,852,2011,Autodromo Nazionale di Monza,14,6,4,3
Lewis Hamilton,1,852,2011,Autodromo Nazionale di Monza,14,1,2,4
Michael Schumacher,30,852,2011,Autodromo Nazionale di Monza,14,130,8,5
Felipe Massa,13,852,2011,Autodromo Nazionale di Monza,14,6,6,6
Jaime Alguersuari,153,852,2011,Autodromo Nazionale di Monza,14,5,18,7
Paul di Resta,813,852,2011,Autodromo Nazionale di Monza,14,10,11,8
Bruno Senna,810,852,2011,Autodromo Nazionale di Monza,14,4,10,9
Sébastien Buemi,67,852,2011,Autodromo Nazionale di Monza,14,5,16,10
Pastor Maldonado,812,852,2011,Autodromo Nazionale di Monza,14,3,14,11
Rubens Barrichello,22,852,2011,Autodromo Nazionale di Monza,14,3,13,12
Heikki Kovalainen,5,852,2011,Autodromo Nazionale di Monza,14,203,20,13
Jarno Trulli,15,852,2011,Autodromo Nazionale di Monza,14,203,19,14
Timo Glock,10,852,2011,Autodromo Nazionale di Monza,14,165,21,15
Sebastian Vettel,20,853,2011,Marina Bay Street Circuit,15,9,1,1
Jenson Button,18,853,2011,Marina Bay Street Circuit,15,1,3,2
Mark Webber,17,853,2011,Marina Bay Street Circuit,15,9,2,3
Fernando Alonso,4,853,2011,Marina Bay Street Circuit,15,6,5,4
Lewis Hamilton,1,853,2011,Marina Bay Street Circuit,15,1,4,5
Paul di Resta,813,853,2011,Marina Bay Street Circuit,15,10,10,6
Nico Rosberg,3,853,2011,Marina Bay Street Circuit,15,130,7,7
Adrian Sutil,16,853,2011,Marina Bay Street Circuit,15,10,9,8
Felipe Massa,13,853,2011,Marina Bay Street Circuit,15,6,6,9
Sergio Pérez,814,853,2011,Marina Bay Street Circuit,15,15,11,10
Pastor Maldonado,812,853,2011,Marina Bay Street Circuit,15,3,13,11
Sébastien Buemi,67,853,2011,Marina Bay Street Circuit,15,5,14,12
Rubens Barrichello,22,853,2011,Marina Bay Street Circuit,15,3,12,13
Kamui Kobayashi,155,853,2011,Marina Bay Street Circuit,15,15,17,14
Bruno Senna,810,853,2011,Marina Bay Street Circuit,15,4,15,15
Heikki Kovalainen,5,853,2011,Marina Bay Street Circuit,15,203,19,16
Vitaly Petrov,808,853,2011,Marina Bay Street Circuit,15,4,18,17
Jérôme d'Ambrosio,815,853,2011,Marina Bay Street Circuit,15,165,22,18
Daniel Ricciardo,816,853,2011,Marina Bay Street Circuit,15,163,23,19
Vitantonio Liuzzi,24,853,2011,Marina Bay Street Circuit,15,163,24,20
Jaime Alguersuari,153,853,2011,Marina Bay Street Circuit,15,5,16,21
Jenson Button,18,854,2011,Suzuka Circuit,22,1,2,1
Fernando Alonso,4,854,2011,Suzuka Circuit,22,6,5,2
Sebastian Vettel,20,854,2011,Suzuka Circuit,22,9,1,3
Mark Webber,17,854,2011,Suzuka Circuit,22,9,6,4
Lewis Hamilton,1,854,2011,Suzuka Circuit,22,1,3,5
Michael Schumacher,30,854,2011,Suzuka Circuit,22,130,8,6
Felipe Massa,13,854,2011,Suzuka Circuit,22,6,4,7
Sergio Pérez,814,854,2011,Suzuka Circuit,22,15,17,8
Vitaly Petrov,808,854,2011,Suzuka Circuit,22,4,10,9
Nico Rosberg,3,854,2011,Suzuka Circuit,22,130,23,10
Adrian Sutil,16,854,2011,Suzuka Circuit,22,10,11,11
Paul di Resta,813,854,2011,Suzuka Circuit,22,10,12,12
Kamui Kobayashi,155,854,2011,Suzuka Circuit,22,15,7,13
Pastor Maldonado,812,854,2011,Suzuka Circuit,22,3,14,14
Jaime Alguersuari,153,854,2011,Suzuka Circuit,22,5,16,15
Bruno Senna,810,854,2011,Suzuka Circuit,22,4,9,16
Rubens Barrichello,22,854,2011,Suzuka Circuit,22,3,13,17
Heikki Kovalainen,5,854,2011,Suzuka Circuit,22,203,18,18
Jarno Trulli,15,854,2011,Suzuka Circuit,22,203,19,19
Timo Glock,10,854,2011,Suzuka Circuit,22,165,21,20
Jérôme d'Ambrosio,815,854,2011,Suzuka Circuit,22,165,20,21
Daniel Ricciardo,816,854,2011,Suzuka Circuit,22,163,22,22
Vitantonio Liuzzi,24,854,2011,Suzuka Circuit,22,163,24,23
Sebastian Vettel,20,855,2011,Korean International Circuit,35,9,2,1
Lewis Hamilton,1,855,2011,Korean International Circuit,35,1,1,2
Mark Webber,17,855,2011,Korean International Circuit,35,9,4,3
Jenson Button,18,855,2011,Korean International Circuit,35,1,3,4
Fernando Alonso,4,855,2011,Korean International Circuit,35,6,6,5
Felipe Massa,13,855,2011,Korean International Circuit,35,6,5,6
Jaime Alguersuari,153,855,2011,Korean International Circuit,35,5,11,7
Nico Rosberg,3,855,2011,Korean International Circuit,35,130,7,8
Sébastien Buemi,67,855,2011,Korean International Circuit,35,5,13,9
Paul di Resta,813,855,2011,Korean International Circuit,35,10,9,10
Adrian Sutil,16,855,2011,Korean International Circuit,35,10,10,11
Rubens Barrichello,22,855,2011,Korean International Circuit,35,3,18,12
Bruno Senna,810,855,2011,Korean International Circuit,35,4,15,13
Heikki Kovalainen,5,855,2011,Korean International Circuit,35,203,19,14
Kamui Kobayashi,155,855,2011,Korean International Circuit,35,15,14,15
Sergio Pérez,814,855,2011,Korean International Circuit,35,15,17,16
Jarno Trulli,15,855,2011,Korean International Circuit,35,203,20,17
Timo Glock,10,855,2011,Korean International Circuit,35,165,21,18
Daniel Ricciardo,816,855,2011,Korean International Circuit,35,163,24,19
Jérôme d'Ambrosio,815,855,2011,Korean International Circuit,35,165,22,20
Vitantonio Liuzzi,24,855,2011,Korean International Circuit,35,163,23,21
Sebastian Vettel,20,856,2011,Buddh International Circuit,68,9,1,1
Jenson Button,18,856,2011,Buddh International Circuit,68,1,4,2
Fernando Alonso,4,856,2011,Buddh International Circuit,68,6,3,3
Mark Webber,17,856,2011,Buddh International Circuit,68,9,2,4
Michael Schumacher,30,856,2011,Buddh International Circuit,68,130,11,5
Nico Rosberg,3,856,2011,Buddh International Circuit,68,130,7,6
Lewis Hamilton,1,856,2011,Buddh International Circuit,68,1,5,7
Jaime Alguersuari,153,856,2011,Buddh International Circuit,68,5,10,8
Adrian Sutil,16,856,2011,Buddh International Circuit,68,10,8,9
Sergio Pérez,814,856,2011,Buddh International Circuit,68,15,20,10
Vitaly Petrov,808,856,2011,Buddh International Circuit,68,4,16,11
Bruno Senna,810,856,2011,Buddh International Circuit,68,4,14,12
Paul di Resta,813,856,2011,Buddh International Circuit,68,10,12,13
Heikki Kovalainen,5,856,2011,Buddh International Circuit,68,203,18,14
Rubens Barrichello,22,856,2011,Buddh International Circuit,68,3,15,15
Jérôme d'Ambrosio,815,856,2011,Buddh International Circuit,68,165,21,16
Narain Karthikeyan,39,856,2011,Buddh International Circuit,68,163,24,17
Daniel Ricciardo,816,856,2011,Buddh International Circuit,68,163,23,18
Jarno Trulli,15,856,2011,Buddh International Circuit,68,203,19,19
Lewis Hamilton,1,857,2011,Yas Marina Circuit,24,1,2,1
Fernando Alonso,4,857,2011,Yas Marina Circuit,24,6,5,2
Jenson Button,18,857,2011,Yas Marina Circuit,24,1,3,3
Mark Webber,17,857,2011,Yas Marina Circuit,24,9,4,4
Felipe Massa,13,857,2011,Yas Marina Circuit,24,6,6,5
Nico Rosberg,3,857,2011,Yas Marina Circuit,24,130,7,6
Michael Schumacher,30,857,2011,Yas Marina Circuit,24,130,8,7
Adrian Sutil,16,857,2011,Yas Marina Circuit,24,10,9,8
Paul di Resta,813,857,2011,Yas Marina Circuit,24,10,10,9
Kamui Kobayashi,155,857,2011,Yas Marina Circuit,24,15,16,10
Sergio Pérez,814,857,2011,Yas Marina Circuit,24,15,11,11
Rubens Barrichello,22,857,2011,Yas Marina Circuit,24,3,24,12
Vitaly Petrov,808,857,2011,Yas Marina Circuit,24,4,12,13
Pastor Maldonado,812,857,2011,Yas Marina Circuit,24,3,23,14
Jaime Alguersuari,153,857,2011,Yas Marina Circuit,24,5,15,15
Bruno Senna,810,857,2011,Yas Marina Circuit,24,4,14,16
Heikki Kovalainen,5,857,2011,Yas Marina Circuit,24,203,17,17
Jarno Trulli,15,857,2011,Yas Marina Circuit,24,203,18,18
Timo Glock,10,857,2011,Yas Marina Circuit,24,165,19,19
Vitantonio Liuzzi,24,857,2011,Yas Marina Circuit,24,163,22,20
Mark Webber,17,858,2011,Autódromo José Carlos Pace,18,9,2,1
Sebastian Vettel,20,858,2011,Autódromo José Carlos Pace,18,9,1,2
Jenson Button,18,858,2011,Autódromo José Carlos Pace,18,1,3,3
Fernando Alonso,4,858,2011,Autódromo José Carlos Pace,18,6,5,4
Felipe Massa,13,858,2011,Autódromo José Carlos Pace,18,6,7,5
Adrian Sutil,16,858,2011,Autódromo José Carlos Pace,18,10,8,6
Nico Rosberg,3,858,2011,Autódromo José Carlos Pace,18,130,6,7
Paul di Resta,813,858,2011,Autódromo José Carlos Pace,18,10,11,8
Kamui Kobayashi,155,858,2011,Autódromo José Carlos Pace,18,15,16,9
Vitaly Petrov,808,858,2011,Autódromo José Carlos Pace,18,4,15,10
Jaime Alguersuari,153,858,2011,Autódromo José Carlos Pace,18,5,13,11
Sébastien Buemi,67,858,2011,Autódromo José Carlos Pace,18,5,14,12
Sergio Pérez,814,858,2011,Autódromo José Carlos Pace,18,15,17,13
Rubens Barrichello,22,858,2011,Autódromo José Carlos Pace,18,3,12,14
Michael Schumacher,30,858,2011,Autódromo José Carlos Pace,18,130,10,15
Heikki Kovalainen,5,858,2011,Autódromo José Carlos Pace,18,203,19,16
Bruno Senna,810,858,2011,Autódromo José Carlos Pace,18,4,9,17
Jarno Trulli,15,858,2011,Autódromo José Carlos Pace,18,203,20,18
Jérôme d'Ambrosio,815,858,2011,Autódromo José Carlos Pace,18,165,23,19
Daniel Ricciardo,816,858,2011,Autódromo José Carlos Pace,18,163,22,20
Jenson Button,18,859,2012,Albert Park Grand Prix Circuit,1,1,2,1
Sebastian Vettel,20,859,2012,Albert Park Grand Prix Circuit,1,9,6,2
Lewis Hamilton,1,859,2012,Albert Park Grand Prix Circuit,1,1,1,3
Mark Webber,17,859,2012,Albert Park Grand Prix Circuit,1,9,5,4
Fernando Alonso,4,859,2012,Albert Park Grand Prix Circuit,1,6,12,5
Kamui Kobayashi,155,859,2012,Albert Park Grand Prix Circuit,1,15,13,6
Kimi Räikkönen,8,859,2012,Albert Park Grand Prix Circuit,1,206,17,7
Sergio Pérez,814,859,2012,Albert Park Grand Prix Circuit,1,15,22,8
Daniel Ricciardo,816,859,2012,Albert Park Grand Prix Circuit,1,5,10,9
Paul di Resta,813,859,2012,Albert Park Grand Prix Circuit,1,10,15,10
Jean-Éric Vergne,817,859,2012,Albert Park Grand Prix Circuit,1,5,11,11
Nico Rosberg,3,859,2012,Albert Park Grand Prix Circuit,1,130,7,12
Pastor Maldonado,812,859,2012,Albert Park Grand Prix Circuit,1,3,8,13
Timo Glock,10,859,2012,Albert Park Grand Prix Circuit,1,204,20,14
Charles Pic,818,859,2012,Albert Park Grand Prix Circuit,1,204,21,15
Bruno Senna,810,859,2012,Albert Park Grand Prix Circuit,1,3,14,16
Fernando Alonso,4,860,2012,Sepang International Circuit,2,6,8,1
Sergio Pérez,814,860,2012,Sepang International Circuit,2,15,9,2
Lewis Hamilton,1,860,2012,Sepang International Circuit,2,1,1,3
Mark Webber,17,860,2012,Sepang International Circuit,2,9,4,4
Kimi Räikkönen,8,860,2012,Sepang International Circuit,2,206,10,5
Bruno Senna,810,860,2012,Sepang International Circuit,2,3,13,6
Paul di Resta,813,860,2012,Sepang International Circuit,2,10,14,7
Jean-Éric Vergne,817,860,2012,Sepang International Circuit,2,5,18,8
Nico Hülkenberg,807,860,2012,Sepang International Circuit,2,10,16,9
Michael Schumacher,30,860,2012,Sepang International Circuit,2,130,3,10
Sebastian Vettel,20,860,2012,Sepang International Circuit,2,9,5,11
Daniel Ricciardo,816,860,2012,Sepang International Circuit,2,5,15,12
Nico Rosberg,3,860,2012,Sepang International Circuit,2,130,7,13
Jenson Button,18,860,2012,Sepang International Circuit,2,1,2,14
Felipe Massa,13,860,2012,Sepang International Circuit,2,6,12,15
Vitaly Petrov,808,860,2012,Sepang International Circuit,2,205,19,16
Timo Glock,10,860,2012,Sepang International Circuit,2,204,20,17
Heikki Kovalainen,5,860,2012,Sepang International Circuit,2,205,24,18
Pastor Maldonado,812,860,2012,Sepang International Circuit,2,3,11,19
Charles Pic,818,860,2012,Sepang International Circuit,2,204,21,20
Narain Karthikeyan,39,860,2012,Sepang International Circuit,2,163,23,21
Pedro de la Rosa,37,860,2012,Sepang International Circuit,2,163,22,22
Nico Rosberg,3,861,2012,Shanghai International Circuit,17,130,1,1
Jenson Button,18,861,2012,Shanghai International Circuit,17,1,5,2
Lewis Hamilton,1,861,2012,Shanghai International Circuit,17,1,7,3
Mark Webber,17,861,2012,Shanghai International Circuit,17,9,6,4
Sebastian Vettel,20,861,2012,Shanghai International Circuit,17,9,11,5
Romain Grosjean,154,861,2012,Shanghai International Circuit,17,206,10,6
Bruno Senna,810,861,2012,Shanghai International Circuit,17,3,14,7
Pastor Maldonado,812,861,2012,Shanghai International Circuit,17,3,13,8
Fernando Alonso,4,861,2012,Shanghai International Circuit,17,6,9,9
Kamui Kobayashi,155,861,2012,Shanghai International Circuit,17,15,3,10
Sergio Pérez,814,861,2012,Shanghai International Circuit,17,15,8,11
Paul di Resta,813,861,2012,Shanghai International Circuit,17,10,15,12
Felipe Massa,13,861,2012,Shanghai International Circuit,17,6,12,13
Kimi Räikkönen,8,861,2012,Shanghai International Circuit,17,206,4,14
Nico Hülkenberg,807,861,2012,Shanghai International Circuit,17,10,16,15
Jean-Éric Vergne,817,861,2012,Shanghai International Circuit,17,5,24,16
Daniel Ricciardo,816,861,2012,Shanghai International Circuit,17,5,17,17
Vitaly Petrov,808,861,2012,Shanghai International Circuit,17,205,19,18
Timo Glock,10,861,2012,Shanghai International Circuit,17,204,20,19
Charles Pic,818,861,2012,Shanghai International Circuit,17,204,21,20
Pedro de la Rosa,37,861,2012,Shanghai International Circuit,17,163,22,21
Narain Karthikeyan,39,861,2012,Shanghai International Circuit,17,163,23,22
Heikki Kovalainen,5,861,2012,Shanghai International Circuit,17,205,18,23
Sebastian Vettel,20,862,2012,Bahrain International Circuit,3,9,1,1
Kimi Räikkönen,8,862,2012,Bahrain International Circuit,3,206,11,2
Romain Grosjean,154,862,2012,Bahrain International Circuit,3,206,7,3
Mark Webber,17,862,2012,Bahrain International Circuit,3,9,3,4
Nico Rosberg,3,862,2012,Bahrain International Circuit,3,130,5,5
Paul di Resta,813,862,2012,Bahrain International Circuit,3,10,10,6
Fernando Alonso,4,862,2012,Bahrain International Circuit,3,6,9,7
Lewis Hamilton,1,862,2012,Bahrain International Circuit,3,1,2,8
Felipe Massa,13,862,2012,Bahrain International Circuit,3,6,14,9
Michael Schumacher,30,862,2012,Bahrain International Circuit,3,130,22,10
Sergio Pérez,814,862,2012,Bahrain International Circuit,3,15,8,11
Nico Hülkenberg,807,862,2012,Bahrain International Circuit,3,10,13,12
Kamui Kobayashi,155,862,2012,Bahrain International Circuit,3,15,12,13
Jean-Éric Vergne,817,862,2012,Bahrain International Circuit,3,5,17,14
Daniel Ricciardo,816,862,2012,Bahrain International Circuit,3,5,6,15
Vitaly Petrov,808,862,2012,Bahrain International Circuit,3,205,18,16
Heikki Kovalainen,5,862,2012,Bahrain International Circuit,3,205,16,17
Jenson Button,18,862,2012,Bahrain International Circuit,3,1,4,18
Timo Glock,10,862,2012,Bahrain International Circuit,3,204,23,19
Pedro de la Rosa,37,862,2012,Bahrain International Circuit,3,163,20,20
Narain Karthikeyan,39,862,2012,Bahrain International Circuit,3,163,24,21
Bruno Senna,810,862,2012,Bahrain International Circuit,3,3,15,22
Pastor Maldonado,812,863,2012,Circuit de Barcelona-Catalunya,4,3,1,1
Fernando Alonso,4,863,2012,Circuit de Barcelona-Catalunya,4,6,2,2
Kimi Räikkönen,8,863,2012,Circuit de Barcelona-Catalunya,4,206,4,3
Romain Grosjean,154,863,2012,Circuit de Barcelona-Catalunya,4,206,3,4
Kamui Kobayashi,155,863,2012,Circuit de Barcelona-Catalunya,4,15,9,5
Sebastian Vettel,20,863,2012,Circuit de Barcelona-Catalunya,4,9,7,6
Nico Rosberg,3,863,2012,Circuit de Barcelona-Catalunya,4,130,6,7
Lewis Hamilton,1,863,2012,Circuit de Barcelona-Catalunya,4,1,24,8
Jenson Button,18,863,2012,Circuit de Barcelona-Catalunya,4,1,10,9
Nico Hülkenberg,807,863,2012,Circuit de Barcelona-Catalunya,4,10,13,10
Mark Webber,17,863,2012,Circuit de Barcelona-Catalunya,4,9,11,11
Jean-Éric Vergne,817,863,2012,Circuit de Barcelona-Catalunya,4,5,14,12
Daniel Ricciardo,816,863,2012,Circuit de Barcelona-Catalunya,4,5,15,13
Paul di Resta,813,863,2012,Circuit de Barcelona-Catalunya,4,10,12,14
Felipe Massa,13,863,2012,Circuit de Barcelona-Catalunya,4,6,16,15
Heikki Kovalainen,5,863,2012,Circuit de Barcelona-Catalunya,4,205,19,16
Vitaly Petrov,808,863,2012,Circuit de Barcelona-Catalunya,4,205,18,17
Timo Glock,10,863,2012,Circuit de Barcelona-Catalunya,4,204,21,18
Pedro de la Rosa,37,863,2012,Circuit de Barcelona-Catalunya,4,163,22,19
Mark Webber,17,864,2012,Circuit de Monaco,6,9,1,1
Nico Rosberg,3,864,2012,Circuit de Monaco,6,130,2,2
Fernando Alonso,4,864,2012,Circuit de Monaco,6,6,5,3
Sebastian Vettel,20,864,2012,Circuit de Monaco,6,9,9,4
Lewis Hamilton,1,864,2012,Circuit de Monaco,6,1,3,5
Felipe Massa,13,864,2012,Circuit de Monaco,6,6,7,6
Paul di Resta,813,864,2012,Circuit de Monaco,6,10,14,7
Nico Hülkenberg,807,864,2012,Circuit de Monaco,6,10,10,8
Kimi Räikkönen,8,864,2012,Circuit de Monaco,6,206,8,9
Bruno Senna,810,864,2012,Circuit de Monaco,6,3,13,10
Sergio Pérez,814,864,2012,Circuit de Monaco,6,15,23,11
Jean-Éric Vergne,817,864,2012,Circuit de Monaco,6,5,16,12
Heikki Kovalainen,5,864,2012,Circuit de Monaco,6,205,17,13
Timo Glock,10,864,2012,Circuit de Monaco,6,204,19,14
Narain Karthikeyan,39,864,2012,Circuit de Monaco,6,163,22,15
Jenson Button,18,864,2012,Circuit de Monaco,6,1,12,16
Lewis Hamilton,1,865,2012,Circuit Gilles Villeneuve,7,1,2,1
Romain Grosjean,154,865,2012,Circuit Gilles Villeneuve,7,206,7,2
Sergio Pérez,814,865,2012,Circuit Gilles Villeneuve,7,15,15,3
Sebastian Vettel,20,865,2012,Circuit Gilles Villeneuve,7,9,1,4
Fernando Alonso,4,865,2012,Circuit Gilles Villeneuve,7,6,3,5
Nico Rosberg,3,865,2012,Circuit Gilles Villeneuve,7,130,5,6
Mark Webber,17,865,2012,Circuit Gilles Villeneuve,7,9,4,7
Kimi Räikkönen,8,865,2012,Circuit Gilles Villeneuve,7,206,12,8
Kamui Kobayashi,155,865,2012,Circuit Gilles Villeneuve,7,15,11,9
Felipe Massa,13,865,2012,Circuit Gilles Villeneuve,7,6,6,10
Paul di Resta,813,865,2012,Circuit Gilles Villeneuve,7,10,8,11
Nico Hülkenberg,807,865,2012,Circuit Gilles Villeneuve,7,10,13,12
Pastor Maldonado,812,865,2012,Circuit Gilles Villeneuve,7,3,22,13
Daniel Ricciardo,816,865,2012,Circuit Gilles Villeneuve,7,5,14,14
Jean-Éric Vergne,817,865,2012,Circuit Gilles Villeneuve,7,5,19,15
Jenson Button,18,865,2012,Circuit Gilles Villeneuve,7,1,10,16
Bruno Senna,810,865,2012,Circuit Gilles Villeneuve,7,3,16,17
Heikki Kovalainen,5,865,2012,Circuit Gilles Villeneuve,7,205,17,18
Vitaly Petrov,808,865,2012,Circuit Gilles Villeneuve,7,205,18,19
Charles Pic,818,865,2012,Circuit Gilles Villeneuve,7,204,23,20
Timo Glock,10,865,2012,Circuit Gilles Villeneuve,7,204,21,21
Fernando Alonso,4,866,2012,Valencia Street Circuit,12,6,11,1
Kimi Räikkönen,8,866,2012,Valencia Street Circuit,12,206,5,2
Michael Schumacher,30,866,2012,Valencia Street Circuit,12,130,12,3
Mark Webber,17,866,2012,Valencia Street Circuit,12,9,19,4
Nico Hülkenberg,807,866,2012,Valencia Street Circuit,12,10,8,5
Nico Rosberg,3,866,2012,Valencia Street Circuit,12,130,6,6
Paul di Resta,813,866,2012,Valencia Street Circuit,12,10,10,7
Jenson Button,18,866,2012,Valencia Street Circuit,12,1,9,8
Sergio Pérez,814,866,2012,Valencia Street Circuit,12,15,15,9
Bruno Senna,810,866,2012,Valencia Street Circuit,12,3,14,10
Daniel Ricciardo,816,866,2012,Valencia Street Circuit,12,5,17,11
Pastor Maldonado,812,866,2012,Valencia Street Circuit,12,3,3,12
Vitaly Petrov,808,866,2012,Valencia Street Circuit,12,205,20,13
Heikki Kovalainen,5,866,2012,Valencia Street Circuit,12,205,16,14
Charles Pic,818,866,2012,Valencia Street Circuit,12,204,23,15
Felipe Massa,13,866,2012,Valencia Street Circuit,12,6,13,16
Pedro de la Rosa,37,866,2012,Valencia Street Circuit,12,163,21,17
Narain Karthikeyan,39,866,2012,Valencia Street Circuit,12,163,22,18
Lewis Hamilton,1,866,2012,Valencia Street Circuit,12,1,2,19
Mark Webber,17,867,2012,Silverstone Circuit,9,9,2,1
Fernando Alonso,4,867,2012,Silverstone Circuit,9,6,1,2
Sebastian Vettel,20,867,2012,Silverstone Circuit,9,9,4,3
Felipe Massa,13,867,2012,Silverstone Circuit,9,6,5,4
Kimi Räikkönen,8,867,2012,Silverstone Circuit,9,206,6,5
Romain Grosjean,154,867,2012,Silverstone Circuit,9,206,9,6
Michael Schumacher,30,867,2012,Silverstone Circuit,9,130,3,7
Lewis Hamilton,1,867,2012,Silverstone Circuit,9,1,8,8
Bruno Senna,810,867,2012,Silverstone Circuit,9,3,13,9
Jenson Button,18,867,2012,Silverstone Circuit,9,1,16,10
Kamui Kobayashi,155,867,2012,Silverstone Circuit,9,15,17,11
Nico Hülkenberg,807,867,2012,Silverstone Circuit,9,10,14,12
Daniel Ricciardo,816,867,2012,Silverstone Circuit,9,5,12,13
Jean-Éric Vergne,817,867,2012,Silverstone Circuit,9,5,23,14
Nico Rosberg,3,867,2012,Silverstone Circuit,9,130,11,15
Pastor Maldonado,812,867,2012,Silverstone Circuit,9,3,7,16
Heikki Kovalainen,5,867,2012,Silverstone Circuit,9,205,19,17
Timo Glock,10,867,2012,Silverstone Circuit,9,204,20,18
Charles Pic,818,867,2012,Silverstone Circuit,9,204,24,19
Pedro de la Rosa,37,867,2012,Silverstone Circuit,9,163,21,20
Narain Karthikeyan,39,867,2012,Silverstone Circuit,9,163,22,21
Fernando Alonso,4,868,2012,Hockenheimring,10,6,1,1
Jenson Button,18,868,2012,Hockenheimring,10,1,6,2
Kimi Räikkönen,8,868,2012,Hockenheimring,10,206,10,3
Kamui Kobayashi,155,868,2012,Hockenheimring,10,15,12,4
Sebastian Vettel,20,868,2012,Hockenheimring,10,9,2,5
Sergio Pérez,814,868,2012,Hockenheimring,10,15,17,6
Michael Schumacher,30,868,2012,Hockenheimring,10,130,3,7
Mark Webber,17,868,2012,Hockenheimring,10,9,8,8
Nico Hülkenberg,807,868,2012,Hockenheimring,10,10,4,9
Nico Rosberg,3,868,2012,Hockenheimring,10,130,21,10
Paul di Resta,813,868,2012,Hockenheimring,10,10,9,11
Felipe Massa,13,868,2012,Hockenheimring,10,6,13,12
Daniel Ricciardo,816,868,2012,Hockenheimring,10,5,11,13
Jean-Éric Vergne,817,868,2012,Hockenheimring,10,5,15,14
Pastor Maldonado,812,868,2012,Hockenheimring,10,3,5,15
Vitaly Petrov,808,868,2012,Hockenheimring,10,205,18,16
Bruno Senna,810,868,2012,Hockenheimring,10,3,14,17
Romain Grosjean,154,868,2012,Hockenheimring,10,206,19,18
Heikki Kovalainen,5,868,2012,Hockenheimring,10,205,16,19
Charles Pic,818,868,2012,Hockenheimring,10,204,20,20
Pedro de la Rosa,37,868,2012,Hockenheimring,10,163,23,21
Timo Glock,10,868,2012,Hockenheimring,10,204,22,22
Narain Karthikeyan,39,868,2012,Hockenheimring,10,163,24,23
Lewis Hamilton,1,869,2012,Hungaroring,11,1,1,1
Kimi Räikkönen,8,869,2012,Hungaroring,11,206,5,2
Romain Grosjean,154,869,2012,Hungaroring,11,206,2,3
Sebastian Vettel,20,869,2012,Hungaroring,11,9,3,4
Fernando Alonso,4,869,2012,Hungaroring,11,6,6,5
Jenson Button,18,869,2012,Hungaroring,11,1,4,6
Bruno Senna,810,869,2012,Hungaroring,11,3,9,7
Mark Webber,17,869,2012,Hungaroring,11,9,11,8
Felipe Massa,13,869,2012,Hungaroring,11,6,7,9
Nico Rosberg,3,869,2012,Hungaroring,11,130,13,10
Nico Hülkenberg,807,869,2012,Hungaroring,11,10,10,11
Paul di Resta,813,869,2012,Hungaroring,11,10,12,12
Pastor Maldonado,812,869,2012,Hungaroring,11,3,8,13
Sergio Pérez,814,869,2012,Hungaroring,11,15,14,14
Daniel Ricciardo,816,869,2012,Hungaroring,11,5,18,15
Jean-Éric Vergne,817,869,2012,Hungaroring,11,5,16,16
Heikki Kovalainen,5,869,2012,Hungaroring,11,205,19,17
Kamui Kobayashi,155,869,2012,Hungaroring,11,15,15,18
Vitaly Petrov,808,869,2012,Hungaroring,11,205,20,19
Charles Pic,818,869,2012,Hungaroring,11,204,21,20
Timo Glock,10,869,2012,Hungaroring,11,204,22,21
Pedro de la Rosa,37,869,2012,Hungaroring,11,163,23,22
Jenson Button,18,870,2012,Circuit de Spa-Francorchamps,13,1,1,1
Sebastian Vettel,20,870,2012,Circuit de Spa-Francorchamps,13,9,10,2
Kimi Räikkönen,8,870,2012,Circuit de Spa-Francorchamps,13,206,3,3
Nico Hülkenberg,807,870,2012,Circuit de Spa-Francorchamps,13,10,11,4
Felipe Massa,13,870,2012,Circuit de Spa-Francorchamps,13,6,14,5
Mark Webber,17,870,2012,Circuit de Spa-Francorchamps,13,9,12,6
Michael Schumacher,30,870,2012,Circuit de Spa-Francorchamps,13,130,13,7
Jean-Éric Vergne,817,870,2012,Circuit de Spa-Francorchamps,13,5,15,8
Daniel Ricciardo,816,870,2012,Circuit de Spa-Francorchamps,13,5,16,9
Paul di Resta,813,870,2012,Circuit de Spa-Francorchamps,13,10,9,10
Nico Rosberg,3,870,2012,Circuit de Spa-Francorchamps,13,130,23,11
Bruno Senna,810,870,2012,Circuit de Spa-Francorchamps,13,3,17,12
Kamui Kobayashi,155,870,2012,Circuit de Spa-Francorchamps,13,15,2,13
Vitaly Petrov,808,870,2012,Circuit de Spa-Francorchamps,13,205,19,14
Timo Glock,10,870,2012,Circuit de Spa-Francorchamps,13,204,20,15
Charles Pic,818,870,2012,Circuit de Spa-Francorchamps,13,204,22,16
Heikki Kovalainen,5,870,2012,Circuit de Spa-Francorchamps,13,205,18,17
Pedro de la Rosa,37,870,2012,Circuit de Spa-Francorchamps,13,163,21,18
Lewis Hamilton,1,871,2012,Autodromo Nazionale di Monza,14,1,1,1
Sergio Pérez,814,871,2012,Autodromo Nazionale di Monza,14,15,12,2
Fernando Alonso,4,871,2012,Autodromo Nazionale di Monza,14,6,10,3
Felipe Massa,13,871,2012,Autodromo Nazionale di Monza,14,6,3,4
Kimi Räikkönen,8,871,2012,Autodromo Nazionale di Monza,14,206,7,5
Michael Schumacher,30,871,2012,Autodromo Nazionale di Monza,14,130,4,6
Nico Rosberg,3,871,2012,Autodromo Nazionale di Monza,14,130,6,7
Paul di Resta,813,871,2012,Autodromo Nazionale di Monza,14,10,9,8
Kamui Kobayashi,155,871,2012,Autodromo Nazionale di Monza,14,15,8,9
Bruno Senna,810,871,2012,Autodromo Nazionale di Monza,14,3,13,10
Pastor Maldonado,812,871,2012,Autodromo Nazionale di Monza,14,3,22,11
Daniel Ricciardo,816,871,2012,Autodromo Nazionale di Monza,14,5,14,12
Jérôme d'Ambrosio,815,871,2012,Autodromo Nazionale di Monza,14,206,15,13
Heikki Kovalainen,5,871,2012,Autodromo Nazionale di Monza,14,205,17,14
Vitaly Petrov,808,871,2012,Autodromo Nazionale di Monza,14,205,18,15
Charles Pic,818,871,2012,Autodromo Nazionale di Monza,14,204,20,16
Timo Glock,10,871,2012,Autodromo Nazionale di Monza,14,204,19,17
Pedro de la Rosa,37,871,2012,Autodromo Nazionale di Monza,14,163,23,18
Narain Karthikeyan,39,871,2012,Autodromo Nazionale di Monza,14,163,21,19
Mark Webber,17,871,2012,Autodromo Nazionale di Monza,14,9,11,20
Nico Hülkenberg,807,871,2012,Autodromo Nazionale di Monza,14,10,24,21
Sebastian Vettel,20,871,2012,Autodromo Nazionale di Monza,14,9,5,22
Sebastian Vettel,20,872,2012,Marina Bay Street Circuit,15,9,3,1
Jenson Button,18,872,2012,Marina Bay Street Circuit,15,1,4,2
Fernando Alonso,4,872,2012,Marina Bay Street Circuit,15,6,5,3
Paul di Resta,813,872,2012,Marina Bay Street Circuit,15,10,6,4
Nico Rosberg,3,872,2012,Marina Bay Street Circuit,15,130,10,5
Kimi Räikkönen,8,872,2012,Marina Bay Street Circuit,15,206,12,6
Romain Grosjean,154,872,2012,Marina Bay Street Circuit,15,206,8,7
Felipe Massa,13,872,2012,Marina Bay Street Circuit,15,6,13,8
Daniel Ricciardo,816,872,2012,Marina Bay Street Circuit,15,5,15,9
Sergio Pérez,814,872,2012,Marina Bay Street Circuit,15,15,14,10
Mark Webber,17,872,2012,Marina Bay Street Circuit,15,9,7,11
Timo Glock,10,872,2012,Marina Bay Street Circuit,15,204,20,12
Kamui Kobayashi,155,872,2012,Marina Bay Street Circuit,15,15,17,13
Nico Hülkenberg,807,872,2012,Marina Bay Street Circuit,15,10,11,14
Heikki Kovalainen,5,872,2012,Marina Bay Street Circuit,15,205,19,15
Charles Pic,818,872,2012,Marina Bay Street Circuit,15,204,21,16
Pedro de la Rosa,37,872,2012,Marina Bay Street Circuit,15,163,24,17
Bruno Senna,810,872,2012,Marina Bay Street Circuit,15,3,22,18
Vitaly Petrov,808,872,2012,Marina Bay Street Circuit,15,205,18,19
Sebastian Vettel,20,873,2012,Suzuka Circuit,22,9,1,1
Felipe Massa,13,873,2012,Suzuka Circuit,22,6,10,2
Kamui Kobayashi,155,873,2012,Suzuka Circuit,22,15,3,3
Jenson Button,18,873,2012,Suzuka Circuit,22,1,8,4
Lewis Hamilton,1,873,2012,Suzuka Circuit,22,1,9,5
Kimi Räikkönen,8,873,2012,Suzuka Circuit,22,206,7,6
Nico Hülkenberg,807,873,2012,Suzuka Circuit,22,10,15,7
Pastor Maldonado,812,873,2012,Suzuka Circuit,22,3,12,8
Mark Webber,17,873,2012,Suzuka Circuit,22,9,2,9
Daniel Ricciardo,816,873,2012,Suzuka Circuit,22,5,14,10
Michael Schumacher,30,873,2012,Suzuka Circuit,22,130,23,11
Paul di Resta,813,873,2012,Suzuka Circuit,22,10,11,12
Jean-Éric Vergne,817,873,2012,Suzuka Circuit,22,5,19,13
Bruno Senna,810,873,2012,Suzuka Circuit,22,3,16,14
Heikki Kovalainen,5,873,2012,Suzuka Circuit,22,205,17,15
Timo Glock,10,873,2012,Suzuka Circuit,22,204,18,16
Vitaly Petrov,808,873,2012,Suzuka Circuit,22,205,22,17
Pedro de la Rosa,37,873,2012,Suzuka Circuit,22,163,20,18
Romain Grosjean,154,873,2012,Suzuka Circuit,22,206,4,19
Sebastian Vettel,20,874,2012,Korean International Circuit,35,9,2,1
Mark Webber,17,874,2012,Korean International Circuit,35,9,1,2
Fernando Alonso,4,874,2012,Korean International Circuit,35,6,4,3
Felipe Massa,13,874,2012,Korean International Circuit,35,6,6,4
Kimi Räikkönen,8,874,2012,Korean International Circuit,35,206,5,5
Nico Hülkenberg,807,874,2012,Korean International Circuit,35,10,8,6
Romain Grosjean,154,874,2012,Korean International Circuit,35,206,7,7
Jean-Éric Vergne,817,874,2012,Korean International Circuit,35,5,16,8
Daniel Ricciardo,816,874,2012,Korean International Circuit,35,5,21,9
Lewis Hamilton,1,874,2012,Korean International Circuit,35,1,3,10
Sergio Pérez,814,874,2012,Korean International Circuit,35,15,12,11
Paul di Resta,813,874,2012,Korean International Circuit,35,10,14,12
Michael Schumacher,30,874,2012,Korean International Circuit,35,130,10,13
Pastor Maldonado,812,874,2012,Korean International Circuit,35,3,15,14
Bruno Senna,810,874,2012,Korean International Circuit,35,3,17,15
Vitaly Petrov,808,874,2012,Korean International Circuit,35,205,18,16
Heikki Kovalainen,5,874,2012,Korean International Circuit,35,205,19,17
Timo Glock,10,874,2012,Korean International Circuit,35,204,20,18
Charles Pic,818,874,2012,Korean International Circuit,35,204,24,19
Narain Karthikeyan,39,874,2012,Korean International Circuit,35,163,23,20
Sebastian Vettel,20,875,2012,Buddh International Circuit,68,9,1,1
Fernando Alonso,4,875,2012,Buddh International Circuit,68,6,5,2
Mark Webber,17,875,2012,Buddh International Circuit,68,9,2,3
Lewis Hamilton,1,875,2012,Buddh International Circuit,68,1,3,4
Jenson Button,18,875,2012,Buddh International Circuit,68,1,4,5
Felipe Massa,13,875,2012,Buddh International Circuit,68,6,6,6
Kimi Räikkönen,8,875,2012,Buddh International Circuit,68,206,7,7
Nico Hülkenberg,807,875,2012,Buddh International Circuit,68,10,12,8
Romain Grosjean,154,875,2012,Buddh International Circuit,68,206,11,9
Bruno Senna,810,875,2012,Buddh International Circuit,68,3,13,10
Nico Rosberg,3,875,2012,Buddh International Circuit,68,130,10,11
Paul di Resta,813,875,2012,Buddh International Circuit,68,10,16,12
Daniel Ricciardo,816,875,2012,Buddh International Circuit,68,5,15,13
Kamui Kobayashi,155,875,2012,Buddh International Circuit,68,15,17,14
Jean-Éric Vergne,817,875,2012,Buddh International Circuit,68,5,18,15
Pastor Maldonado,812,875,2012,Buddh International Circuit,68,3,9,16
Vitaly Petrov,808,875,2012,Buddh International Circuit,68,205,19,17
Heikki Kovalainen,5,875,2012,Buddh International Circuit,68,205,20,18
Charles Pic,818,875,2012,Buddh International Circuit,68,204,24,19
Timo Glock,10,875,2012,Buddh International Circuit,68,204,21,20
Narain Karthikeyan,39,875,2012,Buddh International Circuit,68,163,23,21
Michael Schumacher,30,875,2012,Buddh International Circuit,68,130,14,22
Kimi Räikkönen,8,876,2012,Yas Marina Circuit,24,206,4,1
Fernando Alonso,4,876,2012,Yas Marina Circuit,24,6,6,2
Sebastian Vettel,20,876,2012,Yas Marina Circuit,24,9,24,3
Jenson Button,18,876,2012,Yas Marina Circuit,24,1,5,4
Pastor Maldonado,812,876,2012,Yas Marina Circuit,24,3,3,5
Kamui Kobayashi,155,876,2012,Yas Marina Circuit,24,15,15,6
Felipe Massa,13,876,2012,Yas Marina Circuit,24,6,8,7
Bruno Senna,810,876,2012,Yas Marina Circuit,24,3,14,8
Paul di Resta,813,876,2012,Yas Marina Circuit,24,10,12,9
Daniel Ricciardo,816,876,2012,Yas Marina Circuit,24,5,16,10
Michael Schumacher,30,876,2012,Yas Marina Circuit,24,130,13,11
Jean-Éric Vergne,817,876,2012,Yas Marina Circuit,24,5,17,12
Heikki Kovalainen,5,876,2012,Yas Marina Circuit,24,205,18,13
Timo Glock,10,876,2012,Yas Marina Circuit,24,204,21,14
Sergio Pérez,814,876,2012,Yas Marina Circuit,24,15,11,15
Vitaly Petrov,808,876,2012,Yas Marina Circuit,24,205,20,16
Pedro de la Rosa,37,876,2012,Yas Marina Circuit,24,163,22,17
Lewis Hamilton,1,877,2012,Circuit of the Americas,69,1,2,1
Sebastian Vettel,20,877,2012,Circuit of the Americas,69,9,1,2
Fernando Alonso,4,877,2012,Circuit of the Americas,69,6,7,3
Felipe Massa,13,877,2012,Circuit of the Americas,69,6,11,4
Jenson Button,18,877,2012,Circuit of the Americas,69,1,12,5
Kimi Räikkönen,8,877,2012,Circuit of the Americas,69,206,4,6
Romain Grosjean,154,877,2012,Circuit of the Americas,69,206,8,7
Nico Hülkenberg,807,877,2012,Circuit of the Americas,69,10,6,8
Pastor Maldonado,812,877,2012,Circuit of the Americas,69,3,9,9
Bruno Senna,810,877,2012,Circuit of the Americas,69,3,10,10
Sergio Pérez,814,877,2012,Circuit of the Americas,69,15,15,11
Daniel Ricciardo,816,877,2012,Circuit of the Americas,69,5,18,12
Nico Rosberg,3,877,2012,Circuit of the Americas,69,130,17,13
Kamui Kobayashi,155,877,2012,Circuit of the Americas,69,15,16,14
Paul di Resta,813,877,2012,Circuit of the Americas,69,10,13,15
Michael Schumacher,30,877,2012,Circuit of the Americas,69,130,5,16
Vitaly Petrov,808,877,2012,Circuit of the Americas,69,205,21,17
Heikki Kovalainen,5,877,2012,Circuit of the Americas,69,205,22,18
Timo Glock,10,877,2012,Circuit of the Americas,69,204,19,19
Charles Pic,818,877,2012,Circuit of the Americas,69,204,20,20
Pedro de la Rosa,37,877,2012,Circuit of the Americas,69,163,23,21
Narain Karthikeyan,39,877,2012,Circuit of the Americas,69,163,24,22
Jenson Button,18,878,2012,Autódromo José Carlos Pace,18,1,2,1
Fernando Alonso,4,878,2012,Autódromo José Carlos Pace,18,6,7,2
Felipe Massa,13,878,2012,Autódromo José Carlos Pace,18,6,5,3
Mark Webber,17,878,2012,Autódromo José Carlos Pace,18,9,3,4
Nico Hülkenberg,807,878,2012,Autódromo José Carlos Pace,18,10,6,5
Sebastian Vettel,20,878,2012,Autódromo José Carlos Pace,18,9,4,6
Michael Schumacher,30,878,2012,Autódromo José Carlos Pace,18,130,13,7
Jean-Éric Vergne,817,878,2012,Autódromo José Carlos Pace,18,5,17,8
Kamui Kobayashi,155,878,2012,Autódromo José Carlos Pace,18,15,14,9
Kimi Räikkönen,8,878,2012,Autódromo José Carlos Pace,18,206,8,10
Vitaly Petrov,808,878,2012,Autódromo José Carlos Pace,18,205,19,11
Charles Pic,818,878,2012,Autódromo José Carlos Pace,18,204,22,12
Daniel Ricciardo,816,878,2012,Autódromo José Carlos Pace,18,5,15,13
Heikki Kovalainen,5,878,2012,Autódromo José Carlos Pace,18,205,20,14
Nico Rosberg,3,878,2012,Autódromo José Carlos Pace,18,130,9,15
Timo Glock,10,878,2012,Autódromo José Carlos Pace,18,204,21,16
Pedro de la Rosa,37,878,2012,Autódromo José Carlos Pace,18,163,24,17
Narain Karthikeyan,39,878,2012,Autódromo José Carlos Pace,18,163,23,18
Paul di Resta,813,878,2012,Autódromo José Carlos Pace,18,10,10,19
Kimi Räikkönen,8,879,2013,Albert Park Grand Prix Circuit,1,206,7,1
Fernando Alonso,4,879,2013,Albert Park Grand Prix Circuit,1,6,5,2
Sebastian Vettel,20,879,2013,Albert Park Grand Prix Circuit,1,9,1,3
Felipe Massa,13,879,2013,Albert Park Grand Prix Circuit,1,6,4,4
Lewis Hamilton,1,879,2013,Albert Park Grand Prix Circuit,1,130,3,5
Mark Webber,17,879,2013,Albert Park Grand Prix Circuit,1,9,2,6
Adrian Sutil,16,879,2013,Albert Park Grand Prix Circuit,1,10,12,7
Paul di Resta,813,879,2013,Albert Park Grand Prix Circuit,1,10,9,8
Jenson Button,18,879,2013,Albert Park Grand Prix Circuit,1,1,10,9
Romain Grosjean,154,879,2013,Albert Park Grand Prix Circuit,1,206,8,10
Sergio Pérez,814,879,2013,Albert Park Grand Prix Circuit,1,1,15,11
Jean-Éric Vergne,817,879,2013,Albert Park Grand Prix Circuit,1,5,13,12
Esteban Gutiérrez,820,879,2013,Albert Park Grand Prix Circuit,1,15,18,13
Valtteri Bottas,821,879,2013,Albert Park Grand Prix Circuit,1,3,16,14
Jules Bianchi,823,879,2013,Albert Park Grand Prix Circuit,1,204,19,15
Charles Pic,818,879,2013,Albert Park Grand Prix Circuit,1,205,22,16
Max Chilton,819,879,2013,Albert Park Grand Prix Circuit,1,204,20,17
Giedo van der Garde,822,879,2013,Albert Park Grand Prix Circuit,1,205,21,18
Sebastian Vettel,20,880,2013,Sepang International Circuit,2,9,1,1
Mark Webber,17,880,2013,Sepang International Circuit,2,9,5,2
Lewis Hamilton,1,880,2013,Sepang International Circuit,2,130,4,3
Nico Rosberg,3,880,2013,Sepang International Circuit,2,130,6,4
Felipe Massa,13,880,2013,Sepang International Circuit,2,6,2,5
Romain Grosjean,154,880,2013,Sepang International Circuit,2,206,11,6
Kimi Räikkönen,8,880,2013,Sepang International Circuit,2,206,10,7
Nico Hülkenberg,807,880,2013,Sepang International Circuit,2,15,12,8
Sergio Pérez,814,880,2013,Sepang International Circuit,2,1,9,9
Jean-Éric Vergne,817,880,2013,Sepang International Circuit,2,5,17,10
Valtteri Bottas,821,880,2013,Sepang International Circuit,2,3,18,11
Esteban Gutiérrez,820,880,2013,Sepang International Circuit,2,15,14,12
Jules Bianchi,823,880,2013,Sepang International Circuit,2,204,19,13
Charles Pic,818,880,2013,Sepang International Circuit,2,205,20,14
Giedo van der Garde,822,880,2013,Sepang International Circuit,2,205,22,15
Max Chilton,819,880,2013,Sepang International Circuit,2,204,21,16
Jenson Button,18,880,2013,Sepang International Circuit,2,1,7,17
Daniel Ricciardo,816,880,2013,Sepang International Circuit,2,5,13,18
Fernando Alonso,4,881,2013,Shanghai International Circuit,17,6,3,1
Kimi Räikkönen,8,881,2013,Shanghai International Circuit,17,206,2,2
Lewis Hamilton,1,881,2013,Shanghai International Circuit,17,130,1,3
Sebastian Vettel,20,881,2013,Shanghai International Circuit,17,9,9,4
Jenson Button,18,881,2013,Shanghai International Circuit,17,1,8,5
Felipe Massa,13,881,2013,Shanghai International Circuit,17,6,5,6
Daniel Ricciardo,816,881,2013,Shanghai International Circuit,17,5,7,7
Paul di Resta,813,881,2013,Shanghai International Circuit,17,10,11,8
Romain Grosjean,154,881,2013,Shanghai International Circuit,17,206,6,9
Nico Hülkenberg,807,881,2013,Shanghai International Circuit,17,15,10,10
Sergio Pérez,814,881,2013,Shanghai International Circuit,17,1,12,11
Jean-Éric Vergne,817,881,2013,Shanghai International Circuit,17,5,15,12
Valtteri Bottas,821,881,2013,Shanghai International Circuit,17,3,16,13
Pastor Maldonado,812,881,2013,Shanghai International Circuit,17,3,14,14
Jules Bianchi,823,881,2013,Shanghai International Circuit,17,204,18,15
Charles Pic,818,881,2013,Shanghai International Circuit,17,205,20,16
Max Chilton,819,881,2013,Shanghai International Circuit,17,204,19,17
Giedo van der Garde,822,881,2013,Shanghai International Circuit,17,205,21,18
Sebastian Vettel,20,882,2013,Bahrain International Circuit,3,9,2,1
Kimi Räikkönen,8,882,2013,Bahrain International Circuit,3,206,8,2
Romain Grosjean,154,882,2013,Bahrain International Circuit,3,206,11,3
Paul di Resta,813,882,2013,Bahrain International Circuit,3,10,5,4
Lewis Hamilton,1,882,2013,Bahrain International Circuit,3,130,9,5
Sergio Pérez,814,882,2013,Bahrain International Circuit,3,1,12,6
Mark Webber,17,882,2013,Bahrain International Circuit,3,9,7,7
Fernando Alonso,4,882,2013,Bahrain International Circuit,3,6,3,8
Nico Rosberg,3,882,2013,Bahrain International Circuit,3,130,1,9
Jenson Button,18,882,2013,Bahrain International Circuit,3,1,10,10
Pastor Maldonado,812,882,2013,Bahrain International Circuit,3,3,17,11
Nico Hülkenberg,807,882,2013,Bahrain International Circuit,3,15,14,12
Adrian Sutil,16,882,2013,Bahrain International Circuit,3,10,6,13
Valtteri Bottas,821,882,2013,Bahrain International Circuit,3,3,15,14
Felipe Massa,13,882,2013,Bahrain International Circuit,3,6,4,15
Daniel Ricciardo,816,882,2013,Bahrain International Circuit,3,5,13,16
Charles Pic,818,882,2013,Bahrain International Circuit,3,205,18,17
Esteban Gutiérrez,820,882,2013,Bahrain International Circuit,3,15,22,18
Jules Bianchi,823,882,2013,Bahrain International Circuit,3,204,19,19
Max Chilton,819,882,2013,Bahrain International Circuit,3,204,21,20
Giedo van der Garde,822,882,2013,Bahrain International Circuit,3,205,20,21
Fernando Alonso,4,883,2013,Circuit de Barcelona-Catalunya,4,6,5,1
Kimi Räikkönen,8,883,2013,Circuit de Barcelona-Catalunya,4,206,4,2
Felipe Massa,13,883,2013,Circuit de Barcelona-Catalunya,4,6,9,3
Sebastian Vettel,20,883,2013,Circuit de Barcelona-Catalunya,4,9,3,4
Mark Webber,17,883,2013,Circuit de Barcelona-Catalunya,4,9,7,5
Nico Rosberg,3,883,2013,Circuit de Barcelona-Catalunya,4,130,1,6
Paul di Resta,813,883,2013,Circuit de Barcelona-Catalunya,4,10,10,7
Jenson Button,18,883,2013,Circuit de Barcelona-Catalunya,4,1,14,8
Sergio Pérez,814,883,2013,Circuit de Barcelona-Catalunya,4,1,8,9
Daniel Ricciardo,816,883,2013,Circuit de Barcelona-Catalunya,4,5,11,10
Esteban Gutiérrez,820,883,2013,Circuit de Barcelona-Catalunya,4,15,19,11
Lewis Hamilton,1,883,2013,Circuit de Barcelona-Catalunya,4,130,2,12
Adrian Sutil,16,883,2013,Circuit de Barcelona-Catalunya,4,10,13,13
Pastor Maldonado,812,883,2013,Circuit de Barcelona-Catalunya,4,3,17,14
Nico Hülkenberg,807,883,2013,Circuit de Barcelona-Catalunya,4,15,15,15
Valtteri Bottas,821,883,2013,Circuit de Barcelona-Catalunya,4,3,16,16
Charles Pic,818,883,2013,Circuit de Barcelona-Catalunya,4,205,22,17
Jules Bianchi,823,883,2013,Circuit de Barcelona-Catalunya,4,204,20,18
Max Chilton,819,883,2013,Circuit de Barcelona-Catalunya,4,204,21,19
Jean-Éric Vergne,817,883,2013,Circuit de Barcelona-Catalunya,4,5,12,20
Giedo van der Garde,822,883,2013,Circuit de Barcelona-Catalunya,4,205,18,21
Romain Grosjean,154,883,2013,Circuit de Barcelona-Catalunya,4,206,6,22
Nico Rosberg,3,884,2013,Circuit de Monaco,6,130,1,1
Sebastian Vettel,20,884,2013,Circuit de Monaco,6,9,3,2
Mark Webber,17,884,2013,Circuit de Monaco,6,9,4,3
Lewis Hamilton,1,884,2013,Circuit de Monaco,6,130,2,4
Adrian Sutil,16,884,2013,Circuit de Monaco,6,10,8,5
Jenson Button,18,884,2013,Circuit de Monaco,6,1,9,6
Fernando Alonso,4,884,2013,Circuit de Monaco,6,6,6,7
Jean-Éric Vergne,817,884,2013,Circuit de Monaco,6,5,10,8
Paul di Resta,813,884,2013,Circuit de Monaco,6,10,17,9
Kimi Räikkönen,8,884,2013,Circuit de Monaco,6,206,5,10
Nico Hülkenberg,807,884,2013,Circuit de Monaco,6,15,11,11
Valtteri Bottas,821,884,2013,Circuit de Monaco,6,3,14,12
Esteban Gutiérrez,820,884,2013,Circuit de Monaco,6,15,19,13
Max Chilton,819,884,2013,Circuit de Monaco,6,204,22,14
Giedo van der Garde,822,884,2013,Circuit de Monaco,6,205,15,15
Sergio Pérez,814,884,2013,Circuit de Monaco,6,1,7,16
Sebastian Vettel,20,885,2013,Circuit Gilles Villeneuve,7,9,1,1
Fernando Alonso,4,885,2013,Circuit Gilles Villeneuve,7,6,6,2
Lewis Hamilton,1,885,2013,Circuit Gilles Villeneuve,7,130,2,3
Mark Webber,17,885,2013,Circuit Gilles Villeneuve,7,9,5,4
Nico Rosberg,3,885,2013,Circuit Gilles Villeneuve,7,130,4,5
Jean-Éric Vergne,817,885,2013,Circuit Gilles Villeneuve,7,5,7,6
Paul di Resta,813,885,2013,Circuit Gilles Villeneuve,7,10,17,7
Felipe Massa,13,885,2013,Circuit Gilles Villeneuve,7,6,16,8
Kimi Räikkönen,8,885,2013,Circuit Gilles Villeneuve,7,206,10,9
Adrian Sutil,16,885,2013,Circuit Gilles Villeneuve,7,10,8,10
Sergio Pérez,814,885,2013,Circuit Gilles Villeneuve,7,1,12,11
Jenson Button,18,885,2013,Circuit Gilles Villeneuve,7,1,14,12
Romain Grosjean,154,885,2013,Circuit Gilles Villeneuve,7,206,22,13
Valtteri Bottas,821,885,2013,Circuit Gilles Villeneuve,7,3,3,14
Daniel Ricciardo,816,885,2013,Circuit Gilles Villeneuve,7,5,11,15
Pastor Maldonado,812,885,2013,Circuit Gilles Villeneuve,7,3,13,16
Jules Bianchi,823,885,2013,Circuit Gilles Villeneuve,7,204,19,17
Charles Pic,818,885,2013,Circuit Gilles Villeneuve,7,205,18,18
Max Chilton,819,885,2013,Circuit Gilles Villeneuve,7,204,20,19
Esteban Gutiérrez,820,885,2013,Circuit Gilles Villeneuve,7,15,15,20
Nico Rosberg,3,886,2013,Silverstone Circuit,9,130,2,1
Mark Webber,17,886,2013,Silverstone Circuit,9,9,4,2
Fernando Alonso,4,886,2013,Silverstone Circuit,9,6,9,3
Lewis Hamilton,1,886,2013,Silverstone Circuit,9,130,1,4
Kimi Räikkönen,8,886,2013,Silverstone Circuit,9,206,8,5
Felipe Massa,13,886,2013,Silverstone Circuit,9,6,11,6
Adrian Sutil,16,886,2013,Silverstone Circuit,9,10,6,7
Daniel Ricciardo,816,886,2013,Silverstone Circuit,9,5,5,8
Paul di Resta,813,886,2013,Silverstone Circuit,9,10,21,9
Nico Hülkenberg,807,886,2013,Silverstone Circuit,9,15,14,10
Pastor Maldonado,812,886,2013,Silverstone Circuit,9,3,15,11
Valtteri Bottas,821,886,2013,Silverstone Circuit,9,3,16,12
Jenson Button,18,886,2013,Silverstone Circuit,9,1,10,13
Esteban Gutiérrez,820,886,2013,Silverstone Circuit,9,15,17,14
Charles Pic,818,886,2013,Silverstone Circuit,9,205,18,15
Jules Bianchi,823,886,2013,Silverstone Circuit,9,204,19,16
Max Chilton,819,886,2013,Silverstone Circuit,9,204,20,17
Giedo van der Garde,822,886,2013,Silverstone Circuit,9,205,22,18
Romain Grosjean,154,886,2013,Silverstone Circuit,9,206,7,19
Sergio Pérez,814,886,2013,Silverstone Circuit,9,1,13,20
Sebastian Vettel,20,887,2013,Nürburgring,20,9,2,1
Kimi Räikkönen,8,887,2013,Nürburgring,20,206,4,2
Romain Grosjean,154,887,2013,Nürburgring,20,206,5,3
Fernando Alonso,4,887,2013,Nürburgring,20,6,8,4
Lewis Hamilton,1,887,2013,Nürburgring,20,130,1,5
Jenson Button,18,887,2013,Nürburgring,20,1,9,6
Mark Webber,17,887,2013,Nürburgring,20,9,3,7
Sergio Pérez,814,887,2013,Nürburgring,20,1,13,8
Nico Rosberg,3,887,2013,Nürburgring,20,130,11,9
Nico Hülkenberg,807,887,2013,Nürburgring,20,15,10,10
Paul di Resta,813,887,2013,Nürburgring,20,10,12,11
Daniel Ricciardo,816,887,2013,Nürburgring,20,5,6,12
Adrian Sutil,16,887,2013,Nürburgring,20,10,15,13
Esteban Gutiérrez,820,887,2013,Nürburgring,20,15,14,14
Pastor Maldonado,812,887,2013,Nürburgring,20,3,18,15
Valtteri Bottas,821,887,2013,Nürburgring,20,3,17,16
Charles Pic,818,887,2013,Nürburgring,20,205,22,17
Giedo van der Garde,822,887,2013,Nürburgring,20,205,20,18
Max Chilton,819,887,2013,Nürburgring,20,204,21,19
Lewis Hamilton,1,888,2013,Hungaroring,11,130,1,1
Kimi Räikkönen,8,888,2013,Hungaroring,11,206,6,2
Sebastian Vettel,20,888,2013,Hungaroring,11,9,2,3
Mark Webber,17,888,2013,Hungaroring,11,9,10,4
Fernando Alonso,4,888,2013,Hungaroring,11,6,5,5
Romain Grosjean,154,888,2013,Hungaroring,11,206,3,6
Jenson Button,18,888,2013,Hungaroring,11,1,13,7
Felipe Massa,13,888,2013,Hungaroring,11,6,7,8
Sergio Pérez,814,888,2013,Hungaroring,11,1,9,9
Pastor Maldonado,812,888,2013,Hungaroring,11,3,15,10
Nico Hülkenberg,807,888,2013,Hungaroring,11,15,12,11
Jean-Éric Vergne,817,888,2013,Hungaroring,11,5,14,12
Daniel Ricciardo,816,888,2013,Hungaroring,11,5,8,13
Giedo van der Garde,822,888,2013,Hungaroring,11,205,20,14
Charles Pic,818,888,2013,Hungaroring,11,205,19,15
Jules Bianchi,823,888,2013,Hungaroring,11,204,21,16
Max Chilton,819,888,2013,Hungaroring,11,204,22,17
Paul di Resta,813,888,2013,Hungaroring,11,10,18,18
Nico Rosberg,3,888,2013,Hungaroring,11,130,4,19
Sebastian Vettel,20,889,2013,Circuit de Spa-Francorchamps,13,9,2,1
Fernando Alonso,4,889,2013,Circuit de Spa-Francorchamps,13,6,9,2
Lewis Hamilton,1,889,2013,Circuit de Spa-Francorchamps,13,130,1,3
Nico Rosberg,3,889,2013,Circuit de Spa-Francorchamps,13,130,4,4
Mark Webber,17,889,2013,Circuit de Spa-Francorchamps,13,9,3,5
Jenson Button,18,889,2013,Circuit de Spa-Francorchamps,13,1,6,6
Felipe Massa,13,889,2013,Circuit de Spa-Francorchamps,13,6,10,7
Romain Grosjean,154,889,2013,Circuit de Spa-Francorchamps,13,206,7,8
Adrian Sutil,16,889,2013,Circuit de Spa-Francorchamps,13,10,12,9
Daniel Ricciardo,816,889,2013,Circuit de Spa-Francorchamps,13,5,19,10
Sergio Pérez,814,889,2013,Circuit de Spa-Francorchamps,13,1,13,11
Jean-Éric Vergne,817,889,2013,Circuit de Spa-Francorchamps,13,5,18,12
Nico Hülkenberg,807,889,2013,Circuit de Spa-Francorchamps,13,15,11,13
Esteban Gutiérrez,820,889,2013,Circuit de Spa-Francorchamps,13,15,21,14
Valtteri Bottas,821,889,2013,Circuit de Spa-Francorchamps,13,3,20,15
Giedo van der Garde,822,889,2013,Circuit de Spa-Francorchamps,13,205,14,16
Pastor Maldonado,812,889,2013,Circuit de Spa-Francorchamps,13,3,17,17
Jules Bianchi,823,889,2013,Circuit de Spa-Francorchamps,13,204,15,18
Max Chilton,819,889,2013,Circuit de Spa-Francorchamps,13,204,16,19
Sebastian Vettel,20,890,2013,Autodromo Nazionale di Monza,14,9,1,1
Fernando Alonso,4,890,2013,Autodromo Nazionale di Monza,14,6,5,2
Mark Webber,17,890,2013,Autodromo Nazionale di Monza,14,9,2,3
Felipe Massa,13,890,2013,Autodromo Nazionale di Monza,14,6,4,4
Nico Hülkenberg,807,890,2013,Autodromo Nazionale di Monza,14,15,3,5
Nico Rosberg,3,890,2013,Autodromo Nazionale di Monza,14,130,6,6
Daniel Ricciardo,816,890,2013,Autodromo Nazionale di Monza,14,5,7,7
Romain Grosjean,154,890,2013,Autodromo Nazionale di Monza,14,206,13,8
Lewis Hamilton,1,890,2013,Autodromo Nazionale di Monza,14,130,12,9
Jenson Button,18,890,2013,Autodromo Nazionale di Monza,14,1,9,10
Kimi Räikkönen,8,890,2013,Autodromo Nazionale di Monza,14,206,11,11
Sergio Pérez,814,890,2013,Autodromo Nazionale di Monza,14,1,8,12
Esteban Gutiérrez,820,890,2013,Autodromo Nazionale di Monza,14,15,16,13
Pastor Maldonado,812,890,2013,Autodromo Nazionale di Monza,14,3,14,14
Valtteri Bottas,821,890,2013,Autodromo Nazionale di Monza,14,3,18,15
Adrian Sutil,16,890,2013,Autodromo Nazionale di Monza,14,10,17,16
Charles Pic,818,890,2013,Autodromo Nazionale di Monza,14,205,20,17
Giedo van der Garde,822,890,2013,Autodromo Nazionale di Monza,14,205,19,18
Jules Bianchi,823,890,2013,Autodromo Nazionale di Monza,14,204,21,19
Max Chilton,819,890,2013,Autodromo Nazionale di Monza,14,204,22,20
Sebastian Vettel,20,891,2013,Marina Bay Street Circuit,15,9,1,1
Fernando Alonso,4,891,2013,Marina Bay Street Circuit,15,6,7,2
Kimi Räikkönen,8,891,2013,Marina Bay Street Circuit,15,206,13,3
Nico Rosberg,3,891,2013,Marina Bay Street Circuit,15,130,2,4
Lewis Hamilton,1,891,2013,Marina Bay Street Circuit,15,130,5,5
Felipe Massa,13,891,2013,Marina Bay Street Circuit,15,6,6,6
Jenson Button,18,891,2013,Marina Bay Street Circuit,15,1,8,7
Sergio Pérez,814,891,2013,Marina Bay Street Circuit,15,1,14,8
Nico Hülkenberg,807,891,2013,Marina Bay Street Circuit,15,15,11,9
Adrian Sutil,16,891,2013,Marina Bay Street Circuit,15,10,15,10
Pastor Maldonado,812,891,2013,Marina Bay Street Circuit,15,3,18,11
Esteban Gutiérrez,820,891,2013,Marina Bay Street Circuit,15,15,10,12
Valtteri Bottas,821,891,2013,Marina Bay Street Circuit,15,3,16,13
Jean-Éric Vergne,817,891,2013,Marina Bay Street Circuit,15,5,12,14
Mark Webber,17,891,2013,Marina Bay Street Circuit,15,9,4,15
Giedo van der Garde,822,891,2013,Marina Bay Street Circuit,15,205,20,16
Max Chilton,819,891,2013,Marina Bay Street Circuit,15,204,22,17
Jules Bianchi,823,891,2013,Marina Bay Street Circuit,15,204,21,18
Charles Pic,818,891,2013,Marina Bay Street Circuit,15,205,19,19
Paul di Resta,813,891,2013,Marina Bay Street Circuit,15,10,17,20
Sebastian Vettel,20,892,2013,Korean International Circuit,35,9,1,1
Kimi Räikkönen,8,892,2013,Korean International Circuit,35,206,9,2
Romain Grosjean,154,892,2013,Korean International Circuit,35,206,3,3
Nico Hülkenberg,807,892,2013,Korean International Circuit,35,15,7,4
Lewis Hamilton,1,892,2013,Korean International Circuit,35,130,2,5
Fernando Alonso,4,892,2013,Korean International Circuit,35,6,5,6
Nico Rosberg,3,892,2013,Korean International Circuit,35,130,4,7
Jenson Button,18,892,2013,Korean International Circuit,35,1,11,8
Felipe Massa,13,892,2013,Korean International Circuit,35,6,6,9
Sergio Pérez,814,892,2013,Korean International Circuit,35,1,10,10
Esteban Gutiérrez,820,892,2013,Korean International Circuit,35,15,8,11
Valtteri Bottas,821,892,2013,Korean International Circuit,35,3,17,12
Pastor Maldonado,812,892,2013,Korean International Circuit,35,3,18,13
Charles Pic,818,892,2013,Korean International Circuit,35,205,19,14
Giedo van der Garde,822,892,2013,Korean International Circuit,35,205,20,15
Jules Bianchi,823,892,2013,Korean International Circuit,35,204,22,16
Max Chilton,819,892,2013,Korean International Circuit,35,204,21,17
Jean-Éric Vergne,817,892,2013,Korean International Circuit,35,5,16,18
Daniel Ricciardo,816,892,2013,Korean International Circuit,35,5,12,19
Adrian Sutil,16,892,2013,Korean International Circuit,35,10,14,20
Sebastian Vettel,20,893,2013,Suzuka Circuit,22,9,2,1
Mark Webber,17,893,2013,Suzuka Circuit,22,9,1,2
Romain Grosjean,154,893,2013,Suzuka Circuit,22,206,4,3
Fernando Alonso,4,893,2013,Suzuka Circuit,22,6,8,4
Kimi Räikkönen,8,893,2013,Suzuka Circuit,22,206,9,5
Nico Hülkenberg,807,893,2013,Suzuka Circuit,22,15,7,6
Esteban Gutiérrez,820,893,2013,Suzuka Circuit,22,15,14,7
Nico Rosberg,3,893,2013,Suzuka Circuit,22,130,6,8
Jenson Button,18,893,2013,Suzuka Circuit,22,1,10,9
Felipe Massa,13,893,2013,Suzuka Circuit,22,6,5,10
Paul di Resta,813,893,2013,Suzuka Circuit,22,10,12,11
Jean-Éric Vergne,817,893,2013,Suzuka Circuit,22,5,17,12
Daniel Ricciardo,816,893,2013,Suzuka Circuit,22,5,16,13
Adrian Sutil,16,893,2013,Suzuka Circuit,22,10,22,14
Sergio Pérez,814,893,2013,Suzuka Circuit,22,1,11,15
Pastor Maldonado,812,893,2013,Suzuka Circuit,22,3,15,16
Valtteri Bottas,821,893,2013,Suzuka Circuit,22,3,13,17
Charles Pic,818,893,2013,Suzuka Circuit,22,205,20,18
Max Chilton,819,893,2013,Suzuka Circuit,22,204,18,19
Sebastian Vettel,20,894,2013,Buddh International Circuit,68,9,1,1
Nico Rosberg,3,894,2013,Buddh International Circuit,68,130,2,2
Romain Grosjean,154,894,2013,Buddh International Circuit,68,206,17,3
Felipe Massa,13,894,2013,Buddh International Circuit,68,6,5,4
Sergio Pérez,814,894,2013,Buddh International Circuit,68,1,9,5
Lewis Hamilton,1,894,2013,Buddh International Circuit,68,130,3,6
Kimi Räikkönen,8,894,2013,Buddh International Circuit,68,206,6,7
Paul di Resta,813,894,2013,Buddh International Circuit,68,10,12,8
Adrian Sutil,16,894,2013,Buddh International Circuit,68,10,13,9
Daniel Ricciardo,816,894,2013,Buddh International Circuit,68,5,11,10
Fernando Alonso,4,894,2013,Buddh International Circuit,68,6,8,11
Pastor Maldonado,812,894,2013,Buddh International Circuit,68,3,18,12
Jean-Éric Vergne,817,894,2013,Buddh International Circuit,68,5,14,13
Jenson Button,18,894,2013,Buddh International Circuit,68,1,10,14
Esteban Gutiérrez,820,894,2013,Buddh International Circuit,68,15,16,15
Valtteri Bottas,821,894,2013,Buddh International Circuit,68,3,15,16
Max Chilton,819,894,2013,Buddh International Circuit,68,204,22,17
Jules Bianchi,823,894,2013,Buddh International Circuit,68,204,19,18
Nico Hülkenberg,807,894,2013,Buddh International Circuit,68,15,7,19
Sebastian Vettel,20,895,2013,Yas Marina Circuit,24,9,2,1
Mark Webber,17,895,2013,Yas Marina Circuit,24,9,1,2
Nico Rosberg,3,895,2013,Yas Marina Circuit,24,130,3,3
Romain Grosjean,154,895,2013,Yas Marina Circuit,24,206,6,4
Fernando Alonso,4,895,2013,Yas Marina Circuit,24,6,10,5
Paul di Resta,813,895,2013,Yas Marina Circuit,24,10,11,6
Lewis Hamilton,1,895,2013,Yas Marina Circuit,24,130,4,7
Felipe Massa,13,895,2013,Yas Marina Circuit,24,6,7,8
Sergio Pérez,814,895,2013,Yas Marina Circuit,24,1,8,9
Adrian Sutil,16,895,2013,Yas Marina Circuit,24,10,17,10
Pastor Maldonado,812,895,2013,Yas Marina Circuit,24,3,14,11
Jenson Button,18,895,2013,Yas Marina Circuit,24,1,12,12
Esteban Gutiérrez,820,895,2013,Yas Marina Circuit,24,15,16,13
Nico Hülkenberg,807,895,2013,Yas Marina Circuit,24,15,5,14
Valtteri Bottas,821,895,2013,Yas Marina Circuit,24,3,15,15
Daniel Ricciardo,816,895,2013,Yas Marina Circuit,24,5,9,16
Jean-Éric Vergne,817,895,2013,Yas Marina Circuit,24,5,13,17
Giedo van der Garde,822,895,2013,Yas Marina Circuit,24,205,18,18
Charles Pic,818,895,2013,Yas Marina Circuit,24,205,19,19
Jules Bianchi,823,895,2013,Yas Marina Circuit,24,204,21,20
Max Chilton,819,895,2013,Yas Marina Circuit,24,204,20,21
Sebastian Vettel,20,896,2013,Circuit of the Americas,69,9,1,1
Romain Grosjean,154,896,2013,Circuit of the Americas,69,206,3,2
Mark Webber,17,896,2013,Circuit of the Americas,69,9,2,3
Lewis Hamilton,1,896,2013,Circuit of the Americas,69,130,5,4
Fernando Alonso,4,896,2013,Circuit of the Americas,69,6,6,5
Nico Hülkenberg,807,896,2013,Circuit of the Americas,69,15,4,6
Sergio Pérez,814,896,2013,Circuit of the Americas,69,1,7,7
Valtteri Bottas,821,896,2013,Circuit of the Americas,69,3,9,8
Nico Rosberg,3,896,2013,Circuit of the Americas,69,130,12,9
Jenson Button,18,896,2013,Circuit of the Americas,69,1,15,10
Daniel Ricciardo,816,896,2013,Circuit of the Americas,69,5,10,11
Jean-Éric Vergne,817,896,2013,Circuit of the Americas,69,5,14,12
Felipe Massa,13,896,2013,Circuit of the Americas,69,6,13,13
Esteban Gutiérrez,820,896,2013,Circuit of the Americas,69,15,20,14
Heikki Kovalainen,5,896,2013,Circuit of the Americas,69,206,8,15
Paul di Resta,813,896,2013,Circuit of the Americas,69,10,11,16
Pastor Maldonado,812,896,2013,Circuit of the Americas,69,3,17,17
Jules Bianchi,823,896,2013,Circuit of the Americas,69,204,19,18
Giedo van der Garde,822,896,2013,Circuit of the Americas,69,205,18,19
Charles Pic,818,896,2013,Circuit of the Americas,69,205,22,20
Max Chilton,819,896,2013,Circuit of the Americas,69,204,21,21
Sebastian Vettel,20,897,2013,Autódromo José Carlos Pace,18,9,1,1
Mark Webber,17,897,2013,Autódromo José Carlos Pace,18,9,4,2
Fernando Alonso,4,897,2013,Autódromo José Carlos Pace,18,6,3,3
Jenson Button,18,897,2013,Autódromo José Carlos Pace,18,1,14,4
Nico Rosberg,3,897,2013,Autódromo José Carlos Pace,18,130,2,5
Sergio Pérez,814,897,2013,Autódromo José Carlos Pace,18,1,19,6
Felipe Massa,13,897,2013,Autódromo José Carlos Pace,18,6,9,7
Nico Hülkenberg,807,897,2013,Autódromo José Carlos Pace,18,15,10,8
Lewis Hamilton,1,897,2013,Autódromo José Carlos Pace,18,130,5,9
Daniel Ricciardo,816,897,2013,Autódromo José Carlos Pace,18,5,7,10
Paul di Resta,813,897,2013,Autódromo José Carlos Pace,18,10,12,11
Esteban Gutiérrez,820,897,2013,Autódromo José Carlos Pace,18,15,17,12
Adrian Sutil,16,897,2013,Autódromo José Carlos Pace,18,10,15,13
Heikki Kovalainen,5,897,2013,Autódromo José Carlos Pace,18,206,11,14
Jean-Éric Vergne,817,897,2013,Autódromo José Carlos Pace,18,5,8,15
Pastor Maldonado,812,897,2013,Autódromo José Carlos Pace,18,3,16,16
Jules Bianchi,823,897,2013,Autódromo José Carlos Pace,18,204,21,17
Giedo van der Garde,822,897,2013,Autódromo José Carlos Pace,18,205,20,18
Max Chilton,819,897,2013,Autódromo José Carlos Pace,18,204,22,19
Nico Rosberg,3,898,2014,Albert Park Grand Prix Circuit,1,130,3,1
Kevin Magnussen,824,898,2014,Albert Park Grand Prix Circuit,1,1,4,2
Jenson Button,18,898,2014,Albert Park Grand Prix Circuit,1,1,10,3
Fernando Alonso,4,898,2014,Albert Park Grand Prix Circuit,1,6,5,4
Valtteri Bottas,821,898,2014,Albert Park Grand Prix Circuit,1,3,15,5
Nico Hülkenberg,807,898,2014,Albert Park Grand Prix Circuit,1,10,7,6
Kimi Räikkönen,8,898,2014,Albert Park Grand Prix Circuit,1,6,11,7
Jean-Éric Vergne,817,898,2014,Albert Park Grand Prix Circuit,1,5,6,8
Daniil Kvyat,825,898,2014,Albert Park Grand Prix Circuit,1,5,8,9
Sergio Pérez,814,898,2014,Albert Park Grand Prix Circuit,1,10,16,10
Adrian Sutil,16,898,2014,Albert Park Grand Prix Circuit,1,15,13,11
Esteban Gutiérrez,820,898,2014,Albert Park Grand Prix Circuit,1,15,20,12
Max Chilton,819,898,2014,Albert Park Grand Prix Circuit,1,204,17,13
Lewis Hamilton,1,899,2014,Sepang International Circuit,2,130,1,1
Nico Rosberg,3,899,2014,Sepang International Circuit,2,130,3,2
Sebastian Vettel,20,899,2014,Sepang International Circuit,2,9,2,3
Fernando Alonso,4,899,2014,Sepang International Circuit,2,6,4,4
Nico Hülkenberg,807,899,2014,Sepang International Circuit,2,10,7,5
Jenson Button,18,899,2014,Sepang International Circuit,2,1,10,6
Felipe Massa,13,899,2014,Sepang International Circuit,2,3,13,7
Valtteri Bottas,821,899,2014,Sepang International Circuit,2,3,18,8
Kevin Magnussen,824,899,2014,Sepang International Circuit,2,1,8,9
Daniil Kvyat,825,899,2014,Sepang International Circuit,2,5,11,10
Romain Grosjean,154,899,2014,Sepang International Circuit,2,206,15,11
Kimi Räikkönen,8,899,2014,Sepang International Circuit,2,6,6,12
Kamui Kobayashi,155,899,2014,Sepang International Circuit,2,205,20,13
Marcus Ericsson,827,899,2014,Sepang International Circuit,2,205,22,14
Max Chilton,819,899,2014,Sepang International Circuit,2,204,21,15
Lewis Hamilton,1,900,2014,Bahrain International Circuit,3,130,2,1
Nico Rosberg,3,900,2014,Bahrain International Circuit,3,130,1,2
Sergio Pérez,814,900,2014,Bahrain International Circuit,3,10,4,3
Daniel Ricciardo,816,900,2014,Bahrain International Circuit,3,9,13,4
Nico Hülkenberg,807,900,2014,Bahrain International Circuit,3,10,11,5
Sebastian Vettel,20,900,2014,Bahrain International Circuit,3,9,10,6
Felipe Massa,13,900,2014,Bahrain International Circuit,3,3,7,7
Valtteri Bottas,821,900,2014,Bahrain International Circuit,3,3,3,8
Fernando Alonso,4,900,2014,Bahrain International Circuit,3,6,9,9
Kimi Räikkönen,8,900,2014,Bahrain International Circuit,3,6,5,10
Daniil Kvyat,825,900,2014,Bahrain International Circuit,3,5,12,11
Romain Grosjean,154,900,2014,Bahrain International Circuit,3,206,16,12
Max Chilton,819,900,2014,Bahrain International Circuit,3,204,21,13
Pastor Maldonado,812,900,2014,Bahrain International Circuit,3,206,17,14
Kamui Kobayashi,155,900,2014,Bahrain International Circuit,3,205,18,15
Jules Bianchi,823,900,2014,Bahrain International Circuit,3,204,19,16
Jenson Button,18,900,2014,Bahrain International Circuit,3,1,6,17
Lewis Hamilton,1,901,2014,Shanghai International Circuit,17,130,1,1
Nico Rosberg,3,901,2014,Shanghai International Circuit,17,130,4,2
Fernando Alonso,4,901,2014,Shanghai International Circuit,17,6,5,3
Daniel Ricciardo,816,901,2014,Shanghai International Circuit,17,9,2,4
Sebastian Vettel,20,901,2014,Shanghai International Circuit,17,9,3,5
Nico Hülkenberg,807,901,2014,Shanghai International Circuit,17,10,8,6
Valtteri Bottas,821,901,2014,Shanghai International Circuit,17,3,7,7
Kimi Räikkönen,8,901,2014,Shanghai International Circuit,17,6,11,8
Sergio Pérez,814,901,2014,Shanghai International Circuit,17,10,16,9
Daniil Kvyat,825,901,2014,Shanghai International Circuit,17,5,13,10
Jenson Button,18,901,2014,Shanghai International Circuit,17,1,12,11
Jean-Éric Vergne,817,901,2014,Shanghai International Circuit,17,5,9,12
Kevin Magnussen,824,901,2014,Shanghai International Circuit,17,1,15,13
Pastor Maldonado,812,901,2014,Shanghai International Circuit,17,206,22,14
Felipe Massa,13,901,2014,Shanghai International Circuit,17,3,6,15
Esteban Gutiérrez,820,901,2014,Shanghai International Circuit,17,15,17,16
Jules Bianchi,823,901,2014,Shanghai International Circuit,17,204,19,17
Kamui Kobayashi,155,901,2014,Shanghai International Circuit,17,205,18,18
Max Chilton,819,901,2014,Shanghai International Circuit,17,204,21,19
Marcus Ericsson,827,901,2014,Shanghai International Circuit,17,205,20,20
Lewis Hamilton,1,902,2014,Circuit de Barcelona-Catalunya,4,130,1,1
Nico Rosberg,3,902,2014,Circuit de Barcelona-Catalunya,4,130,2,2
Daniel Ricciardo,816,902,2014,Circuit de Barcelona-Catalunya,4,9,3,3
Sebastian Vettel,20,902,2014,Circuit de Barcelona-Catalunya,4,9,15,4
Valtteri Bottas,821,902,2014,Circuit de Barcelona-Catalunya,4,3,4,5
Fernando Alonso,4,902,2014,Circuit de Barcelona-Catalunya,4,6,7,6
Kimi Räikkönen,8,902,2014,Circuit de Barcelona-Catalunya,4,6,6,7
Romain Grosjean,154,902,2014,Circuit de Barcelona-Catalunya,4,206,5,8
Sergio Pérez,814,902,2014,Circuit de Barcelona-Catalunya,4,10,11,9
Nico Hülkenberg,807,902,2014,Circuit de Barcelona-Catalunya,4,10,10,10
Jenson Button,18,902,2014,Circuit de Barcelona-Catalunya,4,1,8,11
Kevin Magnussen,824,902,2014,Circuit de Barcelona-Catalunya,4,1,14,12
Felipe Massa,13,902,2014,Circuit de Barcelona-Catalunya,4,3,9,13
Daniil Kvyat,825,902,2014,Circuit de Barcelona-Catalunya,4,5,12,14
Pastor Maldonado,812,902,2014,Circuit de Barcelona-Catalunya,4,206,22,15
Esteban Gutiérrez,820,902,2014,Circuit de Barcelona-Catalunya,4,15,13,16
Adrian Sutil,16,902,2014,Circuit de Barcelona-Catalunya,4,15,16,17
Jules Bianchi,823,902,2014,Circuit de Barcelona-Catalunya,4,204,18,18
Max Chilton,819,902,2014,Circuit de Barcelona-Catalunya,4,204,17,19
Marcus Ericsson,827,902,2014,Circuit de Barcelona-Catalunya,4,205,19,20
Nico Rosberg,3,903,2014,Circuit de Monaco,6,130,1,1
Lewis Hamilton,1,903,2014,Circuit de Monaco,6,130,2,2
Daniel Ricciardo,816,903,2014,Circuit de Monaco,6,9,3,3
Fernando Alonso,4,903,2014,Circuit de Monaco,6,6,5,4
Nico Hülkenberg,807,903,2014,Circuit de Monaco,6,10,11,5
Jenson Button,18,903,2014,Circuit de Monaco,6,1,12,6
Felipe Massa,13,903,2014,Circuit de Monaco,6,3,16,7
Romain Grosjean,154,903,2014,Circuit de Monaco,6,206,14,8
Jules Bianchi,823,903,2014,Circuit de Monaco,6,204,21,9
Kevin Magnussen,824,903,2014,Circuit de Monaco,6,1,8,10
Marcus Ericsson,827,903,2014,Circuit de Monaco,6,205,22,11
Kimi Räikkönen,8,903,2014,Circuit de Monaco,6,6,6,12
Kamui Kobayashi,155,903,2014,Circuit de Monaco,6,205,20,13
Max Chilton,819,903,2014,Circuit de Monaco,6,204,19,14
Daniel Ricciardo,816,904,2014,Circuit Gilles Villeneuve,7,9,6,1
Nico Rosberg,3,904,2014,Circuit Gilles Villeneuve,7,130,1,2
Sebastian Vettel,20,904,2014,Circuit Gilles Villeneuve,7,9,3,3
Jenson Button,18,904,2014,Circuit Gilles Villeneuve,7,1,9,4
Nico Hülkenberg,807,904,2014,Circuit Gilles Villeneuve,7,10,11,5
Fernando Alonso,4,904,2014,Circuit Gilles Villeneuve,7,6,7,6
Valtteri Bottas,821,904,2014,Circuit Gilles Villeneuve,7,3,4,7
Jean-Éric Vergne,817,904,2014,Circuit Gilles Villeneuve,7,5,8,8
Kevin Magnussen,824,904,2014,Circuit Gilles Villeneuve,7,1,12,9
Kimi Räikkönen,8,904,2014,Circuit Gilles Villeneuve,7,6,10,10
Sergio Pérez,814,904,2014,Circuit Gilles Villeneuve,7,10,13,11
Felipe Massa,13,904,2014,Circuit Gilles Villeneuve,7,3,5,12
Adrian Sutil,16,904,2014,Circuit Gilles Villeneuve,7,15,16,13
Esteban Gutiérrez,820,904,2014,Circuit Gilles Villeneuve,7,15,22,14
Nico Rosberg,3,905,2014,Red Bull Ring,70,130,3,1
Lewis Hamilton,1,905,2014,Red Bull Ring,70,130,9,2
Valtteri Bottas,821,905,2014,Red Bull Ring,70,3,2,3
Felipe Massa,13,905,2014,Red Bull Ring,70,3,1,4
Fernando Alonso,4,905,2014,Red Bull Ring,70,6,4,5
Sergio Pérez,814,905,2014,Red Bull Ring,70,10,15,6
Kevin Magnussen,824,905,2014,Red Bull Ring,70,1,6,7
Daniel Ricciardo,816,905,2014,Red Bull Ring,70,9,5,8
Nico Hülkenberg,807,905,2014,Red Bull Ring,70,10,10,9
Kimi Räikkönen,8,905,2014,Red Bull Ring,70,6,8,10
Jenson Button,18,905,2014,Red Bull Ring,70,1,11,11
Pastor Maldonado,812,905,2014,Red Bull Ring,70,206,13,12
Adrian Sutil,16,905,2014,Red Bull Ring,70,15,16,13
Romain Grosjean,154,905,2014,Red Bull Ring,70,206,22,14
Jules Bianchi,823,905,2014,Red Bull Ring,70,204,18,15
Kamui Kobayashi,155,905,2014,Red Bull Ring,70,205,19,16
Max Chilton,819,905,2014,Red Bull Ring,70,204,21,17
Marcus Ericsson,827,905,2014,Red Bull Ring,70,205,20,18
Esteban Gutiérrez,820,905,2014,Red Bull Ring,70,15,17,19
Lewis Hamilton,1,906,2014,Silverstone Circuit,9,130,6,1
Valtteri Bottas,821,906,2014,Silverstone Circuit,9,3,14,2
Daniel Ricciardo,816,906,2014,Silverstone Circuit,9,9,8,3
Jenson Button,18,906,2014,Silverstone Circuit,9,1,3,4
Sebastian Vettel,20,906,2014,Silverstone Circuit,9,9,2,5
Fernando Alonso,4,906,2014,Silverstone Circuit,9,6,16,6
Kevin Magnussen,824,906,2014,Silverstone Circuit,9,1,5,7
Nico Hülkenberg,807,906,2014,Silverstone Circuit,9,10,4,8
Daniil Kvyat,825,906,2014,Silverstone Circuit,9,5,9,9
Jean-Éric Vergne,817,906,2014,Silverstone Circuit,9,5,10,10
Sergio Pérez,814,906,2014,Silverstone Circuit,9,10,7,11
Romain Grosjean,154,906,2014,Silverstone Circuit,9,206,11,12
Adrian Sutil,16,906,2014,Silverstone Circuit,9,15,13,13
Jules Bianchi,823,906,2014,Silverstone Circuit,9,204,12,14
Kamui Kobayashi,155,906,2014,Silverstone Circuit,9,205,22,15
Max Chilton,819,906,2014,Silverstone Circuit,9,204,17,16
Pastor Maldonado,812,906,2014,Silverstone Circuit,9,206,20,17
Nico Rosberg,3,907,2014,Hockenheimring,10,130,1,1
Valtteri Bottas,821,907,2014,Hockenheimring,10,3,2,2
Lewis Hamilton,1,907,2014,Hockenheimring,10,130,20,3
Sebastian Vettel,20,907,2014,Hockenheimring,10,9,6,4
Fernando Alonso,4,907,2014,Hockenheimring,10,6,7,5
Daniel Ricciardo,816,907,2014,Hockenheimring,10,9,5,6
Nico Hülkenberg,807,907,2014,Hockenheimring,10,10,9,7
Jenson Button,18,907,2014,Hockenheimring,10,1,11,8
Kevin Magnussen,824,907,2014,Hockenheimring,10,1,4,9
Sergio Pérez,814,907,2014,Hockenheimring,10,10,10,10
Kimi Räikkönen,8,907,2014,Hockenheimring,10,6,12,11
Pastor Maldonado,812,907,2014,Hockenheimring,10,206,18,12
Jean-Éric Vergne,817,907,2014,Hockenheimring,10,5,13,13
Esteban Gutiérrez,820,907,2014,Hockenheimring,10,15,16,14
Jules Bianchi,823,907,2014,Hockenheimring,10,204,17,15
Kamui Kobayashi,155,907,2014,Hockenheimring,10,205,19,16
Max Chilton,819,907,2014,Hockenheimring,10,204,21,17
Marcus Ericsson,827,907,2014,Hockenheimring,10,205,22,18
Daniel Ricciardo,816,908,2014,Hungaroring,11,9,4,1
Fernando Alonso,4,908,2014,Hungaroring,11,6,5,2
Lewis Hamilton,1,908,2014,Hungaroring,11,130,22,3
Nico Rosberg,3,908,2014,Hungaroring,11,130,1,4
Felipe Massa,13,908,2014,Hungaroring,11,3,6,5
Kimi Räikkönen,8,908,2014,Hungaroring,11,6,16,6
Sebastian Vettel,20,908,2014,Hungaroring,11,9,2,7
Valtteri Bottas,821,908,2014,Hungaroring,11,3,3,8
Jean-Éric Vergne,817,908,2014,Hungaroring,11,5,8,9
Jenson Button,18,908,2014,Hungaroring,11,1,7,10
Adrian Sutil,16,908,2014,Hungaroring,11,15,11,11
Kevin Magnussen,824,908,2014,Hungaroring,11,1,21,12
Pastor Maldonado,812,908,2014,Hungaroring,11,206,20,13
Daniil Kvyat,825,908,2014,Hungaroring,11,5,10,14
Jules Bianchi,823,908,2014,Hungaroring,11,204,15,15
Max Chilton,819,908,2014,Hungaroring,11,204,18,16
Daniel Ricciardo,816,909,2014,Circuit de Spa-Francorchamps,13,9,5,1
Nico Rosberg,3,909,2014,Circuit de Spa-Francorchamps,13,130,1,2
Valtteri Bottas,821,909,2014,Circuit de Spa-Francorchamps,13,3,6,3
Kimi Räikkönen,8,909,2014,Circuit de Spa-Francorchamps,13,6,8,4
Sebastian Vettel,20,909,2014,Circuit de Spa-Francorchamps,13,9,3,5
Jenson Button,18,909,2014,Circuit de Spa-Francorchamps,13,1,10,6
Fernando Alonso,4,909,2014,Circuit de Spa-Francorchamps,13,6,4,7
Sergio Pérez,814,909,2014,Circuit de Spa-Francorchamps,13,10,13,8
Daniil Kvyat,825,909,2014,Circuit de Spa-Francorchamps,13,5,11,9
Nico Hülkenberg,807,909,2014,Circuit de Spa-Francorchamps,13,10,18,10
Jean-Éric Vergne,817,909,2014,Circuit de Spa-Francorchamps,13,5,12,11
Kevin Magnussen,824,909,2014,Circuit de Spa-Francorchamps,13,1,7,12
Felipe Massa,13,909,2014,Circuit de Spa-Francorchamps,13,3,9,13
Adrian Sutil,16,909,2014,Circuit de Spa-Francorchamps,13,15,14,14
Esteban Gutiérrez,820,909,2014,Circuit de Spa-Francorchamps,13,15,20,15
Max Chilton,819,909,2014,Circuit de Spa-Francorchamps,13,204,19,16
Marcus Ericsson,827,909,2014,Circuit de Spa-Francorchamps,13,205,22,17
Jules Bianchi,823,909,2014,Circuit de Spa-Francorchamps,13,204,16,18
Lewis Hamilton,1,910,2014,Autodromo Nazionale di Monza,14,130,1,1
Nico Rosberg,3,910,2014,Autodromo Nazionale di Monza,14,130,2,2
Felipe Massa,13,910,2014,Autodromo Nazionale di Monza,14,3,4,3
Valtteri Bottas,821,910,2014,Autodromo Nazionale di Monza,14,3,3,4
Daniel Ricciardo,816,910,2014,Autodromo Nazionale di Monza,14,9,9,5
Sebastian Vettel,20,910,2014,Autodromo Nazionale di Monza,14,9,8,6
Sergio Pérez,814,910,2014,Autodromo Nazionale di Monza,14,10,10,7
Jenson Button,18,910,2014,Autodromo Nazionale di Monza,14,1,6,8
Kimi Räikkönen,8,910,2014,Autodromo Nazionale di Monza,14,6,11,9
Kevin Magnussen,824,910,2014,Autodromo Nazionale di Monza,14,1,5,10
Daniil Kvyat,825,910,2014,Autodromo Nazionale di Monza,14,5,21,11
Nico Hülkenberg,807,910,2014,Autodromo Nazionale di Monza,14,10,13,12
Jean-Éric Vergne,817,910,2014,Autodromo Nazionale di Monza,14,5,12,13
Pastor Maldonado,812,910,2014,Autodromo Nazionale di Monza,14,206,16,14
Adrian Sutil,16,910,2014,Autodromo Nazionale di Monza,14,15,14,15
Romain Grosjean,154,910,2014,Autodromo Nazionale di Monza,14,206,17,16
Kamui Kobayashi,155,910,2014,Autodromo Nazionale di Monza,14,205,18,17
Jules Bianchi,823,910,2014,Autodromo Nazionale di Monza,14,204,19,18
Esteban Gutiérrez,820,910,2014,Autodromo Nazionale di Monza,14,15,15,19
Marcus Ericsson,827,910,2014,Autodromo Nazionale di Monza,14,205,22,20
Lewis Hamilton,1,911,2014,Marina Bay Street Circuit,15,130,1,1
Sebastian Vettel,20,911,2014,Marina Bay Street Circuit,15,9,4,2
Daniel Ricciardo,816,911,2014,Marina Bay Street Circuit,15,9,3,3
Fernando Alonso,4,911,2014,Marina Bay Street Circuit,15,6,5,4
Felipe Massa,13,911,2014,Marina Bay Street Circuit,15,3,6,5
Jean-Éric Vergne,817,911,2014,Marina Bay Street Circuit,15,5,12,6
Sergio Pérez,814,911,2014,Marina Bay Street Circuit,15,10,15,7
Kimi Räikkönen,8,911,2014,Marina Bay Street Circuit,15,6,7,8
Nico Hülkenberg,807,911,2014,Marina Bay Street Circuit,15,10,13,9
Kevin Magnussen,824,911,2014,Marina Bay Street Circuit,15,1,9,10
Valtteri Bottas,821,911,2014,Marina Bay Street Circuit,15,3,8,11
Pastor Maldonado,812,911,2014,Marina Bay Street Circuit,15,206,18,12
Romain Grosjean,154,911,2014,Marina Bay Street Circuit,15,206,16,13
Daniil Kvyat,825,911,2014,Marina Bay Street Circuit,15,5,10,14
Marcus Ericsson,827,911,2014,Marina Bay Street Circuit,15,205,22,15
Jules Bianchi,823,911,2014,Marina Bay Street Circuit,15,204,19,16
Max Chilton,819,911,2014,Marina Bay Street Circuit,15,204,21,17
Lewis Hamilton,1,912,2014,Suzuka Circuit,22,130,2,1
Nico Rosberg,3,912,2014,Suzuka Circuit,22,130,1,2
Sebastian Vettel,20,912,2014,Suzuka Circuit,22,9,9,3
Daniel Ricciardo,816,912,2014,Suzuka Circuit,22,9,6,4
Jenson Button,18,912,2014,Suzuka Circuit,22,1,8,5
Valtteri Bottas,821,912,2014,Suzuka Circuit,22,3,3,6
Felipe Massa,13,912,2014,Suzuka Circuit,22,3,4,7
Nico Hülkenberg,807,912,2014,Suzuka Circuit,22,10,13,8
Jean-Éric Vergne,817,912,2014,Suzuka Circuit,22,5,20,9
Sergio Pérez,814,912,2014,Suzuka Circuit,22,10,11,10
Daniil Kvyat,825,912,2014,Suzuka Circuit,22,5,12,11
Kimi Räikkönen,8,912,2014,Suzuka Circuit,22,6,10,12
Esteban Gutiérrez,820,912,2014,Suzuka Circuit,22,15,15,13
Kevin Magnussen,824,912,2014,Suzuka Circuit,22,1,7,14
Romain Grosjean,154,912,2014,Suzuka Circuit,22,206,16,15
Pastor Maldonado,812,912,2014,Suzuka Circuit,22,206,22,16
Marcus Ericsson,827,912,2014,Suzuka Circuit,22,205,17,17
Max Chilton,819,912,2014,Suzuka Circuit,22,204,21,18
Kamui Kobayashi,155,912,2014,Suzuka Circuit,22,205,19,19
Jules Bianchi,823,912,2014,Suzuka Circuit,22,204,18,20
Adrian Sutil,16,912,2014,Suzuka Circuit,22,15,14,21
Lewis Hamilton,1,913,2014,Sochi Autodrom,71,130,1,1
Nico Rosberg,3,913,2014,Sochi Autodrom,71,130,2,2
Valtteri Bottas,821,913,2014,Sochi Autodrom,71,3,3,3
Jenson Button,18,913,2014,Sochi Autodrom,71,1,4,4
Kevin Magnussen,824,913,2014,Sochi Autodrom,71,1,11,5
Fernando Alonso,4,913,2014,Sochi Autodrom,71,6,7,6
Daniel Ricciardo,816,913,2014,Sochi Autodrom,71,9,6,7
Sebastian Vettel,20,913,2014,Sochi Autodrom,71,9,10,8
Kimi Räikkönen,8,913,2014,Sochi Autodrom,71,6,8,9
Sergio Pérez,814,913,2014,Sochi Autodrom,71,10,12,10
Felipe Massa,13,913,2014,Sochi Autodrom,71,3,18,11
Nico Hülkenberg,807,913,2014,Sochi Autodrom,71,10,17,12
Jean-Éric Vergne,817,913,2014,Sochi Autodrom,71,5,9,13
Daniil Kvyat,825,913,2014,Sochi Autodrom,71,5,5,14
Esteban Gutiérrez,820,913,2014,Sochi Autodrom,71,15,13,15
Adrian Sutil,16,913,2014,Sochi Autodrom,71,15,14,16
Romain Grosjean,154,913,2014,Sochi Autodrom,71,206,15,17
Pastor Maldonado,812,913,2014,Sochi Autodrom,71,206,21,18
Marcus Ericsson,827,913,2014,Sochi Autodrom,71,205,16,19
Lewis Hamilton,1,914,2014,Circuit of the Americas,69,130,2,1
Nico Rosberg,3,914,2014,Circuit of the Americas,69,130,1,2
Daniel Ricciardo,816,914,2014,Circuit of the Americas,69,9,5,3
Felipe Massa,13,914,2014,Circuit of the Americas,69,3,4,4
Valtteri Bottas,821,914,2014,Circuit of the Americas,69,3,3,5
Fernando Alonso,4,914,2014,Circuit of the Americas,69,6,6,6
Sebastian Vettel,20,914,2014,Circuit of the Americas,69,9,18,7
Kevin Magnussen,824,914,2014,Circuit of the Americas,69,1,7,8
Jean-Éric Vergne,817,914,2014,Circuit of the Americas,69,5,14,10
Pastor Maldonado,812,914,2014,Circuit of the Americas,69,206,10,9
Romain Grosjean,154,914,2014,Circuit of the Americas,69,206,16,11
Jenson Button,18,914,2014,Circuit of the Americas,69,1,12,12
Kimi Räikkönen,8,914,2014,Circuit of the Americas,69,6,8,13
Esteban Gutiérrez,820,914,2014,Circuit of the Americas,69,15,15,14
Daniil Kvyat,825,914,2014,Circuit of the Americas,69,5,17,15
Nico Rosberg,3,915,2014,Autódromo José Carlos Pace,18,130,1,1
Lewis Hamilton,1,915,2014,Autódromo José Carlos Pace,18,130,2,2
Felipe Massa,13,915,2014,Autódromo José Carlos Pace,18,3,3,3
Jenson Button,18,915,2014,Autódromo José Carlos Pace,18,1,5,4
Sebastian Vettel,20,915,2014,Autódromo José Carlos Pace,18,9,6,5
Fernando Alonso,4,915,2014,Autódromo José Carlos Pace,18,6,8,6
Kimi Räikkönen,8,915,2014,Autódromo José Carlos Pace,18,6,10,7
Nico Hülkenberg,807,915,2014,Autódromo José Carlos Pace,18,10,12,8
Kevin Magnussen,824,915,2014,Autódromo José Carlos Pace,18,1,7,9
Valtteri Bottas,821,915,2014,Autódromo José Carlos Pace,18,3,4,10
Daniil Kvyat,825,915,2014,Autódromo José Carlos Pace,18,5,17,11
Pastor Maldonado,812,915,2014,Autódromo José Carlos Pace,18,206,16,12
Jean-Éric Vergne,817,915,2014,Autódromo José Carlos Pace,18,5,15,13
Esteban Gutiérrez,820,915,2014,Autódromo José Carlos Pace,18,15,11,14
Sergio Pérez,814,915,2014,Autódromo José Carlos Pace,18,10,18,15
Adrian Sutil,16,915,2014,Autódromo José Carlos Pace,18,15,13,16
Romain Grosjean,154,915,2014,Autódromo José Carlos Pace,18,206,14,17
Lewis Hamilton,1,916,2014,Yas Marina Circuit,24,130,2,1
Felipe Massa,13,916,2014,Yas Marina Circuit,24,3,4,2
Valtteri Bottas,821,916,2014,Yas Marina Circuit,24,3,3,3
Daniel Ricciardo,816,916,2014,Yas Marina Circuit,24,9,20,4
Jenson Button,18,916,2014,Yas Marina Circuit,24,1,6,5
Nico Hülkenberg,807,916,2014,Yas Marina Circuit,24,10,12,6
Sergio Pérez,814,916,2014,Yas Marina Circuit,24,10,11,7
Sebastian Vettel,20,916,2014,Yas Marina Circuit,24,9,19,8
Fernando Alonso,4,916,2014,Yas Marina Circuit,24,6,8,9
Kimi Räikkönen,8,916,2014,Yas Marina Circuit,24,6,7,10
Kevin Magnussen,824,916,2014,Yas Marina Circuit,24,1,9,11
Jean-Éric Vergne,817,916,2014,Yas Marina Circuit,24,5,10,12
Romain Grosjean,154,916,2014,Yas Marina Circuit,24,206,18,13
Nico Rosberg,3,916,2014,Yas Marina Circuit,24,130,1,14
Esteban Gutiérrez,820,916,2014,Yas Marina Circuit,24,15,14,15
Adrian Sutil,16,916,2014,Yas Marina Circuit,24,15,13,16
Will Stevens,828,916,2014,Yas Marina Circuit,24,205,17,17
Lewis Hamilton,1,922,2015,Albert Park Grand Prix Circuit,1,130,1,1
Nico Rosberg,3,922,2015,Albert Park Grand Prix Circuit,1,130,2,2
Sebastian Vettel,20,922,2015,Albert Park Grand Prix Circuit,1,6,4,3
Felipe Massa,13,922,2015,Albert Park Grand Prix Circuit,1,3,3,4
Felipe Nasr,830,922,2015,Albert Park Grand Prix Circuit,1,15,10,5
Daniel Ricciardo,816,922,2015,Albert Park Grand Prix Circuit,1,9,6,6
Nico Hülkenberg,807,922,2015,Albert Park Grand Prix Circuit,1,10,13,7
Marcus Ericsson,827,922,2015,Albert Park Grand Prix Circuit,1,15,15,8
Carlos Sainz,831,922,2015,Albert Park Grand Prix Circuit,1,5,7,9
Sergio Pérez,814,922,2015,Albert Park Grand Prix Circuit,1,10,14,10
Jenson Button,18,922,2015,Albert Park Grand Prix Circuit,1,1,16,11
Sebastian Vettel,20,923,2015,Sepang International Circuit,2,6,2,1
Lewis Hamilton,1,923,2015,Sepang International Circuit,2,130,1,2
Nico Rosberg,3,923,2015,Sepang International Circuit,2,130,3,3
Kimi Räikkönen,8,923,2015,Sepang International Circuit,2,6,11,4
Valtteri Bottas,821,923,2015,Sepang International Circuit,2,3,8,5
Felipe Massa,13,923,2015,Sepang International Circuit,2,3,7,6
Max Verstappen,829,923,2015,Sepang International Circuit,2,5,6,7
Carlos Sainz,831,923,2015,Sepang International Circuit,2,5,15,8
Daniil Kvyat,825,923,2015,Sepang International Circuit,2,9,5,9
Daniel Ricciardo,816,923,2015,Sepang International Circuit,2,9,4,10
Romain Grosjean,154,923,2015,Sepang International Circuit,2,206,10,11
Felipe Nasr,830,923,2015,Sepang International Circuit,2,15,16,12
Sergio Pérez,814,923,2015,Sepang International Circuit,2,10,14,13
Nico Hülkenberg,807,923,2015,Sepang International Circuit,2,10,13,14
Roberto Merhi,832,923,2015,Sepang International Circuit,2,207,19,15
Lewis Hamilton,1,921,2015,Shanghai International Circuit,17,130,1,1
Nico Rosberg,3,921,2015,Shanghai International Circuit,17,130,2,2
Sebastian Vettel,20,921,2015,Shanghai International Circuit,17,6,3,3
Kimi Räikkönen,8,921,2015,Shanghai International Circuit,17,6,6,4
Felipe Massa,13,921,2015,Shanghai International Circuit,17,3,4,5
Valtteri Bottas,821,921,2015,Shanghai International Circuit,17,3,5,6
Romain Grosjean,154,921,2015,Shanghai International Circuit,17,206,8,7
Felipe Nasr,830,921,2015,Shanghai International Circuit,17,15,9,8
Daniel Ricciardo,816,921,2015,Shanghai International Circuit,17,9,7,9
Marcus Ericsson,827,921,2015,Shanghai International Circuit,17,15,10,10
Sergio Pérez,814,921,2015,Shanghai International Circuit,17,10,15,11
Fernando Alonso,4,921,2015,Shanghai International Circuit,17,1,18,12
Carlos Sainz,831,921,2015,Shanghai International Circuit,17,5,14,13
Jenson Button,18,921,2015,Shanghai International Circuit,17,1,17,14
Will Stevens,828,921,2015,Shanghai International Circuit,17,207,19,15
Roberto Merhi,832,921,2015,Shanghai International Circuit,17,207,20,16
Max Verstappen,829,921,2015,Shanghai International Circuit,17,5,13,17
Lewis Hamilton,1,919,2015,Bahrain International Circuit,3,130,1,1
Kimi Räikkönen,8,919,2015,Bahrain International Circuit,3,6,4,2
Nico Rosberg,3,919,2015,Bahrain International Circuit,3,130,3,3
Valtteri Bottas,821,919,2015,Bahrain International Circuit,3,3,5,4
Sebastian Vettel,20,919,2015,Bahrain International Circuit,3,6,2,5
Daniel Ricciardo,816,919,2015,Bahrain International Circuit,3,9,7,6
Romain Grosjean,154,919,2015,Bahrain International Circuit,3,206,10,7
Sergio Pérez,814,919,2015,Bahrain International Circuit,3,10,11,8
Daniil Kvyat,825,919,2015,Bahrain International Circuit,3,9,17,9
Felipe Massa,13,919,2015,Bahrain International Circuit,3,3,6,10
Fernando Alonso,4,919,2015,Bahrain International Circuit,3,1,14,11
Felipe Nasr,830,919,2015,Bahrain International Circuit,3,15,12,12
Nico Hülkenberg,807,919,2015,Bahrain International Circuit,3,10,8,13
Marcus Ericsson,827,919,2015,Bahrain International Circuit,3,15,13,14
Pastor Maldonado,812,919,2015,Bahrain International Circuit,3,206,16,15
Will Stevens,828,919,2015,Bahrain International Circuit,3,207,18,16
Roberto Merhi,832,919,2015,Bahrain International Circuit,3,207,19,17
Nico Rosberg,3,920,2015,Circuit de Barcelona-Catalunya,4,130,1,1
Lewis Hamilton,1,920,2015,Circuit de Barcelona-Catalunya,4,130,2,2
Sebastian Vettel,20,920,2015,Circuit de Barcelona-Catalunya,4,6,3,3
Valtteri Bottas,821,920,2015,Circuit de Barcelona-Catalunya,4,3,4,4
Kimi Räikkönen,8,920,2015,Circuit de Barcelona-Catalunya,4,6,7,5
Felipe Massa,13,920,2015,Circuit de Barcelona-Catalunya,4,3,9,6
Daniel Ricciardo,816,920,2015,Circuit de Barcelona-Catalunya,4,9,10,7
Romain Grosjean,154,920,2015,Circuit de Barcelona-Catalunya,4,206,11,8
Carlos Sainz,831,920,2015,Circuit de Barcelona-Catalunya,4,5,5,9
Daniil Kvyat,825,920,2015,Circuit de Barcelona-Catalunya,4,9,8,10
Max Verstappen,829,920,2015,Circuit de Barcelona-Catalunya,4,5,6,11
Felipe Nasr,830,920,2015,Circuit de Barcelona-Catalunya,4,15,15,12
Sergio Pérez,814,920,2015,Circuit de Barcelona-Catalunya,4,10,18,13
Marcus Ericsson,827,920,2015,Circuit de Barcelona-Catalunya,4,15,16,14
Nico Hülkenberg,807,920,2015,Circuit de Barcelona-Catalunya,4,10,17,15
Jenson Button,18,920,2015,Circuit de Barcelona-Catalunya,4,1,14,16
Will Stevens,828,920,2015,Circuit de Barcelona-Catalunya,4,207,19,17
Roberto Merhi,832,920,2015,Circuit de Barcelona-Catalunya,4,207,20,18
Nico Rosberg,3,917,2015,Circuit de Monaco,6,130,2,1
Sebastian Vettel,20,917,2015,Circuit de Monaco,6,6,3,2
Lewis Hamilton,1,917,2015,Circuit de Monaco,6,130,1,3
Daniil Kvyat,825,917,2015,Circuit de Monaco,6,9,5,4
Daniel Ricciardo,816,917,2015,Circuit de Monaco,6,9,4,5
Kimi Räikkönen,8,917,2015,Circuit de Monaco,6,6,6,6
Sergio Pérez,814,917,2015,Circuit de Monaco,6,10,7,7
Jenson Button,18,917,2015,Circuit de Monaco,6,1,10,8
Felipe Nasr,830,917,2015,Circuit de Monaco,6,15,14,9
Carlos Sainz,831,917,2015,Circuit de Monaco,6,5,0,10
Nico Hülkenberg,807,917,2015,Circuit de Monaco,6,10,11,11
Romain Grosjean,154,917,2015,Circuit de Monaco,6,206,15,12
Marcus Ericsson,827,917,2015,Circuit de Monaco,6,15,17,13
Valtteri Bottas,821,917,2015,Circuit de Monaco,6,3,16,14
Felipe Massa,13,917,2015,Circuit de Monaco,6,3,12,15
Roberto Merhi,832,917,2015,Circuit de Monaco,6,207,19,16
Will Stevens,828,917,2015,Circuit de Monaco,6,207,18,17
Lewis Hamilton,1,918,2015,Circuit Gilles Villeneuve,7,130,1,1
Nico Rosberg,3,918,2015,Circuit Gilles Villeneuve,7,130,2,2
Valtteri Bottas,821,918,2015,Circuit Gilles Villeneuve,7,3,4,3
Kimi Räikkönen,8,918,2015,Circuit Gilles Villeneuve,7,6,3,4
Sebastian Vettel,20,918,2015,Circuit Gilles Villeneuve,7,6,18,5
Felipe Massa,13,918,2015,Circuit Gilles Villeneuve,7,3,15,6
Pastor Maldonado,812,918,2015,Circuit Gilles Villeneuve,7,206,6,7
Nico Hülkenberg,807,918,2015,Circuit Gilles Villeneuve,7,10,7,8
Daniil Kvyat,825,918,2015,Circuit Gilles Villeneuve,7,9,8,9
Romain Grosjean,154,918,2015,Circuit Gilles Villeneuve,7,206,5,10
Sergio Pérez,814,918,2015,Circuit Gilles Villeneuve,7,10,10,11
Carlos Sainz,831,918,2015,Circuit Gilles Villeneuve,7,5,11,12
Daniel Ricciardo,816,918,2015,Circuit Gilles Villeneuve,7,9,9,13
Marcus Ericsson,827,918,2015,Circuit Gilles Villeneuve,7,15,12,14
Max Verstappen,829,918,2015,Circuit Gilles Villeneuve,7,5,19,15
Felipe Nasr,830,918,2015,Circuit Gilles Villeneuve,7,15,14,16
Will Stevens,828,918,2015,Circuit Gilles Villeneuve,7,207,17,17
Nico Rosberg,3,924,2015,Red Bull Ring,70,130,2,1
Lewis Hamilton,1,924,2015,Red Bull Ring,70,130,1,2
Felipe Massa,13,924,2015,Red Bull Ring,70,3,4,3
Sebastian Vettel,20,924,2015,Red Bull Ring,70,6,3,4
Valtteri Bottas,821,924,2015,Red Bull Ring,70,3,6,5
Nico Hülkenberg,807,924,2015,Red Bull Ring,70,10,5,6
Pastor Maldonado,812,924,2015,Red Bull Ring,70,206,10,7
Max Verstappen,829,924,2015,Red Bull Ring,70,5,7,8
Sergio Pérez,814,924,2015,Red Bull Ring,70,10,13,9
Daniel Ricciardo,816,924,2015,Red Bull Ring,70,9,18,10
Felipe Nasr,830,924,2015,Red Bull Ring,70,15,8,11
Daniil Kvyat,825,924,2015,Red Bull Ring,70,9,15,12
Marcus Ericsson,827,924,2015,Red Bull Ring,70,15,11,13
Roberto Merhi,832,924,2015,Red Bull Ring,70,207,16,14
Lewis Hamilton,1,925,2015,Silverstone Circuit,9,130,1,1
Nico Rosberg,3,925,2015,Silverstone Circuit,9,130,2,2
Sebastian Vettel,20,925,2015,Silverstone Circuit,9,6,6,3
Felipe Massa,13,925,2015,Silverstone Circuit,9,3,3,4
Valtteri Bottas,821,925,2015,Silverstone Circuit,9,3,4,5
Daniil Kvyat,825,925,2015,Silverstone Circuit,9,9,7,6
Nico Hülkenberg,807,925,2015,Silverstone Circuit,9,10,9,7
Kimi Räikkönen,8,925,2015,Silverstone Circuit,9,6,5,8
Sergio Pérez,814,925,2015,Silverstone Circuit,9,10,11,9
Fernando Alonso,4,925,2015,Silverstone Circuit,9,1,17,10
Marcus Ericsson,827,925,2015,Silverstone Circuit,9,15,15,11
Roberto Merhi,832,925,2015,Silverstone Circuit,9,207,20,12
Will Stevens,828,925,2015,Silverstone Circuit,9,207,19,13
Sebastian Vettel,20,926,2015,Hungaroring,11,6,3,1
Daniil Kvyat,825,926,2015,Hungaroring,11,9,7,2
Daniel Ricciardo,816,926,2015,Hungaroring,11,9,4,3
Max Verstappen,829,926,2015,Hungaroring,11,5,9,4
Fernando Alonso,4,926,2015,Hungaroring,11,1,15,5
Lewis Hamilton,1,926,2015,Hungaroring,11,130,1,6
Romain Grosjean,154,926,2015,Hungaroring,11,206,10,7
Nico Rosberg,3,926,2015,Hungaroring,11,130,2,8
Jenson Button,18,926,2015,Hungaroring,11,1,16,9
Marcus Ericsson,827,926,2015,Hungaroring,11,15,17,10
Felipe Nasr,830,926,2015,Hungaroring,11,15,18,11
Felipe Massa,13,926,2015,Hungaroring,11,3,8,12
Valtteri Bottas,821,926,2015,Hungaroring,11,3,6,13
Pastor Maldonado,812,926,2015,Hungaroring,11,206,14,14
Roberto Merhi,832,926,2015,Hungaroring,11,207,19,15
Will Stevens,828,926,2015,Hungaroring,11,207,20,16
Lewis Hamilton,1,927,2015,Circuit de Spa-Francorchamps,13,130,1,1
Nico Rosberg,3,927,2015,Circuit de Spa-Francorchamps,13,130,2,2
Romain Grosjean,154,927,2015,Circuit de Spa-Francorchamps,13,206,9,3
Daniil Kvyat,825,927,2015,Circuit de Spa-Francorchamps,13,9,12,4
Sergio Pérez,814,927,2015,Circuit de Spa-Francorchamps,13,10,4,5
Felipe Massa,13,927,2015,Circuit de Spa-Francorchamps,13,3,6,6
Kimi Räikkönen,8,927,2015,Circuit de Spa-Francorchamps,13,6,16,7
Max Verstappen,829,927,2015,Circuit de Spa-Francorchamps,13,5,18,8
Valtteri Bottas,821,927,2015,Circuit de Spa-Francorchamps,13,3,3,9
Marcus Ericsson,827,927,2015,Circuit de Spa-Francorchamps,13,15,13,10
Felipe Nasr,830,927,2015,Circuit de Spa-Francorchamps,13,15,14,11
Sebastian Vettel,20,927,2015,Circuit de Spa-Francorchamps,13,6,8,12
Fernando Alonso,4,927,2015,Circuit de Spa-Francorchamps,13,1,20,13
Jenson Button,18,927,2015,Circuit de Spa-Francorchamps,13,1,19,14
Roberto Merhi,832,927,2015,Circuit de Spa-Francorchamps,13,207,17,15
Will Stevens,828,927,2015,Circuit de Spa-Francorchamps,13,207,15,16
Lewis Hamilton,1,928,2015,Autodromo Nazionale di Monza,14,130,1,1
Sebastian Vettel,20,928,2015,Autodromo Nazionale di Monza,14,6,3,2
Felipe Massa,13,928,2015,Autodromo Nazionale di Monza,14,3,5,3
Valtteri Bottas,821,928,2015,Autodromo Nazionale di Monza,14,3,6,4
Kimi Räikkönen,8,928,2015,Autodromo Nazionale di Monza,14,6,2,5
Sergio Pérez,814,928,2015,Autodromo Nazionale di Monza,14,10,7,6
Nico Hülkenberg,807,928,2015,Autodromo Nazionale di Monza,14,10,9,7
Daniel Ricciardo,816,928,2015,Autodromo Nazionale di Monza,14,9,19,8
Marcus Ericsson,827,928,2015,Autodromo Nazionale di Monza,14,15,12,9
Daniil Kvyat,825,928,2015,Autodromo Nazionale di Monza,14,9,18,10
Carlos Sainz,831,928,2015,Autodromo Nazionale di Monza,14,5,17,11
Max Verstappen,829,928,2015,Autodromo Nazionale di Monza,14,5,20,12
Felipe Nasr,830,928,2015,Autodromo Nazionale di Monza,14,15,17,13
Jenson Button,18,928,2015,Autodromo Nazionale di Monza,14,1,15,14
Will Stevens,828,928,2015,Autodromo Nazionale di Monza,14,207,13,15
Roberto Merhi,832,928,2015,Autodromo Nazionale di Monza,14,207,14,16
Nico Rosberg,3,928,2015,Autodromo Nazionale di Monza,14,130,4,17
Fernando Alonso,4,928,2015,Autodromo Nazionale di Monza,14,1,16,18
Sebastian Vettel,20,929,2015,Marina Bay Street Circuit,15,6,1,1
Daniel Ricciardo,816,929,2015,Marina Bay Street Circuit,15,9,2,2
Kimi Räikkönen,8,929,2015,Marina Bay Street Circuit,15,6,3,3
Nico Rosberg,3,929,2015,Marina Bay Street Circuit,15,130,6,4
Valtteri Bottas,821,929,2015,Marina Bay Street Circuit,15,3,7,5
Daniil Kvyat,825,929,2015,Marina Bay Street Circuit,15,9,4,6
Sergio Pérez,814,929,2015,Marina Bay Street Circuit,15,10,13,7
Max Verstappen,829,929,2015,Marina Bay Street Circuit,15,5,8,8
Carlos Sainz,831,929,2015,Marina Bay Street Circuit,15,5,14,9
Felipe Nasr,830,929,2015,Marina Bay Street Circuit,15,15,16,10
Marcus Ericsson,827,929,2015,Marina Bay Street Circuit,15,15,17,11
Pastor Maldonado,812,929,2015,Marina Bay Street Circuit,15,206,18,12
Romain Grosjean,154,929,2015,Marina Bay Street Circuit,15,206,10,13
Alexander Rossi,833,929,2015,Marina Bay Street Circuit,15,207,20,14
Will Stevens,828,929,2015,Marina Bay Street Circuit,15,207,19,15
Lewis Hamilton,1,930,2015,Suzuka Circuit,22,130,2,1
Nico Rosberg,3,930,2015,Suzuka Circuit,22,130,1,2
Sebastian Vettel,20,930,2015,Suzuka Circuit,22,6,4,3
Kimi Räikkönen,8,930,2015,Suzuka Circuit,22,6,6,4
Valtteri Bottas,821,930,2015,Suzuka Circuit,22,3,3,5
Nico Hülkenberg,807,930,2015,Suzuka Circuit,22,10,13,6
Romain Grosjean,154,930,2015,Suzuka Circuit,22,206,8,7
Pastor Maldonado,812,930,2015,Suzuka Circuit,22,206,11,8
Max Verstappen,829,930,2015,Suzuka Circuit,22,5,17,9
Carlos Sainz,831,930,2015,Suzuka Circuit,22,5,10,10
Fernando Alonso,4,930,2015,Suzuka Circuit,22,1,12,11
Sergio Pérez,814,930,2015,Suzuka Circuit,22,10,9,12
Daniil Kvyat,825,930,2015,Suzuka Circuit,22,9,20,13
Marcus Ericsson,827,930,2015,Suzuka Circuit,22,15,15,14
Daniel Ricciardo,816,930,2015,Suzuka Circuit,22,9,7,15
Jenson Button,18,930,2015,Suzuka Circuit,22,1,14,16
Felipe Massa,13,930,2015,Suzuka Circuit,22,3,5,17
Alexander Rossi,833,930,2015,Suzuka Circuit,22,207,19,18
Will Stevens,828,930,2015,Suzuka Circuit,22,207,18,19
Lewis Hamilton,1,931,2015,Sochi Autodrom,71,130,2,1
Sebastian Vettel,20,931,2015,Sochi Autodrom,71,6,4,2
Sergio Pérez,814,931,2015,Sochi Autodrom,71,10,7,3
Felipe Massa,13,931,2015,Sochi Autodrom,71,3,15,4
Kimi Räikkönen,8,931,2015,Sochi Autodrom,71,6,5,8
Felipe Nasr,830,931,2015,Sochi Autodrom,71,15,12,6
Pastor Maldonado,812,931,2015,Sochi Autodrom,71,206,14,7
Jenson Button,18,931,2015,Sochi Autodrom,71,1,13,9
Max Verstappen,829,931,2015,Sochi Autodrom,71,5,9,10
Fernando Alonso,4,931,2015,Sochi Autodrom,71,1,19,11
Valtteri Bottas,821,931,2015,Sochi Autodrom,71,3,3,12
Roberto Merhi,832,931,2015,Sochi Autodrom,71,207,18,13
Will Stevens,828,931,2015,Sochi Autodrom,71,207,17,14
Daniel Ricciardo,816,931,2015,Sochi Autodrom,71,9,10,15
Lewis Hamilton,1,932,2015,Circuit of the Americas,69,130,2,1
Daniil Kvyat,825,931,2015,Sochi Autodrom,71,9,11,5
Nico Rosberg,3,932,2015,Circuit of the Americas,69,130,1,2
Sebastian Vettel,20,932,2015,Circuit of the Americas,69,6,13,3
Max Verstappen,829,932,2015,Circuit of the Americas,69,5,8,4
Sergio Pérez,814,932,2015,Circuit of the Americas,69,10,5,5
Jenson Button,18,932,2015,Circuit of the Americas,69,1,11,6
Carlos Sainz,831,932,2015,Circuit of the Americas,69,5,20,7
Pastor Maldonado,812,932,2015,Circuit of the Americas,69,206,12,8
Felipe Nasr,830,932,2015,Circuit of the Americas,69,15,15,9
Daniel Ricciardo,816,932,2015,Circuit of the Americas,69,9,3,10
Fernando Alonso,4,932,2015,Circuit of the Americas,69,1,9,11
Alexander Rossi,833,932,2015,Circuit of the Americas,69,207,17,12
Nico Rosberg,3,933,2015,Autódromo Hermanos Rodríguez,32,130,1,1
Lewis Hamilton,1,933,2015,Autódromo Hermanos Rodríguez,32,130,2,2
Valtteri Bottas,821,933,2015,Autódromo Hermanos Rodríguez,32,3,6,3
Daniil Kvyat,825,933,2015,Autódromo Hermanos Rodríguez,32,9,4,4
Daniel Ricciardo,816,933,2015,Autódromo Hermanos Rodríguez,32,9,5,5
Felipe Massa,13,933,2015,Autódromo Hermanos Rodríguez,32,3,7,6
Nico Hülkenberg,807,933,2015,Autódromo Hermanos Rodríguez,32,10,10,7
Sergio Pérez,814,933,2015,Autódromo Hermanos Rodríguez,32,10,9,8
Max Verstappen,829,933,2015,Autódromo Hermanos Rodríguez,32,5,8,9
Romain Grosjean,154,933,2015,Autódromo Hermanos Rodríguez,32,206,12,10
Pastor Maldonado,812,933,2015,Autódromo Hermanos Rodríguez,32,206,13,11
Marcus Ericsson,827,933,2015,Autódromo Hermanos Rodríguez,32,15,14,12
Carlos Sainz,831,933,2015,Autódromo Hermanos Rodríguez,32,5,11,13
Jenson Button,18,933,2015,Autódromo Hermanos Rodríguez,32,1,20,14
Alexander Rossi,833,933,2015,Autódromo Hermanos Rodríguez,32,207,16,15
Will Stevens,828,933,2015,Autódromo Hermanos Rodríguez,32,207,17,16
Nico Rosberg,3,934,2015,Autódromo José Carlos Pace,18,130,1,1
Lewis Hamilton,1,934,2015,Autódromo José Carlos Pace,18,130,2,2
Sebastian Vettel,20,934,2015,Autódromo José Carlos Pace,18,6,3,3
Kimi Räikkönen,8,934,2015,Autódromo José Carlos Pace,18,6,4,4
Valtteri Bottas,821,934,2015,Autódromo José Carlos Pace,18,3,7,5
Nico Hülkenberg,807,934,2015,Autódromo José Carlos Pace,18,10,5,6
Daniil Kvyat,825,934,2015,Autódromo José Carlos Pace,18,9,6,7
Romain Grosjean,154,934,2015,Autódromo José Carlos Pace,18,206,14,8
Max Verstappen,829,934,2015,Autódromo José Carlos Pace,18,5,9,9
Pastor Maldonado,812,934,2015,Autódromo José Carlos Pace,18,206,15,10
Daniel Ricciardo,816,934,2015,Autódromo José Carlos Pace,18,9,19,11
Sergio Pérez,814,934,2015,Autódromo José Carlos Pace,18,10,11,12
Felipe Nasr,830,934,2015,Autódromo José Carlos Pace,18,15,13,13
Jenson Button,18,934,2015,Autódromo José Carlos Pace,18,1,16,14
Fernando Alonso,4,934,2015,Autódromo José Carlos Pace,18,1,20,15
Marcus Ericsson,827,934,2015,Autódromo José Carlos Pace,18,15,12,16
Will Stevens,828,934,2015,Autódromo José Carlos Pace,18,207,18,17
Alexander Rossi,833,934,2015,Autódromo José Carlos Pace,18,207,17,18
Nico Rosberg,3,935,2015,Yas Marina Circuit,24,130,1,1
Lewis Hamilton,1,935,2015,Yas Marina Circuit,24,130,2,2
Kimi Räikkönen,8,935,2015,Yas Marina Circuit,24,6,3,3
Sebastian Vettel,20,935,2015,Yas Marina Circuit,24,6,15,4
Sergio Pérez,814,935,2015,Yas Marina Circuit,24,10,4,5
Daniel Ricciardo,816,935,2015,Yas Marina Circuit,24,9,5,6
Nico Hülkenberg,807,935,2015,Yas Marina Circuit,24,10,7,7
Felipe Massa,13,935,2015,Yas Marina Circuit,24,3,8,8
Romain Grosjean,154,935,2015,Yas Marina Circuit,24,206,18,9
Daniil Kvyat,825,935,2015,Yas Marina Circuit,24,9,9,10
Carlos Sainz,831,935,2015,Yas Marina Circuit,24,5,10,11
Jenson Button,18,935,2015,Yas Marina Circuit,24,1,12,12
Valtteri Bottas,821,935,2015,Yas Marina Circuit,24,3,6,13
Marcus Ericsson,827,935,2015,Yas Marina Circuit,24,15,17,14
Felipe Nasr,830,935,2015,Yas Marina Circuit,24,15,14,15
Max Verstappen,829,935,2015,Yas Marina Circuit,24,5,11,16
Fernando Alonso,4,935,2015,Yas Marina Circuit,24,1,16,17
Will Stevens,828,935,2015,Yas Marina Circuit,24,207,19,18
Roberto Merhi,832,935,2015,Yas Marina Circuit,24,207,20,19
Nico Rosberg,3,936,2016,Albert Park Grand Prix Circuit,1,130,2,1
Lewis Hamilton,1,936,2016,Albert Park Grand Prix Circuit,1,130,1,2
Sebastian Vettel,20,936,2016,Albert Park Grand Prix Circuit,1,6,3,3
Daniel Ricciardo,816,936,2016,Albert Park Grand Prix Circuit,1,9,8,4
Felipe Massa,13,936,2016,Albert Park Grand Prix Circuit,1,3,6,5
Romain Grosjean,154,936,2016,Albert Park Grand Prix Circuit,1,208,19,6
Nico Hülkenberg,807,936,2016,Albert Park Grand Prix Circuit,1,10,10,7
Valtteri Bottas,821,936,2016,Albert Park Grand Prix Circuit,1,3,16,8
Carlos Sainz,831,936,2016,Albert Park Grand Prix Circuit,1,5,7,9
Max Verstappen,829,936,2016,Albert Park Grand Prix Circuit,1,5,5,10
Jolyon Palmer,834,936,2016,Albert Park Grand Prix Circuit,1,4,13,11
Kevin Magnussen,824,936,2016,Albert Park Grand Prix Circuit,1,4,14,12
Sergio Pérez,814,936,2016,Albert Park Grand Prix Circuit,1,10,9,13
Jenson Button,18,936,2016,Albert Park Grand Prix Circuit,1,1,12,14
Felipe Nasr,830,936,2016,Albert Park Grand Prix Circuit,1,15,17,15
Pascal Wehrlein,835,936,2016,Albert Park Grand Prix Circuit,1,207,21,16
Nico Rosberg,3,937,2016,Bahrain International Circuit,3,130,2,1
Kimi Räikkönen,8,937,2016,Bahrain International Circuit,3,6,4,2
Lewis Hamilton,1,937,2016,Bahrain International Circuit,3,130,1,3
Daniel Ricciardo,816,937,2016,Bahrain International Circuit,3,9,5,4
Romain Grosjean,154,937,2016,Bahrain International Circuit,3,208,9,5
Max Verstappen,829,937,2016,Bahrain International Circuit,3,5,10,6
Daniil Kvyat,825,937,2016,Bahrain International Circuit,3,9,15,7
Felipe Massa,13,937,2016,Bahrain International Circuit,3,3,7,8
Valtteri Bottas,821,937,2016,Bahrain International Circuit,3,3,6,9
Stoffel Vandoorne,837,937,2016,Bahrain International Circuit,3,1,12,10
Kevin Magnussen,824,937,2016,Bahrain International Circuit,3,4,22,11
Marcus Ericsson,827,937,2016,Bahrain International Circuit,3,15,17,12
Pascal Wehrlein,835,937,2016,Bahrain International Circuit,3,207,16,13
Felipe Nasr,830,937,2016,Bahrain International Circuit,3,15,21,14
Nico Hülkenberg,807,937,2016,Bahrain International Circuit,3,10,8,15
Sergio Pérez,814,937,2016,Bahrain International Circuit,3,10,18,16
Rio Haryanto,836,937,2016,Bahrain International Circuit,3,207,20,17
Nico Rosberg,3,938,2016,Shanghai International Circuit,17,130,1,1
Sebastian Vettel,20,938,2016,Shanghai International Circuit,17,6,4,2
Daniil Kvyat,825,938,2016,Shanghai International Circuit,17,9,6,3
Daniel Ricciardo,816,938,2016,Shanghai International Circuit,17,9,2,4
Kimi Räikkönen,8,938,2016,Shanghai International Circuit,17,6,3,5
Felipe Massa,13,938,2016,Shanghai International Circuit,17,3,10,6
Lewis Hamilton,1,938,2016,Shanghai International Circuit,17,130,22,7
Max Verstappen,829,938,2016,Shanghai International Circuit,17,5,9,8
Carlos Sainz,831,938,2016,Shanghai International Circuit,17,5,8,9
Valtteri Bottas,821,938,2016,Shanghai International Circuit,17,3,5,10
Sergio Pérez,814,938,2016,Shanghai International Circuit,17,10,7,11
Fernando Alonso,4,938,2016,Shanghai International Circuit,17,1,11,12
Jenson Button,18,938,2016,Shanghai International Circuit,17,1,12,13
Esteban Gutiérrez,820,938,2016,Shanghai International Circuit,17,208,18,14
Nico Hülkenberg,807,938,2016,Shanghai International Circuit,17,10,13,15
Marcus Ericsson,827,938,2016,Shanghai International Circuit,17,15,15,16
Kevin Magnussen,824,938,2016,Shanghai International Circuit,17,4,17,17
Pascal Wehrlein,835,938,2016,Shanghai International Circuit,17,207,21,18
Romain Grosjean,154,938,2016,Shanghai International Circuit,17,208,14,19
Felipe Nasr,830,938,2016,Shanghai International Circuit,17,15,16,20
Rio Haryanto,836,938,2016,Shanghai International Circuit,17,207,20,21
Jolyon Palmer,834,938,2016,Shanghai International Circuit,17,4,19,22
Nico Rosberg,3,939,2016,Sochi Autodrom,71,130,1,1
Lewis Hamilton,1,939,2016,Sochi Autodrom,71,130,10,2
Kimi Räikkönen,8,939,2016,Sochi Autodrom,71,6,3,3
Valtteri Bottas,821,939,2016,Sochi Autodrom,71,3,2,4
Felipe Massa,13,939,2016,Sochi Autodrom,71,3,4,5
Fernando Alonso,4,939,2016,Sochi Autodrom,71,1,14,6
Kevin Magnussen,824,939,2016,Sochi Autodrom,71,4,17,7
Romain Grosjean,154,939,2016,Sochi Autodrom,71,208,15,8
Sergio Pérez,814,939,2016,Sochi Autodrom,71,10,6,9
Jenson Button,18,939,2016,Sochi Autodrom,71,1,12,10
Daniel Ricciardo,816,939,2016,Sochi Autodrom,71,9,5,11
Carlos Sainz,831,939,2016,Sochi Autodrom,71,5,11,12
Jolyon Palmer,834,939,2016,Sochi Autodrom,71,4,18,13
Marcus Ericsson,827,939,2016,Sochi Autodrom,71,15,22,14
Daniil Kvyat,825,939,2016,Sochi Autodrom,71,9,8,15
Felipe Nasr,830,939,2016,Sochi Autodrom,71,15,19,16
Esteban Gutiérrez,820,939,2016,Sochi Autodrom,71,208,16,17
Pascal Wehrlein,835,939,2016,Sochi Autodrom,71,207,20,18
Max Verstappen,829,940,2016,Circuit de Barcelona-Catalunya,4,9,4,1
Kimi Räikkönen,8,940,2016,Circuit de Barcelona-Catalunya,4,6,5,2
Sebastian Vettel,20,940,2016,Circuit de Barcelona-Catalunya,4,6,6,3
Daniel Ricciardo,816,940,2016,Circuit de Barcelona-Catalunya,4,9,3,4
Valtteri Bottas,821,940,2016,Circuit de Barcelona-Catalunya,4,3,7,5
Carlos Sainz,831,940,2016,Circuit de Barcelona-Catalunya,4,5,8,6
Sergio Pérez,814,940,2016,Circuit de Barcelona-Catalunya,4,10,9,7
Felipe Massa,13,940,2016,Circuit de Barcelona-Catalunya,4,3,18,8
Jenson Button,18,940,2016,Circuit de Barcelona-Catalunya,4,1,12,9
Daniil Kvyat,825,940,2016,Circuit de Barcelona-Catalunya,4,5,13,10
Esteban Gutiérrez,820,940,2016,Circuit de Barcelona-Catalunya,4,208,16,11
Marcus Ericsson,827,940,2016,Circuit de Barcelona-Catalunya,4,15,19,12
Jolyon Palmer,834,940,2016,Circuit de Barcelona-Catalunya,4,4,17,13
Kevin Magnussen,824,940,2016,Circuit de Barcelona-Catalunya,4,4,15,14
Felipe Nasr,830,940,2016,Circuit de Barcelona-Catalunya,4,15,20,15
Pascal Wehrlein,835,940,2016,Circuit de Barcelona-Catalunya,4,207,21,16
Rio Haryanto,836,940,2016,Circuit de Barcelona-Catalunya,4,207,22,17
Lewis Hamilton,1,941,2016,Circuit de Monaco,6,130,3,1
Daniel Ricciardo,816,941,2016,Circuit de Monaco,6,9,1,2
Sergio Pérez,814,941,2016,Circuit de Monaco,6,10,7,3
Sebastian Vettel,20,941,2016,Circuit de Monaco,6,6,4,4
Fernando Alonso,4,941,2016,Circuit de Monaco,6,1,9,5
Nico Hülkenberg,807,941,2016,Circuit de Monaco,6,10,5,6
Nico Rosberg,3,941,2016,Circuit de Monaco,6,130,2,7
Carlos Sainz,831,941,2016,Circuit de Monaco,6,5,6,8
Jenson Button,18,941,2016,Circuit de Monaco,6,1,13,9
Felipe Massa,13,941,2016,Circuit de Monaco,6,3,14,10
Esteban Gutiérrez,820,941,2016,Circuit de Monaco,6,208,12,11
Valtteri Bottas,821,941,2016,Circuit de Monaco,6,3,10,12
Romain Grosjean,154,941,2016,Circuit de Monaco,6,208,15,13
Pascal Wehrlein,835,941,2016,Circuit de Monaco,6,207,20,14
Rio Haryanto,836,941,2016,Circuit de Monaco,6,207,19,15
Lewis Hamilton,1,942,2016,Circuit Gilles Villeneuve,7,130,1,1
Sebastian Vettel,20,942,2016,Circuit Gilles Villeneuve,7,6,3,2
Valtteri Bottas,821,942,2016,Circuit Gilles Villeneuve,7,3,7,3
Max Verstappen,829,942,2016,Circuit Gilles Villeneuve,7,9,5,4
Nico Rosberg,3,942,2016,Circuit Gilles Villeneuve,7,130,2,5
Kimi Räikkönen,8,942,2016,Circuit Gilles Villeneuve,7,6,6,6
Daniel Ricciardo,816,942,2016,Circuit Gilles Villeneuve,7,9,4,7
Nico Hülkenberg,807,942,2016,Circuit Gilles Villeneuve,7,10,9,8
Carlos Sainz,831,942,2016,Circuit Gilles Villeneuve,7,5,20,9
Sergio Pérez,814,942,2016,Circuit Gilles Villeneuve,7,10,11,10
Fernando Alonso,4,942,2016,Circuit Gilles Villeneuve,7,1,10,11
Daniil Kvyat,825,942,2016,Circuit Gilles Villeneuve,7,5,15,12
Esteban Gutiérrez,820,942,2016,Circuit Gilles Villeneuve,7,208,13,13
Romain Grosjean,154,942,2016,Circuit Gilles Villeneuve,7,208,14,14
Marcus Ericsson,827,942,2016,Circuit Gilles Villeneuve,7,15,21,15
Kevin Magnussen,824,942,2016,Circuit Gilles Villeneuve,7,4,22,16
Pascal Wehrlein,835,942,2016,Circuit Gilles Villeneuve,7,207,17,17
Felipe Nasr,830,942,2016,Circuit Gilles Villeneuve,7,15,18,18
Rio Haryanto,836,942,2016,Circuit Gilles Villeneuve,7,207,19,19
Nico Rosberg,3,943,2016,Baku City Circuit,72,130,1,1
Sebastian Vettel,20,943,2016,Baku City Circuit,72,6,3,2
Sergio Pérez,814,943,2016,Baku City Circuit,72,10,7,3
Kimi Räikkönen,8,943,2016,Baku City Circuit,72,6,4,4
Lewis Hamilton,1,943,2016,Baku City Circuit,72,130,10,5
Valtteri Bottas,821,943,2016,Baku City Circuit,72,3,8,6
Daniel Ricciardo,816,943,2016,Baku City Circuit,72,9,2,7
Max Verstappen,829,943,2016,Baku City Circuit,72,9,9,8
Nico Hülkenberg,807,943,2016,Baku City Circuit,72,10,12,9
Felipe Massa,13,943,2016,Baku City Circuit,72,3,5,10
Jenson Button,18,943,2016,Baku City Circuit,72,1,19,11
Felipe Nasr,830,943,2016,Baku City Circuit,72,15,15,12
Romain Grosjean,154,943,2016,Baku City Circuit,72,208,11,13
Kevin Magnussen,824,943,2016,Baku City Circuit,72,4,22,14
Jolyon Palmer,834,943,2016,Baku City Circuit,72,4,21,15
Esteban Gutiérrez,820,943,2016,Baku City Circuit,72,208,14,16
Marcus Ericsson,827,943,2016,Baku City Circuit,72,15,20,17
Rio Haryanto,836,943,2016,Baku City Circuit,72,207,16,18
Lewis Hamilton,1,944,2016,Red Bull Ring,70,130,1,1
Max Verstappen,829,944,2016,Red Bull Ring,70,9,8,2
Kimi Räikkönen,8,944,2016,Red Bull Ring,70,6,4,3
Nico Rosberg,3,944,2016,Red Bull Ring,70,130,6,4
Daniel Ricciardo,816,944,2016,Red Bull Ring,70,9,5,5
Jenson Button,18,944,2016,Red Bull Ring,70,1,3,6
Romain Grosjean,154,944,2016,Red Bull Ring,70,208,13,7
Carlos Sainz,831,944,2016,Red Bull Ring,70,5,15,8
Valtteri Bottas,821,944,2016,Red Bull Ring,70,3,7,9
Pascal Wehrlein,835,944,2016,Red Bull Ring,70,207,12,10
Esteban Gutiérrez,820,944,2016,Red Bull Ring,70,208,11,11
Jolyon Palmer,834,944,2016,Red Bull Ring,70,4,19,12
Felipe Nasr,830,944,2016,Red Bull Ring,70,15,21,13
Kevin Magnussen,824,944,2016,Red Bull Ring,70,4,17,14
Marcus Ericsson,827,944,2016,Red Bull Ring,70,15,18,15
Rio Haryanto,836,944,2016,Red Bull Ring,70,207,20,16
Sergio Pérez,814,944,2016,Red Bull Ring,70,10,16,17
Fernando Alonso,4,944,2016,Red Bull Ring,70,1,14,18
Nico Hülkenberg,807,944,2016,Red Bull Ring,70,10,2,19
Felipe Massa,13,944,2016,Red Bull Ring,70,3,0,20
Lewis Hamilton,1,945,2016,Silverstone Circuit,9,130,1,1
Max Verstappen,829,945,2016,Silverstone Circuit,9,9,3,2
Nico Rosberg,3,945,2016,Silverstone Circuit,9,130,2,3
Daniel Ricciardo,816,945,2016,Silverstone Circuit,9,9,4,4
Kimi Räikkönen,8,945,2016,Silverstone Circuit,9,6,5,5
Sergio Pérez,814,945,2016,Silverstone Circuit,9,10,10,6
Nico Hülkenberg,807,945,2016,Silverstone Circuit,9,10,8,7
Carlos Sainz,831,945,2016,Silverstone Circuit,9,5,7,8
Sebastian Vettel,20,945,2016,Silverstone Circuit,9,6,11,9
Daniil Kvyat,825,945,2016,Silverstone Circuit,9,5,15,10
Felipe Massa,13,945,2016,Silverstone Circuit,9,3,12,11
Jenson Button,18,945,2016,Silverstone Circuit,9,1,17,12
Fernando Alonso,4,945,2016,Silverstone Circuit,9,1,9,13
Valtteri Bottas,821,945,2016,Silverstone Circuit,9,3,6,14
Felipe Nasr,830,945,2016,Silverstone Circuit,9,15,21,15
Esteban Gutiérrez,820,945,2016,Silverstone Circuit,9,208,14,16
Kevin Magnussen,824,945,2016,Silverstone Circuit,9,4,16,17
Lewis Hamilton,1,946,2016,Hungaroring,11,130,2,1
Nico Rosberg,3,946,2016,Hungaroring,11,130,1,2
Daniel Ricciardo,816,946,2016,Hungaroring,11,9,3,3
Sebastian Vettel,20,946,2016,Hungaroring,11,6,5,4
Max Verstappen,829,946,2016,Hungaroring,11,9,4,5
Kimi Räikkönen,8,946,2016,Hungaroring,11,6,14,6
Fernando Alonso,4,946,2016,Hungaroring,11,1,7,7
Carlos Sainz,831,946,2016,Hungaroring,11,5,6,8
Valtteri Bottas,821,946,2016,Hungaroring,11,3,10,9
Nico Hülkenberg,807,946,2016,Hungaroring,11,10,9,10
Sergio Pérez,814,946,2016,Hungaroring,11,10,13,11
Jolyon Palmer,834,946,2016,Hungaroring,11,4,17,12
Esteban Gutiérrez,820,946,2016,Hungaroring,11,208,15,13
Romain Grosjean,154,946,2016,Hungaroring,11,208,11,14
Kevin Magnussen,824,946,2016,Hungaroring,11,4,19,15
Daniil Kvyat,825,946,2016,Hungaroring,11,5,12,16
Felipe Nasr,830,946,2016,Hungaroring,11,15,16,17
Felipe Massa,13,946,2016,Hungaroring,11,3,18,18
Pascal Wehrlein,835,946,2016,Hungaroring,11,207,20,19
Marcus Ericsson,827,946,2016,Hungaroring,11,15,22,20
Rio Haryanto,836,946,2016,Hungaroring,11,207,21,21
Lewis Hamilton,1,947,2016,Hockenheimring,10,130,2,1
Daniel Ricciardo,816,947,2016,Hockenheimring,10,9,3,2
Max Verstappen,829,947,2016,Hockenheimring,10,9,4,3
Nico Rosberg,3,947,2016,Hockenheimring,10,130,1,4
Sebastian Vettel,20,947,2016,Hockenheimring,10,6,6,5
Kimi Räikkönen,8,947,2016,Hockenheimring,10,6,5,6
Nico Hülkenberg,807,947,2016,Hockenheimring,10,10,8,7
Jenson Button,18,947,2016,Hockenheimring,10,1,12,8
Valtteri Bottas,821,947,2016,Hockenheimring,10,3,7,9
Sergio Pérez,814,947,2016,Hockenheimring,10,10,9,10
Esteban Gutiérrez,820,947,2016,Hockenheimring,10,208,11,11
Fernando Alonso,4,947,2016,Hockenheimring,10,1,13,12
Romain Grosjean,154,947,2016,Hockenheimring,10,208,20,13
Carlos Sainz,831,947,2016,Hockenheimring,10,5,15,14
Daniil Kvyat,825,947,2016,Hockenheimring,10,5,18,15
Kevin Magnussen,824,947,2016,Hockenheimring,10,4,16,16
Pascal Wehrlein,835,947,2016,Hockenheimring,10,207,17,17
Marcus Ericsson,827,947,2016,Hockenheimring,10,15,22,18
Jolyon Palmer,834,947,2016,Hockenheimring,10,4,14,19
Rio Haryanto,836,947,2016,Hockenheimring,10,207,19,20
Nico Rosberg,3,948,2016,Circuit de Spa-Francorchamps,13,130,1,1
Daniel Ricciardo,816,948,2016,Circuit de Spa-Francorchamps,13,9,5,2
Lewis Hamilton,1,948,2016,Circuit de Spa-Francorchamps,13,130,21,3
Nico Hülkenberg,807,948,2016,Circuit de Spa-Francorchamps,13,10,7,4
Sergio Pérez,814,948,2016,Circuit de Spa-Francorchamps,13,10,6,5
Sebastian Vettel,20,948,2016,Circuit de Spa-Francorchamps,13,6,4,6
Fernando Alonso,4,948,2016,Circuit de Spa-Francorchamps,13,1,22,7
Valtteri Bottas,821,948,2016,Circuit de Spa-Francorchamps,13,3,8,8
Kimi Räikkönen,8,948,2016,Circuit de Spa-Francorchamps,13,6,3,9
Felipe Massa,13,948,2016,Circuit de Spa-Francorchamps,13,3,10,10
Max Verstappen,829,948,2016,Circuit de Spa-Francorchamps,13,9,2,11
Esteban Gutiérrez,820,948,2016,Circuit de Spa-Francorchamps,13,208,18,12
Romain Grosjean,154,948,2016,Circuit de Spa-Francorchamps,13,208,11,13
Daniil Kvyat,825,948,2016,Circuit de Spa-Francorchamps,13,5,19,14
Jolyon Palmer,834,948,2016,Circuit de Spa-Francorchamps,13,4,13,15
Esteban Ocon,838,948,2016,Circuit de Spa-Francorchamps,13,207,17,16
Felipe Nasr,830,948,2016,Circuit de Spa-Francorchamps,13,15,16,17
Nico Rosberg,3,949,2016,Autodromo Nazionale di Monza,14,130,2,1
Lewis Hamilton,1,949,2016,Autodromo Nazionale di Monza,14,130,1,2
Sebastian Vettel,20,949,2016,Autodromo Nazionale di Monza,14,6,3,3
Kimi Räikkönen,8,949,2016,Autodromo Nazionale di Monza,14,6,4,4
Daniel Ricciardo,816,949,2016,Autodromo Nazionale di Monza,14,9,6,5
Valtteri Bottas,821,949,2016,Autodromo Nazionale di Monza,14,3,5,6
Max Verstappen,829,949,2016,Autodromo Nazionale di Monza,14,9,7,7
Sergio Pérez,814,949,2016,Autodromo Nazionale di Monza,14,10,8,8
Felipe Massa,13,949,2016,Autodromo Nazionale di Monza,14,3,11,9
Nico Hülkenberg,807,949,2016,Autodromo Nazionale di Monza,14,10,9,10
Romain Grosjean,154,949,2016,Autodromo Nazionale di Monza,14,208,17,11
Jenson Button,18,949,2016,Autodromo Nazionale di Monza,14,1,14,12
Esteban Gutiérrez,820,949,2016,Autodromo Nazionale di Monza,14,208,10,13
Fernando Alonso,4,949,2016,Autodromo Nazionale di Monza,14,1,12,14
Carlos Sainz,831,949,2016,Autodromo Nazionale di Monza,14,5,15,15
Marcus Ericsson,827,949,2016,Autodromo Nazionale di Monza,14,15,19,16
Kevin Magnussen,824,949,2016,Autodromo Nazionale di Monza,14,4,21,17
Esteban Ocon,838,949,2016,Autodromo Nazionale di Monza,14,207,22,18
Nico Rosberg,3,950,2016,Marina Bay Street Circuit,15,130,1,1
Daniel Ricciardo,816,950,2016,Marina Bay Street Circuit,15,9,2,2
Lewis Hamilton,1,950,2016,Marina Bay Street Circuit,15,130,3,3
Kimi Räikkönen,8,950,2016,Marina Bay Street Circuit,15,6,5,4
Sebastian Vettel,20,950,2016,Marina Bay Street Circuit,15,6,22,5
Max Verstappen,829,950,2016,Marina Bay Street Circuit,15,9,4,6
Fernando Alonso,4,950,2016,Marina Bay Street Circuit,15,1,9,7
Sergio Pérez,814,950,2016,Marina Bay Street Circuit,15,10,17,8
Daniil Kvyat,825,950,2016,Marina Bay Street Circuit,15,5,7,9
Kevin Magnussen,824,950,2016,Marina Bay Street Circuit,15,4,15,10
Esteban Gutiérrez,820,950,2016,Marina Bay Street Circuit,15,208,13,11
Felipe Massa,13,950,2016,Marina Bay Street Circuit,15,3,11,12
Felipe Nasr,830,950,2016,Marina Bay Street Circuit,15,15,16,13
Carlos Sainz,831,950,2016,Marina Bay Street Circuit,15,5,6,14
Jolyon Palmer,834,950,2016,Marina Bay Street Circuit,15,4,18,15
Pascal Wehrlein,835,950,2016,Marina Bay Street Circuit,15,207,19,16
Marcus Ericsson,827,950,2016,Marina Bay Street Circuit,15,15,14,17
Esteban Ocon,838,950,2016,Marina Bay Street Circuit,15,207,21,18
Daniel Ricciardo,816,951,2016,Sepang International Circuit,2,9,4,1
Max Verstappen,829,951,2016,Sepang International Circuit,2,9,3,2
Nico Rosberg,3,951,2016,Sepang International Circuit,2,130,2,3
Kimi Räikkönen,8,951,2016,Sepang International Circuit,2,6,6,4
Valtteri Bottas,821,951,2016,Sepang International Circuit,2,3,11,5
Sergio Pérez,814,951,2016,Sepang International Circuit,2,10,7,6
Fernando Alonso,4,951,2016,Sepang International Circuit,2,1,22,7
Nico Hülkenberg,807,951,2016,Sepang International Circuit,2,10,8,8
Jenson Button,18,951,2016,Sepang International Circuit,2,1,9,9
Jolyon Palmer,834,951,2016,Sepang International Circuit,2,4,19,10
Carlos Sainz,831,951,2016,Sepang International Circuit,2,5,16,11
Marcus Ericsson,827,951,2016,Sepang International Circuit,2,15,17,12
Felipe Massa,13,951,2016,Sepang International Circuit,2,3,10,13
Daniil Kvyat,825,951,2016,Sepang International Circuit,2,5,15,14
Pascal Wehrlein,835,951,2016,Sepang International Circuit,2,207,21,15
Esteban Ocon,838,951,2016,Sepang International Circuit,2,207,20,16
Nico Rosberg,3,952,2016,Suzuka Circuit,22,130,1,1
Max Verstappen,829,952,2016,Suzuka Circuit,22,9,3,2
Lewis Hamilton,1,952,2016,Suzuka Circuit,22,130,2,3
Sebastian Vettel,20,952,2016,Suzuka Circuit,22,6,6,4
Kimi Räikkönen,8,952,2016,Suzuka Circuit,22,6,8,5
Daniel Ricciardo,816,952,2016,Suzuka Circuit,22,9,4,6
Sergio Pérez,814,952,2016,Suzuka Circuit,22,10,5,7
Nico Hülkenberg,807,952,2016,Suzuka Circuit,22,10,9,8
Felipe Massa,13,952,2016,Suzuka Circuit,22,3,12,9
Valtteri Bottas,821,952,2016,Suzuka Circuit,22,3,11,10
Romain Grosjean,154,952,2016,Suzuka Circuit,22,208,7,11
Jolyon Palmer,834,952,2016,Suzuka Circuit,22,4,16,12
Daniil Kvyat,825,952,2016,Suzuka Circuit,22,5,13,13
Kevin Magnussen,824,952,2016,Suzuka Circuit,22,4,17,14
Marcus Ericsson,827,952,2016,Suzuka Circuit,22,15,18,15
Fernando Alonso,4,952,2016,Suzuka Circuit,22,1,15,16
Carlos Sainz,831,952,2016,Suzuka Circuit,22,5,14,17
Jenson Button,18,952,2016,Suzuka Circuit,22,1,22,18
Felipe Nasr,830,952,2016,Suzuka Circuit,22,15,19,19
Esteban Gutiérrez,820,952,2016,Suzuka Circuit,22,208,10,20
Esteban Ocon,838,952,2016,Suzuka Circuit,22,207,20,21
Pascal Wehrlein,835,952,2016,Suzuka Circuit,22,207,21,22
Lewis Hamilton,1,953,2016,Circuit of the Americas,69,130,1,1
Nico Rosberg,3,953,2016,Circuit of the Americas,69,130,2,2
Daniel Ricciardo,816,953,2016,Circuit of the Americas,69,9,3,3
Sebastian Vettel,20,953,2016,Circuit of the Americas,69,6,6,4
Fernando Alonso,4,953,2016,Circuit of the Americas,69,1,12,5
Carlos Sainz,831,953,2016,Circuit of the Americas,69,5,10,6
Felipe Massa,13,953,2016,Circuit of the Americas,69,3,9,7
Sergio Pérez,814,953,2016,Circuit of the Americas,69,10,11,8
Jenson Button,18,953,2016,Circuit of the Americas,69,1,19,9
Romain Grosjean,154,953,2016,Circuit of the Americas,69,208,17,10
Daniil Kvyat,825,953,2016,Circuit of the Americas,69,5,13,11
Kevin Magnussen,824,953,2016,Circuit of the Americas,69,4,18,12
Jolyon Palmer,834,953,2016,Circuit of the Americas,69,4,15,13
Marcus Ericsson,827,953,2016,Circuit of the Americas,69,15,16,14
Felipe Nasr,830,953,2016,Circuit of the Americas,69,15,21,15
Valtteri Bottas,821,953,2016,Circuit of the Americas,69,3,8,16
Pascal Wehrlein,835,953,2016,Circuit of the Americas,69,207,20,17
Esteban Ocon,838,953,2016,Circuit of the Americas,69,207,22,18
Lewis Hamilton,1,954,2016,Autódromo Hermanos Rodríguez,32,130,1,1
Nico Rosberg,3,954,2016,Autódromo Hermanos Rodríguez,32,130,2,2
Daniel Ricciardo,816,954,2016,Autódromo Hermanos Rodríguez,32,9,4,3
Max Verstappen,829,954,2016,Autódromo Hermanos Rodríguez,32,9,3,4
Sebastian Vettel,20,954,2016,Autódromo Hermanos Rodríguez,32,6,7,5
Kimi Räikkönen,8,954,2016,Autódromo Hermanos Rodríguez,32,6,6,6
Nico Hülkenberg,807,954,2016,Autódromo Hermanos Rodríguez,32,10,5,7
Valtteri Bottas,821,954,2016,Autódromo Hermanos Rodríguez,32,3,8,8
Felipe Massa,13,954,2016,Autódromo Hermanos Rodríguez,32,3,9,9
Sergio Pérez,814,954,2016,Autódromo Hermanos Rodríguez,32,10,12,10
Marcus Ericsson,827,954,2016,Autódromo Hermanos Rodríguez,32,15,15,11
Jenson Button,18,954,2016,Autódromo Hermanos Rodríguez,32,1,13,12
Fernando Alonso,4,954,2016,Autódromo Hermanos Rodríguez,32,1,11,13
Jolyon Palmer,834,954,2016,Autódromo Hermanos Rodríguez,32,4,21,14
Felipe Nasr,830,954,2016,Autódromo Hermanos Rodríguez,32,15,19,15
Carlos Sainz,831,954,2016,Autódromo Hermanos Rodríguez,32,5,10,16
Kevin Magnussen,824,954,2016,Autódromo Hermanos Rodríguez,32,4,14,17
Daniil Kvyat,825,954,2016,Autódromo Hermanos Rodríguez,32,5,18,18
Esteban Gutiérrez,820,954,2016,Autódromo Hermanos Rodríguez,32,208,17,19
Romain Grosjean,154,954,2016,Autódromo Hermanos Rodríguez,32,208,22,20
Esteban Ocon,838,954,2016,Autódromo Hermanos Rodríguez,32,207,20,21
Lewis Hamilton,1,955,2016,Autódromo José Carlos Pace,18,130,1,1
Nico Rosberg,3,955,2016,Autódromo José Carlos Pace,18,130,2,2
Max Verstappen,829,955,2016,Autódromo José Carlos Pace,18,9,4,3
Sergio Pérez,814,955,2016,Autódromo José Carlos Pace,18,10,9,4
Sebastian Vettel,20,955,2016,Autódromo José Carlos Pace,18,6,5,5
Carlos Sainz,831,955,2016,Autódromo José Carlos Pace,18,5,15,6
Nico Hülkenberg,807,955,2016,Autódromo José Carlos Pace,18,10,8,7
Daniel Ricciardo,816,955,2016,Autódromo José Carlos Pace,18,9,6,8
Felipe Nasr,830,955,2016,Autódromo José Carlos Pace,18,15,21,9
Fernando Alonso,4,955,2016,Autódromo José Carlos Pace,18,1,10,10
Valtteri Bottas,821,955,2016,Autódromo José Carlos Pace,18,3,11,11
Esteban Ocon,838,955,2016,Autódromo José Carlos Pace,18,207,22,12
Daniil Kvyat,825,955,2016,Autódromo José Carlos Pace,18,5,14,13
Kevin Magnussen,824,955,2016,Autódromo José Carlos Pace,18,4,18,14
Pascal Wehrlein,835,955,2016,Autódromo José Carlos Pace,18,207,19,15
Jenson Button,18,955,2016,Autódromo José Carlos Pace,18,1,17,16
Lewis Hamilton,1,956,2016,Yas Marina Circuit,24,130,1,1
Nico Rosberg,3,956,2016,Yas Marina Circuit,24,130,2,2
Sebastian Vettel,20,956,2016,Yas Marina Circuit,24,6,5,3
Max Verstappen,829,956,2016,Yas Marina Circuit,24,9,6,4
Daniel Ricciardo,816,956,2016,Yas Marina Circuit,24,9,3,5
Kimi Räikkönen,8,956,2016,Yas Marina Circuit,24,6,4,6
Nico Hülkenberg,807,956,2016,Yas Marina Circuit,24,10,7,7
Sergio Pérez,814,956,2016,Yas Marina Circuit,24,10,8,8
Felipe Massa,13,956,2016,Yas Marina Circuit,24,3,10,9
Fernando Alonso,4,956,2016,Yas Marina Circuit,24,1,9,10
Romain Grosjean,154,956,2016,Yas Marina Circuit,24,208,14,11
Esteban Gutiérrez,820,956,2016,Yas Marina Circuit,24,208,13,12
Esteban Ocon,838,956,2016,Yas Marina Circuit,24,207,20,13
Pascal Wehrlein,835,956,2016,Yas Marina Circuit,24,207,16,14
Marcus Ericsson,827,956,2016,Yas Marina Circuit,24,15,22,15
Felipe Nasr,830,956,2016,Yas Marina Circuit,24,15,19,16
Jolyon Palmer,834,956,2016,Yas Marina Circuit,24,4,15,17
Sebastian Vettel,20,957,2017,Albert Park Grand Prix Circuit,1,6,2,1
Lewis Hamilton,1,957,2017,Albert Park Grand Prix Circuit,1,130,1,2
Valtteri Bottas,821,957,2017,Albert Park Grand Prix Circuit,1,130,3,3
Kimi Räikkönen,8,957,2017,Albert Park Grand Prix Circuit,1,6,4,4
Max Verstappen,829,957,2017,Albert Park Grand Prix Circuit,1,9,5,5
Felipe Massa,13,957,2017,Albert Park Grand Prix Circuit,1,3,7,6
Sergio Pérez,814,957,2017,Albert Park Grand Prix Circuit,1,10,10,7
Carlos Sainz,831,957,2017,Albert Park Grand Prix Circuit,1,5,8,8
Daniil Kvyat,825,957,2017,Albert Park Grand Prix Circuit,1,5,9,9
Esteban Ocon,838,957,2017,Albert Park Grand Prix Circuit,1,10,13,10
Nico Hülkenberg,807,957,2017,Albert Park Grand Prix Circuit,1,4,11,11
Antonio Giovinazzi,840,957,2017,Albert Park Grand Prix Circuit,1,15,16,12
Stoffel Vandoorne,837,957,2017,Albert Park Grand Prix Circuit,1,1,18,13
Lewis Hamilton,1,958,2017,Shanghai International Circuit,17,130,1,1
Sebastian Vettel,20,958,2017,Shanghai International Circuit,17,6,2,2
Max Verstappen,829,958,2017,Shanghai International Circuit,17,9,16,3
Daniel Ricciardo,816,958,2017,Shanghai International Circuit,17,9,5,4
Kimi Räikkönen,8,958,2017,Shanghai International Circuit,17,6,4,5
Valtteri Bottas,821,958,2017,Shanghai International Circuit,17,130,3,6
Carlos Sainz,831,958,2017,Shanghai International Circuit,17,5,11,7
Kevin Magnussen,824,958,2017,Shanghai International Circuit,17,208,12,8
Sergio Pérez,814,958,2017,Shanghai International Circuit,17,10,8,9
Esteban Ocon,838,958,2017,Shanghai International Circuit,17,10,17,10
Romain Grosjean,154,958,2017,Shanghai International Circuit,17,208,19,11
Nico Hülkenberg,807,958,2017,Shanghai International Circuit,17,4,7,12
Jolyon Palmer,834,958,2017,Shanghai International Circuit,17,4,20,13
Felipe Massa,13,958,2017,Shanghai International Circuit,17,3,6,14
Marcus Ericsson,827,958,2017,Shanghai International Circuit,17,15,14,15
Sebastian Vettel,20,959,2017,Bahrain International Circuit,3,6,3,1
Lewis Hamilton,1,959,2017,Bahrain International Circuit,3,130,2,2
Valtteri Bottas,821,959,2017,Bahrain International Circuit,3,130,1,3
Kimi Räikkönen,8,959,2017,Bahrain International Circuit,3,6,5,4
Daniel Ricciardo,816,959,2017,Bahrain International Circuit,3,9,4,5
Felipe Massa,13,959,2017,Bahrain International Circuit,3,3,8,6
Sergio Pérez,814,959,2017,Bahrain International Circuit,3,10,18,7
Romain Grosjean,154,959,2017,Bahrain International Circuit,3,208,9,8
Nico Hülkenberg,807,959,2017,Bahrain International Circuit,3,4,7,9
Esteban Ocon,838,959,2017,Bahrain International Circuit,3,10,14,10
Pascal Wehrlein,835,959,2017,Bahrain International Circuit,3,15,13,11
Daniil Kvyat,825,959,2017,Bahrain International Circuit,3,5,11,12
Jolyon Palmer,834,959,2017,Bahrain International Circuit,3,4,10,13
Fernando Alonso,4,959,2017,Bahrain International Circuit,3,1,15,14
Valtteri Bottas,821,960,2017,Sochi Autodrom,71,130,3,1
Sebastian Vettel,20,960,2017,Sochi Autodrom,71,6,1,2
Kimi Räikkönen,8,960,2017,Sochi Autodrom,71,6,2,3
Lewis Hamilton,1,960,2017,Sochi Autodrom,71,130,4,4
Max Verstappen,829,960,2017,Sochi Autodrom,71,9,7,5
Sergio Pérez,814,960,2017,Sochi Autodrom,71,10,9,6
Esteban Ocon,838,960,2017,Sochi Autodrom,71,10,10,7
Nico Hülkenberg,807,960,2017,Sochi Autodrom,71,4,8,8
Felipe Massa,13,960,2017,Sochi Autodrom,71,3,6,9
Carlos Sainz,831,960,2017,Sochi Autodrom,71,5,14,10
Lance Stroll,839,960,2017,Sochi Autodrom,71,3,11,11
Daniil Kvyat,825,960,2017,Sochi Autodrom,71,5,12,12
Kevin Magnussen,824,960,2017,Sochi Autodrom,71,208,13,13
Stoffel Vandoorne,837,960,2017,Sochi Autodrom,71,1,20,14
Marcus Ericsson,827,960,2017,Sochi Autodrom,71,15,18,15
Pascal Wehrlein,835,960,2017,Sochi Autodrom,71,15,17,16
Lewis Hamilton,1,961,2017,Circuit de Barcelona-Catalunya,4,130,1,1
Sebastian Vettel,20,961,2017,Circuit de Barcelona-Catalunya,4,6,2,2
Daniel Ricciardo,816,961,2017,Circuit de Barcelona-Catalunya,4,9,6,3
Sergio Pérez,814,961,2017,Circuit de Barcelona-Catalunya,4,10,8,4
Esteban Ocon,838,961,2017,Circuit de Barcelona-Catalunya,4,10,10,5
Nico Hülkenberg,807,961,2017,Circuit de Barcelona-Catalunya,4,4,13,6
Carlos Sainz,831,961,2017,Circuit de Barcelona-Catalunya,4,5,12,7
Pascal Wehrlein,835,961,2017,Circuit de Barcelona-Catalunya,4,15,15,8
Daniil Kvyat,825,961,2017,Circuit de Barcelona-Catalunya,4,5,19,9
Romain Grosjean,154,961,2017,Circuit de Barcelona-Catalunya,4,208,14,10
Marcus Ericsson,827,961,2017,Circuit de Barcelona-Catalunya,4,15,16,11
Fernando Alonso,4,961,2017,Circuit de Barcelona-Catalunya,4,1,7,12
Felipe Massa,13,961,2017,Circuit de Barcelona-Catalunya,4,3,9,13
Kevin Magnussen,824,961,2017,Circuit de Barcelona-Catalunya,4,208,11,14
Jolyon Palmer,834,961,2017,Circuit de Barcelona-Catalunya,4,4,17,15
Lance Stroll,839,961,2017,Circuit de Barcelona-Catalunya,4,3,18,16
Sebastian Vettel,20,962,2017,Circuit de Monaco,6,6,2,1
Kimi Räikkönen,8,962,2017,Circuit de Monaco,6,6,1,2
Daniel Ricciardo,816,962,2017,Circuit de Monaco,6,9,5,3
Valtteri Bottas,821,962,2017,Circuit de Monaco,6,130,3,4
Max Verstappen,829,962,2017,Circuit de Monaco,6,9,4,5
Carlos Sainz,831,962,2017,Circuit de Monaco,6,5,6,6
Lewis Hamilton,1,962,2017,Circuit de Monaco,6,130,13,7
Romain Grosjean,154,962,2017,Circuit de Monaco,6,208,8,8
Felipe Massa,13,962,2017,Circuit de Monaco,6,3,14,9
Kevin Magnussen,824,962,2017,Circuit de Monaco,6,208,11,10
Jolyon Palmer,834,962,2017,Circuit de Monaco,6,4,16,11
Esteban Ocon,838,962,2017,Circuit de Monaco,6,10,15,12
Sergio Pérez,814,962,2017,Circuit de Monaco,6,10,7,13
Daniil Kvyat,825,962,2017,Circuit de Monaco,6,5,9,14
Lance Stroll,839,962,2017,Circuit de Monaco,6,3,17,15
Lewis Hamilton,1,963,2017,Circuit Gilles Villeneuve,7,130,1,1
Valtteri Bottas,821,963,2017,Circuit Gilles Villeneuve,7,130,3,2
Daniel Ricciardo,816,963,2017,Circuit Gilles Villeneuve,7,9,6,3
Sebastian Vettel,20,963,2017,Circuit Gilles Villeneuve,7,6,2,4
Sergio Pérez,814,963,2017,Circuit Gilles Villeneuve,7,10,8,5
Esteban Ocon,838,963,2017,Circuit Gilles Villeneuve,7,10,9,6
Kimi Räikkönen,8,963,2017,Circuit Gilles Villeneuve,7,6,4,7
Nico Hülkenberg,807,963,2017,Circuit Gilles Villeneuve,7,4,10,8
Lance Stroll,839,963,2017,Circuit Gilles Villeneuve,7,3,17,9
Romain Grosjean,154,963,2017,Circuit Gilles Villeneuve,7,208,14,10
Jolyon Palmer,834,963,2017,Circuit Gilles Villeneuve,7,4,15,11
Kevin Magnussen,824,963,2017,Circuit Gilles Villeneuve,7,208,18,12
Marcus Ericsson,827,963,2017,Circuit Gilles Villeneuve,7,15,19,13
Stoffel Vandoorne,837,963,2017,Circuit Gilles Villeneuve,7,1,16,14
Pascal Wehrlein,835,963,2017,Circuit Gilles Villeneuve,7,15,20,15
Fernando Alonso,4,963,2017,Circuit Gilles Villeneuve,7,1,12,16
Daniel Ricciardo,816,964,2017,Baku City Circuit,72,9,10,1
Valtteri Bottas,821,964,2017,Baku City Circuit,72,130,2,2
Lance Stroll,839,964,2017,Baku City Circuit,72,3,8,3
Sebastian Vettel,20,964,2017,Baku City Circuit,72,6,4,4
Lewis Hamilton,1,964,2017,Baku City Circuit,72,130,1,5
Esteban Ocon,838,964,2017,Baku City Circuit,72,10,7,6
Kevin Magnussen,824,964,2017,Baku City Circuit,72,208,12,7
Carlos Sainz,831,964,2017,Baku City Circuit,72,5,15,8
Fernando Alonso,4,964,2017,Baku City Circuit,72,1,19,9
Pascal Wehrlein,835,964,2017,Baku City Circuit,72,15,14,10
Marcus Ericsson,827,964,2017,Baku City Circuit,72,15,17,11
Stoffel Vandoorne,837,964,2017,Baku City Circuit,72,1,18,12
Romain Grosjean,154,964,2017,Baku City Circuit,72,208,16,13
Kimi Räikkönen,8,964,2017,Baku City Circuit,72,6,3,14
Valtteri Bottas,821,965,2017,Red Bull Ring,70,130,1,1
Sebastian Vettel,20,965,2017,Red Bull Ring,70,6,2,2
Daniel Ricciardo,816,965,2017,Red Bull Ring,70,9,4,3
Lewis Hamilton,1,965,2017,Red Bull Ring,70,130,8,4
Kimi Räikkönen,8,965,2017,Red Bull Ring,70,6,3,5
Romain Grosjean,154,965,2017,Red Bull Ring,70,208,6,6
Sergio Pérez,814,965,2017,Red Bull Ring,70,10,7,7
Esteban Ocon,838,965,2017,Red Bull Ring,70,10,9,8
Felipe Massa,13,965,2017,Red Bull Ring,70,3,17,9
Lance Stroll,839,965,2017,Red Bull Ring,70,3,18,10
Jolyon Palmer,834,965,2017,Red Bull Ring,70,4,16,11
Stoffel Vandoorne,837,965,2017,Red Bull Ring,70,1,13,12
Nico Hülkenberg,807,965,2017,Red Bull Ring,70,4,11,13
Pascal Wehrlein,835,965,2017,Red Bull Ring,70,15,20,14
Marcus Ericsson,827,965,2017,Red Bull Ring,70,15,19,15
Daniil Kvyat,825,965,2017,Red Bull Ring,70,5,14,16
Lewis Hamilton,1,966,2017,Silverstone Circuit,9,130,1,1
Valtteri Bottas,821,966,2017,Silverstone Circuit,9,130,9,2
Kimi Räikkönen,8,966,2017,Silverstone Circuit,9,6,2,3
Max Verstappen,829,966,2017,Silverstone Circuit,9,9,4,4
Daniel Ricciardo,816,966,2017,Silverstone Circuit,9,9,19,5
Nico Hülkenberg,807,966,2017,Silverstone Circuit,9,4,5,6
Sebastian Vettel,20,966,2017,Silverstone Circuit,9,6,3,7
Esteban Ocon,838,966,2017,Silverstone Circuit,9,10,7,8
Sergio Pérez,814,966,2017,Silverstone Circuit,9,10,6,9
Felipe Massa,13,966,2017,Silverstone Circuit,9,3,14,10
Stoffel Vandoorne,837,966,2017,Silverstone Circuit,9,1,8,11
Kevin Magnussen,824,966,2017,Silverstone Circuit,9,208,16,12
Romain Grosjean,154,966,2017,Silverstone Circuit,9,208,10,13
Marcus Ericsson,827,966,2017,Silverstone Circuit,9,15,18,14
Daniil Kvyat,825,966,2017,Silverstone Circuit,9,5,12,15
Lance Stroll,839,966,2017,Silverstone Circuit,9,3,15,16
Pascal Wehrlein,835,966,2017,Silverstone Circuit,9,15,17,17
Sebastian Vettel,20,967,2017,Hungaroring,11,6,1,1
Kimi Räikkönen,8,967,2017,Hungaroring,11,6,2,2
Valtteri Bottas,821,967,2017,Hungaroring,11,130,3,3
Lewis Hamilton,1,967,2017,Hungaroring,11,130,4,4
Max Verstappen,829,967,2017,Hungaroring,11,9,5,5
Fernando Alonso,4,967,2017,Hungaroring,11,1,7,6
Carlos Sainz,831,967,2017,Hungaroring,11,5,9,7
Sergio Pérez,814,967,2017,Hungaroring,11,10,13,8
Esteban Ocon,838,967,2017,Hungaroring,11,10,11,9
Stoffel Vandoorne,837,967,2017,Hungaroring,11,1,8,10
Daniil Kvyat,825,967,2017,Hungaroring,11,5,16,11
Jolyon Palmer,834,967,2017,Hungaroring,11,4,10,12
Kevin Magnussen,824,967,2017,Hungaroring,11,208,15,13
Lance Stroll,839,967,2017,Hungaroring,11,3,17,14
Pascal Wehrlein,835,967,2017,Hungaroring,11,15,18,15
Marcus Ericsson,827,967,2017,Hungaroring,11,15,20,16
Nico Hülkenberg,807,967,2017,Hungaroring,11,4,12,17
Lewis Hamilton,1,968,2017,Circuit de Spa-Francorchamps,13,130,1,1
Sebastian Vettel,20,968,2017,Circuit de Spa-Francorchamps,13,6,2,2
Daniel Ricciardo,816,968,2017,Circuit de Spa-Francorchamps,13,9,6,3
Kimi Räikkönen,8,968,2017,Circuit de Spa-Francorchamps,13,6,4,4
Valtteri Bottas,821,968,2017,Circuit de Spa-Francorchamps,13,130,3,5
Nico Hülkenberg,807,968,2017,Circuit de Spa-Francorchamps,13,4,7,6
Romain Grosjean,154,968,2017,Circuit de Spa-Francorchamps,13,208,11,7
Felipe Massa,13,968,2017,Circuit de Spa-Francorchamps,13,3,16,8
Esteban Ocon,838,968,2017,Circuit de Spa-Francorchamps,13,10,9,9
Carlos Sainz,831,968,2017,Circuit de Spa-Francorchamps,13,5,13,10
Lance Stroll,839,968,2017,Circuit de Spa-Francorchamps,13,3,15,11
Daniil Kvyat,825,968,2017,Circuit de Spa-Francorchamps,13,5,19,12
Jolyon Palmer,834,968,2017,Circuit de Spa-Francorchamps,13,4,14,13
Stoffel Vandoorne,837,968,2017,Circuit de Spa-Francorchamps,13,1,20,14
Kevin Magnussen,824,968,2017,Circuit de Spa-Francorchamps,13,208,12,15
Marcus Ericsson,827,968,2017,Circuit de Spa-Francorchamps,13,15,17,16
Sergio Pérez,814,968,2017,Circuit de Spa-Francorchamps,13,10,8,17
Lewis Hamilton,1,969,2017,Autodromo Nazionale di Monza,14,130,1,1
Valtteri Bottas,821,969,2017,Autodromo Nazionale di Monza,14,130,4,2
Sebastian Vettel,20,969,2017,Autodromo Nazionale di Monza,14,6,6,3
Daniel Ricciardo,816,969,2017,Autodromo Nazionale di Monza,14,9,16,4
Kimi Räikkönen,8,969,2017,Autodromo Nazionale di Monza,14,6,5,5
Esteban Ocon,838,969,2017,Autodromo Nazionale di Monza,14,10,3,6
Lance Stroll,839,969,2017,Autodromo Nazionale di Monza,14,3,2,7
Felipe Massa,13,969,2017,Autodromo Nazionale di Monza,14,3,7,8
Sergio Pérez,814,969,2017,Autodromo Nazionale di Monza,14,10,10,9
Max Verstappen,829,969,2017,Autodromo Nazionale di Monza,14,9,13,10
Kevin Magnussen,824,969,2017,Autodromo Nazionale di Monza,14,208,9,11
Daniil Kvyat,825,969,2017,Autodromo Nazionale di Monza,14,5,8,12
Nico Hülkenberg,807,969,2017,Autodromo Nazionale di Monza,14,4,14,13
Carlos Sainz,831,969,2017,Autodromo Nazionale di Monza,14,5,15,14
Romain Grosjean,154,969,2017,Autodromo Nazionale di Monza,14,208,20,15
Pascal Wehrlein,835,969,2017,Autodromo Nazionale di Monza,14,15,12,16
Fernando Alonso,4,969,2017,Autodromo Nazionale di Monza,14,1,19,17
Marcus Ericsson,827,969,2017,Autodromo Nazionale di Monza,14,15,11,18
Lewis Hamilton,1,970,2017,Marina Bay Street Circuit,15,130,5,1
Daniel Ricciardo,816,970,2017,Marina Bay Street Circuit,15,9,3,2
Valtteri Bottas,821,970,2017,Marina Bay Street Circuit,15,130,6,3
Carlos Sainz,831,970,2017,Marina Bay Street Circuit,15,5,10,4
Sergio Pérez,814,970,2017,Marina Bay Street Circuit,15,10,12,5
Jolyon Palmer,834,970,2017,Marina Bay Street Circuit,15,4,11,6
Stoffel Vandoorne,837,970,2017,Marina Bay Street Circuit,15,1,9,7
Lance Stroll,839,970,2017,Marina Bay Street Circuit,15,3,18,8
Romain Grosjean,154,970,2017,Marina Bay Street Circuit,15,208,15,9
Esteban Ocon,838,970,2017,Marina Bay Street Circuit,15,10,14,10
Felipe Massa,13,970,2017,Marina Bay Street Circuit,15,3,17,11
Pascal Wehrlein,835,970,2017,Marina Bay Street Circuit,15,15,19,12
Max Verstappen,829,971,2017,Sepang International Circuit,2,9,3,1
Lewis Hamilton,1,971,2017,Sepang International Circuit,2,130,1,2
Daniel Ricciardo,816,971,2017,Sepang International Circuit,2,9,4,3
Sebastian Vettel,20,971,2017,Sepang International Circuit,2,6,20,4
Valtteri Bottas,821,971,2017,Sepang International Circuit,2,130,5,5
Sergio Pérez,814,971,2017,Sepang International Circuit,2,10,9,6
Stoffel Vandoorne,837,971,2017,Sepang International Circuit,2,1,7,7
Lance Stroll,839,971,2017,Sepang International Circuit,2,3,13,8
Felipe Massa,13,971,2017,Sepang International Circuit,2,3,11,9
Esteban Ocon,838,971,2017,Sepang International Circuit,2,10,6,10
Fernando Alonso,4,971,2017,Sepang International Circuit,2,1,10,11
Kevin Magnussen,824,971,2017,Sepang International Circuit,2,208,17,12
Romain Grosjean,154,971,2017,Sepang International Circuit,2,208,16,13
Pierre Gasly,841,971,2017,Sepang International Circuit,2,5,15,14
Jolyon Palmer,834,971,2017,Sepang International Circuit,2,4,12,15
Nico Hülkenberg,807,971,2017,Sepang International Circuit,2,4,8,16
Pascal Wehrlein,835,971,2017,Sepang International Circuit,2,15,18,17
Marcus Ericsson,827,971,2017,Sepang International Circuit,2,15,19,18
Lewis Hamilton,1,972,2017,Suzuka Circuit,22,130,1,1
Max Verstappen,829,972,2017,Suzuka Circuit,22,9,4,2
Daniel Ricciardo,816,972,2017,Suzuka Circuit,22,9,3,3
Valtteri Bottas,821,972,2017,Suzuka Circuit,22,130,6,4
Kimi Räikkönen,8,972,2017,Suzuka Circuit,22,6,10,5
Esteban Ocon,838,972,2017,Suzuka Circuit,22,10,5,6
Sergio Pérez,814,972,2017,Suzuka Circuit,22,10,7,7
Kevin Magnussen,824,972,2017,Suzuka Circuit,22,208,12,8
Romain Grosjean,154,972,2017,Suzuka Circuit,22,208,13,9
Felipe Massa,13,972,2017,Suzuka Circuit,22,3,8,10
Fernando Alonso,4,972,2017,Suzuka Circuit,22,1,20,11
Jolyon Palmer,834,972,2017,Suzuka Circuit,22,4,18,12
Pierre Gasly,841,972,2017,Suzuka Circuit,22,5,14,13
Stoffel Vandoorne,837,972,2017,Suzuka Circuit,22,1,9,14
Pascal Wehrlein,835,972,2017,Suzuka Circuit,22,15,17,15
Lewis Hamilton,1,973,2017,Circuit of the Americas,69,130,1,1
Sebastian Vettel,20,973,2017,Circuit of the Americas,69,6,2,2
Kimi Räikkönen,8,973,2017,Circuit of the Americas,69,6,5,3
Max Verstappen,829,973,2017,Circuit of the Americas,69,9,16,4
Valtteri Bottas,821,973,2017,Circuit of the Americas,69,130,3,5
Esteban Ocon,838,973,2017,Circuit of the Americas,69,10,6,6
Carlos Sainz,831,973,2017,Circuit of the Americas,69,4,7,7
Sergio Pérez,814,973,2017,Circuit of the Americas,69,10,9,8
Felipe Massa,13,973,2017,Circuit of the Americas,69,3,10,9
Daniil Kvyat,825,973,2017,Circuit of the Americas,69,5,11,10
Lance Stroll,839,973,2017,Circuit of the Americas,69,3,15,11
Stoffel Vandoorne,837,973,2017,Circuit of the Americas,69,1,20,12
Brendon Hartley,842,973,2017,Circuit of the Americas,69,5,19,13
Romain Grosjean,154,973,2017,Circuit of the Americas,69,208,12,14
Marcus Ericsson,827,973,2017,Circuit of the Americas,69,15,13,15
Kevin Magnussen,824,973,2017,Circuit of the Americas,69,208,17,16
Max Verstappen,829,974,2017,Autódromo Hermanos Rodríguez,32,9,2,1
Valtteri Bottas,821,974,2017,Autódromo Hermanos Rodríguez,32,130,4,2
Kimi Räikkönen,8,974,2017,Autódromo Hermanos Rodríguez,32,6,5,3
Sebastian Vettel,20,974,2017,Autódromo Hermanos Rodríguez,32,6,1,4
Esteban Ocon,838,974,2017,Autódromo Hermanos Rodríguez,32,10,6,5
Lance Stroll,839,974,2017,Autódromo Hermanos Rodríguez,32,3,11,6
Sergio Pérez,814,974,2017,Autódromo Hermanos Rodríguez,32,10,9,7
Kevin Magnussen,824,974,2017,Autódromo Hermanos Rodríguez,32,208,14,8
Lewis Hamilton,1,974,2017,Autódromo Hermanos Rodríguez,32,130,3,9
Fernando Alonso,4,974,2017,Autódromo Hermanos Rodríguez,32,1,18,10
Felipe Massa,13,974,2017,Autódromo Hermanos Rodríguez,32,3,10,11
Stoffel Vandoorne,837,974,2017,Autódromo Hermanos Rodríguez,32,1,19,12
Pierre Gasly,841,974,2017,Autódromo Hermanos Rodríguez,32,5,20,13
Pascal Wehrlein,835,974,2017,Autódromo Hermanos Rodríguez,32,15,13,14
Romain Grosjean,154,974,2017,Autódromo Hermanos Rodríguez,32,208,15,15
Sebastian Vettel,20,975,2017,Autódromo José Carlos Pace,18,6,2,1
Valtteri Bottas,821,975,2017,Autódromo José Carlos Pace,18,130,1,2
Kimi Räikkönen,8,975,2017,Autódromo José Carlos Pace,18,6,3,3
Lewis Hamilton,1,975,2017,Autódromo José Carlos Pace,18,130,20,4
Max Verstappen,829,975,2017,Autódromo José Carlos Pace,18,9,4,5
Daniel Ricciardo,816,975,2017,Autódromo José Carlos Pace,18,9,14,6
Felipe Massa,13,975,2017,Autódromo José Carlos Pace,18,3,9,7
Fernando Alonso,4,975,2017,Autódromo José Carlos Pace,18,1,6,8
Sergio Pérez,814,975,2017,Autódromo José Carlos Pace,18,10,5,9
Nico Hülkenberg,807,975,2017,Autódromo José Carlos Pace,18,4,7,10
Carlos Sainz,831,975,2017,Autódromo José Carlos Pace,18,4,8,11
Pierre Gasly,841,975,2017,Autódromo José Carlos Pace,18,5,19,12
Marcus Ericsson,827,975,2017,Autódromo José Carlos Pace,18,15,17,13
Pascal Wehrlein,835,975,2017,Autódromo José Carlos Pace,18,15,15,14
Romain Grosjean,154,975,2017,Autódromo José Carlos Pace,18,208,11,15
Lance Stroll,839,975,2017,Autódromo José Carlos Pace,18,3,16,16
Valtteri Bottas,821,976,2017,Yas Marina Circuit,24,130,1,1
Lewis Hamilton,1,976,2017,Yas Marina Circuit,24,130,2,2
Sebastian Vettel,20,976,2017,Yas Marina Circuit,24,6,3,3
Kimi Räikkönen,8,976,2017,Yas Marina Circuit,24,6,5,4
Max Verstappen,829,976,2017,Yas Marina Circuit,24,9,6,5
Nico Hülkenberg,807,976,2017,Yas Marina Circuit,24,4,7,6
Sergio Pérez,814,976,2017,Yas Marina Circuit,24,10,8,7
Esteban Ocon,838,976,2017,Yas Marina Circuit,24,10,9,8
Fernando Alonso,4,976,2017,Yas Marina Circuit,24,1,11,9
Felipe Massa,13,976,2017,Yas Marina Circuit,24,3,10,10
Romain Grosjean,154,976,2017,Yas Marina Circuit,24,208,16,11
Stoffel Vandoorne,837,976,2017,Yas Marina Circuit,24,1,13,12
Kevin Magnussen,824,976,2017,Yas Marina Circuit,24,208,14,13
Pascal Wehrlein,835,976,2017,Yas Marina Circuit,24,15,18,14
Brendon Hartley,842,976,2017,Yas Marina Circuit,24,5,20,15
Pierre Gasly,841,976,2017,Yas Marina Circuit,24,5,17,16
Marcus Ericsson,827,976,2017,Yas Marina Circuit,24,15,19,17
Lance Stroll,839,976,2017,Yas Marina Circuit,24,3,15,18
Sebastian Vettel,20,977,2018,Albert Park Grand Prix Circuit,1,6,3,1
Lewis Hamilton,1,977,2018,Albert Park Grand Prix Circuit,1,130,1,2
Kimi Räikkönen,8,977,2018,Albert Park Grand Prix Circuit,1,6,2,3
Daniel Ricciardo,816,977,2018,Albert Park Grand Prix Circuit,1,9,8,4
Fernando Alonso,4,977,2018,Albert Park Grand Prix Circuit,1,1,10,5
Max Verstappen,829,977,2018,Albert Park Grand Prix Circuit,1,9,4,6
Nico Hülkenberg,807,977,2018,Albert Park Grand Prix Circuit,1,4,7,7
Valtteri Bottas,821,977,2018,Albert Park Grand Prix Circuit,1,130,15,8
Stoffel Vandoorne,837,977,2018,Albert Park Grand Prix Circuit,1,1,11,9
Carlos Sainz,831,977,2018,Albert Park Grand Prix Circuit,1,4,9,10
Sergio Pérez,814,977,2018,Albert Park Grand Prix Circuit,1,10,12,11
Esteban Ocon,838,977,2018,Albert Park Grand Prix Circuit,1,10,14,12
Charles Leclerc,843,977,2018,Albert Park Grand Prix Circuit,1,15,18,13
Lance Stroll,839,977,2018,Albert Park Grand Prix Circuit,1,3,13,14
Brendon Hartley,842,977,2018,Albert Park Grand Prix Circuit,1,5,16,15
Sebastian Vettel,20,978,2018,Bahrain International Circuit,3,6,1,1
Valtteri Bottas,821,978,2018,Bahrain International Circuit,3,130,3,2
Lewis Hamilton,1,978,2018,Bahrain International Circuit,3,130,9,3
Pierre Gasly,841,978,2018,Bahrain International Circuit,3,5,5,4
Kevin Magnussen,824,978,2018,Bahrain International Circuit,3,208,6,5
Nico Hülkenberg,807,978,2018,Bahrain International Circuit,3,4,7,6
Fernando Alonso,4,978,2018,Bahrain International Circuit,3,1,13,7
Stoffel Vandoorne,837,978,2018,Bahrain International Circuit,3,1,14,8
Marcus Ericsson,827,978,2018,Bahrain International Circuit,3,15,17,9
Esteban Ocon,838,978,2018,Bahrain International Circuit,3,10,8,10
Carlos Sainz,831,978,2018,Bahrain International Circuit,3,4,10,11
Charles Leclerc,843,978,2018,Bahrain International Circuit,3,15,19,12
Romain Grosjean,154,978,2018,Bahrain International Circuit,3,208,16,13
Lance Stroll,839,978,2018,Bahrain International Circuit,3,3,20,14
Sergey Sirotkin,844,978,2018,Bahrain International Circuit,3,3,18,15
Sergio Pérez,814,978,2018,Bahrain International Circuit,3,10,12,16
Brendon Hartley,842,978,2018,Bahrain International Circuit,3,5,11,17
Daniel Ricciardo,816,979,2018,Shanghai International Circuit,17,9,6,1
Valtteri Bottas,821,979,2018,Shanghai International Circuit,17,130,3,2
Kimi Räikkönen,8,979,2018,Shanghai International Circuit,17,6,2,3
Lewis Hamilton,1,979,2018,Shanghai International Circuit,17,130,4,4
Max Verstappen,829,979,2018,Shanghai International Circuit,17,9,5,5
Nico Hülkenberg,807,979,2018,Shanghai International Circuit,17,4,7,6
Fernando Alonso,4,979,2018,Shanghai International Circuit,17,1,13,7
Sebastian Vettel,20,979,2018,Shanghai International Circuit,17,6,1,8
Carlos Sainz,831,979,2018,Shanghai International Circuit,17,4,9,9
Kevin Magnussen,824,979,2018,Shanghai International Circuit,17,208,11,10
Esteban Ocon,838,979,2018,Shanghai International Circuit,17,10,12,11
Sergio Pérez,814,979,2018,Shanghai International Circuit,17,10,8,12
Stoffel Vandoorne,837,979,2018,Shanghai International Circuit,17,1,14,13
Lance Stroll,839,979,2018,Shanghai International Circuit,17,3,18,14
Sergey Sirotkin,844,979,2018,Shanghai International Circuit,17,3,16,15
Marcus Ericsson,827,979,2018,Shanghai International Circuit,17,15,20,16
Romain Grosjean,154,979,2018,Shanghai International Circuit,17,208,10,17
Pierre Gasly,841,979,2018,Shanghai International Circuit,17,5,17,18
Charles Leclerc,843,979,2018,Shanghai International Circuit,17,15,19,19
Brendon Hartley,842,979,2018,Shanghai International Circuit,17,5,15,20
Lewis Hamilton,1,980,2018,Baku City Circuit,72,130,2,1
Kimi Räikkönen,8,980,2018,Baku City Circuit,72,6,6,2
Sergio Pérez,814,980,2018,Baku City Circuit,72,10,8,3
Sebastian Vettel,20,980,2018,Baku City Circuit,72,6,1,4
Carlos Sainz,831,980,2018,Baku City Circuit,72,4,9,5
Charles Leclerc,843,980,2018,Baku City Circuit,72,15,13,6
Fernando Alonso,4,980,2018,Baku City Circuit,72,1,12,7
Lance Stroll,839,980,2018,Baku City Circuit,72,3,10,8
Stoffel Vandoorne,837,980,2018,Baku City Circuit,72,1,16,9
Brendon Hartley,842,980,2018,Baku City Circuit,72,5,19,10
Marcus Ericsson,827,980,2018,Baku City Circuit,72,15,18,11
Pierre Gasly,841,980,2018,Baku City Circuit,72,5,17,12
Kevin Magnussen,824,980,2018,Baku City Circuit,72,208,15,13
Lewis Hamilton,1,981,2018,Circuit de Barcelona-Catalunya,4,130,1,1
Valtteri Bottas,821,981,2018,Circuit de Barcelona-Catalunya,4,130,2,2
Max Verstappen,829,981,2018,Circuit de Barcelona-Catalunya,4,9,5,3
Sebastian Vettel,20,981,2018,Circuit de Barcelona-Catalunya,4,6,3,4
Daniel Ricciardo,816,981,2018,Circuit de Barcelona-Catalunya,4,9,6,5
Kevin Magnussen,824,981,2018,Circuit de Barcelona-Catalunya,4,208,7,6
Carlos Sainz,831,981,2018,Circuit de Barcelona-Catalunya,4,4,9,7
Fernando Alonso,4,981,2018,Circuit de Barcelona-Catalunya,4,1,8,8
Sergio Pérez,814,981,2018,Circuit de Barcelona-Catalunya,4,10,15,9
Charles Leclerc,843,981,2018,Circuit de Barcelona-Catalunya,4,15,14,10
Lance Stroll,839,981,2018,Circuit de Barcelona-Catalunya,4,3,18,11
Brendon Hartley,842,981,2018,Circuit de Barcelona-Catalunya,4,5,20,12
Marcus Ericsson,827,981,2018,Circuit de Barcelona-Catalunya,4,15,17,13
Sergey Sirotkin,844,981,2018,Circuit de Barcelona-Catalunya,4,3,19,14
Daniel Ricciardo,816,982,2018,Circuit de Monaco,6,9,1,1
Sebastian Vettel,20,982,2018,Circuit de Monaco,6,6,2,2
Lewis Hamilton,1,982,2018,Circuit de Monaco,6,130,3,3
Kimi Räikkönen,8,982,2018,Circuit de Monaco,6,6,4,4
Valtteri Bottas,821,982,2018,Circuit de Monaco,6,130,5,5
Esteban Ocon,838,982,2018,Circuit de Monaco,6,10,6,6
Pierre Gasly,841,982,2018,Circuit de Monaco,6,5,10,7
Nico Hülkenberg,807,982,2018,Circuit de Monaco,6,4,11,8
Max Verstappen,829,982,2018,Circuit de Monaco,6,9,20,9
Carlos Sainz,831,982,2018,Circuit de Monaco,6,4,8,10
Marcus Ericsson,827,982,2018,Circuit de Monaco,6,15,16,11
Sergio Pérez,814,982,2018,Circuit de Monaco,6,10,9,12
Kevin Magnussen,824,982,2018,Circuit de Monaco,6,208,19,13
Stoffel Vandoorne,837,982,2018,Circuit de Monaco,6,1,12,14
Romain Grosjean,154,982,2018,Circuit de Monaco,6,208,18,15
Sergey Sirotkin,844,982,2018,Circuit de Monaco,6,3,13,16
Lance Stroll,839,982,2018,Circuit de Monaco,6,3,17,17
Sebastian Vettel,20,983,2018,Circuit Gilles Villeneuve,7,6,1,1
Valtteri Bottas,821,983,2018,Circuit Gilles Villeneuve,7,130,2,2
Max Verstappen,829,983,2018,Circuit Gilles Villeneuve,7,9,3,3
Daniel Ricciardo,816,983,2018,Circuit Gilles Villeneuve,7,9,6,4
Lewis Hamilton,1,983,2018,Circuit Gilles Villeneuve,7,130,4,5
Kimi Räikkönen,8,983,2018,Circuit Gilles Villeneuve,7,6,5,6
Nico Hülkenberg,807,983,2018,Circuit Gilles Villeneuve,7,4,7,7
Carlos Sainz,831,983,2018,Circuit Gilles Villeneuve,7,4,9,8
Esteban Ocon,838,983,2018,Circuit Gilles Villeneuve,7,10,8,9
Charles Leclerc,843,983,2018,Circuit Gilles Villeneuve,7,15,13,10
Pierre Gasly,841,983,2018,Circuit Gilles Villeneuve,7,5,16,11
Romain Grosjean,154,983,2018,Circuit Gilles Villeneuve,7,208,20,12
Kevin Magnussen,824,983,2018,Circuit Gilles Villeneuve,7,208,11,13
Sergio Pérez,814,983,2018,Circuit Gilles Villeneuve,7,10,10,14
Marcus Ericsson,827,983,2018,Circuit Gilles Villeneuve,7,15,19,15
Stoffel Vandoorne,837,983,2018,Circuit Gilles Villeneuve,7,1,15,16
Sergey Sirotkin,844,983,2018,Circuit Gilles Villeneuve,7,3,18,17
Lewis Hamilton,1,984,2018,Circuit Paul Ricard,34,130,1,1
Max Verstappen,829,984,2018,Circuit Paul Ricard,34,9,4,2
Kimi Räikkönen,8,984,2018,Circuit Paul Ricard,34,6,6,3
Daniel Ricciardo,816,984,2018,Circuit Paul Ricard,34,9,5,4
Sebastian Vettel,20,984,2018,Circuit Paul Ricard,34,6,3,5
Kevin Magnussen,824,984,2018,Circuit Paul Ricard,34,208,9,6
Valtteri Bottas,821,984,2018,Circuit Paul Ricard,34,130,2,7
Carlos Sainz,831,984,2018,Circuit Paul Ricard,34,4,7,8
Nico Hülkenberg,807,984,2018,Circuit Paul Ricard,34,4,12,9
Charles Leclerc,843,984,2018,Circuit Paul Ricard,34,15,8,10
Romain Grosjean,154,984,2018,Circuit Paul Ricard,34,208,10,11
Stoffel Vandoorne,837,984,2018,Circuit Paul Ricard,34,1,17,12
Marcus Ericsson,827,984,2018,Circuit Paul Ricard,34,15,15,13
Brendon Hartley,842,984,2018,Circuit Paul Ricard,34,5,20,14
Sergey Sirotkin,844,984,2018,Circuit Paul Ricard,34,3,18,15
Fernando Alonso,4,984,2018,Circuit Paul Ricard,34,1,16,16
Lance Stroll,839,984,2018,Circuit Paul Ricard,34,3,19,17
Max Verstappen,829,985,2018,Red Bull Ring,70,9,4,1
Kimi Räikkönen,8,985,2018,Red Bull Ring,70,6,3,2
Sebastian Vettel,20,985,2018,Red Bull Ring,70,6,6,3
Romain Grosjean,154,985,2018,Red Bull Ring,70,208,5,4
Kevin Magnussen,824,985,2018,Red Bull Ring,70,208,8,5
Esteban Ocon,838,985,2018,Red Bull Ring,70,10,11,6
Sergio Pérez,814,985,2018,Red Bull Ring,70,10,16,7
Fernando Alonso,4,985,2018,Red Bull Ring,70,1,13,8
Charles Leclerc,843,985,2018,Red Bull Ring,70,15,18,9
Marcus Ericsson,827,985,2018,Red Bull Ring,70,15,20,10
Pierre Gasly,841,985,2018,Red Bull Ring,70,5,12,11
Carlos Sainz,831,985,2018,Red Bull Ring,70,4,9,12
Sergey Sirotkin,844,985,2018,Red Bull Ring,70,3,17,13
Lance Stroll,839,985,2018,Red Bull Ring,70,3,14,14
Stoffel Vandoorne,837,985,2018,Red Bull Ring,70,1,15,15
Sebastian Vettel,20,986,2018,Silverstone Circuit,9,6,2,1
Lewis Hamilton,1,986,2018,Silverstone Circuit,9,130,1,2
Kimi Räikkönen,8,986,2018,Silverstone Circuit,9,6,3,3
Valtteri Bottas,821,986,2018,Silverstone Circuit,9,130,4,4
Daniel Ricciardo,816,986,2018,Silverstone Circuit,9,9,6,5
Nico Hülkenberg,807,986,2018,Silverstone Circuit,9,4,11,6
Esteban Ocon,838,986,2018,Silverstone Circuit,9,10,10,7
Fernando Alonso,4,986,2018,Silverstone Circuit,9,1,13,8
Kevin Magnussen,824,986,2018,Silverstone Circuit,9,208,7,9
Sergio Pérez,814,986,2018,Silverstone Circuit,9,10,12,10
Stoffel Vandoorne,837,986,2018,Silverstone Circuit,9,1,17,11
Lance Stroll,839,986,2018,Silverstone Circuit,9,3,19,12
Pierre Gasly,841,986,2018,Silverstone Circuit,9,5,14,13
Sergey Sirotkin,844,986,2018,Silverstone Circuit,9,3,18,14
Lewis Hamilton,1,987,2018,Hockenheimring,10,130,14,1
Valtteri Bottas,821,987,2018,Hockenheimring,10,130,2,2
Kimi Räikkönen,8,987,2018,Hockenheimring,10,6,3,3
Max Verstappen,829,987,2018,Hockenheimring,10,9,4,4
Nico Hülkenberg,807,987,2018,Hockenheimring,10,4,7,5
Romain Grosjean,154,987,2018,Hockenheimring,10,208,6,6
Sergio Pérez,814,987,2018,Hockenheimring,10,10,10,7
Esteban Ocon,838,987,2018,Hockenheimring,10,10,15,8
Marcus Ericsson,827,987,2018,Hockenheimring,10,15,13,9
Brendon Hartley,842,987,2018,Hockenheimring,10,5,17,10
Kevin Magnussen,824,987,2018,Hockenheimring,10,208,5,11
Carlos Sainz,831,987,2018,Hockenheimring,10,4,8,12
Stoffel Vandoorne,837,987,2018,Hockenheimring,10,1,19,13
Pierre Gasly,841,987,2018,Hockenheimring,10,5,16,14
Charles Leclerc,843,987,2018,Hockenheimring,10,15,9,15
Fernando Alonso,4,987,2018,Hockenheimring,10,1,11,16
Lewis Hamilton,1,988,2018,Hungaroring,11,130,1,1
Sebastian Vettel,20,988,2018,Hungaroring,11,6,4,2
Kimi Räikkönen,8,988,2018,Hungaroring,11,6,3,3
Daniel Ricciardo,816,988,2018,Hungaroring,11,9,12,4
Valtteri Bottas,821,988,2018,Hungaroring,11,130,2,5
Pierre Gasly,841,988,2018,Hungaroring,11,5,6,6
Kevin Magnussen,824,988,2018,Hungaroring,11,208,9,7
Fernando Alonso,4,988,2018,Hungaroring,11,1,11,8
Carlos Sainz,831,988,2018,Hungaroring,11,4,5,9
Romain Grosjean,154,988,2018,Hungaroring,11,208,10,10
Brendon Hartley,842,988,2018,Hungaroring,11,5,8,11
Nico Hülkenberg,807,988,2018,Hungaroring,11,4,13,12
Esteban Ocon,838,988,2018,Hungaroring,11,10,18,13
Sergio Pérez,814,988,2018,Hungaroring,11,10,19,14
Marcus Ericsson,827,988,2018,Hungaroring,11,15,14,15
Sergey Sirotkin,844,988,2018,Hungaroring,11,3,20,16
Lance Stroll,839,988,2018,Hungaroring,11,3,15,17
Sebastian Vettel,20,989,2018,Circuit de Spa-Francorchamps,13,6,2,1
Lewis Hamilton,1,989,2018,Circuit de Spa-Francorchamps,13,130,1,2
Max Verstappen,829,989,2018,Circuit de Spa-Francorchamps,13,9,7,3
Valtteri Bottas,821,989,2018,Circuit de Spa-Francorchamps,13,130,19,4
Sergio Pérez,814,989,2018,Circuit de Spa-Francorchamps,13,10,4,5
Esteban Ocon,838,989,2018,Circuit de Spa-Francorchamps,13,10,3,6
Romain Grosjean,154,989,2018,Circuit de Spa-Francorchamps,13,208,5,7
Kevin Magnussen,824,989,2018,Circuit de Spa-Francorchamps,13,208,9,8
Pierre Gasly,841,989,2018,Circuit de Spa-Francorchamps,13,5,10,9
Marcus Ericsson,827,989,2018,Circuit de Spa-Francorchamps,13,15,13,10
Carlos Sainz,831,989,2018,Circuit de Spa-Francorchamps,13,4,14,11
Sergey Sirotkin,844,989,2018,Circuit de Spa-Francorchamps,13,3,16,12
Lance Stroll,839,989,2018,Circuit de Spa-Francorchamps,13,3,17,13
Brendon Hartley,842,989,2018,Circuit de Spa-Francorchamps,13,5,11,14
Stoffel Vandoorne,837,989,2018,Circuit de Spa-Francorchamps,13,1,18,15
Lewis Hamilton,1,990,2018,Autodromo Nazionale di Monza,14,130,3,1
Kimi Räikkönen,8,990,2018,Autodromo Nazionale di Monza,14,6,1,2
Valtteri Bottas,821,990,2018,Autodromo Nazionale di Monza,14,130,4,3
Sebastian Vettel,20,990,2018,Autodromo Nazionale di Monza,14,6,2,4
Max Verstappen,829,990,2018,Autodromo Nazionale di Monza,14,9,5,5
Esteban Ocon,838,990,2018,Autodromo Nazionale di Monza,14,10,8,6
Sergio Pérez,814,990,2018,Autodromo Nazionale di Monza,14,10,14,7
Carlos Sainz,831,990,2018,Autodromo Nazionale di Monza,14,4,7,8
Lance Stroll,839,990,2018,Autodromo Nazionale di Monza,14,3,10,9
Sergey Sirotkin,844,990,2018,Autodromo Nazionale di Monza,14,3,12,10
Charles Leclerc,843,990,2018,Autodromo Nazionale di Monza,14,15,15,11
Stoffel Vandoorne,837,990,2018,Autodromo Nazionale di Monza,14,1,17,12
Nico Hülkenberg,807,990,2018,Autodromo Nazionale di Monza,14,4,20,13
Pierre Gasly,841,990,2018,Autodromo Nazionale di Monza,14,5,9,14
Marcus Ericsson,827,990,2018,Autodromo Nazionale di Monza,14,15,18,15
Kevin Magnussen,824,990,2018,Autodromo Nazionale di Monza,14,208,11,16
Lewis Hamilton,1,991,2018,Marina Bay Street Circuit,15,130,1,1
Max Verstappen,829,991,2018,Marina Bay Street Circuit,15,9,2,2
Sebastian Vettel,20,991,2018,Marina Bay Street Circuit,15,6,3,3
Valtteri Bottas,821,991,2018,Marina Bay Street Circuit,15,130,4,4
Kimi Räikkönen,8,991,2018,Marina Bay Street Circuit,15,6,5,5
Daniel Ricciardo,816,991,2018,Marina Bay Street Circuit,15,9,6,6
Fernando Alonso,4,991,2018,Marina Bay Street Circuit,15,1,11,7
Carlos Sainz,831,991,2018,Marina Bay Street Circuit,15,4,12,8
Charles Leclerc,843,991,2018,Marina Bay Street Circuit,15,15,13,9
Nico Hülkenberg,807,991,2018,Marina Bay Street Circuit,15,4,10,10
Marcus Ericsson,827,991,2018,Marina Bay Street Circuit,15,15,14,11
Stoffel Vandoorne,837,991,2018,Marina Bay Street Circuit,15,1,18,12
Pierre Gasly,841,991,2018,Marina Bay Street Circuit,15,5,15,13
Lance Stroll,839,991,2018,Marina Bay Street Circuit,15,3,20,14
Romain Grosjean,154,991,2018,Marina Bay Street Circuit,15,208,8,15
Sergio Pérez,814,991,2018,Marina Bay Street Circuit,15,10,7,16
Brendon Hartley,842,991,2018,Marina Bay Street Circuit,15,5,17,17
Kevin Magnussen,824,991,2018,Marina Bay Street Circuit,15,208,16,18
Sergey Sirotkin,844,991,2018,Marina Bay Street Circuit,15,3,19,19
Lewis Hamilton,1,992,2018,Sochi Autodrom,71,130,2,1
Valtteri Bottas,821,992,2018,Sochi Autodrom,71,130,1,2
Sebastian Vettel,20,992,2018,Sochi Autodrom,71,6,3,3
Kimi Räikkönen,8,992,2018,Sochi Autodrom,71,6,4,4
Max Verstappen,829,992,2018,Sochi Autodrom,71,9,19,5
Daniel Ricciardo,816,992,2018,Sochi Autodrom,71,9,18,6
Charles Leclerc,843,992,2018,Sochi Autodrom,71,15,7,7
Kevin Magnussen,824,992,2018,Sochi Autodrom,71,208,5,8
Esteban Ocon,838,992,2018,Sochi Autodrom,71,10,6,9
Sergio Pérez,814,992,2018,Sochi Autodrom,71,10,8,10
Romain Grosjean,154,992,2018,Sochi Autodrom,71,208,9,11
Nico Hülkenberg,807,992,2018,Sochi Autodrom,71,4,12,12
Marcus Ericsson,827,992,2018,Sochi Autodrom,71,15,10,13
Fernando Alonso,4,992,2018,Sochi Autodrom,71,1,16,14
Lance Stroll,839,992,2018,Sochi Autodrom,71,3,14,15
Stoffel Vandoorne,837,992,2018,Sochi Autodrom,71,1,15,16
Carlos Sainz,831,992,2018,Sochi Autodrom,71,4,11,17
Sergey Sirotkin,844,992,2018,Sochi Autodrom,71,3,13,18
Lewis Hamilton,1,993,2018,Suzuka Circuit,22,130,1,1
Valtteri Bottas,821,993,2018,Suzuka Circuit,22,130,2,2
Max Verstappen,829,993,2018,Suzuka Circuit,22,9,3,3
Daniel Ricciardo,816,993,2018,Suzuka Circuit,22,9,15,4
Kimi Räikkönen,8,993,2018,Suzuka Circuit,22,6,4,5
Sebastian Vettel,20,993,2018,Suzuka Circuit,22,6,8,6
Sergio Pérez,814,993,2018,Suzuka Circuit,22,10,9,7
Romain Grosjean,154,993,2018,Suzuka Circuit,22,208,5,8
Esteban Ocon,838,993,2018,Suzuka Circuit,22,10,11,9
Carlos Sainz,831,993,2018,Suzuka Circuit,22,4,13,10
Pierre Gasly,841,993,2018,Suzuka Circuit,22,5,7,11
Marcus Ericsson,827,993,2018,Suzuka Circuit,22,15,20,12
Brendon Hartley,842,993,2018,Suzuka Circuit,22,5,6,13
Fernando Alonso,4,993,2018,Suzuka Circuit,22,1,18,14
Stoffel Vandoorne,837,993,2018,Suzuka Circuit,22,1,19,15
Sergey Sirotkin,844,993,2018,Suzuka Circuit,22,3,17,16
Lance Stroll,839,993,2018,Suzuka Circuit,22,3,14,17
Kimi Räikkönen,8,994,2018,Circuit of the Americas,69,6,2,1
Max Verstappen,829,994,2018,Circuit of the Americas,69,9,18,2
Lewis Hamilton,1,994,2018,Circuit of the Americas,69,130,1,3
Sebastian Vettel,20,994,2018,Circuit of the Americas,69,6,5,4
Valtteri Bottas,821,994,2018,Circuit of the Americas,69,130,3,5
Nico Hülkenberg,807,994,2018,Circuit of the Americas,69,4,7,6
Carlos Sainz,831,994,2018,Circuit of the Americas,69,4,11,7
Sergio Pérez,814,994,2018,Circuit of the Americas,69,10,10,8
Brendon Hartley,842,994,2018,Circuit of the Americas,69,5,20,9
Marcus Ericsson,827,994,2018,Circuit of the Americas,69,15,16,10
Stoffel Vandoorne,837,994,2018,Circuit of the Americas,69,1,17,11
Pierre Gasly,841,994,2018,Circuit of the Americas,69,5,19,12
Sergey Sirotkin,844,994,2018,Circuit of the Americas,69,3,14,13
Lance Stroll,839,994,2018,Circuit of the Americas,69,3,15,14
Max Verstappen,829,995,2018,Autódromo Hermanos Rodríguez,32,9,2,1
Sebastian Vettel,20,995,2018,Autódromo Hermanos Rodríguez,32,6,4,2
Kimi Räikkönen,8,995,2018,Autódromo Hermanos Rodríguez,32,6,6,3
Lewis Hamilton,1,995,2018,Autódromo Hermanos Rodríguez,32,130,3,4
Valtteri Bottas,821,995,2018,Autódromo Hermanos Rodríguez,32,130,5,5
Nico Hülkenberg,807,995,2018,Autódromo Hermanos Rodríguez,32,4,7,6
Charles Leclerc,843,995,2018,Autódromo Hermanos Rodríguez,32,15,9,7
Stoffel Vandoorne,837,995,2018,Autódromo Hermanos Rodríguez,32,1,15,8
Marcus Ericsson,827,995,2018,Autódromo Hermanos Rodríguez,32,15,10,9
Pierre Gasly,841,995,2018,Autódromo Hermanos Rodríguez,32,5,20,10
Esteban Ocon,838,995,2018,Autódromo Hermanos Rodríguez,32,10,11,11
Lance Stroll,839,995,2018,Autódromo Hermanos Rodríguez,32,3,17,12
Sergey Sirotkin,844,995,2018,Autódromo Hermanos Rodríguez,32,3,19,13
Brendon Hartley,842,995,2018,Autódromo Hermanos Rodríguez,32,5,14,14
Kevin Magnussen,824,995,2018,Autódromo Hermanos Rodríguez,32,208,16,15
Romain Grosjean,154,995,2018,Autódromo Hermanos Rodríguez,32,208,18,16
Lewis Hamilton,1,996,2018,Autódromo José Carlos Pace,18,130,1,1
Max Verstappen,829,996,2018,Autódromo José Carlos Pace,18,9,5,2
Kimi Räikkönen,8,996,2018,Autódromo José Carlos Pace,18,6,4,3
Daniel Ricciardo,816,996,2018,Autódromo José Carlos Pace,18,9,11,4
Valtteri Bottas,821,996,2018,Autódromo José Carlos Pace,18,130,3,5
Sebastian Vettel,20,996,2018,Autódromo José Carlos Pace,18,6,2,6
Charles Leclerc,843,996,2018,Autódromo José Carlos Pace,18,15,7,7
Romain Grosjean,154,996,2018,Autódromo José Carlos Pace,18,208,8,8
Kevin Magnussen,824,996,2018,Autódromo José Carlos Pace,18,208,10,9
Sergio Pérez,814,996,2018,Autódromo José Carlos Pace,18,10,12,10
Brendon Hartley,842,996,2018,Autódromo José Carlos Pace,18,5,16,11
Carlos Sainz,831,996,2018,Autódromo José Carlos Pace,18,4,15,12
Pierre Gasly,841,996,2018,Autódromo José Carlos Pace,18,5,9,13
Stoffel Vandoorne,837,996,2018,Autódromo José Carlos Pace,18,1,20,14
Esteban Ocon,838,996,2018,Autódromo José Carlos Pace,18,10,18,15
Sergey Sirotkin,844,996,2018,Autódromo José Carlos Pace,18,3,14,16
Fernando Alonso,4,996,2018,Autódromo José Carlos Pace,18,1,17,17
Lance Stroll,839,996,2018,Autódromo José Carlos Pace,18,3,19,18
Lewis Hamilton,1,997,2018,Yas Marina Circuit,24,130,1,1
Sebastian Vettel,20,997,2018,Yas Marina Circuit,24,6,3,2
Max Verstappen,829,997,2018,Yas Marina Circuit,24,9,6,3
Daniel Ricciardo,816,997,2018,Yas Marina Circuit,24,9,5,4
Valtteri Bottas,821,997,2018,Yas Marina Circuit,24,130,2,5
Carlos Sainz,831,997,2018,Yas Marina Circuit,24,4,11,6
Charles Leclerc,843,997,2018,Yas Marina Circuit,24,15,8,7
Sergio Pérez,814,997,2018,Yas Marina Circuit,24,10,14,8
Romain Grosjean,154,997,2018,Yas Marina Circuit,24,208,7,9
Kevin Magnussen,824,997,2018,Yas Marina Circuit,24,208,13,10
Fernando Alonso,4,997,2018,Yas Marina Circuit,24,1,15,11
Brendon Hartley,842,997,2018,Yas Marina Circuit,24,5,16,12
Lance Stroll,839,997,2018,Yas Marina Circuit,24,3,20,13
Stoffel Vandoorne,837,997,2018,Yas Marina Circuit,24,1,18,14
Sergey Sirotkin,844,997,2018,Yas Marina Circuit,24,3,19,15
Valtteri Bottas,821,998,2019,Albert Park Grand Prix Circuit,1,130,2,1
Lewis Hamilton,1,998,2019,Albert Park Grand Prix Circuit,1,130,1,2
Max Verstappen,829,998,2019,Albert Park Grand Prix Circuit,1,9,4,3
Sebastian Vettel,20,998,2019,Albert Park Grand Prix Circuit,1,6,3,4
Charles Leclerc,843,998,2019,Albert Park Grand Prix Circuit,1,6,5,5
Kevin Magnussen,824,998,2019,Albert Park Grand Prix Circuit,1,208,7,6
Nico Hülkenberg,807,998,2019,Albert Park Grand Prix Circuit,1,4,11,7
Kimi Räikkönen,8,998,2019,Albert Park Grand Prix Circuit,1,50,9,8
Lance Stroll,839,998,2019,Albert Park Grand Prix Circuit,1,209,16,9
Daniil Kvyat,825,998,2019,Albert Park Grand Prix Circuit,1,5,15,10
Pierre Gasly,841,998,2019,Albert Park Grand Prix Circuit,1,9,17,11
Lando Norris,845,998,2019,Albert Park Grand Prix Circuit,1,1,8,12
Sergio Pérez,814,998,2019,Albert Park Grand Prix Circuit,1,209,10,13
Alexander Albon,847,998,2019,Albert Park Grand Prix Circuit,1,5,13,14
Antonio Giovinazzi,840,998,2019,Albert Park Grand Prix Circuit,1,50,14,15
George Russell,846,998,2019,Albert Park Grand Prix Circuit,1,3,19,16
Robert Kubica,9,998,2019,Albert Park Grand Prix Circuit,1,3,20,17
Lewis Hamilton,1,999,2019,Bahrain International Circuit,3,130,3,1
Valtteri Bottas,821,999,2019,Bahrain International Circuit,3,130,4,2
Charles Leclerc,843,999,2019,Bahrain International Circuit,3,6,1,3
Max Verstappen,829,999,2019,Bahrain International Circuit,3,9,5,4
Sebastian Vettel,20,999,2019,Bahrain International Circuit,3,6,2,5
Lando Norris,845,999,2019,Bahrain International Circuit,3,1,9,6
Kimi Räikkönen,8,999,2019,Bahrain International Circuit,3,50,8,7
Pierre Gasly,841,999,2019,Bahrain International Circuit,3,9,13,8
Alexander Albon,847,999,2019,Bahrain International Circuit,3,5,12,9
Sergio Pérez,814,999,2019,Bahrain International Circuit,3,209,14,10
Antonio Giovinazzi,840,999,2019,Bahrain International Circuit,3,50,16,11
Daniil Kvyat,825,999,2019,Bahrain International Circuit,3,5,15,12
Kevin Magnussen,824,999,2019,Bahrain International Circuit,3,208,6,13
Lance Stroll,839,999,2019,Bahrain International Circuit,3,209,18,14
George Russell,846,999,2019,Bahrain International Circuit,3,3,19,15
Robert Kubica,9,999,2019,Bahrain International Circuit,3,3,20,16
Lewis Hamilton,1,1000,2019,Shanghai International Circuit,17,130,2,1
Valtteri Bottas,821,1000,2019,Shanghai International Circuit,17,130,1,2
Sebastian Vettel,20,1000,2019,Shanghai International Circuit,17,6,3,3
Max Verstappen,829,1000,2019,Shanghai International Circuit,17,9,5,4
Charles Leclerc,843,1000,2019,Shanghai International Circuit,17,6,4,5
Pierre Gasly,841,1000,2019,Shanghai International Circuit,17,9,6,6
Daniel Ricciardo,816,1000,2019,Shanghai International Circuit,17,4,7,7
Sergio Pérez,814,1000,2019,Shanghai International Circuit,17,209,12,8
Kimi Räikkönen,8,1000,2019,Shanghai International Circuit,17,50,13,9
Alexander Albon,847,1000,2019,Shanghai International Circuit,17,5,0,10
Romain Grosjean,154,1000,2019,Shanghai International Circuit,17,208,10,11
Lance Stroll,839,1000,2019,Shanghai International Circuit,17,209,16,12
Kevin Magnussen,824,1000,2019,Shanghai International Circuit,17,208,9,13
Carlos Sainz,831,1000,2019,Shanghai International Circuit,17,1,14,14
Antonio Giovinazzi,840,1000,2019,Shanghai International Circuit,17,50,19,15
George Russell,846,1000,2019,Shanghai International Circuit,17,3,17,16
Robert Kubica,9,1000,2019,Shanghai International Circuit,17,3,18,17
Lando Norris,845,1000,2019,Shanghai International Circuit,17,1,15,18
Valtteri Bottas,821,1001,2019,Baku City Circuit,72,130,1,1
Lewis Hamilton,1,1001,2019,Baku City Circuit,72,130,2,2
Sebastian Vettel,20,1001,2019,Baku City Circuit,72,6,3,3
Max Verstappen,829,1001,2019,Baku City Circuit,72,9,4,4
Charles Leclerc,843,1001,2019,Baku City Circuit,72,6,8,5
Sergio Pérez,814,1001,2019,Baku City Circuit,72,209,5,6
Carlos Sainz,831,1001,2019,Baku City Circuit,72,1,9,7
Lando Norris,845,1001,2019,Baku City Circuit,72,1,7,8
Lance Stroll,839,1001,2019,Baku City Circuit,72,209,13,9
Kimi Räikkönen,8,1001,2019,Baku City Circuit,72,50,0,10
Alexander Albon,847,1001,2019,Baku City Circuit,72,5,11,11
Antonio Giovinazzi,840,1001,2019,Baku City Circuit,72,50,17,12
Kevin Magnussen,824,1001,2019,Baku City Circuit,72,208,12,13
Nico Hülkenberg,807,1001,2019,Baku City Circuit,72,4,15,14
George Russell,846,1001,2019,Baku City Circuit,72,3,16,15
Robert Kubica,9,1001,2019,Baku City Circuit,72,3,0,16
Lewis Hamilton,1,1002,2019,Circuit de Barcelona-Catalunya,4,130,2,1
Valtteri Bottas,821,1002,2019,Circuit de Barcelona-Catalunya,4,130,1,2
Max Verstappen,829,1002,2019,Circuit de Barcelona-Catalunya,4,9,4,3
Sebastian Vettel,20,1002,2019,Circuit de Barcelona-Catalunya,4,6,3,4
Charles Leclerc,843,1002,2019,Circuit de Barcelona-Catalunya,4,6,5,5
Pierre Gasly,841,1002,2019,Circuit de Barcelona-Catalunya,4,9,6,6
Kevin Magnussen,824,1002,2019,Circuit de Barcelona-Catalunya,4,208,8,7
Carlos Sainz,831,1002,2019,Circuit de Barcelona-Catalunya,4,1,12,8
Daniil Kvyat,825,1002,2019,Circuit de Barcelona-Catalunya,4,5,9,9
Romain Grosjean,154,1002,2019,Circuit de Barcelona-Catalunya,4,208,7,10
Alexander Albon,847,1002,2019,Circuit de Barcelona-Catalunya,4,5,11,11
Daniel Ricciardo,816,1002,2019,Circuit de Barcelona-Catalunya,4,4,13,12
Nico Hülkenberg,807,1002,2019,Circuit de Barcelona-Catalunya,4,4,0,13
Kimi Räikkönen,8,1002,2019,Circuit de Barcelona-Catalunya,4,50,14,14
Sergio Pérez,814,1002,2019,Circuit de Barcelona-Catalunya,4,209,15,15
Antonio Giovinazzi,840,1002,2019,Circuit de Barcelona-Catalunya,4,50,18,16
George Russell,846,1002,2019,Circuit de Barcelona-Catalunya,4,3,19,17
Robert Kubica,9,1002,2019,Circuit de Barcelona-Catalunya,4,3,17,18
Masten Gregory,418,745,1961,Watkins Glen,46,170,15,11
Lewis Hamilton,1,1003,2019,Circuit de Monaco,6,130,1,1
Sebastian Vettel,20,1003,2019,Circuit de Monaco,6,6,4,2
Valtteri Bottas,821,1003,2019,Circuit de Monaco,6,130,2,3
Max Verstappen,829,1003,2019,Circuit de Monaco,6,9,3,4
Pierre Gasly,841,1003,2019,Circuit de Monaco,6,9,8,5
Carlos Sainz,831,1003,2019,Circuit de Monaco,6,1,9,6
Daniil Kvyat,825,1003,2019,Circuit de Monaco,6,5,7,7
Alexander Albon,847,1003,2019,Circuit de Monaco,6,5,10,8
Daniel Ricciardo,816,1003,2019,Circuit de Monaco,6,4,6,9
Romain Grosjean,154,1003,2019,Circuit de Monaco,6,208,13,10
Lando Norris,845,1003,2019,Circuit de Monaco,6,1,12,11
Kevin Magnussen,824,1003,2019,Circuit de Monaco,6,208,5,14
Sergio Pérez,814,1003,2019,Circuit de Monaco,6,209,16,12
Nico Hülkenberg,807,1003,2019,Circuit de Monaco,6,4,11,13
George Russell,846,1003,2019,Circuit de Monaco,6,3,19,15
Lance Stroll,839,1003,2019,Circuit de Monaco,6,209,17,16
Kimi Räikkönen,8,1003,2019,Circuit de Monaco,6,50,14,17
Robert Kubica,9,1003,2019,Circuit de Monaco,6,3,20,18
Antonio Giovinazzi,840,1003,2019,Circuit de Monaco,6,50,18,19
Lewis Hamilton,1,1004,2019,Circuit Gilles Villeneuve,7,130,2,1
Sebastian Vettel,20,1004,2019,Circuit Gilles Villeneuve,7,6,1,2
Charles Leclerc,843,1004,2019,Circuit Gilles Villeneuve,7,6,3,3
Valtteri Bottas,821,1004,2019,Circuit Gilles Villeneuve,7,130,6,4
Max Verstappen,829,1004,2019,Circuit Gilles Villeneuve,7,9,9,5
Daniel Ricciardo,816,1004,2019,Circuit Gilles Villeneuve,7,4,4,6
Nico Hülkenberg,807,1004,2019,Circuit Gilles Villeneuve,7,4,7,7
Pierre Gasly,841,1004,2019,Circuit Gilles Villeneuve,7,9,5,8
Lance Stroll,839,1004,2019,Circuit Gilles Villeneuve,7,209,17,9
Daniil Kvyat,825,1004,2019,Circuit Gilles Villeneuve,7,5,10,10
Carlos Sainz,831,1004,2019,Circuit Gilles Villeneuve,7,1,11,11
Sergio Pérez,814,1004,2019,Circuit Gilles Villeneuve,7,209,15,12
Antonio Giovinazzi,840,1004,2019,Circuit Gilles Villeneuve,7,50,12,13
Romain Grosjean,154,1004,2019,Circuit Gilles Villeneuve,7,208,14,14
Kimi Räikkönen,8,1004,2019,Circuit Gilles Villeneuve,7,50,16,15
George Russell,846,1004,2019,Circuit Gilles Villeneuve,7,3,18,16
Kevin Magnussen,824,1004,2019,Circuit Gilles Villeneuve,7,208,0,17
Robert Kubica,9,1004,2019,Circuit Gilles Villeneuve,7,3,19,18
Lewis Hamilton,1,1005,2019,Circuit Paul Ricard,34,130,1,1
Valtteri Bottas,821,1005,2019,Circuit Paul Ricard,34,130,2,2
Charles Leclerc,843,1005,2019,Circuit Paul Ricard,34,6,3,3
Max Verstappen,829,1005,2019,Circuit Paul Ricard,34,9,4,4
Sebastian Vettel,20,1005,2019,Circuit Paul Ricard,34,6,7,5
Carlos Sainz,831,1005,2019,Circuit Paul Ricard,34,1,6,6
Kimi Räikkönen,8,1005,2019,Circuit Paul Ricard,34,50,12,7
Nico Hülkenberg,807,1005,2019,Circuit Paul Ricard,34,4,13,8
Lando Norris,845,1005,2019,Circuit Paul Ricard,34,1,5,9
Pierre Gasly,841,1005,2019,Circuit Paul Ricard,34,9,9,10
Daniel Ricciardo,816,1005,2019,Circuit Paul Ricard,34,4,8,11
Sergio Pérez,814,1005,2019,Circuit Paul Ricard,34,209,14,12
Lance Stroll,839,1005,2019,Circuit Paul Ricard,34,209,17,13
Daniil Kvyat,825,1005,2019,Circuit Paul Ricard,34,5,19,14
Alexander Albon,847,1005,2019,Circuit Paul Ricard,34,5,11,15
Antonio Giovinazzi,840,1005,2019,Circuit Paul Ricard,34,50,10,16
Kevin Magnussen,824,1005,2019,Circuit Paul Ricard,34,208,15,17
Robert Kubica,9,1005,2019,Circuit Paul Ricard,34,3,18,18
George Russell,846,1005,2019,Circuit Paul Ricard,34,3,20,19
Romain Grosjean,154,1005,2019,Circuit Paul Ricard,34,208,16,20
Max Verstappen,829,1006,2019,Red Bull Ring,70,9,2,1
Charles Leclerc,843,1006,2019,Red Bull Ring,70,6,1,2
Valtteri Bottas,821,1006,2019,Red Bull Ring,70,130,3,3
Sebastian Vettel,20,1006,2019,Red Bull Ring,70,6,9,4
Lewis Hamilton,1,1006,2019,Red Bull Ring,70,130,4,5
Lando Norris,845,1006,2019,Red Bull Ring,70,1,5,6
Pierre Gasly,841,1006,2019,Red Bull Ring,70,9,8,7
Carlos Sainz,831,1006,2019,Red Bull Ring,70,1,19,8
Kimi Räikkönen,8,1006,2019,Red Bull Ring,70,50,6,9
Antonio Giovinazzi,840,1006,2019,Red Bull Ring,70,50,7,10
Sergio Pérez,814,1006,2019,Red Bull Ring,70,209,13,11
Daniel Ricciardo,816,1006,2019,Red Bull Ring,70,4,12,12
Nico Hülkenberg,807,1006,2019,Red Bull Ring,70,4,15,13
Lance Stroll,839,1006,2019,Red Bull Ring,70,209,14,14
Alexander Albon,847,1006,2019,Red Bull Ring,70,5,18,15
Romain Grosjean,154,1006,2019,Red Bull Ring,70,208,11,16
Daniil Kvyat,825,1006,2019,Red Bull Ring,70,5,16,17
George Russell,846,1006,2019,Red Bull Ring,70,3,0,18
Kevin Magnussen,824,1006,2019,Red Bull Ring,70,208,10,19
Robert Kubica,9,1006,2019,Red Bull Ring,70,3,17,20
Lewis Hamilton,1,1007,2019,Silverstone Circuit,9,130,2,1
Valtteri Bottas,821,1007,2019,Silverstone Circuit,9,130,1,2
Charles Leclerc,843,1007,2019,Silverstone Circuit,9,6,3,3
Pierre Gasly,841,1007,2019,Silverstone Circuit,9,9,5,4
Max Verstappen,829,1007,2019,Silverstone Circuit,9,9,4,5
Carlos Sainz,831,1007,2019,Silverstone Circuit,9,1,13,6
Daniel Ricciardo,816,1007,2019,Silverstone Circuit,9,4,7,7
Kimi Räikkönen,8,1007,2019,Silverstone Circuit,9,50,12,8
Daniil Kvyat,825,1007,2019,Silverstone Circuit,9,5,17,9
Nico Hülkenberg,807,1007,2019,Silverstone Circuit,9,4,10,10
Lando Norris,845,1007,2019,Silverstone Circuit,9,1,8,11
Alexander Albon,847,1007,2019,Silverstone Circuit,9,5,9,12
Lance Stroll,839,1007,2019,Silverstone Circuit,9,209,18,13
George Russell,846,1007,2019,Silverstone Circuit,9,3,19,14
Robert Kubica,9,1007,2019,Silverstone Circuit,9,3,20,15
Sebastian Vettel,20,1007,2019,Silverstone Circuit,9,6,6,16
Sergio Pérez,814,1007,2019,Silverstone Circuit,9,209,15,17
Max Verstappen,829,1008,2019,Hockenheimring,10,9,2,1
Sebastian Vettel,20,1008,2019,Hockenheimring,10,6,20,2
Daniil Kvyat,825,1008,2019,Hockenheimring,10,5,14,3
Lance Stroll,839,1008,2019,Hockenheimring,10,209,15,4
Carlos Sainz,831,1008,2019,Hockenheimring,10,1,7,5
Alexander Albon,847,1008,2019,Hockenheimring,10,5,16,6
Romain Grosjean,154,1008,2019,Hockenheimring,10,208,6,7
Kevin Magnussen,824,1008,2019,Hockenheimring,10,208,12,8
Lewis Hamilton,1,1008,2019,Hockenheimring,10,130,1,9
Robert Kubica,9,1008,2019,Hockenheimring,10,3,18,10
George Russell,846,1008,2019,Hockenheimring,10,3,17,11
Kimi Räikkönen,8,1008,2019,Hockenheimring,10,50,5,12
Antonio Giovinazzi,840,1008,2019,Hockenheimring,10,50,11,13
Pierre Gasly,841,1008,2019,Hockenheimring,10,9,4,14
Lewis Hamilton,1,1009,2019,Hungaroring,11,130,3,1
Max Verstappen,829,1009,2019,Hungaroring,11,9,1,2
Sebastian Vettel,20,1009,2019,Hungaroring,11,6,5,3
Charles Leclerc,843,1009,2019,Hungaroring,11,6,4,4
Carlos Sainz,831,1009,2019,Hungaroring,11,1,8,5
Pierre Gasly,841,1009,2019,Hungaroring,11,9,6,6
Kimi Räikkönen,8,1009,2019,Hungaroring,11,50,10,7
Valtteri Bottas,821,1009,2019,Hungaroring,11,130,2,8
Lando Norris,845,1009,2019,Hungaroring,11,1,7,9
Alexander Albon,847,1009,2019,Hungaroring,11,5,12,10
Sergio Pérez,814,1009,2019,Hungaroring,11,209,16,11
Nico Hülkenberg,807,1009,2019,Hungaroring,11,4,11,12
Kevin Magnussen,824,1009,2019,Hungaroring,11,208,14,13
Daniel Ricciardo,816,1009,2019,Hungaroring,11,4,20,14
Daniil Kvyat,825,1009,2019,Hungaroring,11,5,13,15
George Russell,846,1009,2019,Hungaroring,11,3,15,16
Lance Stroll,839,1009,2019,Hungaroring,11,209,18,17
Antonio Giovinazzi,840,1009,2019,Hungaroring,11,50,17,18
Robert Kubica,9,1009,2019,Hungaroring,11,3,19,19
Charles Leclerc,843,1010,2019,Circuit de Spa-Francorchamps,13,6,1,1
Lewis Hamilton,1,1010,2019,Circuit de Spa-Francorchamps,13,130,3,2
Valtteri Bottas,821,1010,2019,Circuit de Spa-Francorchamps,13,130,4,3
Sebastian Vettel,20,1010,2019,Circuit de Spa-Francorchamps,13,6,2,4
Alexander Albon,847,1010,2019,Circuit de Spa-Francorchamps,13,9,17,5
Sergio Pérez,814,1010,2019,Circuit de Spa-Francorchamps,13,209,7,6
Daniil Kvyat,825,1010,2019,Circuit de Spa-Francorchamps,13,5,19,7
Nico Hülkenberg,807,1010,2019,Circuit de Spa-Francorchamps,13,4,12,8
Pierre Gasly,841,1010,2019,Circuit de Spa-Francorchamps,13,5,13,9
Lance Stroll,839,1010,2019,Circuit de Spa-Francorchamps,13,209,16,10
Lando Norris,845,1010,2019,Circuit de Spa-Francorchamps,13,1,11,11
Kevin Magnussen,824,1010,2019,Circuit de Spa-Francorchamps,13,208,8,12
Romain Grosjean,154,1010,2019,Circuit de Spa-Francorchamps,13,208,9,13
Daniel Ricciardo,816,1010,2019,Circuit de Spa-Francorchamps,13,4,10,14
George Russell,846,1010,2019,Circuit de Spa-Francorchamps,13,3,14,15
Kimi Räikkönen,8,1010,2019,Circuit de Spa-Francorchamps,13,50,6,16
Robert Kubica,9,1010,2019,Circuit de Spa-Francorchamps,13,3,0,17
Antonio Giovinazzi,840,1010,2019,Circuit de Spa-Francorchamps,13,50,18,18
Charles Leclerc,843,1011,2019,Autodromo Nazionale di Monza,14,6,1,1
Valtteri Bottas,821,1011,2019,Autodromo Nazionale di Monza,14,130,3,2
Lewis Hamilton,1,1011,2019,Autodromo Nazionale di Monza,14,130,2,3
Daniel Ricciardo,816,1011,2019,Autodromo Nazionale di Monza,14,4,5,4
Nico Hülkenberg,807,1011,2019,Autodromo Nazionale di Monza,14,4,6,5
Alexander Albon,847,1011,2019,Autodromo Nazionale di Monza,14,9,8,6
Sergio Pérez,814,1011,2019,Autodromo Nazionale di Monza,14,209,18,7
Max Verstappen,829,1011,2019,Autodromo Nazionale di Monza,14,9,19,8
Antonio Giovinazzi,840,1011,2019,Autodromo Nazionale di Monza,14,50,10,9
Lando Norris,845,1011,2019,Autodromo Nazionale di Monza,14,1,16,10
Pierre Gasly,841,1011,2019,Autodromo Nazionale di Monza,14,5,17,11
Lance Stroll,839,1011,2019,Autodromo Nazionale di Monza,14,209,9,12
Sebastian Vettel,20,1011,2019,Autodromo Nazionale di Monza,14,6,4,13
George Russell,846,1011,2019,Autodromo Nazionale di Monza,14,3,14,14
Kimi Räikkönen,8,1011,2019,Autodromo Nazionale di Monza,14,50,0,15
Romain Grosjean,154,1011,2019,Autodromo Nazionale di Monza,14,208,13,16
Robert Kubica,9,1011,2019,Autodromo Nazionale di Monza,14,3,15,17
Sebastian Vettel,20,1012,2019,Marina Bay Street Circuit,15,6,3,1
Charles Leclerc,843,1012,2019,Marina Bay Street Circuit,15,6,1,2
Max Verstappen,829,1012,2019,Marina Bay Street Circuit,15,9,4,3
Lewis Hamilton,1,1012,2019,Marina Bay Street Circuit,15,130,2,4
Valtteri Bottas,821,1012,2019,Marina Bay Street Circuit,15,130,5,5
Alexander Albon,847,1012,2019,Marina Bay Street Circuit,15,9,6,6
Lando Norris,845,1012,2019,Marina Bay Street Circuit,15,1,9,7
Pierre Gasly,841,1012,2019,Marina Bay Street Circuit,15,5,11,8
Nico Hülkenberg,807,1012,2019,Marina Bay Street Circuit,15,4,8,9
Antonio Giovinazzi,840,1012,2019,Marina Bay Street Circuit,15,50,10,10
Romain Grosjean,154,1012,2019,Marina Bay Street Circuit,15,208,17,11
Carlos Sainz,831,1012,2019,Marina Bay Street Circuit,15,1,7,12
Lance Stroll,839,1012,2019,Marina Bay Street Circuit,15,209,16,13
Daniel Ricciardo,816,1012,2019,Marina Bay Street Circuit,15,4,20,14
Daniil Kvyat,825,1012,2019,Marina Bay Street Circuit,15,5,14,15
Robert Kubica,9,1012,2019,Marina Bay Street Circuit,15,3,19,16
Kevin Magnussen,824,1012,2019,Marina Bay Street Circuit,15,208,13,17
Lewis Hamilton,1,1013,2019,Sochi Autodrom,71,130,2,1
Valtteri Bottas,821,1013,2019,Sochi Autodrom,71,130,4,2
Charles Leclerc,843,1013,2019,Sochi Autodrom,71,6,1,3
Max Verstappen,829,1013,2019,Sochi Autodrom,71,9,9,4
Alexander Albon,847,1013,2019,Sochi Autodrom,71,9,0,5
Carlos Sainz,831,1013,2019,Sochi Autodrom,71,1,5,6
Sergio Pérez,814,1013,2019,Sochi Autodrom,71,209,11,7
Lando Norris,845,1013,2019,Sochi Autodrom,71,1,7,8
Kevin Magnussen,824,1013,2019,Sochi Autodrom,71,208,13,9
Nico Hülkenberg,807,1013,2019,Sochi Autodrom,71,4,6,10
Lance Stroll,839,1013,2019,Sochi Autodrom,71,209,14,11
Daniil Kvyat,825,1013,2019,Sochi Autodrom,71,5,19,12
Kimi Räikkönen,8,1013,2019,Sochi Autodrom,71,50,15,13
Pierre Gasly,841,1013,2019,Sochi Autodrom,71,5,16,14
Antonio Giovinazzi,840,1013,2019,Sochi Autodrom,71,50,12,15
Valtteri Bottas,821,1014,2019,Suzuka Circuit,22,130,3,1
Sebastian Vettel,20,1014,2019,Suzuka Circuit,22,6,1,2
Lewis Hamilton,1,1014,2019,Suzuka Circuit,22,130,4,3
Alexander Albon,847,1014,2019,Suzuka Circuit,22,9,6,4
Carlos Sainz,831,1014,2019,Suzuka Circuit,22,1,7,5
Charles Leclerc,843,1014,2019,Suzuka Circuit,22,6,2,6
Pierre Gasly,841,1014,2019,Suzuka Circuit,22,5,9,7
Sergio Pérez,814,1014,2019,Suzuka Circuit,22,209,17,8
Lance Stroll,839,1014,2019,Suzuka Circuit,22,209,12,9
Daniil Kvyat,825,1014,2019,Suzuka Circuit,22,5,14,10
Lando Norris,845,1014,2019,Suzuka Circuit,22,1,8,11
Kimi Räikkönen,8,1014,2019,Suzuka Circuit,22,50,13,12
Romain Grosjean,154,1014,2019,Suzuka Circuit,22,208,10,13
Antonio Giovinazzi,840,1014,2019,Suzuka Circuit,22,50,11,14
Kevin Magnussen,824,1014,2019,Suzuka Circuit,22,208,19,15
George Russell,846,1014,2019,Suzuka Circuit,22,3,18,16
Robert Kubica,9,1014,2019,Suzuka Circuit,22,3,0,17
Lewis Hamilton,1,1015,2019,Autódromo Hermanos Rodríguez,32,130,3,1
Sebastian Vettel,20,1015,2019,Autódromo Hermanos Rodríguez,32,6,2,2
Valtteri Bottas,821,1015,2019,Autódromo Hermanos Rodríguez,32,130,6,3
Charles Leclerc,843,1015,2019,Autódromo Hermanos Rodríguez,32,6,1,4
Alexander Albon,847,1015,2019,Autódromo Hermanos Rodríguez,32,9,5,5
Max Verstappen,829,1015,2019,Autódromo Hermanos Rodríguez,32,9,4,6
Sergio Pérez,814,1015,2019,Autódromo Hermanos Rodríguez,32,209,11,7
Daniel Ricciardo,816,1015,2019,Autódromo Hermanos Rodríguez,32,4,13,8
Pierre Gasly,841,1015,2019,Autódromo Hermanos Rodríguez,32,5,10,9
Nico Hülkenberg,807,1015,2019,Autódromo Hermanos Rodríguez,32,4,12,10
Daniil Kvyat,825,1015,2019,Autódromo Hermanos Rodríguez,32,5,9,11
Lance Stroll,839,1015,2019,Autódromo Hermanos Rodríguez,32,209,16,12
Carlos Sainz,831,1015,2019,Autódromo Hermanos Rodríguez,32,1,7,13
Antonio Giovinazzi,840,1015,2019,Autódromo Hermanos Rodríguez,32,50,15,14
Kevin Magnussen,824,1015,2019,Autódromo Hermanos Rodríguez,32,208,17,15
George Russell,846,1015,2019,Autódromo Hermanos Rodríguez,32,3,19,16
Romain Grosjean,154,1015,2019,Autódromo Hermanos Rodríguez,32,208,18,17
Robert Kubica,9,1015,2019,Autódromo Hermanos Rodríguez,32,3,20,18
Valtteri Bottas,821,1019,2020,Red Bull Ring,70,130,1,1
Valtteri Bottas,821,1016,2019,Circuit of the Americas,69,130,1,1
Lewis Hamilton,1,1016,2019,Circuit of the Americas,69,130,5,2
Max Verstappen,829,1016,2019,Circuit of the Americas,69,9,3,3
Charles Leclerc,843,1016,2019,Circuit of the Americas,69,6,4,4
Alexander Albon,847,1016,2019,Circuit of the Americas,69,9,6,5
Daniel Ricciardo,816,1016,2019,Circuit of the Americas,69,4,9,6
Lando Norris,845,1016,2019,Circuit of the Americas,69,1,8,7
Carlos Sainz,831,1016,2019,Circuit of the Americas,69,1,7,8
Nico Hülkenberg,807,1016,2019,Circuit of the Americas,69,4,11,9
Sergio Pérez,814,1016,2019,Circuit of the Americas,69,209,0,10
Kimi Räikkönen,8,1016,2019,Circuit of the Americas,69,50,17,11
Daniil Kvyat,825,1016,2019,Circuit of the Americas,69,5,13,12
Lance Stroll,839,1016,2019,Circuit of the Americas,69,209,14,13
Antonio Giovinazzi,840,1016,2019,Circuit of the Americas,69,50,16,14
Romain Grosjean,154,1016,2019,Circuit of the Americas,69,208,15,15
Pierre Gasly,841,1016,2019,Circuit of the Americas,69,5,10,16
George Russell,846,1016,2019,Circuit of the Americas,69,3,18,17
Kevin Magnussen,824,1016,2019,Circuit of the Americas,69,208,12,18
Max Verstappen,829,1017,2019,Autódromo José Carlos Pace,18,9,1,1
Pierre Gasly,841,1017,2019,Autódromo José Carlos Pace,18,5,6,2
Carlos Sainz,831,1017,2019,Autódromo José Carlos Pace,18,1,20,3
Kimi Räikkönen,8,1017,2019,Autódromo José Carlos Pace,18,50,8,4
Antonio Giovinazzi,840,1017,2019,Autódromo José Carlos Pace,18,50,12,5
Daniel Ricciardo,816,1017,2019,Autódromo José Carlos Pace,18,4,11,6
Lewis Hamilton,1,1017,2019,Autódromo José Carlos Pace,18,130,3,7
Lando Norris,845,1017,2019,Autódromo José Carlos Pace,18,1,10,8
Sergio Pérez,814,1017,2019,Autódromo José Carlos Pace,18,209,15,9
Daniil Kvyat,825,1017,2019,Autódromo José Carlos Pace,18,5,16,10
Kevin Magnussen,824,1017,2019,Autódromo José Carlos Pace,18,208,9,11
George Russell,846,1017,2019,Autódromo José Carlos Pace,18,3,18,12
Romain Grosjean,154,1017,2019,Autódromo José Carlos Pace,18,208,7,13
Alexander Albon,847,1017,2019,Autódromo José Carlos Pace,18,9,5,14
Nico Hülkenberg,807,1017,2019,Autódromo José Carlos Pace,18,4,13,15
Robert Kubica,9,1017,2019,Autódromo José Carlos Pace,18,3,19,16
Sebastian Vettel,20,1017,2019,Autódromo José Carlos Pace,18,6,2,17
Charles Leclerc,843,1017,2019,Autódromo José Carlos Pace,18,6,14,18
Lance Stroll,839,1017,2019,Autódromo José Carlos Pace,18,209,17,19
Lewis Hamilton,1,1018,2019,Yas Marina Circuit,24,130,1,1
Max Verstappen,829,1018,2019,Yas Marina Circuit,24,9,2,2
Charles Leclerc,843,1018,2019,Yas Marina Circuit,24,6,3,3
Valtteri Bottas,821,1018,2019,Yas Marina Circuit,24,130,20,4
Sebastian Vettel,20,1018,2019,Yas Marina Circuit,24,6,4,5
Alexander Albon,847,1018,2019,Yas Marina Circuit,24,9,5,6
Sergio Pérez,814,1018,2019,Yas Marina Circuit,24,209,10,7
Lando Norris,845,1018,2019,Yas Marina Circuit,24,1,6,8
Daniil Kvyat,825,1018,2019,Yas Marina Circuit,24,5,13,9
Carlos Sainz,831,1018,2019,Yas Marina Circuit,24,1,8,10
Daniel Ricciardo,816,1018,2019,Yas Marina Circuit,24,4,7,11
Nico Hülkenberg,807,1018,2019,Yas Marina Circuit,24,4,9,12
Kimi Räikkönen,8,1018,2019,Yas Marina Circuit,24,50,17,13
Kevin Magnussen,824,1018,2019,Yas Marina Circuit,24,208,14,14
Romain Grosjean,154,1018,2019,Yas Marina Circuit,24,208,15,15
Antonio Giovinazzi,840,1018,2019,Yas Marina Circuit,24,50,16,16
George Russell,846,1018,2019,Yas Marina Circuit,24,3,18,17
Pierre Gasly,841,1018,2019,Yas Marina Circuit,24,5,11,18
Robert Kubica,9,1018,2019,Yas Marina Circuit,24,3,19,19
Charles Leclerc,843,1019,2020,Red Bull Ring,70,6,7,2
Lando Norris,845,1019,2020,Red Bull Ring,70,1,3,3
Lewis Hamilton,1,1019,2020,Red Bull Ring,70,130,5,4
Carlos Sainz,831,1019,2020,Red Bull Ring,70,1,8,5
Sergio Pérez,814,1019,2020,Red Bull Ring,70,209,6,6
Pierre Gasly,841,1019,2020,Red Bull Ring,70,210,12,7
Esteban Ocon,838,1019,2020,Red Bull Ring,70,4,14,8
Antonio Giovinazzi,840,1019,2020,Red Bull Ring,70,50,18,9
Sebastian Vettel,20,1019,2020,Red Bull Ring,70,6,11,10
Nicholas Latifi,848,1019,2020,Red Bull Ring,70,3,20,11
Daniil Kvyat,825,1019,2020,Red Bull Ring,70,210,13,12
Alexander Albon,847,1019,2020,Red Bull Ring,70,9,4,13
Lewis Hamilton,1,1020,2020,Red Bull Ring,70,130,1,1
Valtteri Bottas,821,1020,2020,Red Bull Ring,70,130,4,2
Max Verstappen,829,1020,2020,Red Bull Ring,70,9,2,3
Alexander Albon,847,1020,2020,Red Bull Ring,70,9,6,4
Lando Norris,845,1020,2020,Red Bull Ring,70,1,9,5
Sergio Pérez,814,1020,2020,Red Bull Ring,70,209,17,6
Lance Stroll,839,1020,2020,Red Bull Ring,70,209,12,7
Daniel Ricciardo,816,1020,2020,Red Bull Ring,70,4,8,8
Carlos Sainz,831,1020,2020,Red Bull Ring,70,1,3,9
Daniil Kvyat,825,1020,2020,Red Bull Ring,70,210,13,10
Kimi Räikkönen,8,1020,2020,Red Bull Ring,70,50,16,11
Kevin Magnussen,824,1020,2020,Red Bull Ring,70,208,15,12
Romain Grosjean,154,1020,2020,Red Bull Ring,70,208,0,13
Antonio Giovinazzi,840,1020,2020,Red Bull Ring,70,50,19,14
Pierre Gasly,841,1020,2020,Red Bull Ring,70,210,7,15
George Russell,846,1020,2020,Red Bull Ring,70,3,11,16
Nicholas Latifi,848,1020,2020,Red Bull Ring,70,3,18,17
Lewis Hamilton,1,1021,2020,Hungaroring,11,130,1,1
Max Verstappen,829,1021,2020,Hungaroring,11,9,7,2
Valtteri Bottas,821,1021,2020,Hungaroring,11,130,2,3
Lance Stroll,839,1021,2020,Hungaroring,11,209,3,4
Alexander Albon,847,1021,2020,Hungaroring,11,9,13,5
Sebastian Vettel,20,1021,2020,Hungaroring,11,6,5,6
Sergio Pérez,814,1021,2020,Hungaroring,11,209,4,7
Daniel Ricciardo,816,1021,2020,Hungaroring,11,4,11,8
Carlos Sainz,831,1021,2020,Hungaroring,11,1,9,9
Kevin Magnussen,824,1021,2020,Hungaroring,11,208,0,10
Charles Leclerc,843,1021,2020,Hungaroring,11,6,6,11
Daniil Kvyat,825,1021,2020,Hungaroring,11,210,17,12
Lando Norris,845,1021,2020,Hungaroring,11,1,8,13
Esteban Ocon,838,1021,2020,Hungaroring,11,4,14,14
Kimi Räikkönen,8,1021,2020,Hungaroring,11,50,20,15
Romain Grosjean,154,1021,2020,Hungaroring,11,208,0,16
Antonio Giovinazzi,840,1021,2020,Hungaroring,11,50,19,17
George Russell,846,1021,2020,Hungaroring,11,3,12,18
Nicholas Latifi,848,1021,2020,Hungaroring,11,3,15,19
Lewis Hamilton,1,1022,2020,Silverstone Circuit,9,130,1,1
Max Verstappen,829,1022,2020,Silverstone Circuit,9,9,3,2
Charles Leclerc,843,1022,2020,Silverstone Circuit,9,6,4,3
Daniel Ricciardo,816,1022,2020,Silverstone Circuit,9,4,8,4
Lando Norris,845,1022,2020,Silverstone Circuit,9,1,5,5
Esteban Ocon,838,1022,2020,Silverstone Circuit,9,4,9,6
Pierre Gasly,841,1022,2020,Silverstone Circuit,9,210,11,7
Alexander Albon,847,1022,2020,Silverstone Circuit,9,9,12,8
Lance Stroll,839,1022,2020,Silverstone Circuit,9,209,6,9
Sebastian Vettel,20,1022,2020,Silverstone Circuit,9,6,10,10
Valtteri Bottas,821,1022,2020,Silverstone Circuit,9,130,2,11
George Russell,846,1022,2020,Silverstone Circuit,9,3,20,12
Carlos Sainz,831,1022,2020,Silverstone Circuit,9,1,7,13
Antonio Giovinazzi,840,1022,2020,Silverstone Circuit,9,50,15,14
Nicholas Latifi,848,1022,2020,Silverstone Circuit,9,3,18,15
Romain Grosjean,154,1022,2020,Silverstone Circuit,9,208,17,16
Kimi Räikkönen,8,1022,2020,Silverstone Circuit,9,50,16,17
Max Verstappen,829,1023,2020,Silverstone Circuit,9,9,4,1
Lewis Hamilton,1,1023,2020,Silverstone Circuit,9,130,2,2
Valtteri Bottas,821,1023,2020,Silverstone Circuit,9,130,1,3
Charles Leclerc,843,1023,2020,Silverstone Circuit,9,6,8,4
Alexander Albon,847,1023,2020,Silverstone Circuit,9,9,9,5
Lance Stroll,839,1023,2020,Silverstone Circuit,9,209,6,6
Nico Hülkenberg,807,1023,2020,Silverstone Circuit,9,209,3,7
Esteban Ocon,838,1023,2020,Silverstone Circuit,9,4,14,8
Lando Norris,845,1023,2020,Silverstone Circuit,9,1,10,9
Daniil Kvyat,825,1023,2020,Silverstone Circuit,9,210,16,10
Pierre Gasly,841,1023,2020,Silverstone Circuit,9,210,7,11
Sebastian Vettel,20,1023,2020,Silverstone Circuit,9,6,11,12
Carlos Sainz,831,1023,2020,Silverstone Circuit,9,1,12,13
Daniel Ricciardo,816,1023,2020,Silverstone Circuit,9,4,5,14
Kimi Räikkönen,8,1023,2020,Silverstone Circuit,9,50,20,15
Romain Grosjean,154,1023,2020,Silverstone Circuit,9,208,13,16
Antonio Giovinazzi,840,1023,2020,Silverstone Circuit,9,50,19,17
George Russell,846,1023,2020,Silverstone Circuit,9,3,15,18
Nicholas Latifi,848,1023,2020,Silverstone Circuit,9,3,18,19
Lewis Hamilton,1,1024,2020,Circuit de Barcelona-Catalunya,4,130,1,1
Max Verstappen,829,1024,2020,Circuit de Barcelona-Catalunya,4,9,3,2
Valtteri Bottas,821,1024,2020,Circuit de Barcelona-Catalunya,4,130,2,3
Lance Stroll,839,1024,2020,Circuit de Barcelona-Catalunya,4,209,5,4
Sergio Pérez,814,1024,2020,Circuit de Barcelona-Catalunya,4,209,4,5
Carlos Sainz,831,1024,2020,Circuit de Barcelona-Catalunya,4,1,7,6
Sebastian Vettel,20,1024,2020,Circuit de Barcelona-Catalunya,4,6,11,7
Alexander Albon,847,1024,2020,Circuit de Barcelona-Catalunya,4,9,6,8
Pierre Gasly,841,1024,2020,Circuit de Barcelona-Catalunya,4,210,10,9
Lando Norris,845,1024,2020,Circuit de Barcelona-Catalunya,4,1,8,10
Daniel Ricciardo,816,1024,2020,Circuit de Barcelona-Catalunya,4,4,13,11
Daniil Kvyat,825,1024,2020,Circuit de Barcelona-Catalunya,4,210,12,12
Esteban Ocon,838,1024,2020,Circuit de Barcelona-Catalunya,4,4,15,13
Kimi Räikkönen,8,1024,2020,Circuit de Barcelona-Catalunya,4,50,14,14
Kevin Magnussen,824,1024,2020,Circuit de Barcelona-Catalunya,4,208,16,15
Antonio Giovinazzi,840,1024,2020,Circuit de Barcelona-Catalunya,4,50,20,16
George Russell,846,1024,2020,Circuit de Barcelona-Catalunya,4,3,18,17
Nicholas Latifi,848,1024,2020,Circuit de Barcelona-Catalunya,4,3,19,18
Romain Grosjean,154,1024,2020,Circuit de Barcelona-Catalunya,4,208,17,19
Lewis Hamilton,1,1025,2020,Circuit de Spa-Francorchamps,13,130,1,1
Valtteri Bottas,821,1025,2020,Circuit de Spa-Francorchamps,13,130,2,2
Max Verstappen,829,1025,2020,Circuit de Spa-Francorchamps,13,9,3,3
Daniel Ricciardo,816,1025,2020,Circuit de Spa-Francorchamps,13,4,4,4
Esteban Ocon,838,1025,2020,Circuit de Spa-Francorchamps,13,4,6,5
Alexander Albon,847,1025,2020,Circuit de Spa-Francorchamps,13,9,5,6
Lando Norris,845,1025,2020,Circuit de Spa-Francorchamps,13,1,10,7
Pierre Gasly,841,1025,2020,Circuit de Spa-Francorchamps,13,210,12,8
Lance Stroll,839,1025,2020,Circuit de Spa-Francorchamps,13,209,9,9
Sergio Pérez,814,1025,2020,Circuit de Spa-Francorchamps,13,209,8,10
Daniil Kvyat,825,1025,2020,Circuit de Spa-Francorchamps,13,210,11,11
Kimi Räikkönen,8,1025,2020,Circuit de Spa-Francorchamps,13,50,16,12
Sebastian Vettel,20,1025,2020,Circuit de Spa-Francorchamps,13,6,14,13
Charles Leclerc,843,1025,2020,Circuit de Spa-Francorchamps,13,6,13,14
Romain Grosjean,154,1025,2020,Circuit de Spa-Francorchamps,13,208,17,15
Nicholas Latifi,848,1025,2020,Circuit de Spa-Francorchamps,13,3,19,16
Kevin Magnussen,824,1025,2020,Circuit de Spa-Francorchamps,13,208,20,17
Pierre Gasly,841,1026,2020,Autodromo Nazionale di Monza,14,210,10,1
Carlos Sainz,831,1026,2020,Autodromo Nazionale di Monza,14,1,3,2
Lance Stroll,839,1026,2020,Autodromo Nazionale di Monza,14,209,8,3
Lando Norris,845,1026,2020,Autodromo Nazionale di Monza,14,1,6,4
Valtteri Bottas,821,1026,2020,Autodromo Nazionale di Monza,14,130,2,5
Daniel Ricciardo,816,1026,2020,Autodromo Nazionale di Monza,14,4,7,6
Lewis Hamilton,1,1026,2020,Autodromo Nazionale di Monza,14,130,1,7
Esteban Ocon,838,1026,2020,Autodromo Nazionale di Monza,14,4,12,8
Daniil Kvyat,825,1026,2020,Autodromo Nazionale di Monza,14,210,11,9
Sergio Pérez,814,1026,2020,Autodromo Nazionale di Monza,14,209,4,10
Nicholas Latifi,848,1026,2020,Autodromo Nazionale di Monza,14,3,20,11
Romain Grosjean,154,1026,2020,Autodromo Nazionale di Monza,14,208,16,12
Kimi Räikkönen,8,1026,2020,Autodromo Nazionale di Monza,14,50,14,13
George Russell,846,1026,2020,Autodromo Nazionale di Monza,14,3,19,14
Alexander Albon,847,1026,2020,Autodromo Nazionale di Monza,14,9,9,15
Antonio Giovinazzi,840,1026,2020,Autodromo Nazionale di Monza,14,50,18,16
Lewis Hamilton,1,1027,2020,Autodromo Internazionale del Mugello,74,130,1,1
Valtteri Bottas,821,1027,2020,Autodromo Internazionale del Mugello,74,130,2,2
Alexander Albon,847,1027,2020,Autodromo Internazionale del Mugello,74,9,4,3
Daniel Ricciardo,816,1027,2020,Autodromo Internazionale del Mugello,74,4,8,4
Sergio Pérez,814,1027,2020,Autodromo Internazionale del Mugello,74,209,7,5
Lando Norris,845,1027,2020,Autodromo Internazionale del Mugello,74,1,11,6
Daniil Kvyat,825,1027,2020,Autodromo Internazionale del Mugello,74,210,12,7
Charles Leclerc,843,1027,2020,Autodromo Internazionale del Mugello,74,6,5,8
Kimi Räikkönen,8,1027,2020,Autodromo Internazionale del Mugello,74,50,13,9
Sebastian Vettel,20,1027,2020,Autodromo Internazionale del Mugello,74,6,14,10
George Russell,846,1027,2020,Autodromo Internazionale del Mugello,74,3,18,11
Romain Grosjean,154,1027,2020,Autodromo Internazionale del Mugello,74,208,15,12
Valtteri Bottas,821,1028,2020,Sochi Autodrom,71,130,3,1
Max Verstappen,829,1028,2020,Sochi Autodrom,71,9,2,2
Lewis Hamilton,1,1028,2020,Sochi Autodrom,71,130,1,3
Sergio Pérez,814,1028,2020,Sochi Autodrom,71,209,4,4
Daniel Ricciardo,816,1028,2020,Sochi Autodrom,71,4,5,5
Charles Leclerc,843,1028,2020,Sochi Autodrom,71,6,10,6
Esteban Ocon,838,1028,2020,Sochi Autodrom,71,4,7,7
Daniil Kvyat,825,1028,2020,Sochi Autodrom,71,210,11,8
Pierre Gasly,841,1028,2020,Sochi Autodrom,71,210,9,9
Alexander Albon,847,1028,2020,Sochi Autodrom,71,9,15,10
Antonio Giovinazzi,840,1028,2020,Sochi Autodrom,71,50,17,11
Kevin Magnussen,824,1028,2020,Sochi Autodrom,71,208,18,12
Sebastian Vettel,20,1028,2020,Sochi Autodrom,71,6,14,13
Kimi Räikkönen,8,1028,2020,Sochi Autodrom,71,50,19,14
Lando Norris,845,1028,2020,Sochi Autodrom,71,1,8,15
Nicholas Latifi,848,1028,2020,Sochi Autodrom,71,3,20,16
Romain Grosjean,154,1028,2020,Sochi Autodrom,71,208,16,17
George Russell,846,1028,2020,Sochi Autodrom,71,3,13,18
Lewis Hamilton,1,1029,2020,Nürburgring,20,130,2,1
Max Verstappen,829,1029,2020,Nürburgring,20,9,3,2
Daniel Ricciardo,816,1029,2020,Nürburgring,20,4,6,3
Sergio Pérez,814,1029,2020,Nürburgring,20,209,9,4
Carlos Sainz,831,1029,2020,Nürburgring,20,1,10,5
Pierre Gasly,841,1029,2020,Nürburgring,20,210,12,6
Charles Leclerc,843,1029,2020,Nürburgring,20,6,4,7
Nico Hülkenberg,807,1029,2020,Nürburgring,20,209,20,8
Romain Grosjean,154,1029,2020,Nürburgring,20,208,16,9
Antonio Giovinazzi,840,1029,2020,Nürburgring,20,50,14,10
Sebastian Vettel,20,1029,2020,Nürburgring,20,6,11,11
Kimi Räikkönen,8,1029,2020,Nürburgring,20,50,19,12
Kevin Magnussen,824,1029,2020,Nürburgring,20,208,15,13
Nicholas Latifi,848,1029,2020,Nürburgring,20,3,18,14
Daniil Kvyat,825,1029,2020,Nürburgring,20,210,13,15
Lewis Hamilton,1,1030,2020,Autódromo Internacional do Algarve,73,130,1,1
Valtteri Bottas,821,1030,2020,Autódromo Internacional do Algarve,73,130,2,2
Max Verstappen,829,1030,2020,Autódromo Internacional do Algarve,73,9,3,3
Charles Leclerc,843,1030,2020,Autódromo Internacional do Algarve,73,6,4,4
Pierre Gasly,841,1030,2020,Autódromo Internacional do Algarve,73,210,9,5
Carlos Sainz,831,1030,2020,Autódromo Internacional do Algarve,73,1,7,6
Sergio Pérez,814,1030,2020,Autódromo Internacional do Algarve,73,209,5,7
Esteban Ocon,838,1030,2020,Autódromo Internacional do Algarve,73,4,11,8
Daniel Ricciardo,816,1030,2020,Autódromo Internacional do Algarve,73,4,10,9
Sebastian Vettel,20,1030,2020,Autódromo Internacional do Algarve,73,6,15,10
Kimi Räikkönen,8,1030,2020,Autódromo Internacional do Algarve,73,50,16,11
Alexander Albon,847,1030,2020,Autódromo Internacional do Algarve,73,9,6,12
Lando Norris,845,1030,2020,Autódromo Internacional do Algarve,73,1,8,13
George Russell,846,1030,2020,Autódromo Internacional do Algarve,73,3,14,14
Antonio Giovinazzi,840,1030,2020,Autódromo Internacional do Algarve,73,50,17,15
Kevin Magnussen,824,1030,2020,Autódromo Internacional do Algarve,73,208,19,16
Romain Grosjean,154,1030,2020,Autódromo Internacional do Algarve,73,208,18,17
Nicholas Latifi,848,1030,2020,Autódromo Internacional do Algarve,73,3,20,18
Daniil Kvyat,825,1030,2020,Autódromo Internacional do Algarve,73,210,13,19
Lewis Hamilton,1,1031,2020,Autodromo Enzo e Dino Ferrari,21,130,2,1
Valtteri Bottas,821,1031,2020,Autodromo Enzo e Dino Ferrari,21,130,1,2
Daniel Ricciardo,816,1031,2020,Autodromo Enzo e Dino Ferrari,21,4,5,3
Daniil Kvyat,825,1031,2020,Autodromo Enzo e Dino Ferrari,21,210,8,4
Charles Leclerc,843,1031,2020,Autodromo Enzo e Dino Ferrari,21,6,7,5
Sergio Pérez,814,1031,2020,Autodromo Enzo e Dino Ferrari,21,209,11,6
Carlos Sainz,831,1031,2020,Autodromo Enzo e Dino Ferrari,21,1,10,7
Lando Norris,845,1031,2020,Autodromo Enzo e Dino Ferrari,21,1,9,8
Kimi Räikkönen,8,1031,2020,Autodromo Enzo e Dino Ferrari,21,50,18,9
Antonio Giovinazzi,840,1031,2020,Autodromo Enzo e Dino Ferrari,21,50,20,10
Nicholas Latifi,848,1031,2020,Autodromo Enzo e Dino Ferrari,21,3,19,11
Sebastian Vettel,20,1031,2020,Autodromo Enzo e Dino Ferrari,21,6,14,12
Lance Stroll,839,1031,2020,Autodromo Enzo e Dino Ferrari,21,209,15,13
Romain Grosjean,154,1031,2020,Autodromo Enzo e Dino Ferrari,21,208,16,14
Alexander Albon,847,1031,2020,Autodromo Enzo e Dino Ferrari,21,9,6,15
Lewis Hamilton,1,1032,2020,Istanbul Park,5,130,6,1
Sergio Pérez,814,1032,2020,Istanbul Park,5,209,3,2
Sebastian Vettel,20,1032,2020,Istanbul Park,5,6,11,3
Charles Leclerc,843,1032,2020,Istanbul Park,5,6,12,4
Carlos Sainz,831,1032,2020,Istanbul Park,5,1,15,5
Max Verstappen,829,1032,2020,Istanbul Park,5,9,2,6
Alexander Albon,847,1032,2020,Istanbul Park,5,9,4,7
Lando Norris,845,1032,2020,Istanbul Park,5,1,14,8
Lance Stroll,839,1032,2020,Istanbul Park,5,209,1,9
Daniel Ricciardo,816,1032,2020,Istanbul Park,5,4,5,10
Esteban Ocon,838,1032,2020,Istanbul Park,5,4,7,11
Daniil Kvyat,825,1032,2020,Istanbul Park,5,210,16,12
Pierre Gasly,841,1032,2020,Istanbul Park,5,210,19,13
Valtteri Bottas,821,1032,2020,Istanbul Park,5,130,9,14
Kimi Räikkönen,8,1032,2020,Istanbul Park,5,50,8,15
George Russell,846,1032,2020,Istanbul Park,5,3,0,16
Kevin Magnussen,824,1032,2020,Istanbul Park,5,208,13,17
Lewis Hamilton,1,1033,2020,Bahrain International Circuit,3,130,1,1
Max Verstappen,829,1033,2020,Bahrain International Circuit,3,9,3,2
Alexander Albon,847,1033,2020,Bahrain International Circuit,3,9,4,3
Lando Norris,845,1033,2020,Bahrain International Circuit,3,1,9,4
Carlos Sainz,831,1033,2020,Bahrain International Circuit,3,1,15,5
Pierre Gasly,841,1033,2020,Bahrain International Circuit,3,210,8,6
Daniel Ricciardo,816,1033,2020,Bahrain International Circuit,3,4,6,7
Valtteri Bottas,821,1033,2020,Bahrain International Circuit,3,130,2,8
Esteban Ocon,838,1033,2020,Bahrain International Circuit,3,4,7,9
Charles Leclerc,843,1033,2020,Bahrain International Circuit,3,6,12,10
Daniil Kvyat,825,1033,2020,Bahrain International Circuit,3,210,10,11
George Russell,846,1033,2020,Bahrain International Circuit,3,3,14,12
Sebastian Vettel,20,1033,2020,Bahrain International Circuit,3,6,11,13
Nicholas Latifi,848,1033,2020,Bahrain International Circuit,3,3,20,14
Kimi Räikkönen,8,1033,2020,Bahrain International Circuit,3,50,17,15
Antonio Giovinazzi,840,1033,2020,Bahrain International Circuit,3,50,16,16
Kevin Magnussen,824,1033,2020,Bahrain International Circuit,3,208,18,17
Sergio Pérez,814,1033,2020,Bahrain International Circuit,3,209,5,18
Sergio Pérez,814,1034,2020,Bahrain International Circuit,3,209,5,1
Esteban Ocon,838,1034,2020,Bahrain International Circuit,3,4,11,2
Lance Stroll,839,1034,2020,Bahrain International Circuit,3,209,10,3
Carlos Sainz,831,1034,2020,Bahrain International Circuit,3,1,8,4
Daniel Ricciardo,816,1034,2020,Bahrain International Circuit,3,4,7,5
Alexander Albon,847,1034,2020,Bahrain International Circuit,3,9,12,6
Daniil Kvyat,825,1034,2020,Bahrain International Circuit,3,210,6,7
Valtteri Bottas,821,1034,2020,Bahrain International Circuit,3,130,1,8
George Russell,846,1034,2020,Bahrain International Circuit,3,130,2,9
Lando Norris,845,1034,2020,Bahrain International Circuit,3,1,19,10
Pierre Gasly,841,1034,2020,Bahrain International Circuit,3,210,9,11
Sebastian Vettel,20,1034,2020,Bahrain International Circuit,3,6,13,12
Antonio Giovinazzi,840,1034,2020,Bahrain International Circuit,3,50,14,13
Kimi Räikkönen,8,1034,2020,Bahrain International Circuit,3,50,18,14
Kevin Magnussen,824,1034,2020,Bahrain International Circuit,3,208,15,15
Jack Aitken,850,1034,2020,Bahrain International Circuit,3,3,17,16
Pietro Fittipaldi,849,1034,2020,Bahrain International Circuit,3,208,20,17
Max Verstappen,829,1035,2020,Yas Marina Circuit,24,9,1,1
Valtteri Bottas,821,1035,2020,Yas Marina Circuit,24,130,2,2
Lewis Hamilton,1,1035,2020,Yas Marina Circuit,24,130,3,3
Alexander Albon,847,1035,2020,Yas Marina Circuit,24,9,5,4
Lando Norris,845,1035,2020,Yas Marina Circuit,24,1,4,5
Carlos Sainz,831,1035,2020,Yas Marina Circuit,24,1,6,6
Daniel Ricciardo,816,1035,2020,Yas Marina Circuit,24,4,11,7
Pierre Gasly,841,1035,2020,Yas Marina Circuit,24,210,9,8
Esteban Ocon,838,1035,2020,Yas Marina Circuit,24,4,10,9
Lance Stroll,839,1035,2020,Yas Marina Circuit,24,209,8,10
Daniil Kvyat,825,1035,2020,Yas Marina Circuit,24,210,7,11
Kimi Räikkönen,8,1035,2020,Yas Marina Circuit,24,50,15,12
Charles Leclerc,843,1035,2020,Yas Marina Circuit,24,6,12,13
Sebastian Vettel,20,1035,2020,Yas Marina Circuit,24,6,13,14
George Russell,846,1035,2020,Yas Marina Circuit,24,3,16,15
Antonio Giovinazzi,840,1035,2020,Yas Marina Circuit,24,50,14,16
Nicholas Latifi,848,1035,2020,Yas Marina Circuit,24,3,18,17
Kevin Magnussen,824,1035,2020,Yas Marina Circuit,24,208,20,18
Pietro Fittipaldi,849,1035,2020,Yas Marina Circuit,24,208,17,19
Lewis Hamilton,1,1038,2021,Bahrain International Circuit,3,130,2,1
Max Verstappen,829,1038,2021,Bahrain International Circuit,3,9,1,2
Valtteri Bottas,821,1038,2021,Bahrain International Circuit,3,130,3,3
Lando Norris,845,1038,2021,Bahrain International Circuit,3,1,7,4
Sergio Pérez,814,1038,2021,Bahrain International Circuit,3,9,0,5
Charles Leclerc,843,1038,2021,Bahrain International Circuit,3,6,4,6
Daniel Ricciardo,816,1038,2021,Bahrain International Circuit,3,1,6,7
Carlos Sainz,831,1038,2021,Bahrain International Circuit,3,6,8,8
Yuki Tsunoda,851,1038,2021,Bahrain International Circuit,3,210,13,9
Lance Stroll,839,1038,2021,Bahrain International Circuit,3,116,10,10
Kimi Räikkönen,8,1038,2021,Bahrain International Circuit,3,50,14,11
Antonio Giovinazzi,840,1038,2021,Bahrain International Circuit,3,50,12,12
Esteban Ocon,838,1038,2021,Bahrain International Circuit,3,211,16,13
George Russell,846,1038,2021,Bahrain International Circuit,3,3,15,14
Sebastian Vettel,20,1038,2021,Bahrain International Circuit,3,116,20,15
Mick Schumacher,853,1038,2021,Bahrain International Circuit,3,208,18,16
Pierre Gasly,841,1038,2021,Bahrain International Circuit,3,210,5,17
Nicholas Latifi,848,1038,2021,Bahrain International Circuit,3,3,17,18
Max Verstappen,829,1036,2021,Autodromo Enzo e Dino Ferrari,21,9,3,1
Lewis Hamilton,1,1036,2021,Autodromo Enzo e Dino Ferrari,21,130,1,2
Lando Norris,845,1036,2021,Autodromo Enzo e Dino Ferrari,21,1,7,3
Charles Leclerc,843,1036,2021,Autodromo Enzo e Dino Ferrari,21,6,4,4
Carlos Sainz,831,1036,2021,Autodromo Enzo e Dino Ferrari,21,6,11,5
Daniel Ricciardo,816,1036,2021,Autodromo Enzo e Dino Ferrari,21,1,6,6
Pierre Gasly,841,1036,2021,Autodromo Enzo e Dino Ferrari,21,210,5,7
Lance Stroll,839,1036,2021,Autodromo Enzo e Dino Ferrari,21,116,10,8
Esteban Ocon,838,1036,2021,Autodromo Enzo e Dino Ferrari,21,211,9,9
Fernando Alonso,4,1036,2021,Autodromo Enzo e Dino Ferrari,21,211,15,10
Sergio Pérez,814,1036,2021,Autodromo Enzo e Dino Ferrari,21,9,2,11
Yuki Tsunoda,851,1036,2021,Autodromo Enzo e Dino Ferrari,21,210,20,12
Kimi Räikkönen,8,1036,2021,Autodromo Enzo e Dino Ferrari,21,50,16,13
Antonio Giovinazzi,840,1036,2021,Autodromo Enzo e Dino Ferrari,21,50,17,14
Sebastian Vettel,20,1036,2021,Autodromo Enzo e Dino Ferrari,21,116,0,15
Mick Schumacher,853,1036,2021,Autodromo Enzo e Dino Ferrari,21,208,18,16
Nikita Mazepin,852,1036,2021,Autodromo Enzo e Dino Ferrari,21,208,19,17
Lewis Hamilton,1,1040,2021,Autódromo Internacional do Algarve,73,130,2,1
Max Verstappen,829,1040,2021,Autódromo Internacional do Algarve,73,9,3,2
Valtteri Bottas,821,1040,2021,Autódromo Internacional do Algarve,73,130,1,3
Sergio Pérez,814,1040,2021,Autódromo Internacional do Algarve,73,9,4,4
Lando Norris,845,1040,2021,Autódromo Internacional do Algarve,73,1,7,5
Charles Leclerc,843,1040,2021,Autódromo Internacional do Algarve,73,6,8,6
Esteban Ocon,838,1040,2021,Autódromo Internacional do Algarve,73,211,6,7
Fernando Alonso,4,1040,2021,Autódromo Internacional do Algarve,73,211,13,8
Daniel Ricciardo,816,1040,2021,Autódromo Internacional do Algarve,73,1,16,9
Pierre Gasly,841,1040,2021,Autódromo Internacional do Algarve,73,210,9,10
Carlos Sainz,831,1040,2021,Autódromo Internacional do Algarve,73,6,5,11
Antonio Giovinazzi,840,1040,2021,Autódromo Internacional do Algarve,73,50,12,12
Sebastian Vettel,20,1040,2021,Autódromo Internacional do Algarve,73,116,10,13
Lance Stroll,839,1040,2021,Autódromo Internacional do Algarve,73,116,17,14
Yuki Tsunoda,851,1040,2021,Autódromo Internacional do Algarve,73,210,14,15
George Russell,846,1040,2021,Autódromo Internacional do Algarve,73,3,11,16
Mick Schumacher,853,1040,2021,Autódromo Internacional do Algarve,73,208,19,17
Nicholas Latifi,848,1040,2021,Autódromo Internacional do Algarve,73,3,18,18
Nikita Mazepin,852,1040,2021,Autódromo Internacional do Algarve,73,208,20,19
Lewis Hamilton,1,1041,2021,Circuit de Barcelona-Catalunya,4,130,1,1
Max Verstappen,829,1041,2021,Circuit de Barcelona-Catalunya,4,9,2,2
Valtteri Bottas,821,1041,2021,Circuit de Barcelona-Catalunya,4,130,3,3
Charles Leclerc,843,1041,2021,Circuit de Barcelona-Catalunya,4,6,4,4
Sergio Pérez,814,1041,2021,Circuit de Barcelona-Catalunya,4,9,8,5
Daniel Ricciardo,816,1041,2021,Circuit de Barcelona-Catalunya,4,1,7,6
Carlos Sainz,831,1041,2021,Circuit de Barcelona-Catalunya,4,6,6,7
Lando Norris,845,1041,2021,Circuit de Barcelona-Catalunya,4,1,9,8
Esteban Ocon,838,1041,2021,Circuit de Barcelona-Catalunya,4,211,5,9
Pierre Gasly,841,1041,2021,Circuit de Barcelona-Catalunya,4,210,12,10
Lance Stroll,839,1041,2021,Circuit de Barcelona-Catalunya,4,116,11,11
Kimi Räikkönen,8,1041,2021,Circuit de Barcelona-Catalunya,4,50,17,12
Sebastian Vettel,20,1041,2021,Circuit de Barcelona-Catalunya,4,116,13,13
George Russell,846,1041,2021,Circuit de Barcelona-Catalunya,4,3,15,14
Antonio Giovinazzi,840,1041,2021,Circuit de Barcelona-Catalunya,4,50,14,15
Nicholas Latifi,848,1041,2021,Circuit de Barcelona-Catalunya,4,3,19,16
Fernando Alonso,4,1041,2021,Circuit de Barcelona-Catalunya,4,211,10,17
Mick Schumacher,853,1041,2021,Circuit de Barcelona-Catalunya,4,208,18,18
Nikita Mazepin,852,1041,2021,Circuit de Barcelona-Catalunya,4,208,20,19
Carlos Sainz,831,1042,2021,Circuit de Monaco,6,6,4,2
Max Verstappen,829,1042,2021,Circuit de Monaco,6,9,2,1
Lando Norris,845,1042,2021,Circuit de Monaco,6,1,5,3
Sergio Pérez,814,1042,2021,Circuit de Monaco,6,9,9,4
Sebastian Vettel,20,1042,2021,Circuit de Monaco,6,116,8,5
Pierre Gasly,841,1042,2021,Circuit de Monaco,6,210,6,6
Lewis Hamilton,1,1042,2021,Circuit de Monaco,6,130,7,7
Lance Stroll,839,1042,2021,Circuit de Monaco,6,116,13,8
Esteban Ocon,838,1042,2021,Circuit de Monaco,6,211,11,9
Antonio Giovinazzi,840,1042,2021,Circuit de Monaco,6,50,10,10
Kimi Räikkönen,8,1042,2021,Circuit de Monaco,6,50,14,11
Daniel Ricciardo,816,1042,2021,Circuit de Monaco,6,1,12,12
Fernando Alonso,4,1042,2021,Circuit de Monaco,6,211,17,13
George Russell,846,1042,2021,Circuit de Monaco,6,3,15,14
Nicholas Latifi,848,1042,2021,Circuit de Monaco,6,3,18,15
Yuki Tsunoda,851,1042,2021,Circuit de Monaco,6,210,16,16
Nikita Mazepin,852,1042,2021,Circuit de Monaco,6,208,19,17
Mick Schumacher,853,1042,2021,Circuit de Monaco,6,208,20,18
Sergio Pérez,814,1043,2021,Baku City Circuit,72,9,6,1
Sebastian Vettel,20,1043,2021,Baku City Circuit,72,116,11,2
Pierre Gasly,841,1043,2021,Baku City Circuit,72,210,4,3
Charles Leclerc,843,1043,2021,Baku City Circuit,72,6,1,4
Lando Norris,845,1043,2021,Baku City Circuit,72,1,9,5
Fernando Alonso,4,1043,2021,Baku City Circuit,72,211,8,6
Yuki Tsunoda,851,1043,2021,Baku City Circuit,72,210,7,7
Carlos Sainz,831,1043,2021,Baku City Circuit,72,6,5,8
Daniel Ricciardo,816,1043,2021,Baku City Circuit,72,1,13,9
Kimi Räikkönen,8,1043,2021,Baku City Circuit,72,50,14,10
Antonio Giovinazzi,840,1043,2021,Baku City Circuit,72,50,20,11
Valtteri Bottas,821,1043,2021,Baku City Circuit,72,130,10,12
Mick Schumacher,853,1043,2021,Baku City Circuit,72,208,17,13
Nikita Mazepin,852,1043,2021,Baku City Circuit,72,208,18,14
Lewis Hamilton,1,1043,2021,Baku City Circuit,72,130,2,15
Nicholas Latifi,848,1043,2021,Baku City Circuit,72,3,16,16
Max Verstappen,829,1045,2021,Circuit Paul Ricard,34,9,1,1
Lewis Hamilton,1,1045,2021,Circuit Paul Ricard,34,130,2,2
Sergio Pérez,814,1045,2021,Circuit Paul Ricard,34,9,4,3
Valtteri Bottas,821,1045,2021,Circuit Paul Ricard,34,130,3,4
Lando Norris,845,1045,2021,Circuit Paul Ricard,34,1,8,5
Daniel Ricciardo,816,1045,2021,Circuit Paul Ricard,34,1,10,6
Pierre Gasly,841,1045,2021,Circuit Paul Ricard,34,210,6,7
Fernando Alonso,4,1045,2021,Circuit Paul Ricard,34,211,9,8
Sebastian Vettel,20,1045,2021,Circuit Paul Ricard,34,116,12,9
Lance Stroll,839,1045,2021,Circuit Paul Ricard,34,116,19,10
Carlos Sainz,831,1045,2021,Circuit Paul Ricard,34,6,5,11
George Russell,846,1045,2021,Circuit Paul Ricard,34,3,14,12
Yuki Tsunoda,851,1045,2021,Circuit Paul Ricard,34,210,0,13
Esteban Ocon,838,1045,2021,Circuit Paul Ricard,34,211,11,14
Antonio Giovinazzi,840,1045,2021,Circuit Paul Ricard,34,50,13,15
Charles Leclerc,843,1045,2021,Circuit Paul Ricard,34,6,7,16
Kimi Räikkönen,8,1045,2021,Circuit Paul Ricard,34,50,17,17
Nicholas Latifi,848,1045,2021,Circuit Paul Ricard,34,3,16,18
Mick Schumacher,853,1045,2021,Circuit Paul Ricard,34,208,15,19
Nikita Mazepin,852,1045,2021,Circuit Paul Ricard,34,208,18,20
Max Verstappen,829,1044,2021,Red Bull Ring,70,9,1,1
Lewis Hamilton,1,1044,2021,Red Bull Ring,70,130,2,2
Valtteri Bottas,821,1044,2021,Red Bull Ring,70,130,5,3
Sergio Pérez,814,1044,2021,Red Bull Ring,70,9,4,4
Lando Norris,845,1044,2021,Red Bull Ring,70,1,3,5
Carlos Sainz,831,1044,2021,Red Bull Ring,70,6,12,6
Charles Leclerc,843,1044,2021,Red Bull Ring,70,6,7,7
Lance Stroll,839,1044,2021,Red Bull Ring,70,116,9,8
Fernando Alonso,4,1044,2021,Red Bull Ring,70,211,8,9
Yuki Tsunoda,851,1044,2021,Red Bull Ring,70,210,11,10
Kimi Räikkönen,8,1044,2021,Red Bull Ring,70,50,18,11
Sebastian Vettel,20,1044,2021,Red Bull Ring,70,116,14,12
Daniel Ricciardo,816,1044,2021,Red Bull Ring,70,1,13,13
Esteban Ocon,838,1044,2021,Red Bull Ring,70,211,17,14
Antonio Giovinazzi,840,1044,2021,Red Bull Ring,70,50,15,15
Mick Schumacher,853,1044,2021,Red Bull Ring,70,208,19,16
Nicholas Latifi,848,1044,2021,Red Bull Ring,70,3,16,17
Nikita Mazepin,852,1044,2021,Red Bull Ring,70,208,20,18
Max Verstappen,829,1046,2021,Red Bull Ring,70,9,1,1
Valtteri Bottas,821,1046,2021,Red Bull Ring,70,130,5,2
Lando Norris,845,1046,2021,Red Bull Ring,70,1,2,3
Lewis Hamilton,1,1046,2021,Red Bull Ring,70,130,4,4
Carlos Sainz,831,1046,2021,Red Bull Ring,70,6,10,5
Sergio Pérez,814,1046,2021,Red Bull Ring,70,9,3,6
Daniel Ricciardo,816,1046,2021,Red Bull Ring,70,1,13,7
Charles Leclerc,843,1046,2021,Red Bull Ring,70,6,12,8
Pierre Gasly,841,1046,2021,Red Bull Ring,70,210,6,9
Fernando Alonso,4,1046,2021,Red Bull Ring,70,211,14,10
George Russell,846,1046,2021,Red Bull Ring,70,3,8,11
Yuki Tsunoda,851,1046,2021,Red Bull Ring,70,210,7,12
Lance Stroll,839,1046,2021,Red Bull Ring,70,116,9,13
Antonio Giovinazzi,840,1046,2021,Red Bull Ring,70,50,15,14
Kimi Räikkönen,8,1046,2021,Red Bull Ring,70,50,16,15
Nicholas Latifi,848,1046,2021,Red Bull Ring,70,3,18,16
Sebastian Vettel,20,1046,2021,Red Bull Ring,70,116,11,17
Mick Schumacher,853,1046,2021,Red Bull Ring,70,208,19,18
Nikita Mazepin,852,1046,2021,Red Bull Ring,70,208,20,19
Lewis Hamilton,1,1047,2021,Silverstone Circuit,9,130,2,1
Charles Leclerc,843,1047,2021,Silverstone Circuit,9,6,4,2
Valtteri Bottas,821,1047,2021,Silverstone Circuit,9,130,3,3
Lando Norris,845,1047,2021,Silverstone Circuit,9,1,5,4
Daniel Ricciardo,816,1047,2021,Silverstone Circuit,9,1,6,5
Carlos Sainz,831,1047,2021,Silverstone Circuit,9,6,10,6
Fernando Alonso,4,1047,2021,Silverstone Circuit,9,211,7,7
Lance Stroll,839,1047,2021,Silverstone Circuit,9,116,14,8
Esteban Ocon,838,1047,2021,Silverstone Circuit,9,211,9,9
Yuki Tsunoda,851,1047,2021,Silverstone Circuit,9,210,16,10
Pierre Gasly,841,1047,2021,Silverstone Circuit,9,210,11,11
George Russell,846,1047,2021,Silverstone Circuit,9,3,12,12
Antonio Giovinazzi,840,1047,2021,Silverstone Circuit,9,50,15,13
Nicholas Latifi,848,1047,2021,Silverstone Circuit,9,3,17,14
Kimi Räikkönen,8,1047,2021,Silverstone Circuit,9,50,13,15
Sergio Pérez,814,1047,2021,Silverstone Circuit,9,9,0,16
Nikita Mazepin,852,1047,2021,Silverstone Circuit,9,208,19,17
Mick Schumacher,853,1047,2021,Silverstone Circuit,9,208,18,18
Esteban Ocon,838,1048,2021,Hungaroring,11,211,8,1
Lewis Hamilton,1,1048,2021,Hungaroring,11,130,1,2
Carlos Sainz,831,1048,2021,Hungaroring,11,6,15,3
Fernando Alonso,4,1048,2021,Hungaroring,11,211,9,4
Pierre Gasly,841,1048,2021,Hungaroring,11,210,5,5
Yuki Tsunoda,851,1048,2021,Hungaroring,11,210,16,6
Nicholas Latifi,848,1048,2021,Hungaroring,11,3,18,7
George Russell,846,1048,2021,Hungaroring,11,3,17,8
Max Verstappen,829,1048,2021,Hungaroring,11,9,3,9
Kimi Räikkönen,8,1048,2021,Hungaroring,11,50,13,10
Daniel Ricciardo,816,1048,2021,Hungaroring,11,1,11,11
Mick Schumacher,853,1048,2021,Hungaroring,11,208,20,12
Antonio Giovinazzi,840,1048,2021,Hungaroring,11,50,0,13
Max Verstappen,829,1049,2021,Circuit de Spa-Francorchamps,13,9,1,1
George Russell,846,1049,2021,Circuit de Spa-Francorchamps,13,3,2,2
Lewis Hamilton,1,1049,2021,Circuit de Spa-Francorchamps,13,130,3,3
Daniel Ricciardo,816,1049,2021,Circuit de Spa-Francorchamps,13,1,4,4
Sebastian Vettel,20,1049,2021,Circuit de Spa-Francorchamps,13,116,5,5
Pierre Gasly,841,1049,2021,Circuit de Spa-Francorchamps,13,210,6,6
Esteban Ocon,838,1049,2021,Circuit de Spa-Francorchamps,13,211,8,7
Charles Leclerc,843,1049,2021,Circuit de Spa-Francorchamps,13,6,9,8
Nicholas Latifi,848,1049,2021,Circuit de Spa-Francorchamps,13,3,10,9
Carlos Sainz,831,1049,2021,Circuit de Spa-Francorchamps,13,6,11,10
Fernando Alonso,4,1049,2021,Circuit de Spa-Francorchamps,13,211,12,11
Valtteri Bottas,821,1049,2021,Circuit de Spa-Francorchamps,13,130,13,12
Antonio Giovinazzi,840,1049,2021,Circuit de Spa-Francorchamps,13,50,14,13
Lando Norris,845,1049,2021,Circuit de Spa-Francorchamps,13,1,15,14
Yuki Tsunoda,851,1049,2021,Circuit de Spa-Francorchamps,13,210,16,15
Mick Schumacher,853,1049,2021,Circuit de Spa-Francorchamps,13,208,17,16
Nikita Mazepin,852,1049,2021,Circuit de Spa-Francorchamps,13,208,18,17
Kimi Räikkönen,8,1049,2021,Circuit de Spa-Francorchamps,13,50,0,18
Sergio Pérez,814,1049,2021,Circuit de Spa-Francorchamps,13,9,0,19
Lance Stroll,839,1049,2021,Circuit de Spa-Francorchamps,13,116,19,20
Max Verstappen,829,1050,2021,Circuit Park Zandvoort,39,9,1,1
Lewis Hamilton,1,1050,2021,Circuit Park Zandvoort,39,130,2,2
Valtteri Bottas,821,1050,2021,Circuit Park Zandvoort,39,130,3,3
Pierre Gasly,841,1050,2021,Circuit Park Zandvoort,39,210,4,4
Charles Leclerc,843,1050,2021,Circuit Park Zandvoort,39,6,5,5
Fernando Alonso,4,1050,2021,Circuit Park Zandvoort,39,211,9,6
Carlos Sainz,831,1050,2021,Circuit Park Zandvoort,39,6,6,7
Sergio Pérez,814,1050,2021,Circuit Park Zandvoort,39,9,0,8
Esteban Ocon,838,1050,2021,Circuit Park Zandvoort,39,211,8,9
Lando Norris,845,1050,2021,Circuit Park Zandvoort,39,1,13,10
Daniel Ricciardo,816,1050,2021,Circuit Park Zandvoort,39,1,10,11
Lance Stroll,839,1050,2021,Circuit Park Zandvoort,39,116,12,12
Sebastian Vettel,20,1050,2021,Circuit Park Zandvoort,39,116,15,13
Antonio Giovinazzi,840,1050,2021,Circuit Park Zandvoort,39,50,7,14
Robert Kubica,9,1050,2021,Circuit Park Zandvoort,39,50,16,15
Nicholas Latifi,848,1050,2021,Circuit Park Zandvoort,39,3,0,16
George Russell,846,1050,2021,Circuit Park Zandvoort,39,3,11,17
Mick Schumacher,853,1050,2021,Circuit Park Zandvoort,39,208,17,18
Daniel Ricciardo,816,1051,2021,Autodromo Nazionale di Monza,14,1,2,1
Lando Norris,845,1051,2021,Autodromo Nazionale di Monza,14,1,3,2
Valtteri Bottas,821,1051,2021,Autodromo Nazionale di Monza,14,130,19,3
Charles Leclerc,843,1051,2021,Autodromo Nazionale di Monza,14,6,5,4
Sergio Pérez,814,1051,2021,Autodromo Nazionale di Monza,14,9,8,5
Carlos Sainz,831,1051,2021,Autodromo Nazionale di Monza,14,6,6,6
Lance Stroll,839,1051,2021,Autodromo Nazionale di Monza,14,116,9,7
Fernando Alonso,4,1051,2021,Autodromo Nazionale di Monza,14,211,10,8
George Russell,846,1051,2021,Autodromo Nazionale di Monza,14,3,14,9
Esteban Ocon,838,1051,2021,Autodromo Nazionale di Monza,14,211,12,10
Nicholas Latifi,848,1051,2021,Autodromo Nazionale di Monza,14,3,13,11
Sebastian Vettel,20,1051,2021,Autodromo Nazionale di Monza,14,116,11,12
Antonio Giovinazzi,840,1051,2021,Autodromo Nazionale di Monza,14,50,7,13
Robert Kubica,9,1051,2021,Autodromo Nazionale di Monza,14,50,17,14
Mick Schumacher,853,1051,2021,Autodromo Nazionale di Monza,14,208,18,15
Lewis Hamilton,1,1052,2021,Sochi Autodrom,71,130,4,1
Max Verstappen,829,1052,2021,Sochi Autodrom,71,9,20,2
Carlos Sainz,831,1052,2021,Sochi Autodrom,71,6,2,3
Daniel Ricciardo,816,1052,2021,Sochi Autodrom,71,1,5,4
Valtteri Bottas,821,1052,2021,Sochi Autodrom,71,130,16,5
Fernando Alonso,4,1052,2021,Sochi Autodrom,71,211,6,6
Lando Norris,845,1052,2021,Sochi Autodrom,71,1,1,7
Kimi Räikkönen,8,1052,2021,Sochi Autodrom,71,50,13,8
Sergio Pérez,814,1052,2021,Sochi Autodrom,71,9,8,9
George Russell,846,1052,2021,Sochi Autodrom,71,3,3,10
Lance Stroll,839,1052,2021,Sochi Autodrom,71,116,7,11
Sebastian Vettel,20,1052,2021,Sochi Autodrom,71,116,10,12
Pierre Gasly,841,1052,2021,Sochi Autodrom,71,210,11,13
Esteban Ocon,838,1052,2021,Sochi Autodrom,71,211,9,14
Charles Leclerc,843,1052,2021,Sochi Autodrom,71,6,19,15
Antonio Giovinazzi,840,1052,2021,Sochi Autodrom,71,50,17,16
Yuki Tsunoda,851,1052,2021,Sochi Autodrom,71,210,12,17
Nikita Mazepin,852,1052,2021,Sochi Autodrom,71,208,15,18
Nicholas Latifi,848,1052,2021,Sochi Autodrom,71,3,18,19
Valtteri Bottas,821,1053,2021,Istanbul Park,5,130,1,1
Max Verstappen,829,1053,2021,Istanbul Park,5,9,2,2
Sergio Pérez,814,1053,2021,Istanbul Park,5,9,6,3
Charles Leclerc,843,1053,2021,Istanbul Park,5,6,3,4
Lewis Hamilton,1,1053,2021,Istanbul Park,5,130,11,5
Pierre Gasly,841,1053,2021,Istanbul Park,5,210,4,6
Lando Norris,845,1053,2021,Istanbul Park,5,1,7,7
Carlos Sainz,831,1053,2021,Istanbul Park,5,6,19,8
Lance Stroll,839,1053,2021,Istanbul Park,5,116,8,9
Esteban Ocon,838,1053,2021,Istanbul Park,5,211,12,10
Antonio Giovinazzi,840,1053,2021,Istanbul Park,5,50,16,11
Kimi Räikkönen,8,1053,2021,Istanbul Park,5,50,17,12
Daniel Ricciardo,816,1053,2021,Istanbul Park,5,1,20,13
Yuki Tsunoda,851,1053,2021,Istanbul Park,5,210,9,14
George Russell,846,1053,2021,Istanbul Park,5,3,13,15
Fernando Alonso,4,1053,2021,Istanbul Park,5,211,5,16
Nicholas Latifi,848,1053,2021,Istanbul Park,5,3,15,17
Sebastian Vettel,20,1053,2021,Istanbul Park,5,116,10,18
Mick Schumacher,853,1053,2021,Istanbul Park,5,208,14,19
Nikita Mazepin,852,1053,2021,Istanbul Park,5,208,18,20
Max Verstappen,829,1054,2021,Circuit of the Americas,69,9,1,1
Lewis Hamilton,1,1054,2021,Circuit of the Americas,69,130,2,2
Sergio Pérez,814,1054,2021,Circuit of the Americas,69,9,3,3
Charles Leclerc,843,1054,2021,Circuit of the Americas,69,6,4,4
Daniel Ricciardo,816,1054,2021,Circuit of the Americas,69,1,6,5
Valtteri Bottas,821,1054,2021,Circuit of the Americas,69,130,9,6
Carlos Sainz,831,1054,2021,Circuit of the Americas,69,6,5,7
Lando Norris,845,1054,2021,Circuit of the Americas,69,1,7,8
Yuki Tsunoda,851,1054,2021,Circuit of the Americas,69,210,10,9
Sebastian Vettel,20,1054,2021,Circuit of the Americas,69,116,18,10
Antonio Giovinazzi,840,1054,2021,Circuit of the Americas,69,50,12,11
Lance Stroll,839,1054,2021,Circuit of the Americas,69,116,13,12
Kimi Räikkönen,8,1054,2021,Circuit of the Americas,69,50,15,13
George Russell,846,1054,2021,Circuit of the Americas,69,3,20,14
Nicholas Latifi,848,1054,2021,Circuit of the Americas,69,3,14,15
Mick Schumacher,853,1054,2021,Circuit of the Americas,69,208,16,16
Nikita Mazepin,852,1054,2021,Circuit of the Americas,69,208,17,17
Max Verstappen,829,1055,2021,Autódromo Hermanos Rodríguez,32,9,3,1
Lewis Hamilton,1,1055,2021,Autódromo Hermanos Rodríguez,32,130,2,2
Sergio Pérez,814,1055,2021,Autódromo Hermanos Rodríguez,32,9,4,3
Pierre Gasly,841,1055,2021,Autódromo Hermanos Rodríguez,32,210,5,4
Charles Leclerc,843,1055,2021,Autódromo Hermanos Rodríguez,32,6,8,5
Carlos Sainz,831,1055,2021,Autódromo Hermanos Rodríguez,32,6,6,6
Sebastian Vettel,20,1055,2021,Autódromo Hermanos Rodríguez,32,116,9,7
Kimi Räikkönen,8,1055,2021,Autódromo Hermanos Rodríguez,32,50,10,8
Fernando Alonso,4,1055,2021,Autódromo Hermanos Rodríguez,32,211,12,9
Lando Norris,845,1055,2021,Autódromo Hermanos Rodríguez,32,1,18,10
Antonio Giovinazzi,840,1055,2021,Autódromo Hermanos Rodríguez,32,50,11,11
Daniel Ricciardo,816,1055,2021,Autódromo Hermanos Rodríguez,32,1,7,12
Esteban Ocon,838,1055,2021,Autódromo Hermanos Rodríguez,32,211,19,13
Lance Stroll,839,1055,2021,Autódromo Hermanos Rodríguez,32,116,20,14
Valtteri Bottas,821,1055,2021,Autódromo Hermanos Rodríguez,32,130,1,15
George Russell,846,1055,2021,Autódromo Hermanos Rodríguez,32,3,16,16
Nicholas Latifi,848,1055,2021,Autódromo Hermanos Rodríguez,32,3,13,17
Nikita Mazepin,852,1055,2021,Autódromo Hermanos Rodríguez,32,208,15,18
Lewis Hamilton,1,1056,2021,Autódromo José Carlos Pace,18,130,10,1
Max Verstappen,829,1056,2021,Autódromo José Carlos Pace,18,9,2,2
Valtteri Bottas,821,1056,2021,Autódromo José Carlos Pace,18,130,1,3
Sergio Pérez,814,1056,2021,Autódromo José Carlos Pace,18,9,4,4
Charles Leclerc,843,1056,2021,Autódromo José Carlos Pace,18,6,6,5
Carlos Sainz,831,1056,2021,Autódromo José Carlos Pace,18,6,3,6
Pierre Gasly,841,1056,2021,Autódromo José Carlos Pace,18,210,7,7
Esteban Ocon,838,1056,2021,Autódromo José Carlos Pace,18,211,8,8
Fernando Alonso,4,1056,2021,Autódromo José Carlos Pace,18,211,12,9
Lando Norris,845,1056,2021,Autódromo José Carlos Pace,18,1,5,10
Sebastian Vettel,20,1056,2021,Autódromo José Carlos Pace,18,116,9,11
Kimi Räikkönen,8,1056,2021,Autódromo José Carlos Pace,18,50,0,12
George Russell,846,1056,2021,Autódromo José Carlos Pace,18,3,17,13
Antonio Giovinazzi,840,1056,2021,Autódromo José Carlos Pace,18,50,13,14
Yuki Tsunoda,851,1056,2021,Autódromo José Carlos Pace,18,210,15,15
Nicholas Latifi,848,1056,2021,Autódromo José Carlos Pace,18,3,16,16
Nikita Mazepin,852,1056,2021,Autódromo José Carlos Pace,18,208,19,17
Mick Schumacher,853,1056,2021,Autódromo José Carlos Pace,18,208,18,18
Lewis Hamilton,1,1039,2021,Losail International Circuit,76,130,1,1
Max Verstappen,829,1039,2021,Losail International Circuit,76,9,7,2
Fernando Alonso,4,1039,2021,Losail International Circuit,76,211,3,3
Sergio Pérez,814,1039,2021,Losail International Circuit,76,9,11,4
Esteban Ocon,838,1039,2021,Losail International Circuit,76,211,9,5
Lance Stroll,839,1039,2021,Losail International Circuit,76,116,12,6
Carlos Sainz,831,1039,2021,Losail International Circuit,76,6,5,7
Charles Leclerc,843,1039,2021,Losail International Circuit,76,6,13,8
Lando Norris,845,1039,2021,Losail International Circuit,76,1,4,9
Sebastian Vettel,20,1039,2021,Losail International Circuit,76,116,10,10
Pierre Gasly,841,1039,2021,Losail International Circuit,76,210,2,11
Daniel Ricciardo,816,1039,2021,Losail International Circuit,76,1,14,12
Yuki Tsunoda,851,1039,2021,Losail International Circuit,76,210,8,13
Kimi Räikkönen,8,1039,2021,Losail International Circuit,76,50,16,14
Antonio Giovinazzi,840,1039,2021,Losail International Circuit,76,50,18,15
Mick Schumacher,853,1039,2021,Losail International Circuit,76,208,19,16
George Russell,846,1039,2021,Losail International Circuit,76,3,15,17
Nikita Mazepin,852,1039,2021,Losail International Circuit,76,208,20,18
Lewis Hamilton,1,1057,2021,Jeddah Corniche Circuit,75,130,1,1
Max Verstappen,829,1057,2021,Jeddah Corniche Circuit,75,9,3,2
Valtteri Bottas,821,1057,2021,Jeddah Corniche Circuit,75,130,2,3
Esteban Ocon,838,1057,2021,Jeddah Corniche Circuit,75,211,9,4
Daniel Ricciardo,816,1057,2021,Jeddah Corniche Circuit,75,1,11,5
Pierre Gasly,841,1057,2021,Jeddah Corniche Circuit,75,210,6,6
Charles Leclerc,843,1057,2021,Jeddah Corniche Circuit,75,6,4,7
Carlos Sainz,831,1057,2021,Jeddah Corniche Circuit,75,6,15,8
Antonio Giovinazzi,840,1057,2021,Jeddah Corniche Circuit,75,50,10,9
Lando Norris,845,1057,2021,Jeddah Corniche Circuit,75,1,7,10
Lance Stroll,839,1057,2021,Jeddah Corniche Circuit,75,116,18,11
Nicholas Latifi,848,1057,2021,Jeddah Corniche Circuit,75,3,16,12
Fernando Alonso,4,1057,2021,Jeddah Corniche Circuit,75,211,13,13
Yuki Tsunoda,851,1057,2021,Jeddah Corniche Circuit,75,210,8,14
Kimi Räikkönen,8,1057,2021,Jeddah Corniche Circuit,75,50,12,15
Max Verstappen,829,1058,2021,Yas Marina Circuit,24,9,1,1
Lewis Hamilton,1,1058,2021,Yas Marina Circuit,24,130,2,2
Carlos Sainz,831,1058,2021,Yas Marina Circuit,24,6,5,3
Yuki Tsunoda,851,1058,2021,Yas Marina Circuit,24,210,8,4
Pierre Gasly,841,1058,2021,Yas Marina Circuit,24,210,12,5
Valtteri Bottas,821,1058,2021,Yas Marina Circuit,24,130,6,6
Lando Norris,845,1058,2021,Yas Marina Circuit,24,1,3,7
Fernando Alonso,4,1058,2021,Yas Marina Circuit,24,211,11,8
Esteban Ocon,838,1058,2021,Yas Marina Circuit,24,211,9,9
Charles Leclerc,843,1058,2021,Yas Marina Circuit,24,6,7,10
Sebastian Vettel,20,1058,2021,Yas Marina Circuit,24,116,15,11
Daniel Ricciardo,816,1058,2021,Yas Marina Circuit,24,1,10,12
Lance Stroll,839,1058,2021,Yas Marina Circuit,24,116,13,13
Mick Schumacher,853,1058,2021,Yas Marina Circuit,24,208,19,14
Sergio Pérez,814,1058,2021,Yas Marina Circuit,24,9,4,15
Charles Leclerc,843,1037,2022,Bahrain International Circuit,3,6,1,1
Carlos Sainz,831,1037,2022,Bahrain International Circuit,3,6,3,2
Lewis Hamilton,1,1037,2022,Bahrain International Circuit,3,130,5,3
George Russell,846,1037,2022,Bahrain International Circuit,3,130,9,4
Kevin Magnussen,824,1037,2022,Bahrain International Circuit,3,208,7,5
Valtteri Bottas,821,1037,2022,Bahrain International Circuit,3,50,6,6
Esteban Ocon,838,1037,2022,Bahrain International Circuit,3,211,11,7
Yuki Tsunoda,851,1037,2022,Bahrain International Circuit,3,210,16,8
Fernando Alonso,4,1037,2022,Bahrain International Circuit,3,211,8,9
Guanyu Zhou,854,1037,2022,Bahrain International Circuit,3,50,15,10
Mick Schumacher,853,1037,2022,Bahrain International Circuit,3,208,12,11
Lance Stroll,839,1037,2022,Bahrain International Circuit,3,116,19,12
Alexander Albon,847,1037,2022,Bahrain International Circuit,3,3,14,13
Daniel Ricciardo,816,1037,2022,Bahrain International Circuit,3,1,18,14
Lando Norris,845,1037,2022,Bahrain International Circuit,3,1,13,15
Nicholas Latifi,848,1037,2022,Bahrain International Circuit,3,3,20,16
Nico Hülkenberg,807,1037,2022,Bahrain International Circuit,3,116,17,17
Sergio Pérez,814,1037,2022,Bahrain International Circuit,3,9,4,18
Max Verstappen,829,1037,2022,Bahrain International Circuit,3,9,2,19
Max Verstappen,829,1059,2022,Jeddah Corniche Circuit,75,9,4,1
Charles Leclerc,843,1059,2022,Jeddah Corniche Circuit,75,6,2,2
Carlos Sainz,831,1059,2022,Jeddah Corniche Circuit,75,6,3,3
Sergio Pérez,814,1059,2022,Jeddah Corniche Circuit,75,9,1,4
George Russell,846,1059,2022,Jeddah Corniche Circuit,75,130,6,5
Esteban Ocon,838,1059,2022,Jeddah Corniche Circuit,75,211,5,6
Lando Norris,845,1059,2022,Jeddah Corniche Circuit,75,1,11,7
Pierre Gasly,841,1059,2022,Jeddah Corniche Circuit,75,210,9,8
Kevin Magnussen,824,1059,2022,Jeddah Corniche Circuit,75,208,10,9
Lewis Hamilton,1,1059,2022,Jeddah Corniche Circuit,75,130,15,10
Guanyu Zhou,854,1059,2022,Jeddah Corniche Circuit,75,50,12,11
Nico Hülkenberg,807,1059,2022,Jeddah Corniche Circuit,75,116,17,12
Lance Stroll,839,1059,2022,Jeddah Corniche Circuit,75,116,13,13
Alexander Albon,847,1059,2022,Jeddah Corniche Circuit,75,3,16,14
Charles Leclerc,843,1060,2022,Albert Park Grand Prix Circuit,1,6,1,1
Sergio Pérez,814,1060,2022,Albert Park Grand Prix Circuit,1,9,3,2
George Russell,846,1060,2022,Albert Park Grand Prix Circuit,1,130,6,3
Lewis Hamilton,1,1060,2022,Albert Park Grand Prix Circuit,1,130,5,4
Lando Norris,845,1060,2022,Albert Park Grand Prix Circuit,1,1,4,5
Daniel Ricciardo,816,1060,2022,Albert Park Grand Prix Circuit,1,1,7,6
Esteban Ocon,838,1060,2022,Albert Park Grand Prix Circuit,1,211,8,7
Valtteri Bottas,821,1060,2022,Albert Park Grand Prix Circuit,1,50,12,8
Pierre Gasly,841,1060,2022,Albert Park Grand Prix Circuit,1,210,11,9
Alexander Albon,847,1060,2022,Albert Park Grand Prix Circuit,1,3,20,10
Guanyu Zhou,854,1060,2022,Albert Park Grand Prix Circuit,1,50,14,11
Lance Stroll,839,1060,2022,Albert Park Grand Prix Circuit,1,116,19,12
Mick Schumacher,853,1060,2022,Albert Park Grand Prix Circuit,1,208,15,13
Kevin Magnussen,824,1060,2022,Albert Park Grand Prix Circuit,1,208,16,14
Yuki Tsunoda,851,1060,2022,Albert Park Grand Prix Circuit,1,210,13,15
Nicholas Latifi,848,1060,2022,Albert Park Grand Prix Circuit,1,3,18,16
Fernando Alonso,4,1060,2022,Albert Park Grand Prix Circuit,1,211,10,17
Max Verstappen,829,1061,2022,Autodromo Enzo e Dino Ferrari,21,9,1,1
Sergio Pérez,814,1061,2022,Autodromo Enzo e Dino Ferrari,21,9,3,2
Lando Norris,845,1061,2022,Autodromo Enzo e Dino Ferrari,21,1,5,3
George Russell,846,1061,2022,Autodromo Enzo e Dino Ferrari,21,130,11,4
Valtteri Bottas,821,1061,2022,Autodromo Enzo e Dino Ferrari,21,50,7,5
Charles Leclerc,843,1061,2022,Autodromo Enzo e Dino Ferrari,21,6,2,6
Yuki Tsunoda,851,1061,2022,Autodromo Enzo e Dino Ferrari,21,210,12,7
Sebastian Vettel,20,1061,2022,Autodromo Enzo e Dino Ferrari,21,116,13,8
Kevin Magnussen,824,1061,2022,Autodromo Enzo e Dino Ferrari,21,208,8,9
Lance Stroll,839,1061,2022,Autodromo Enzo e Dino Ferrari,21,116,15,10
Alexander Albon,847,1061,2022,Autodromo Enzo e Dino Ferrari,21,3,18,11
Pierre Gasly,841,1061,2022,Autodromo Enzo e Dino Ferrari,21,210,17,12
Lewis Hamilton,1,1061,2022,Autodromo Enzo e Dino Ferrari,21,130,14,13
Esteban Ocon,838,1061,2022,Autodromo Enzo e Dino Ferrari,21,211,16,14
Guanyu Zhou,854,1061,2022,Autodromo Enzo e Dino Ferrari,21,50,0,15
Nicholas Latifi,848,1061,2022,Autodromo Enzo e Dino Ferrari,21,3,19,16
Mick Schumacher,853,1061,2022,Autodromo Enzo e Dino Ferrari,21,208,10,17
Daniel Ricciardo,816,1061,2022,Autodromo Enzo e Dino Ferrari,21,1,6,18
Max Verstappen,829,1062,2022,Miami International Autodrome,77,9,3,1
Charles Leclerc,843,1062,2022,Miami International Autodrome,77,6,1,2
Carlos Sainz,831,1062,2022,Miami International Autodrome,77,6,2,3
Sergio Pérez,814,1062,2022,Miami International Autodrome,77,9,4,4
George Russell,846,1062,2022,Miami International Autodrome,77,130,12,5
Lewis Hamilton,1,1062,2022,Miami International Autodrome,77,130,6,6
Valtteri Bottas,821,1062,2022,Miami International Autodrome,77,50,5,7
Esteban Ocon,838,1062,2022,Miami International Autodrome,77,211,20,8
Alexander Albon,847,1062,2022,Miami International Autodrome,77,3,18,9
Lance Stroll,839,1062,2022,Miami International Autodrome,77,116,0,10
Fernando Alonso,4,1062,2022,Miami International Autodrome,77,211,11,11
Yuki Tsunoda,851,1062,2022,Miami International Autodrome,77,210,9,12
Daniel Ricciardo,816,1062,2022,Miami International Autodrome,77,1,14,13
Nicholas Latifi,848,1062,2022,Miami International Autodrome,77,3,19,14
Mick Schumacher,853,1062,2022,Miami International Autodrome,77,208,15,15
Kevin Magnussen,824,1062,2022,Miami International Autodrome,77,208,16,16
Sebastian Vettel,20,1062,2022,Miami International Autodrome,77,116,0,17
Max Verstappen,829,1063,2022,Circuit de Barcelona-Catalunya,4,9,2,1
Sergio Pérez,814,1063,2022,Circuit de Barcelona-Catalunya,4,9,5,2
George Russell,846,1063,2022,Circuit de Barcelona-Catalunya,4,130,4,3
Carlos Sainz,831,1063,2022,Circuit de Barcelona-Catalunya,4,6,3,4
Lewis Hamilton,1,1063,2022,Circuit de Barcelona-Catalunya,4,130,6,5
Valtteri Bottas,821,1063,2022,Circuit de Barcelona-Catalunya,4,50,7,6
Esteban Ocon,838,1063,2022,Circuit de Barcelona-Catalunya,4,211,12,7
Lando Norris,845,1063,2022,Circuit de Barcelona-Catalunya,4,1,11,8
Fernando Alonso,4,1063,2022,Circuit de Barcelona-Catalunya,4,211,20,9
Yuki Tsunoda,851,1063,2022,Circuit de Barcelona-Catalunya,4,210,13,10
Sebastian Vettel,20,1063,2022,Circuit de Barcelona-Catalunya,4,116,16,11
Daniel Ricciardo,816,1063,2022,Circuit de Barcelona-Catalunya,4,1,9,12
Pierre Gasly,841,1063,2022,Circuit de Barcelona-Catalunya,4,210,14,13
Mick Schumacher,853,1063,2022,Circuit de Barcelona-Catalunya,4,208,10,14
Lance Stroll,839,1063,2022,Circuit de Barcelona-Catalunya,4,116,17,15
Nicholas Latifi,848,1063,2022,Circuit de Barcelona-Catalunya,4,3,19,16
Kevin Magnussen,824,1063,2022,Circuit de Barcelona-Catalunya,4,208,8,17
Alexander Albon,847,1063,2022,Circuit de Barcelona-Catalunya,4,3,18,18
Sergio Pérez,814,1064,2022,Circuit de Monaco,6,9,3,1
Carlos Sainz,831,1064,2022,Circuit de Monaco,6,6,2,2
Max Verstappen,829,1064,2022,Circuit de Monaco,6,9,4,3
Charles Leclerc,843,1064,2022,Circuit de Monaco,6,6,1,4
George Russell,846,1064,2022,Circuit de Monaco,6,130,6,5
Lando Norris,845,1064,2022,Circuit de Monaco,6,1,5,6
Fernando Alonso,4,1064,2022,Circuit de Monaco,6,211,7,7
Lewis Hamilton,1,1064,2022,Circuit de Monaco,6,130,8,8
Valtteri Bottas,821,1064,2022,Circuit de Monaco,6,50,12,9
Sebastian Vettel,20,1064,2022,Circuit de Monaco,6,116,9,10
Pierre Gasly,841,1064,2022,Circuit de Monaco,6,210,17,11
Esteban Ocon,838,1064,2022,Circuit de Monaco,6,211,10,12
Daniel Ricciardo,816,1064,2022,Circuit de Monaco,6,1,14,13
Lance Stroll,839,1064,2022,Circuit de Monaco,6,116,18,14
Nicholas Latifi,848,1064,2022,Circuit de Monaco,6,3,19,15
Guanyu Zhou,854,1064,2022,Circuit de Monaco,6,50,20,16
Yuki Tsunoda,851,1064,2022,Circuit de Monaco,6,210,11,17
Max Verstappen,829,1065,2022,Baku City Circuit,72,9,3,1
Sergio Pérez,814,1065,2022,Baku City Circuit,72,9,2,2
George Russell,846,1065,2022,Baku City Circuit,72,130,5,3
Lewis Hamilton,1,1065,2022,Baku City Circuit,72,130,7,4
Pierre Gasly,841,1065,2022,Baku City Circuit,72,210,6,5
Sebastian Vettel,20,1065,2022,Baku City Circuit,72,116,9,6
Fernando Alonso,4,1065,2022,Baku City Circuit,72,211,10,7
Daniel Ricciardo,816,1065,2022,Baku City Circuit,72,1,12,8
Lando Norris,845,1065,2022,Baku City Circuit,72,1,11,9
Esteban Ocon,838,1065,2022,Baku City Circuit,72,211,13,10
Valtteri Bottas,821,1065,2022,Baku City Circuit,72,50,15,11
Alexander Albon,847,1065,2022,Baku City Circuit,72,3,17,12
Yuki Tsunoda,851,1065,2022,Baku City Circuit,72,210,8,13
Mick Schumacher,853,1065,2022,Baku City Circuit,72,208,20,14
Nicholas Latifi,848,1065,2022,Baku City Circuit,72,3,18,15
Lance Stroll,839,1065,2022,Baku City Circuit,72,116,19,16
Max Verstappen,829,1066,2022,Circuit Gilles Villeneuve,7,9,1,1
Carlos Sainz,831,1066,2022,Circuit Gilles Villeneuve,7,6,3,2
Lewis Hamilton,1,1066,2022,Circuit Gilles Villeneuve,7,130,4,3
George Russell,846,1066,2022,Circuit Gilles Villeneuve,7,130,8,4
Charles Leclerc,843,1066,2022,Circuit Gilles Villeneuve,7,6,19,5
Esteban Ocon,838,1066,2022,Circuit Gilles Villeneuve,7,211,7,6
Valtteri Bottas,821,1066,2022,Circuit Gilles Villeneuve,7,50,11,7
Guanyu Zhou,854,1066,2022,Circuit Gilles Villeneuve,7,50,10,8
Fernando Alonso,4,1066,2022,Circuit Gilles Villeneuve,7,211,2,9
Lance Stroll,839,1066,2022,Circuit Gilles Villeneuve,7,116,17,10
Daniel Ricciardo,816,1066,2022,Circuit Gilles Villeneuve,7,1,9,11
Sebastian Vettel,20,1066,2022,Circuit Gilles Villeneuve,7,116,16,12
Alexander Albon,847,1066,2022,Circuit Gilles Villeneuve,7,3,12,13
Pierre Gasly,841,1066,2022,Circuit Gilles Villeneuve,7,210,15,14
Lando Norris,845,1066,2022,Circuit Gilles Villeneuve,7,1,14,15
Nicholas Latifi,848,1066,2022,Circuit Gilles Villeneuve,7,3,18,16
Kevin Magnussen,824,1066,2022,Circuit Gilles Villeneuve,7,208,5,17
Carlos Sainz,831,1067,2022,Silverstone Circuit,9,6,1,1
Sergio Pérez,814,1067,2022,Silverstone Circuit,9,9,4,2
Lewis Hamilton,1,1067,2022,Silverstone Circuit,9,130,5,3
Charles Leclerc,843,1067,2022,Silverstone Circuit,9,6,3,4
Fernando Alonso,4,1067,2022,Silverstone Circuit,9,211,7,5
Lando Norris,845,1067,2022,Silverstone Circuit,9,1,6,6
Max Verstappen,829,1067,2022,Silverstone Circuit,9,9,2,7
Mick Schumacher,853,1067,2022,Silverstone Circuit,9,208,19,8
Sebastian Vettel,20,1067,2022,Silverstone Circuit,9,116,18,9
Kevin Magnussen,824,1067,2022,Silverstone Circuit,9,208,17,10
Lance Stroll,839,1067,2022,Silverstone Circuit,9,116,20,11
Nicholas Latifi,848,1067,2022,Silverstone Circuit,9,3,10,12
Daniel Ricciardo,816,1067,2022,Silverstone Circuit,9,1,14,13
Yuki Tsunoda,851,1067,2022,Silverstone Circuit,9,210,13,14
Charles Leclerc,843,1068,2022,Red Bull Ring,70,6,2,1
Max Verstappen,829,1068,2022,Red Bull Ring,70,9,1,2
Lewis Hamilton,1,1068,2022,Red Bull Ring,70,130,8,3
George Russell,846,1068,2022,Red Bull Ring,70,130,4,4
Esteban Ocon,838,1068,2022,Red Bull Ring,70,211,6,5
Mick Schumacher,853,1068,2022,Red Bull Ring,70,208,9,6
Lando Norris,845,1068,2022,Red Bull Ring,70,1,10,7
Kevin Magnussen,824,1068,2022,Red Bull Ring,70,208,7,8
Daniel Ricciardo,816,1068,2022,Red Bull Ring,70,1,11,9
Fernando Alonso,4,1068,2022,Red Bull Ring,70,211,19,10
Valtteri Bottas,821,1068,2022,Red Bull Ring,70,50,0,11
Alexander Albon,847,1068,2022,Red Bull Ring,70,3,15,12
Lance Stroll,839,1068,2022,Red Bull Ring,70,116,12,13
Guanyu Zhou,854,1068,2022,Red Bull Ring,70,50,13,14
Pierre Gasly,841,1068,2022,Red Bull Ring,70,210,14,15
Yuki Tsunoda,851,1068,2022,Red Bull Ring,70,210,16,16
Sebastian Vettel,20,1068,2022,Red Bull Ring,70,116,18,17
Max Verstappen,829,1069,2022,Circuit Paul Ricard,34,9,2,1
Lewis Hamilton,1,1069,2022,Circuit Paul Ricard,34,130,4,2
George Russell,846,1069,2022,Circuit Paul Ricard,34,130,6,3
Sergio Pérez,814,1069,2022,Circuit Paul Ricard,34,9,3,4
Carlos Sainz,831,1069,2022,Circuit Paul Ricard,34,6,19,5
Fernando Alonso,4,1069,2022,Circuit Paul Ricard,34,211,7,6
Lando Norris,845,1069,2022,Circuit Paul Ricard,34,1,5,7
Esteban Ocon,838,1069,2022,Circuit Paul Ricard,34,211,10,8
Daniel Ricciardo,816,1069,2022,Circuit Paul Ricard,34,1,9,9
Lance Stroll,839,1069,2022,Circuit Paul Ricard,34,116,15,10
Sebastian Vettel,20,1069,2022,Circuit Paul Ricard,34,116,12,11
Pierre Gasly,841,1069,2022,Circuit Paul Ricard,34,210,14,12
Alexander Albon,847,1069,2022,Circuit Paul Ricard,34,3,13,13
Valtteri Bottas,821,1069,2022,Circuit Paul Ricard,34,50,11,14
Mick Schumacher,853,1069,2022,Circuit Paul Ricard,34,208,17,15
Guanyu Zhou,854,1069,2022,Circuit Paul Ricard,34,50,16,16
Max Verstappen,829,1070,2022,Hungaroring,11,9,10,1
Lewis Hamilton,1,1070,2022,Hungaroring,11,130,7,2
George Russell,846,1070,2022,Hungaroring,11,130,1,3
Carlos Sainz,831,1070,2022,Hungaroring,11,6,2,4
Sergio Pérez,814,1070,2022,Hungaroring,11,9,11,5
Charles Leclerc,843,1070,2022,Hungaroring,11,6,3,6
Lando Norris,845,1070,2022,Hungaroring,11,1,4,7
Fernando Alonso,4,1070,2022,Hungaroring,11,211,6,8
Esteban Ocon,838,1070,2022,Hungaroring,11,211,5,9
Sebastian Vettel,20,1070,2022,Hungaroring,11,116,18,10
Lance Stroll,839,1070,2022,Hungaroring,11,116,14,11
Pierre Gasly,841,1070,2022,Hungaroring,11,210,0,12
Guanyu Zhou,854,1070,2022,Hungaroring,11,50,12,13
Mick Schumacher,853,1070,2022,Hungaroring,11,208,15,14
Daniel Ricciardo,816,1070,2022,Hungaroring,11,1,9,15
Kevin Magnussen,824,1070,2022,Hungaroring,11,208,13,16
Alexander Albon,847,1070,2022,Hungaroring,11,3,17,17
Nicholas Latifi,848,1070,2022,Hungaroring,11,3,19,18
Yuki Tsunoda,851,1070,2022,Hungaroring,11,210,16,19
Valtteri Bottas,821,1070,2022,Hungaroring,11,50,8,20
Max Verstappen,829,1071,2022,Circuit de Spa-Francorchamps,13,9,14,1
Sergio Pérez,814,1071,2022,Circuit de Spa-Francorchamps,13,9,2,2
Carlos Sainz,831,1071,2022,Circuit de Spa-Francorchamps,13,6,1,3
George Russell,846,1071,2022,Circuit de Spa-Francorchamps,13,130,5,4
Fernando Alonso,4,1071,2022,Circuit de Spa-Francorchamps,13,211,3,5
Charles Leclerc,843,1071,2022,Circuit de Spa-Francorchamps,13,6,15,6
Esteban Ocon,838,1071,2022,Circuit de Spa-Francorchamps,13,211,16,7
Sebastian Vettel,20,1071,2022,Circuit de Spa-Francorchamps,13,116,10,8
Pierre Gasly,841,1071,2022,Circuit de Spa-Francorchamps,13,210,0,9
Alexander Albon,847,1071,2022,Circuit de Spa-Francorchamps,13,3,6,10
Lance Stroll,839,1071,2022,Circuit de Spa-Francorchamps,13,116,9,11
Lando Norris,845,1071,2022,Circuit de Spa-Francorchamps,13,1,17,12
Yuki Tsunoda,851,1071,2022,Circuit de Spa-Francorchamps,13,210,0,13
Guanyu Zhou,854,1071,2022,Circuit de Spa-Francorchamps,13,50,18,14
Daniel Ricciardo,816,1071,2022,Circuit de Spa-Francorchamps,13,1,7,15
Kevin Magnussen,824,1071,2022,Circuit de Spa-Francorchamps,13,208,12,16
Mick Schumacher,853,1071,2022,Circuit de Spa-Francorchamps,13,208,19,17
Nicholas Latifi,848,1071,2022,Circuit de Spa-Francorchamps,13,3,11,18
Max Verstappen,829,1072,2022,Circuit Park Zandvoort,39,9,1,1
George Russell,846,1072,2022,Circuit Park Zandvoort,39,130,6,2
Charles Leclerc,843,1072,2022,Circuit Park Zandvoort,39,6,2,3
Lewis Hamilton,1,1072,2022,Circuit Park Zandvoort,39,130,4,4
Sergio Pérez,814,1072,2022,Circuit Park Zandvoort,39,9,5,5
Fernando Alonso,4,1072,2022,Circuit Park Zandvoort,39,211,13,6
Lando Norris,845,1072,2022,Circuit Park Zandvoort,39,1,7,7
Carlos Sainz,831,1072,2022,Circuit Park Zandvoort,39,6,3,8
Esteban Ocon,838,1072,2022,Circuit Park Zandvoort,39,211,12,9
Lance Stroll,839,1072,2022,Circuit Park Zandvoort,39,116,10,10
Pierre Gasly,841,1072,2022,Circuit Park Zandvoort,39,210,11,11
Alexander Albon,847,1072,2022,Circuit Park Zandvoort,39,3,15,12
Mick Schumacher,853,1072,2022,Circuit Park Zandvoort,39,208,8,13
Sebastian Vettel,20,1072,2022,Circuit Park Zandvoort,39,116,19,14
Kevin Magnussen,824,1072,2022,Circuit Park Zandvoort,39,208,18,15
Guanyu Zhou,854,1072,2022,Circuit Park Zandvoort,39,50,14,16
Daniel Ricciardo,816,1072,2022,Circuit Park Zandvoort,39,1,17,17
Nicholas Latifi,848,1072,2022,Circuit Park Zandvoort,39,3,20,18
Max Verstappen,829,1073,2022,Autodromo Nazionale di Monza,14,9,7,1
Charles Leclerc,843,1073,2022,Autodromo Nazionale di Monza,14,6,1,2
George Russell,846,1073,2022,Autodromo Nazionale di Monza,14,130,2,3
Carlos Sainz,831,1073,2022,Autodromo Nazionale di Monza,14,6,18,4
Lewis Hamilton,1,1073,2022,Autodromo Nazionale di Monza,14,130,19,5
Sergio Pérez,814,1073,2022,Autodromo Nazionale di Monza,14,9,13,6
Lando Norris,845,1073,2022,Autodromo Nazionale di Monza,14,1,3,7
Pierre Gasly,841,1073,2022,Autodromo Nazionale di Monza,14,210,5,8
Nyck de Vries,855,1073,2022,Autodromo Nazionale di Monza,14,3,8,9
Guanyu Zhou,854,1073,2022,Autodromo Nazionale di Monza,14,50,9,10
Esteban Ocon,838,1073,2022,Autodromo Nazionale di Monza,14,211,14,11
Mick Schumacher,853,1073,2022,Autodromo Nazionale di Monza,14,208,17,12
Valtteri Bottas,821,1073,2022,Autodromo Nazionale di Monza,14,50,15,13
Yuki Tsunoda,851,1073,2022,Autodromo Nazionale di Monza,14,210,20,14
Nicholas Latifi,848,1073,2022,Autodromo Nazionale di Monza,14,3,10,15
Kevin Magnussen,824,1073,2022,Autodromo Nazionale di Monza,14,208,16,16
Sergio Pérez,814,1074,2022,Marina Bay Street Circuit,15,9,2,1
Charles Leclerc,843,1074,2022,Marina Bay Street Circuit,15,6,1,2
Carlos Sainz,831,1074,2022,Marina Bay Street Circuit,15,6,4,3
Lando Norris,845,1074,2022,Marina Bay Street Circuit,15,1,6,4
Daniel Ricciardo,816,1074,2022,Marina Bay Street Circuit,15,1,16,5
Lance Stroll,839,1074,2022,Marina Bay Street Circuit,15,116,11,6
Max Verstappen,829,1074,2022,Marina Bay Street Circuit,15,9,8,7
Sebastian Vettel,20,1074,2022,Marina Bay Street Circuit,15,116,13,8
Lewis Hamilton,1,1074,2022,Marina Bay Street Circuit,15,130,3,9
Pierre Gasly,841,1074,2022,Marina Bay Street Circuit,15,210,7,10
Valtteri Bottas,821,1074,2022,Marina Bay Street Circuit,15,50,15,11
Kevin Magnussen,824,1074,2022,Marina Bay Street Circuit,15,208,9,12
Mick Schumacher,853,1074,2022,Marina Bay Street Circuit,15,208,12,13
George Russell,846,1074,2022,Marina Bay Street Circuit,15,130,0,14
Max Verstappen,829,1075,2022,Suzuka Circuit,22,9,1,1
Sergio Pérez,814,1075,2022,Suzuka Circuit,22,9,4,2
Charles Leclerc,843,1075,2022,Suzuka Circuit,22,6,2,3
Esteban Ocon,838,1075,2022,Suzuka Circuit,22,211,5,4
Lewis Hamilton,1,1075,2022,Suzuka Circuit,22,130,6,5
Sebastian Vettel,20,1075,2022,Suzuka Circuit,22,116,9,6
Fernando Alonso,4,1075,2022,Suzuka Circuit,22,211,7,7
George Russell,846,1075,2022,Suzuka Circuit,22,130,8,8
Nicholas Latifi,848,1075,2022,Suzuka Circuit,22,3,20,9
Lando Norris,845,1075,2022,Suzuka Circuit,22,1,10,10
Daniel Ricciardo,816,1075,2022,Suzuka Circuit,22,1,11,11
Lance Stroll,839,1075,2022,Suzuka Circuit,22,116,19,12
Yuki Tsunoda,851,1075,2022,Suzuka Circuit,22,210,13,13
Kevin Magnussen,824,1075,2022,Suzuka Circuit,22,208,18,14
Valtteri Bottas,821,1075,2022,Suzuka Circuit,22,50,12,15
Guanyu Zhou,854,1075,2022,Suzuka Circuit,22,50,14,16
Mick Schumacher,853,1075,2022,Suzuka Circuit,22,208,15,17
Pierre Gasly,841,1075,2022,Suzuka Circuit,22,210,17,18
Max Verstappen,829,1076,2022,Circuit of the Americas,69,9,2,1
Lewis Hamilton,1,1076,2022,Circuit of the Americas,69,130,3,2
Charles Leclerc,843,1076,2022,Circuit of the Americas,69,6,12,3
Sergio Pérez,814,1076,2022,Circuit of the Americas,69,9,9,4
George Russell,846,1076,2022,Circuit of the Americas,69,130,4,5
Lando Norris,845,1076,2022,Circuit of the Americas,69,1,6,6
Fernando Alonso,4,1076,2022,Circuit of the Americas,69,211,14,7
Sebastian Vettel,20,1076,2022,Circuit of the Americas,69,116,10,8
Kevin Magnussen,824,1076,2022,Circuit of the Americas,69,208,13,9
Yuki Tsunoda,851,1076,2022,Circuit of the Americas,69,210,19,10
Esteban Ocon,838,1076,2022,Circuit of the Americas,69,211,0,11
Guanyu Zhou,854,1076,2022,Circuit of the Americas,69,50,18,12
Alexander Albon,847,1076,2022,Circuit of the Americas,69,3,8,13
Pierre Gasly,841,1076,2022,Circuit of the Americas,69,210,11,14
Mick Schumacher,853,1076,2022,Circuit of the Americas,69,208,16,15
Daniel Ricciardo,816,1076,2022,Circuit of the Americas,69,1,15,16
Nicholas Latifi,848,1076,2022,Circuit of the Americas,69,3,17,17
Max Verstappen,829,1077,2022,Autódromo Hermanos Rodríguez,32,9,1,1
Lewis Hamilton,1,1077,2022,Autódromo Hermanos Rodríguez,32,130,3,2
Sergio Pérez,814,1077,2022,Autódromo Hermanos Rodríguez,32,9,4,3
George Russell,846,1077,2022,Autódromo Hermanos Rodríguez,32,130,2,4
Carlos Sainz,831,1077,2022,Autódromo Hermanos Rodríguez,32,6,5,5
Charles Leclerc,843,1077,2022,Autódromo Hermanos Rodríguez,32,6,7,6
Daniel Ricciardo,816,1077,2022,Autódromo Hermanos Rodríguez,32,1,11,7
Esteban Ocon,838,1077,2022,Autódromo Hermanos Rodríguez,32,211,10,8
Lando Norris,845,1077,2022,Autódromo Hermanos Rodríguez,32,1,8,9
Valtteri Bottas,821,1077,2022,Autódromo Hermanos Rodríguez,32,50,6,10
Pierre Gasly,841,1077,2022,Autódromo Hermanos Rodríguez,32,210,14,11
Alexander Albon,847,1077,2022,Autódromo Hermanos Rodríguez,32,3,17,12
Guanyu Zhou,854,1077,2022,Autódromo Hermanos Rodríguez,32,50,12,13
Sebastian Vettel,20,1077,2022,Autódromo Hermanos Rodríguez,32,116,16,14
Lance Stroll,839,1077,2022,Autódromo Hermanos Rodríguez,32,116,20,15
Mick Schumacher,853,1077,2022,Autódromo Hermanos Rodríguez,32,208,15,16
Kevin Magnussen,824,1077,2022,Autódromo Hermanos Rodríguez,32,208,19,17
Nicholas Latifi,848,1077,2022,Autódromo Hermanos Rodríguez,32,3,18,18
Fernando Alonso,4,1077,2022,Autódromo Hermanos Rodríguez,32,211,9,19
George Russell,846,1078,2022,Autódromo José Carlos Pace,18,130,1,1
Lewis Hamilton,1,1078,2022,Autódromo José Carlos Pace,18,130,2,2
Carlos Sainz,831,1078,2022,Autódromo José Carlos Pace,18,6,7,3
Charles Leclerc,843,1078,2022,Autódromo José Carlos Pace,18,6,5,4
Fernando Alonso,4,1078,2022,Autódromo José Carlos Pace,18,211,17,5
Max Verstappen,829,1078,2022,Autódromo José Carlos Pace,18,9,3,6
Sergio Pérez,814,1078,2022,Autódromo José Carlos Pace,18,9,4,7
Esteban Ocon,838,1078,2022,Autódromo José Carlos Pace,18,211,16,8
Valtteri Bottas,821,1078,2022,Autódromo José Carlos Pace,18,50,14,9
Lance Stroll,839,1078,2022,Autódromo José Carlos Pace,18,116,15,10
Sebastian Vettel,20,1078,2022,Autódromo José Carlos Pace,18,116,9,11
Guanyu Zhou,854,1078,2022,Autódromo José Carlos Pace,18,50,13,12
Mick Schumacher,853,1078,2022,Autódromo José Carlos Pace,18,208,12,13
Pierre Gasly,841,1078,2022,Autódromo José Carlos Pace,18,210,10,14
Alexander Albon,847,1078,2022,Autódromo José Carlos Pace,18,3,19,15
Nicholas Latifi,848,1078,2022,Autódromo José Carlos Pace,18,3,18,16
Yuki Tsunoda,851,1078,2022,Autódromo José Carlos Pace,18,210,0,17
Max Verstappen,829,1079,2022,Yas Marina Circuit,24,9,1,1
Charles Leclerc,843,1079,2022,Yas Marina Circuit,24,6,3,2
Sergio Pérez,814,1079,2022,Yas Marina Circuit,24,9,2,3
Carlos Sainz,831,1079,2022,Yas Marina Circuit,24,6,4,4
George Russell,846,1079,2022,Yas Marina Circuit,24,130,6,5
Lando Norris,845,1079,2022,Yas Marina Circuit,24,1,7,6
Esteban Ocon,838,1079,2022,Yas Marina Circuit,24,211,8,7
Lance Stroll,839,1079,2022,Yas Marina Circuit,24,116,14,8
Daniel Ricciardo,816,1079,2022,Yas Marina Circuit,24,1,13,9
Sebastian Vettel,20,1079,2022,Yas Marina Circuit,24,116,9,10
Yuki Tsunoda,851,1079,2022,Yas Marina Circuit,24,210,11,11
Guanyu Zhou,854,1079,2022,Yas Marina Circuit,24,50,15,12
Alexander Albon,847,1079,2022,Yas Marina Circuit,24,3,19,13
Pierre Gasly,841,1079,2022,Yas Marina Circuit,24,210,17,14
Valtteri Bottas,821,1079,2022,Yas Marina Circuit,24,50,18,15
Mick Schumacher,853,1079,2022,Yas Marina Circuit,24,208,12,16
Kevin Magnussen,824,1079,2022,Yas Marina Circuit,24,208,16,17
Lewis Hamilton,1,1079,2022,Yas Marina Circuit,24,130,5,18
Nicholas Latifi,848,1079,2022,Yas Marina Circuit,24,3,20,19
Max Verstappen,829,1080,2023,Bahrain International Circuit,3,9,1,1
Sergio Pérez,814,1080,2023,Bahrain International Circuit,3,9,2,2
Fernando Alonso,4,1080,2023,Bahrain International Circuit,3,116,5,3
Carlos Sainz,831,1080,2023,Bahrain International Circuit,3,6,4,4
Lewis Hamilton,1,1080,2023,Bahrain International Circuit,3,130,7,5
Lance Stroll,839,1080,2023,Bahrain International Circuit,3,116,8,6
George Russell,846,1080,2023,Bahrain International Circuit,3,130,6,7
Valtteri Bottas,821,1080,2023,Bahrain International Circuit,3,50,12,8
Pierre Gasly,841,1080,2023,Bahrain International Circuit,3,211,20,9
Alexander Albon,847,1080,2023,Bahrain International Circuit,3,3,15,10
Yuki Tsunoda,851,1080,2023,Bahrain International Circuit,3,210,14,11
Logan Sargeant,857,1080,2023,Bahrain International Circuit,3,3,16,12
Kevin Magnussen,824,1080,2023,Bahrain International Circuit,3,208,17,13
Nyck de Vries,855,1080,2023,Bahrain International Circuit,3,210,19,14
Nico Hülkenberg,807,1080,2023,Bahrain International Circuit,3,208,10,15
Guanyu Zhou,854,1080,2023,Bahrain International Circuit,3,50,13,16
Lando Norris,845,1080,2023,Bahrain International Circuit,3,1,11,17
Sergio Pérez,814,1081,2023,Jeddah Corniche Circuit,75,9,1,1
Max Verstappen,829,1081,2023,Jeddah Corniche Circuit,75,9,15,2
Fernando Alonso,4,1081,2023,Jeddah Corniche Circuit,75,116,2,3
George Russell,846,1081,2023,Jeddah Corniche Circuit,75,130,3,4
Lewis Hamilton,1,1081,2023,Jeddah Corniche Circuit,75,130,7,5
Carlos Sainz,831,1081,2023,Jeddah Corniche Circuit,75,6,4,6
Charles Leclerc,843,1081,2023,Jeddah Corniche Circuit,75,6,12,7
Esteban Ocon,838,1081,2023,Jeddah Corniche Circuit,75,211,6,8
Pierre Gasly,841,1081,2023,Jeddah Corniche Circuit,75,211,9,9
Kevin Magnussen,824,1081,2023,Jeddah Corniche Circuit,75,208,13,10
Yuki Tsunoda,851,1081,2023,Jeddah Corniche Circuit,75,210,16,11
Nico Hülkenberg,807,1081,2023,Jeddah Corniche Circuit,75,208,10,12
Guanyu Zhou,854,1081,2023,Jeddah Corniche Circuit,75,50,11,13
Nyck de Vries,855,1081,2023,Jeddah Corniche Circuit,75,210,18,14
Oscar Piastri,856,1081,2023,Jeddah Corniche Circuit,75,1,8,15
Logan Sargeant,857,1081,2023,Jeddah Corniche Circuit,75,3,20,16
Lando Norris,845,1081,2023,Jeddah Corniche Circuit,75,1,19,17
Valtteri Bottas,821,1081,2023,Jeddah Corniche Circuit,75,50,14,18
Max Verstappen,829,1082,2023,Albert Park Grand Prix Circuit,1,9,1,1
Lewis Hamilton,1,1082,2023,Albert Park Grand Prix Circuit,1,130,3,2
Fernando Alonso,4,1082,2023,Albert Park Grand Prix Circuit,1,116,4,3
Lance Stroll,839,1082,2023,Albert Park Grand Prix Circuit,1,116,6,4
Sergio Pérez,814,1082,2023,Albert Park Grand Prix Circuit,1,9,0,5
Lando Norris,845,1082,2023,Albert Park Grand Prix Circuit,1,1,13,6
Nico Hülkenberg,807,1082,2023,Albert Park Grand Prix Circuit,1,208,10,7
Oscar Piastri,856,1082,2023,Albert Park Grand Prix Circuit,1,1,16,8
Guanyu Zhou,854,1082,2023,Albert Park Grand Prix Circuit,1,50,17,9
Yuki Tsunoda,851,1082,2023,Albert Park Grand Prix Circuit,1,210,12,10
Valtteri Bottas,821,1082,2023,Albert Park Grand Prix Circuit,1,50,0,11
Carlos Sainz,831,1082,2023,Albert Park Grand Prix Circuit,1,6,5,12
Pierre Gasly,841,1082,2023,Albert Park Grand Prix Circuit,1,211,9,13
Esteban Ocon,838,1082,2023,Albert Park Grand Prix Circuit,1,211,11,14
Nyck de Vries,855,1082,2023,Albert Park Grand Prix Circuit,1,210,15,15
Logan Sargeant,857,1082,2023,Albert Park Grand Prix Circuit,1,3,18,16
Kevin Magnussen,824,1082,2023,Albert Park Grand Prix Circuit,1,208,14,17
Sergio Pérez,814,1083,2023,Baku City Circuit,72,9,3,1
Max Verstappen,829,1083,2023,Baku City Circuit,72,9,2,2
Charles Leclerc,843,1083,2023,Baku City Circuit,72,6,1,3
Fernando Alonso,4,1083,2023,Baku City Circuit,72,116,6,4
Carlos Sainz,831,1083,2023,Baku City Circuit,72,6,4,5
Lewis Hamilton,1,1083,2023,Baku City Circuit,72,130,5,6
Lance Stroll,839,1083,2023,Baku City Circuit,72,116,9,7
George Russell,846,1083,2023,Baku City Circuit,72,130,11,8
Lando Norris,845,1083,2023,Baku City Circuit,72,1,7,9
Yuki Tsunoda,851,1083,2023,Baku City Circuit,72,210,8,10
Oscar Piastri,856,1083,2023,Baku City Circuit,72,1,10,11
Alexander Albon,847,1083,2023,Baku City Circuit,72,3,12,12
Kevin Magnussen,824,1083,2023,Baku City Circuit,72,208,16,13
Pierre Gasly,841,1083,2023,Baku City Circuit,72,211,17,14
Esteban Ocon,838,1083,2023,Baku City Circuit,72,211,0,15
Logan Sargeant,857,1083,2023,Baku City Circuit,72,3,14,16
Nico Hülkenberg,807,1083,2023,Baku City Circuit,72,208,0,17
Valtteri Bottas,821,1083,2023,Baku City Circuit,72,50,13,18
Max Verstappen,829,1084,2023,Miami International Autodrome,77,9,9,1
Sergio Pérez,814,1084,2023,Miami International Autodrome,77,9,1,2
Fernando Alonso,4,1084,2023,Miami International Autodrome,77,116,2,3
George Russell,846,1084,2023,Miami International Autodrome,77,130,6,4
Carlos Sainz,831,1084,2023,Miami International Autodrome,77,6,3,5
Lewis Hamilton,1,1084,2023,Miami International Autodrome,77,130,13,6
Charles Leclerc,843,1084,2023,Miami International Autodrome,77,6,7,7
Pierre Gasly,841,1084,2023,Miami International Autodrome,77,211,5,8
Esteban Ocon,838,1084,2023,Miami International Autodrome,77,211,8,9
Kevin Magnussen,824,1084,2023,Miami International Autodrome,77,208,4,10
Yuki Tsunoda,851,1084,2023,Miami International Autodrome,77,210,17,11
Lance Stroll,839,1084,2023,Miami International Autodrome,77,116,18,12
Valtteri Bottas,821,1084,2023,Miami International Autodrome,77,50,10,13
Alexander Albon,847,1084,2023,Miami International Autodrome,77,3,11,14
Nico Hülkenberg,807,1084,2023,Miami International Autodrome,77,208,12,15
Guanyu Zhou,854,1084,2023,Miami International Autodrome,77,50,14,16
Lando Norris,845,1084,2023,Miami International Autodrome,77,1,16,17
Nyck de Vries,855,1084,2023,Miami International Autodrome,77,210,15,18
Oscar Piastri,856,1084,2023,Miami International Autodrome,77,1,19,19
Logan Sargeant,857,1084,2023,Miami International Autodrome,77,3,20,20
Max Verstappen,829,1085,2023,Circuit de Monaco,6,9,1,1
Fernando Alonso,4,1085,2023,Circuit de Monaco,6,116,2,2
Esteban Ocon,838,1085,2023,Circuit de Monaco,6,211,3,3
Lewis Hamilton,1,1085,2023,Circuit de Monaco,6,130,5,4
George Russell,846,1085,2023,Circuit de Monaco,6,130,8,5
Charles Leclerc,843,1085,2023,Circuit de Monaco,6,6,6,6
Pierre Gasly,841,1085,2023,Circuit de Monaco,6,211,7,7
Carlos Sainz,831,1085,2023,Circuit de Monaco,6,6,4,8
Lando Norris,845,1085,2023,Circuit de Monaco,6,1,10,9
Oscar Piastri,856,1085,2023,Circuit de Monaco,6,1,11,10
Valtteri Bottas,821,1085,2023,Circuit de Monaco,6,50,15,11
Nyck de Vries,855,1085,2023,Circuit de Monaco,6,210,12,12
Guanyu Zhou,854,1085,2023,Circuit de Monaco,6,50,19,13
Alexander Albon,847,1085,2023,Circuit de Monaco,6,3,13,14
Yuki Tsunoda,851,1085,2023,Circuit de Monaco,6,210,9,15
Sergio Pérez,814,1085,2023,Circuit de Monaco,6,9,20,16
Nico Hülkenberg,807,1085,2023,Circuit de Monaco,6,208,18,17
Logan Sargeant,857,1085,2023,Circuit de Monaco,6,3,16,18
Max Verstappen,829,1086,2023,Circuit de Barcelona-Catalunya,4,9,1,1
Lewis Hamilton,1,1086,2023,Circuit de Barcelona-Catalunya,4,130,4,2
George Russell,846,1086,2023,Circuit de Barcelona-Catalunya,4,130,12,3
Sergio Pérez,814,1086,2023,Circuit de Barcelona-Catalunya,4,9,11,4
Carlos Sainz,831,1086,2023,Circuit de Barcelona-Catalunya,4,6,2,5
Lance Stroll,839,1086,2023,Circuit de Barcelona-Catalunya,4,116,5,6
Fernando Alonso,4,1086,2023,Circuit de Barcelona-Catalunya,4,116,8,7
Esteban Ocon,838,1086,2023,Circuit de Barcelona-Catalunya,4,211,6,8
Guanyu Zhou,854,1086,2023,Circuit de Barcelona-Catalunya,4,50,13,9
Pierre Gasly,841,1086,2023,Circuit de Barcelona-Catalunya,4,211,10,10
Charles Leclerc,843,1086,2023,Circuit de Barcelona-Catalunya,4,6,19,11
Yuki Tsunoda,851,1086,2023,Circuit de Barcelona-Catalunya,4,210,15,12
Oscar Piastri,856,1086,2023,Circuit de Barcelona-Catalunya,4,1,9,13
Nyck de Vries,855,1086,2023,Circuit de Barcelona-Catalunya,4,210,14,14
Nico Hülkenberg,807,1086,2023,Circuit de Barcelona-Catalunya,4,208,7,15
Alexander Albon,847,1086,2023,Circuit de Barcelona-Catalunya,4,3,18,16
Lando Norris,845,1086,2023,Circuit de Barcelona-Catalunya,4,1,3,17
Kevin Magnussen,824,1086,2023,Circuit de Barcelona-Catalunya,4,208,17,18
Valtteri Bottas,821,1086,2023,Circuit de Barcelona-Catalunya,4,50,16,19
Logan Sargeant,857,1086,2023,Circuit de Barcelona-Catalunya,4,3,20,20
Max Verstappen,829,1087,2023,Circuit Gilles Villeneuve,7,9,1,1
Fernando Alonso,4,1087,2023,Circuit Gilles Villeneuve,7,116,2,2
Lewis Hamilton,1,1087,2023,Circuit Gilles Villeneuve,7,130,3,3
Charles Leclerc,843,1087,2023,Circuit Gilles Villeneuve,7,6,10,4
Carlos Sainz,831,1087,2023,Circuit Gilles Villeneuve,7,6,11,5
Sergio Pérez,814,1087,2023,Circuit Gilles Villeneuve,7,9,12,6
Alexander Albon,847,1087,2023,Circuit Gilles Villeneuve,7,3,9,7
Esteban Ocon,838,1087,2023,Circuit Gilles Villeneuve,7,211,6,8
Lance Stroll,839,1087,2023,Circuit Gilles Villeneuve,7,116,16,9
Valtteri Bottas,821,1087,2023,Circuit Gilles Villeneuve,7,50,14,10
Oscar Piastri,856,1087,2023,Circuit Gilles Villeneuve,7,1,8,11
Pierre Gasly,841,1087,2023,Circuit Gilles Villeneuve,7,211,15,12
Lando Norris,845,1087,2023,Circuit Gilles Villeneuve,7,1,7,13
Yuki Tsunoda,851,1087,2023,Circuit Gilles Villeneuve,7,210,19,14
Nico Hülkenberg,807,1087,2023,Circuit Gilles Villeneuve,7,208,5,15
Guanyu Zhou,854,1087,2023,Circuit Gilles Villeneuve,7,50,20,16
Kevin Magnussen,824,1087,2023,Circuit Gilles Villeneuve,7,208,13,17
Nyck de Vries,855,1087,2023,Circuit Gilles Villeneuve,7,210,17,18
Max Verstappen,829,1088,2023,Red Bull Ring,70,9,1,1
Charles Leclerc,843,1088,2023,Red Bull Ring,70,6,2,2
Sergio Pérez,814,1088,2023,Red Bull Ring,70,9,15,3
Lando Norris,845,1088,2023,Red Bull Ring,70,1,4,4
Fernando Alonso,4,1088,2023,Red Bull Ring,70,116,7,5
Carlos Sainz,831,1088,2023,Red Bull Ring,70,6,3,6
George Russell,846,1088,2023,Red Bull Ring,70,130,11,7
Lewis Hamilton,1,1088,2023,Red Bull Ring,70,130,5,8
Lance Stroll,839,1088,2023,Red Bull Ring,70,116,6,9
Pierre Gasly,841,1088,2023,Red Bull Ring,70,211,9,10
Alexander Albon,847,1088,2023,Red Bull Ring,70,3,10,11
Guanyu Zhou,854,1088,2023,Red Bull Ring,70,50,17,12
Logan Sargeant,857,1088,2023,Red Bull Ring,70,3,18,13
Esteban Ocon,838,1088,2023,Red Bull Ring,70,211,12,14
Valtteri Bottas,821,1088,2023,Red Bull Ring,70,50,14,15
Oscar Piastri,856,1088,2023,Red Bull Ring,70,1,13,16
Nyck de Vries,855,1088,2023,Red Bull Ring,70,210,0,17
Kevin Magnussen,824,1088,2023,Red Bull Ring,70,208,0,18
Yuki Tsunoda,851,1088,2023,Red Bull Ring,70,210,16,19
Max Verstappen,829,1089,2023,Silverstone Circuit,9,9,1,1
Lando Norris,845,1089,2023,Silverstone Circuit,9,1,2,2
Lewis Hamilton,1,1089,2023,Silverstone Circuit,9,130,7,3
Oscar Piastri,856,1089,2023,Silverstone Circuit,9,1,3,4
George Russell,846,1089,2023,Silverstone Circuit,9,130,6,5
Sergio Pérez,814,1089,2023,Silverstone Circuit,9,9,15,6
Fernando Alonso,4,1089,2023,Silverstone Circuit,9,116,9,7
Alexander Albon,847,1089,2023,Silverstone Circuit,9,3,8,8
Charles Leclerc,843,1089,2023,Silverstone Circuit,9,6,4,9
Carlos Sainz,831,1089,2023,Silverstone Circuit,9,6,5,10
Logan Sargeant,857,1089,2023,Silverstone Circuit,9,3,14,11
Valtteri Bottas,821,1089,2023,Silverstone Circuit,9,50,20,12
Nico Hülkenberg,807,1089,2023,Silverstone Circuit,9,208,11,13
Lance Stroll,839,1089,2023,Silverstone Circuit,9,116,12,14
Guanyu Zhou,854,1089,2023,Silverstone Circuit,9,50,17,15
Yuki Tsunoda,851,1089,2023,Silverstone Circuit,9,210,16,16
Nyck de Vries,855,1089,2023,Silverstone Circuit,9,210,18,17
Pierre Gasly,841,1089,2023,Silverstone Circuit,9,211,10,18
Max Verstappen,829,1090,2023,Hungaroring,11,9,2,1
Lando Norris,845,1090,2023,Hungaroring,11,1,3,2
Sergio Pérez,814,1090,2023,Hungaroring,11,9,9,3
Lewis Hamilton,1,1090,2023,Hungaroring,11,130,1,4
Oscar Piastri,856,1090,2023,Hungaroring,11,1,4,5
George Russell,846,1090,2023,Hungaroring,11,130,18,6
Charles Leclerc,843,1090,2023,Hungaroring,11,6,6,7
Carlos Sainz,831,1090,2023,Hungaroring,11,6,11,8
Fernando Alonso,4,1090,2023,Hungaroring,11,116,8,9
Lance Stroll,839,1090,2023,Hungaroring,11,116,14,10
Alexander Albon,847,1090,2023,Hungaroring,11,3,16,11
Valtteri Bottas,821,1090,2023,Hungaroring,11,50,7,12
Daniel Ricciardo,816,1090,2023,Hungaroring,11,210,13,13
Nico Hülkenberg,807,1090,2023,Hungaroring,11,208,10,14
Yuki Tsunoda,851,1090,2023,Hungaroring,11,210,17,15
Guanyu Zhou,854,1090,2023,Hungaroring,11,50,5,16
Kevin Magnussen,824,1090,2023,Hungaroring,11,208,19,17
Max Verstappen,829,1091,2023,Circuit de Spa-Francorchamps,13,9,6,1
Sergio Pérez,814,1091,2023,Circuit de Spa-Francorchamps,13,9,2,2
Charles Leclerc,843,1091,2023,Circuit de Spa-Francorchamps,13,6,1,3
Lewis Hamilton,1,1091,2023,Circuit de Spa-Francorchamps,13,130,3,4
Fernando Alonso,4,1091,2023,Circuit de Spa-Francorchamps,13,116,9,5
George Russell,846,1091,2023,Circuit de Spa-Francorchamps,13,130,8,6
Lando Norris,845,1091,2023,Circuit de Spa-Francorchamps,13,1,7,7
Esteban Ocon,838,1091,2023,Circuit de Spa-Francorchamps,13,211,14,8
Lance Stroll,839,1091,2023,Circuit de Spa-Francorchamps,13,116,10,9
Yuki Tsunoda,851,1091,2023,Circuit de Spa-Francorchamps,13,210,11,10
Pierre Gasly,841,1091,2023,Circuit de Spa-Francorchamps,13,211,12,11
Valtteri Bottas,821,1091,2023,Circuit de Spa-Francorchamps,13,50,13,12
Guanyu Zhou,854,1091,2023,Circuit de Spa-Francorchamps,13,50,17,13
Alexander Albon,847,1091,2023,Circuit de Spa-Francorchamps,13,3,15,14
Kevin Magnussen,824,1091,2023,Circuit de Spa-Francorchamps,13,208,16,15
Daniel Ricciardo,816,1091,2023,Circuit de Spa-Francorchamps,13,210,19,16
Logan Sargeant,857,1091,2023,Circuit de Spa-Francorchamps,13,3,18,17
Nico Hülkenberg,807,1091,2023,Circuit de Spa-Francorchamps,13,208,0,18
Max Verstappen,829,1092,2023,Circuit Park Zandvoort,39,9,1,1
Fernando Alonso,4,1092,2023,Circuit Park Zandvoort,39,116,5,2
Pierre Gasly,841,1092,2023,Circuit Park Zandvoort,39,211,12,3
Sergio Pérez,814,1092,2023,Circuit Park Zandvoort,39,9,7,4
Carlos Sainz,831,1092,2023,Circuit Park Zandvoort,39,6,6,5
Lewis Hamilton,1,1092,2023,Circuit Park Zandvoort,39,130,13,6
Lando Norris,845,1092,2023,Circuit Park Zandvoort,39,1,2,7
Alexander Albon,847,1092,2023,Circuit Park Zandvoort,39,3,4,8
Oscar Piastri,856,1092,2023,Circuit Park Zandvoort,39,1,8,9
Esteban Ocon,838,1092,2023,Circuit Park Zandvoort,39,211,16,10
Lance Stroll,839,1092,2023,Circuit Park Zandvoort,39,116,11,11
Nico Hülkenberg,807,1092,2023,Circuit Park Zandvoort,39,208,14,12
Liam Lawson,858,1092,2023,Circuit Park Zandvoort,39,210,19,13
Valtteri Bottas,821,1092,2023,Circuit Park Zandvoort,39,50,18,14
Yuki Tsunoda,851,1092,2023,Circuit Park Zandvoort,39,210,17,15
Kevin Magnussen,824,1092,2023,Circuit Park Zandvoort,39,208,0,16
George Russell,846,1092,2023,Circuit Park Zandvoort,39,130,3,17
Max Verstappen,829,1093,2023,Autodromo Nazionale di Monza,14,9,2,1
Sergio Pérez,814,1093,2023,Autodromo Nazionale di Monza,14,9,5,2
Carlos Sainz,831,1093,2023,Autodromo Nazionale di Monza,14,6,1,3
Charles Leclerc,843,1093,2023,Autodromo Nazionale di Monza,14,6,3,4
George Russell,846,1093,2023,Autodromo Nazionale di Monza,14,130,4,5
Lewis Hamilton,1,1093,2023,Autodromo Nazionale di Monza,14,130,8,6
Alexander Albon,847,1093,2023,Autodromo Nazionale di Monza,14,3,6,7
Lando Norris,845,1093,2023,Autodromo Nazionale di Monza,14,1,9,8
Fernando Alonso,4,1093,2023,Autodromo Nazionale di Monza,14,116,10,9
Valtteri Bottas,821,1093,2023,Autodromo Nazionale di Monza,14,50,14,10
Liam Lawson,858,1093,2023,Autodromo Nazionale di Monza,14,210,12,11
Oscar Piastri,856,1093,2023,Autodromo Nazionale di Monza,14,1,7,12
Logan Sargeant,857,1093,2023,Autodromo Nazionale di Monza,14,3,15,13
Guanyu Zhou,854,1093,2023,Autodromo Nazionale di Monza,14,50,16,14
Pierre Gasly,841,1093,2023,Autodromo Nazionale di Monza,14,211,17,15
Lance Stroll,839,1093,2023,Autodromo Nazionale di Monza,14,116,20,16
Nico Hülkenberg,807,1093,2023,Autodromo Nazionale di Monza,14,208,13,17
Kevin Magnussen,824,1093,2023,Autodromo Nazionale di Monza,14,208,19,18
Carlos Sainz,831,1094,2023,Marina Bay Street Circuit,15,6,1,1
Lando Norris,845,1094,2023,Marina Bay Street Circuit,15,1,4,2
Lewis Hamilton,1,1094,2023,Marina Bay Street Circuit,15,130,5,3
Charles Leclerc,843,1094,2023,Marina Bay Street Circuit,15,6,3,4
Max Verstappen,829,1094,2023,Marina Bay Street Circuit,15,9,11,5
Pierre Gasly,841,1094,2023,Marina Bay Street Circuit,15,211,12,6
Oscar Piastri,856,1094,2023,Marina Bay Street Circuit,15,1,17,7
Sergio Pérez,814,1094,2023,Marina Bay Street Circuit,15,9,13,8
Liam Lawson,858,1094,2023,Marina Bay Street Circuit,15,210,10,9
Kevin Magnussen,824,1094,2023,Marina Bay Street Circuit,15,208,6,10
Alexander Albon,847,1094,2023,Marina Bay Street Circuit,15,3,14,11
Guanyu Zhou,854,1094,2023,Marina Bay Street Circuit,15,50,0,12
Nico Hülkenberg,807,1094,2023,Marina Bay Street Circuit,15,208,9,13
Logan Sargeant,857,1094,2023,Marina Bay Street Circuit,15,3,18,14
Fernando Alonso,4,1094,2023,Marina Bay Street Circuit,15,116,7,15
George Russell,846,1094,2023,Marina Bay Street Circuit,15,130,2,16
Max Verstappen,829,1095,2023,Suzuka Circuit,22,9,1,1
Lando Norris,845,1095,2023,Suzuka Circuit,22,1,3,2
Oscar Piastri,856,1095,2023,Suzuka Circuit,22,1,2,3
Charles Leclerc,843,1095,2023,Suzuka Circuit,22,6,4,4
Lewis Hamilton,1,1095,2023,Suzuka Circuit,22,130,7,5
Carlos Sainz,831,1095,2023,Suzuka Circuit,22,6,6,6
George Russell,846,1095,2023,Suzuka Circuit,22,130,8,7
Fernando Alonso,4,1095,2023,Suzuka Circuit,22,116,10,8
Esteban Ocon,838,1095,2023,Suzuka Circuit,22,211,14,9
Pierre Gasly,841,1095,2023,Suzuka Circuit,22,211,12,10
Liam Lawson,858,1095,2023,Suzuka Circuit,22,210,11,11
Yuki Tsunoda,851,1095,2023,Suzuka Circuit,22,210,9,12
Guanyu Zhou,854,1095,2023,Suzuka Circuit,22,50,19,13
Nico Hülkenberg,807,1095,2023,Suzuka Circuit,22,208,18,14
Kevin Magnussen,824,1095,2023,Suzuka Circuit,22,208,15,15
Max Verstappen,829,1096,2023,Losail International Circuit,76,9,1,1
Oscar Piastri,856,1096,2023,Losail International Circuit,76,1,6,2
Lando Norris,845,1096,2023,Losail International Circuit,76,1,10,3
George Russell,846,1096,2023,Losail International Circuit,76,130,2,4
Charles Leclerc,843,1096,2023,Losail International Circuit,76,6,5,5
Fernando Alonso,4,1096,2023,Losail International Circuit,76,116,4,6
Esteban Ocon,838,1096,2023,Losail International Circuit,76,211,8,7
Valtteri Bottas,821,1096,2023,Losail International Circuit,76,50,9,8
Guanyu Zhou,854,1096,2023,Losail International Circuit,76,50,19,9
Sergio Pérez,814,1096,2023,Losail International Circuit,76,9,0,10
Lance Stroll,839,1096,2023,Losail International Circuit,76,116,16,11
Pierre Gasly,841,1096,2023,Losail International Circuit,76,211,7,12
Alexander Albon,847,1096,2023,Losail International Circuit,76,3,13,13
Kevin Magnussen,824,1096,2023,Losail International Circuit,76,208,18,14
Yuki Tsunoda,851,1096,2023,Losail International Circuit,76,210,11,15
Nico Hülkenberg,807,1096,2023,Losail International Circuit,76,208,14,16
Liam Lawson,858,1096,2023,Losail International Circuit,76,210,17,17
Max Verstappen,829,1097,2023,Circuit of the Americas,69,9,6,1
Lando Norris,845,1097,2023,Circuit of the Americas,69,1,2,2
Carlos Sainz,831,1097,2023,Circuit of the Americas,69,6,4,3
Sergio Pérez,814,1097,2023,Circuit of the Americas,69,9,9,4
George Russell,846,1097,2023,Circuit of the Americas,69,130,5,5
Pierre Gasly,841,1097,2023,Circuit of the Americas,69,211,7,6
Lance Stroll,839,1097,2023,Circuit of the Americas,69,116,0,7
Yuki Tsunoda,851,1097,2023,Circuit of the Americas,69,210,11,8
Alexander Albon,847,1097,2023,Circuit of the Americas,69,3,15,9
Logan Sargeant,857,1097,2023,Circuit of the Americas,69,3,16,10
Nico Hülkenberg,807,1097,2023,Circuit of the Americas,69,208,0,11
Valtteri Bottas,821,1097,2023,Circuit of the Americas,69,50,13,12
Guanyu Zhou,854,1097,2023,Circuit of the Americas,69,50,12,13
Kevin Magnussen,824,1097,2023,Circuit of the Americas,69,208,0,14
Daniel Ricciardo,816,1097,2023,Circuit of the Americas,69,210,14,15
Max Verstappen,829,1098,2023,Autódromo Hermanos Rodríguez,32,9,3,1
Lewis Hamilton,1,1098,2023,Autódromo Hermanos Rodríguez,32,130,6,2
Charles Leclerc,843,1098,2023,Autódromo Hermanos Rodríguez,32,6,1,3
Carlos Sainz,831,1098,2023,Autódromo Hermanos Rodríguez,32,6,2,4
Lando Norris,845,1098,2023,Autódromo Hermanos Rodríguez,32,1,17,5
George Russell,846,1098,2023,Autódromo Hermanos Rodríguez,32,130,8,6
Daniel Ricciardo,816,1098,2023,Autódromo Hermanos Rodríguez,32,210,4,7
Oscar Piastri,856,1098,2023,Autódromo Hermanos Rodríguez,32,1,7,8
Alexander Albon,847,1098,2023,Autódromo Hermanos Rodríguez,32,3,14,9
Esteban Ocon,838,1098,2023,Autódromo Hermanos Rodríguez,32,211,15,10
Pierre Gasly,841,1098,2023,Autódromo Hermanos Rodríguez,32,211,11,11
Yuki Tsunoda,851,1098,2023,Autódromo Hermanos Rodríguez,32,210,18,12
Nico Hülkenberg,807,1098,2023,Autódromo Hermanos Rodríguez,32,208,12,13
Guanyu Zhou,854,1098,2023,Autódromo Hermanos Rodríguez,32,50,10,14
Valtteri Bottas,821,1098,2023,Autódromo Hermanos Rodríguez,32,50,9,15
Logan Sargeant,857,1098,2023,Autódromo Hermanos Rodríguez,32,3,19,16
Lance Stroll,839,1098,2023,Autódromo Hermanos Rodríguez,32,116,0,17
Max Verstappen,829,1099,2023,Autódromo José Carlos Pace,18,9,1,1
Lando Norris,845,1099,2023,Autódromo José Carlos Pace,18,1,6,2
Fernando Alonso,4,1099,2023,Autódromo José Carlos Pace,18,116,4,3
Sergio Pérez,814,1099,2023,Autódromo José Carlos Pace,18,9,9,4
Lance Stroll,839,1099,2023,Autódromo José Carlos Pace,18,116,3,5
Carlos Sainz,831,1099,2023,Autódromo José Carlos Pace,18,6,7,6
Pierre Gasly,841,1099,2023,Autódromo José Carlos Pace,18,211,15,7
Lewis Hamilton,1,1099,2023,Autódromo José Carlos Pace,18,130,5,8
Yuki Tsunoda,851,1099,2023,Autódromo José Carlos Pace,18,210,16,9
Esteban Ocon,838,1099,2023,Autódromo José Carlos Pace,18,211,14,10
Logan Sargeant,857,1099,2023,Autódromo José Carlos Pace,18,3,19,11
Nico Hülkenberg,807,1099,2023,Autódromo José Carlos Pace,18,208,11,12
Daniel Ricciardo,816,1099,2023,Autódromo José Carlos Pace,18,210,17,13
Oscar Piastri,856,1099,2023,Autódromo José Carlos Pace,18,1,10,14
Max Verstappen,829,1100,2023,Las Vegas Strip Street Circuit,23,9,2,1
Charles Leclerc,843,1100,2023,Las Vegas Strip Street Circuit,23,6,1,2
Sergio Pérez,814,1100,2023,Las Vegas Strip Street Circuit,23,9,11,3
Esteban Ocon,838,1100,2023,Las Vegas Strip Street Circuit,23,211,16,4
Lance Stroll,839,1100,2023,Las Vegas Strip Street Circuit,23,116,19,5
Carlos Sainz,831,1100,2023,Las Vegas Strip Street Circuit,23,6,12,6
Lewis Hamilton,1,1100,2023,Las Vegas Strip Street Circuit,23,130,10,7
George Russell,846,1100,2023,Las Vegas Strip Street Circuit,23,130,3,8
Fernando Alonso,4,1100,2023,Las Vegas Strip Street Circuit,23,116,9,9
Oscar Piastri,856,1100,2023,Las Vegas Strip Street Circuit,23,1,18,10
Pierre Gasly,841,1100,2023,Las Vegas Strip Street Circuit,23,211,4,11
Alexander Albon,847,1100,2023,Las Vegas Strip Street Circuit,23,3,5,12
Kevin Magnussen,824,1100,2023,Las Vegas Strip Street Circuit,23,208,8,13
Daniel Ricciardo,816,1100,2023,Las Vegas Strip Street Circuit,23,210,14,14
Guanyu Zhou,854,1100,2023,Las Vegas Strip Street Circuit,23,50,17,15
Logan Sargeant,857,1100,2023,Las Vegas Strip Street Circuit,23,3,6,16
Valtteri Bottas,821,1100,2023,Las Vegas Strip Street Circuit,23,50,7,17
Yuki Tsunoda,851,1100,2023,Las Vegas Strip Street Circuit,23,210,20,18
Nico Hülkenberg,807,1100,2023,Las Vegas Strip Street Circuit,23,208,13,19
Max Verstappen,829,1101,2023,Yas Marina Circuit,24,9,1,1
Charles Leclerc,843,1101,2023,Yas Marina Circuit,24,6,2,2
George Russell,846,1101,2023,Yas Marina Circuit,24,130,4,3
Sergio Pérez,814,1101,2023,Yas Marina Circuit,24,9,9,4
Lando Norris,845,1101,2023,Yas Marina Circuit,24,1,5,5
Oscar Piastri,856,1101,2023,Yas Marina Circuit,24,1,3,6
Fernando Alonso,4,1101,2023,Yas Marina Circuit,24,116,7,7
Yuki Tsunoda,851,1101,2023,Yas Marina Circuit,24,210,6,8
Lewis Hamilton,1,1101,2023,Yas Marina Circuit,24,130,11,9
Lance Stroll,839,1101,2023,Yas Marina Circuit,24,116,13,10
Daniel Ricciardo,816,1101,2023,Yas Marina Circuit,24,210,15,11
Esteban Ocon,838,1101,2023,Yas Marina Circuit,24,211,12,12
Pierre Gasly,841,1101,2023,Yas Marina Circuit,24,211,10,13
Alexander Albon,847,1101,2023,Yas Marina Circuit,24,3,14,14
Nico Hülkenberg,807,1101,2023,Yas Marina Circuit,24,208,8,15
Logan Sargeant,857,1101,2023,Yas Marina Circuit,24,3,20,16
Guanyu Zhou,854,1101,2023,Yas Marina Circuit,24,50,19,17
Carlos Sainz,831,1101,2023,Yas Marina Circuit,24,6,16,18
Valtteri Bottas,821,1101,2023,Yas Marina Circuit,24,50,18,19
Kevin Magnussen,824,1101,2023,Yas Marina Circuit,24,208,17,20
Max Verstappen,829,1102,2024,Bahrain International Circuit,3,9,1,1
Sergio Pérez,814,1102,2024,Bahrain International Circuit,3,9,5,2
Carlos Sainz,831,1102,2024,Bahrain International Circuit,3,6,4,3
Charles Leclerc,843,1102,2024,Bahrain International Circuit,3,6,2,4
George Russell,846,1102,2024,Bahrain International Circuit,3,130,3,5
Lando Norris,845,1102,2024,Bahrain International Circuit,3,1,7,6
Lewis Hamilton,1,1102,2024,Bahrain International Circuit,3,130,9,7
Oscar Piastri,856,1102,2024,Bahrain International Circuit,3,1,8,8
Fernando Alonso,4,1102,2024,Bahrain International Circuit,3,116,6,9
Lance Stroll,839,1102,2024,Bahrain International Circuit,3,116,12,10
Guanyu Zhou,854,1102,2024,Bahrain International Circuit,3,15,17,11
Kevin Magnussen,824,1102,2024,Bahrain International Circuit,3,208,15,12
Daniel Ricciardo,816,1102,2024,Bahrain International Circuit,3,212,14,13
Yuki Tsunoda,851,1102,2024,Bahrain International Circuit,3,212,11,14
Alexander Albon,847,1102,2024,Bahrain International Circuit,3,3,13,15
Nico Hülkenberg,807,1102,2024,Bahrain International Circuit,3,208,10,16
Esteban Ocon,838,1102,2024,Bahrain International Circuit,3,211,19,17
Pierre Gasly,841,1102,2024,Bahrain International Circuit,3,211,20,18
Valtteri Bottas,821,1102,2024,Bahrain International Circuit,3,15,16,19
Logan Sargeant,857,1102,2024,Bahrain International Circuit,3,3,18,20
Max Verstappen,829,1103,2024,Jeddah Corniche Circuit,75,9,1,1
Sergio Pérez,814,1103,2024,Jeddah Corniche Circuit,75,9,3,2
Charles Leclerc,843,1103,2024,Jeddah Corniche Circuit,75,6,2,3
Oscar Piastri,856,1103,2024,Jeddah Corniche Circuit,75,1,5,4
Fernando Alonso,4,1103,2024,Jeddah Corniche Circuit,75,116,4,5
George Russell,846,1103,2024,Jeddah Corniche Circuit,75,130,7,6
Oliver Bearman,859,1103,2024,Jeddah Corniche Circuit,75,6,11,7
Lando Norris,845,1103,2024,Jeddah Corniche Circuit,75,1,6,8
Lewis Hamilton,1,1103,2024,Jeddah Corniche Circuit,75,130,8,9
Nico Hülkenberg,807,1103,2024,Jeddah Corniche Circuit,75,208,15,10
Alexander Albon,847,1103,2024,Jeddah Corniche Circuit,75,3,12,11
Kevin Magnussen,824,1103,2024,Jeddah Corniche Circuit,75,208,13,12
Esteban Ocon,838,1103,2024,Jeddah Corniche Circuit,75,211,17,13
Logan Sargeant,857,1103,2024,Jeddah Corniche Circuit,75,3,19,14
Yuki Tsunoda,851,1103,2024,Jeddah Corniche Circuit,75,212,9,15
Daniel Ricciardo,816,1103,2024,Jeddah Corniche Circuit,75,212,14,16
Valtteri Bottas,821,1103,2024,Jeddah Corniche Circuit,75,15,16,17
Guanyu Zhou,854,1103,2024,Jeddah Corniche Circuit,75,15,20,18
Lance Stroll,839,1103,2024,Jeddah Corniche Circuit,75,116,10,0
Pierre Gasly,841,1103,2024,Jeddah Corniche Circuit,75,211,18,0
